ISO-10303-21;
HEADER;
FILE_DESCRIPTION(('FreeCAD Model'),'2;1');
FILE_NAME('Open CASCADE Shape Model','2025-05-23T22:21:30',(''),(''),
  'Open CASCADE STEP processor 7.8','FreeCAD','Unknown');
FILE_SCHEMA(('AUTOMOTIVE_DESIGN { 1 0 10303 214 1 1 1 1 }'));
ENDSEC;
DATA;
#1 = APPLICATION_PROTOCOL_DEFINITION('international standard',
  'automotive_design',2000,#2);
#2 = APPLICATION_CONTEXT(
  'core data for automotive mechanical design processes');
#3 = SHAPE_DEFINITION_REPRESENTATION(#4,#10);
#4 = PRODUCT_DEFINITION_SHAPE('','',#5);
#5 = PRODUCT_DEFINITION('design','',#6,#9);
#6 = PRODUCT_DEFINITION_FORMATION('','',#7);
#7 = PRODUCT('旋转臂底部','旋转臂底部','',(#8));
#8 = PRODUCT_CONTEXT('',#2,'mechanical');
#9 = PRODUCT_DEFINITION_CONTEXT('part definition',#2,'design');
#10 = ADVANCED_BREP_SHAPE_REPRESENTATION('',(#11,#15),#2694);
#11 = AXIS2_PLACEMENT_3D('',#12,#13,#14);
#12 = CARTESIAN_POINT('',(0.,0.,0.));
#13 = DIRECTION('',(0.,0.,1.));
#14 = DIRECTION('',(1.,0.,-0.));
#15 = MANIFOLD_SOLID_BREP('',#16);
#16 = CLOSED_SHELL('',(#17,#59,#92,#142,#461,#706,#723,#857,#897,#914,
    #938,#955,#972,#1000,#1017,#1034,#1068,#1124,#1156,#1173,#1185,#1210
    ,#1242,#1267,#1292,#1316,#1340,#1365,#1390,#1407,#1432,#1457,#1489,
    #1514,#1538,#1563,#1588,#1612,#1636,#1654,#1679,#1704,#1721,#1738,
    #1755,#1779,#1791,#1816,#1840,#1865,#1882,#1907,#1932,#1957,#1982,
    #2007,#2032,#2056,#2081,#2105,#2130,#2154,#2172,#2188,#2253,#2328,
    #2353,#2412,#2429,#2441,#2457,#2469,#2489,#2505,#2517,#2529,#2549,
    #2577,#2594,#2611,#2628,#2645,#2657,#2682));
#17 = ADVANCED_FACE('',(#18),#54,.T.);
#18 = FACE_BOUND('',#19,.F.);
#19 = EDGE_LOOP('',(#20,#30,#39,#47));
#20 = ORIENTED_EDGE('',*,*,#21,.T.);
#21 = EDGE_CURVE('',#22,#24,#26,.T.);
#22 = VERTEX_POINT('',#23);
#23 = CARTESIAN_POINT('',(-22.53589838485,12.499999999997,0.));
#24 = VERTEX_POINT('',#25);
#25 = CARTESIAN_POINT('',(-22.53589838485,12.499999999997,4.));
#26 = LINE('',#27,#28);
#27 = CARTESIAN_POINT('',(-22.53589838485,12.499999999997,0.));
#28 = VECTOR('',#29,1.);
#29 = DIRECTION('',(0.,0.,1.));
#30 = ORIENTED_EDGE('',*,*,#31,.T.);
#31 = EDGE_CURVE('',#24,#32,#34,.T.);
#32 = VERTEX_POINT('',#33);
#33 = CARTESIAN_POINT('',(-29.46410161517,12.499999999983,4.));
#34 = CIRCLE('',#35,4.);
#35 = AXIS2_PLACEMENT_3D('',#36,#37,#38);
#36 = CARTESIAN_POINT('',(-26.,10.5,4.));
#37 = DIRECTION('',(0.,0.,1.));
#38 = DIRECTION('',(1.,0.,0.));
#39 = ORIENTED_EDGE('',*,*,#40,.F.);
#40 = EDGE_CURVE('',#41,#32,#43,.T.);
#41 = VERTEX_POINT('',#42);
#42 = CARTESIAN_POINT('',(-29.46410161517,12.499999999983,0.));
#43 = LINE('',#44,#45);
#44 = CARTESIAN_POINT('',(-29.46410161517,12.499999999983,0.));
#45 = VECTOR('',#46,1.);
#46 = DIRECTION('',(0.,0.,1.));
#47 = ORIENTED_EDGE('',*,*,#48,.F.);
#48 = EDGE_CURVE('',#22,#41,#49,.T.);
#49 = CIRCLE('',#50,4.);
#50 = AXIS2_PLACEMENT_3D('',#51,#52,#53);
#51 = CARTESIAN_POINT('',(-26.,10.5,0.));
#52 = DIRECTION('',(0.,0.,1.));
#53 = DIRECTION('',(1.,0.,0.));
#54 = CYLINDRICAL_SURFACE('',#55,4.);
#55 = AXIS2_PLACEMENT_3D('',#56,#57,#58);
#56 = CARTESIAN_POINT('',(-26.,10.5,0.));
#57 = DIRECTION('',(-0.,-0.,-1.));
#58 = DIRECTION('',(1.,0.,0.));
#59 = ADVANCED_FACE('',(#60),#87,.F.);
#60 = FACE_BOUND('',#61,.T.);
#61 = EDGE_LOOP('',(#62,#63,#72,#80));
#62 = ORIENTED_EDGE('',*,*,#21,.T.);
#63 = ORIENTED_EDGE('',*,*,#64,.T.);
#64 = EDGE_CURVE('',#24,#65,#67,.T.);
#65 = VERTEX_POINT('',#66);
#66 = CARTESIAN_POINT('',(-20.80384757728,11.5,4.));
#67 = CIRCLE('',#68,2.);
#68 = AXIS2_PLACEMENT_3D('',#69,#70,#71);
#69 = CARTESIAN_POINT('',(-20.80384757728,13.5,4.));
#70 = DIRECTION('',(0.,0.,1.));
#71 = DIRECTION('',(1.,0.,0.));
#72 = ORIENTED_EDGE('',*,*,#73,.F.);
#73 = EDGE_CURVE('',#74,#65,#76,.T.);
#74 = VERTEX_POINT('',#75);
#75 = CARTESIAN_POINT('',(-20.80384757728,11.5,0.));
#76 = LINE('',#77,#78);
#77 = CARTESIAN_POINT('',(-20.80384757728,11.5,0.));
#78 = VECTOR('',#79,1.);
#79 = DIRECTION('',(0.,0.,1.));
#80 = ORIENTED_EDGE('',*,*,#81,.F.);
#81 = EDGE_CURVE('',#22,#74,#82,.T.);
#82 = CIRCLE('',#83,2.);
#83 = AXIS2_PLACEMENT_3D('',#84,#85,#86);
#84 = CARTESIAN_POINT('',(-20.80384757728,13.5,0.));
#85 = DIRECTION('',(0.,0.,1.));
#86 = DIRECTION('',(1.,0.,0.));
#87 = CYLINDRICAL_SURFACE('',#88,2.);
#88 = AXIS2_PLACEMENT_3D('',#89,#90,#91);
#89 = CARTESIAN_POINT('',(-20.80384757728,13.5,0.));
#90 = DIRECTION('',(-0.,-0.,-1.));
#91 = DIRECTION('',(1.,0.,0.));
#92 = ADVANCED_FACE('',(#93),#137,.F.);
#93 = FACE_BOUND('',#94,.T.);
#94 = EDGE_LOOP('',(#95,#106,#114,#121,#122,#131));
#95 = ORIENTED_EDGE('',*,*,#96,.T.);
#96 = EDGE_CURVE('',#97,#99,#101,.T.);
#97 = VERTEX_POINT('',#98);
#98 = CARTESIAN_POINT('',(-30.,11.897121532513,1.));
#99 = VERTEX_POINT('',#100);
#100 = CARTESIAN_POINT('',(-31.19615242275,11.5,1.));
#101 = CIRCLE('',#102,2.);
#102 = AXIS2_PLACEMENT_3D('',#103,#104,#105);
#103 = CARTESIAN_POINT('',(-31.19615242275,13.5,1.));
#104 = DIRECTION('',(0.,0.,-1.));
#105 = DIRECTION('',(1.,0.,0.));
#106 = ORIENTED_EDGE('',*,*,#107,.T.);
#107 = EDGE_CURVE('',#99,#108,#110,.T.);
#108 = VERTEX_POINT('',#109);
#109 = CARTESIAN_POINT('',(-31.19615242275,11.5,4.));
#110 = LINE('',#111,#112);
#111 = CARTESIAN_POINT('',(-31.19615242275,11.5,0.));
#112 = VECTOR('',#113,1.);
#113 = DIRECTION('',(0.,0.,1.));
#114 = ORIENTED_EDGE('',*,*,#115,.T.);
#115 = EDGE_CURVE('',#108,#32,#116,.T.);
#116 = CIRCLE('',#117,2.);
#117 = AXIS2_PLACEMENT_3D('',#118,#119,#120);
#118 = CARTESIAN_POINT('',(-31.19615242275,13.5,4.));
#119 = DIRECTION('',(0.,0.,1.));
#120 = DIRECTION('',(1.,0.,0.));
#121 = ORIENTED_EDGE('',*,*,#40,.F.);
#122 = ORIENTED_EDGE('',*,*,#123,.F.);
#123 = EDGE_CURVE('',#124,#41,#126,.T.);
#124 = VERTEX_POINT('',#125);
#125 = CARTESIAN_POINT('',(-30.,11.897121532513,0.));
#126 = CIRCLE('',#127,2.);
#127 = AXIS2_PLACEMENT_3D('',#128,#129,#130);
#128 = CARTESIAN_POINT('',(-31.19615242275,13.5,0.));
#129 = DIRECTION('',(0.,0.,1.));
#130 = DIRECTION('',(1.,0.,0.));
#131 = ORIENTED_EDGE('',*,*,#132,.F.);
#132 = EDGE_CURVE('',#97,#124,#133,.T.);
#133 = LINE('',#134,#135);
#134 = CARTESIAN_POINT('',(-30.,11.897121532513,0.));
#135 = VECTOR('',#136,1.);
#136 = DIRECTION('',(-0.,-0.,-1.));
#137 = CYLINDRICAL_SURFACE('',#138,2.);
#138 = AXIS2_PLACEMENT_3D('',#139,#140,#141);
#139 = CARTESIAN_POINT('',(-31.19615242275,13.5,0.));
#140 = DIRECTION('',(-0.,-0.,-1.));
#141 = DIRECTION('',(1.,0.,0.));
#142 = ADVANCED_FACE('',(#143,#259,#270,#341,#352,#363,#434,#445),#456,
  .T.);
#143 = FACE_BOUND('',#144,.T.);
#144 = EDGE_LOOP('',(#145,#146,#147,#155,#164,#173,#182,#190,#199,#208,
    #217,#225,#234,#243,#252,#258));
#145 = ORIENTED_EDGE('',*,*,#48,.F.);
#146 = ORIENTED_EDGE('',*,*,#81,.T.);
#147 = ORIENTED_EDGE('',*,*,#148,.T.);
#148 = EDGE_CURVE('',#74,#149,#151,.T.);
#149 = VERTEX_POINT('',#150);
#150 = CARTESIAN_POINT('',(20.803847577283,11.5,0.));
#151 = LINE('',#152,#153);
#152 = CARTESIAN_POINT('',(-20.80384757728,11.5,0.));
#153 = VECTOR('',#154,1.);
#154 = DIRECTION('',(1.,0.,0.));
#155 = ORIENTED_EDGE('',*,*,#156,.F.);
#156 = EDGE_CURVE('',#157,#149,#159,.T.);
#157 = VERTEX_POINT('',#158);
#158 = CARTESIAN_POINT('',(22.535898384855,12.499999999997,0.));
#159 = CIRCLE('',#160,2.);
#160 = AXIS2_PLACEMENT_3D('',#161,#162,#163);
#161 = CARTESIAN_POINT('',(20.803847577283,13.5,0.));
#162 = DIRECTION('',(0.,0.,-1.));
#163 = DIRECTION('',(-1.,-0.,-0.));
#164 = ORIENTED_EDGE('',*,*,#165,.T.);
#165 = EDGE_CURVE('',#157,#166,#168,.T.);
#166 = VERTEX_POINT('',#167);
#167 = CARTESIAN_POINT('',(29.464101615173,12.499999999983,0.));
#168 = CIRCLE('',#169,4.);
#169 = AXIS2_PLACEMENT_3D('',#170,#171,#172);
#170 = CARTESIAN_POINT('',(26.,10.5,0.));
#171 = DIRECTION('',(0.,0.,-1.));
#172 = DIRECTION('',(-1.,-0.,-0.));
#173 = ORIENTED_EDGE('',*,*,#174,.F.);
#174 = EDGE_CURVE('',#175,#166,#177,.T.);
#175 = VERTEX_POINT('',#176);
#176 = CARTESIAN_POINT('',(30.,11.897121532513,0.));
#177 = CIRCLE('',#178,2.);
#178 = AXIS2_PLACEMENT_3D('',#179,#180,#181);
#179 = CARTESIAN_POINT('',(31.196152422757,13.5,0.));
#180 = DIRECTION('',(0.,0.,-1.));
#181 = DIRECTION('',(-1.,-0.,-0.));
#182 = ORIENTED_EDGE('',*,*,#183,.F.);
#183 = EDGE_CURVE('',#184,#175,#186,.T.);
#184 = VERTEX_POINT('',#185);
#185 = CARTESIAN_POINT('',(30.,-11.89712153251,0.));
#186 = LINE('',#187,#188);
#187 = CARTESIAN_POINT('',(30.,-15.,0.));
#188 = VECTOR('',#189,1.);
#189 = DIRECTION('',(0.,1.,0.));
#190 = ORIENTED_EDGE('',*,*,#191,.F.);
#191 = EDGE_CURVE('',#192,#184,#194,.T.);
#192 = VERTEX_POINT('',#193);
#193 = CARTESIAN_POINT('',(29.464101615189,-12.49999999999,0.));
#194 = CIRCLE('',#195,2.);
#195 = AXIS2_PLACEMENT_3D('',#196,#197,#198);
#196 = CARTESIAN_POINT('',(31.196152422756,-13.5,0.));
#197 = DIRECTION('',(0.,0.,-1.));
#198 = DIRECTION('',(-1.,-0.,-0.));
#199 = ORIENTED_EDGE('',*,*,#200,.T.);
#200 = EDGE_CURVE('',#192,#201,#203,.T.);
#201 = VERTEX_POINT('',#202);
#202 = CARTESIAN_POINT('',(22.535898384851,-12.49999999999,0.));
#203 = CIRCLE('',#204,4.);
#204 = AXIS2_PLACEMENT_3D('',#205,#206,#207);
#205 = CARTESIAN_POINT('',(26.000000000017,-10.50000000004,0.));
#206 = DIRECTION('',(0.,0.,-1.));
#207 = DIRECTION('',(-1.,-0.,-0.));
#208 = ORIENTED_EDGE('',*,*,#209,.F.);
#209 = EDGE_CURVE('',#210,#201,#212,.T.);
#210 = VERTEX_POINT('',#211);
#211 = CARTESIAN_POINT('',(20.803847577283,-11.5,0.));
#212 = CIRCLE('',#213,2.);
#213 = AXIS2_PLACEMENT_3D('',#214,#215,#216);
#214 = CARTESIAN_POINT('',(20.803847577283,-13.5,0.));
#215 = DIRECTION('',(0.,0.,-1.));
#216 = DIRECTION('',(-1.,-0.,-0.));
#217 = ORIENTED_EDGE('',*,*,#218,.T.);
#218 = EDGE_CURVE('',#210,#219,#221,.T.);
#219 = VERTEX_POINT('',#220);
#220 = CARTESIAN_POINT('',(-20.80384757728,-11.5,0.));
#221 = LINE('',#222,#223);
#222 = CARTESIAN_POINT('',(20.803847577283,-11.5,0.));
#223 = VECTOR('',#224,1.);
#224 = DIRECTION('',(-1.,-0.,-0.));
#225 = ORIENTED_EDGE('',*,*,#226,.T.);
#226 = EDGE_CURVE('',#219,#227,#229,.T.);
#227 = VERTEX_POINT('',#228);
#228 = CARTESIAN_POINT('',(-22.53589838485,-12.49999999999,0.));
#229 = CIRCLE('',#230,2.);
#230 = AXIS2_PLACEMENT_3D('',#231,#232,#233);
#231 = CARTESIAN_POINT('',(-20.80384757728,-13.5,0.));
#232 = DIRECTION('',(0.,0.,1.));
#233 = DIRECTION('',(1.,0.,0.));
#234 = ORIENTED_EDGE('',*,*,#235,.F.);
#235 = EDGE_CURVE('',#236,#227,#238,.T.);
#236 = VERTEX_POINT('',#237);
#237 = CARTESIAN_POINT('',(-29.46410161518,-12.49999999999,0.));
#238 = CIRCLE('',#239,4.);
#239 = AXIS2_PLACEMENT_3D('',#240,#241,#242);
#240 = CARTESIAN_POINT('',(-26.00000000001,-10.50000000004,0.));
#241 = DIRECTION('',(0.,0.,1.));
#242 = DIRECTION('',(1.,0.,0.));
#243 = ORIENTED_EDGE('',*,*,#244,.T.);
#244 = EDGE_CURVE('',#236,#245,#247,.T.);
#245 = VERTEX_POINT('',#246);
#246 = CARTESIAN_POINT('',(-30.,-11.89712153251,0.));
#247 = CIRCLE('',#248,2.);
#248 = AXIS2_PLACEMENT_3D('',#249,#250,#251);
#249 = CARTESIAN_POINT('',(-31.19615242275,-13.5,0.));
#250 = DIRECTION('',(0.,0.,1.));
#251 = DIRECTION('',(1.,0.,0.));
#252 = ORIENTED_EDGE('',*,*,#253,.T.);
#253 = EDGE_CURVE('',#245,#124,#254,.T.);
#254 = LINE('',#255,#256);
#255 = CARTESIAN_POINT('',(-30.,-15.,0.));
#256 = VECTOR('',#257,1.);
#257 = DIRECTION('',(0.,1.,0.));
#258 = ORIENTED_EDGE('',*,*,#123,.T.);
#259 = FACE_BOUND('',#260,.T.);
#260 = EDGE_LOOP('',(#261));
#261 = ORIENTED_EDGE('',*,*,#262,.F.);
#262 = EDGE_CURVE('',#263,#263,#265,.T.);
#263 = VERTEX_POINT('',#264);
#264 = CARTESIAN_POINT('',(23.85,-11.5,0.));
#265 = CIRCLE('',#266,2.15);
#266 = AXIS2_PLACEMENT_3D('',#267,#268,#269);
#267 = CARTESIAN_POINT('',(26.,-11.5,0.));
#268 = DIRECTION('',(0.,0.,-1.));
#269 = DIRECTION('',(-1.,0.,0.));
#270 = FACE_BOUND('',#271,.T.);
#271 = EDGE_LOOP('',(#272,#283,#292,#300,#309,#317,#326,#334));
#272 = ORIENTED_EDGE('',*,*,#273,.F.);
#273 = EDGE_CURVE('',#274,#276,#278,.T.);
#274 = VERTEX_POINT('',#275);
#275 = CARTESIAN_POINT('',(8.137631928303,-5.811965811966,0.));
#276 = VERTEX_POINT('',#277);
#277 = CARTESIAN_POINT('',(8.137631928303,5.811965811966,0.));
#278 = CIRCLE('',#279,10.);
#279 = AXIS2_PLACEMENT_3D('',#280,#281,#282);
#280 = CARTESIAN_POINT('',(0.,0.,0.));
#281 = DIRECTION('',(0.,0.,1.));
#282 = DIRECTION('',(1.,0.,0.));
#283 = ORIENTED_EDGE('',*,*,#284,.T.);
#284 = EDGE_CURVE('',#274,#285,#287,.T.);
#285 = VERTEX_POINT('',#286);
#286 = CARTESIAN_POINT('',(9.521029356115,-8.5,0.));
#287 = CIRCLE('',#288,1.7);
#288 = AXIS2_PLACEMENT_3D('',#289,#290,#291);
#289 = CARTESIAN_POINT('',(9.521029356115,-6.8,0.));
#290 = DIRECTION('',(0.,0.,1.));
#291 = DIRECTION('',(1.,0.,0.));
#292 = ORIENTED_EDGE('',*,*,#293,.T.);
#293 = EDGE_CURVE('',#285,#294,#296,.T.);
#294 = VERTEX_POINT('',#295);
#295 = CARTESIAN_POINT('',(25.3,-8.5,0.));
#296 = LINE('',#297,#298);
#297 = CARTESIAN_POINT('',(9.521029356115,-8.5,0.));
#298 = VECTOR('',#299,1.);
#299 = DIRECTION('',(1.,0.,0.));
#300 = ORIENTED_EDGE('',*,*,#301,.T.);
#301 = EDGE_CURVE('',#294,#302,#304,.T.);
#302 = VERTEX_POINT('',#303);
#303 = CARTESIAN_POINT('',(27.,-6.8,0.));
#304 = CIRCLE('',#305,1.7);
#305 = AXIS2_PLACEMENT_3D('',#306,#307,#308);
#306 = CARTESIAN_POINT('',(25.3,-6.8,0.));
#307 = DIRECTION('',(0.,0.,1.));
#308 = DIRECTION('',(1.,0.,0.));
#309 = ORIENTED_EDGE('',*,*,#310,.F.);
#310 = EDGE_CURVE('',#311,#302,#313,.T.);
#311 = VERTEX_POINT('',#312);
#312 = CARTESIAN_POINT('',(27.,6.8,0.));
#313 = LINE('',#314,#315);
#314 = CARTESIAN_POINT('',(27.,6.8,0.));
#315 = VECTOR('',#316,1.);
#316 = DIRECTION('',(0.,-1.,0.));
#317 = ORIENTED_EDGE('',*,*,#318,.T.);
#318 = EDGE_CURVE('',#311,#319,#321,.T.);
#319 = VERTEX_POINT('',#320);
#320 = CARTESIAN_POINT('',(25.3,8.5,0.));
#321 = CIRCLE('',#322,1.7);
#322 = AXIS2_PLACEMENT_3D('',#323,#324,#325);
#323 = CARTESIAN_POINT('',(25.3,6.8,0.));
#324 = DIRECTION('',(0.,0.,1.));
#325 = DIRECTION('',(1.,0.,0.));
#326 = ORIENTED_EDGE('',*,*,#327,.T.);
#327 = EDGE_CURVE('',#319,#328,#330,.T.);
#328 = VERTEX_POINT('',#329);
#329 = CARTESIAN_POINT('',(9.521029356115,8.5,0.));
#330 = LINE('',#331,#332);
#331 = CARTESIAN_POINT('',(25.3,8.5,0.));
#332 = VECTOR('',#333,1.);
#333 = DIRECTION('',(-1.,0.,0.));
#334 = ORIENTED_EDGE('',*,*,#335,.T.);
#335 = EDGE_CURVE('',#328,#276,#336,.T.);
#336 = CIRCLE('',#337,1.7);
#337 = AXIS2_PLACEMENT_3D('',#338,#339,#340);
#338 = CARTESIAN_POINT('',(9.521029356115,6.8,0.));
#339 = DIRECTION('',(0.,0.,1.));
#340 = DIRECTION('',(1.,0.,0.));
#341 = FACE_BOUND('',#342,.T.);
#342 = EDGE_LOOP('',(#343));
#343 = ORIENTED_EDGE('',*,*,#344,.F.);
#344 = EDGE_CURVE('',#345,#345,#347,.T.);
#345 = VERTEX_POINT('',#346);
#346 = CARTESIAN_POINT('',(-28.15,-11.5,0.));
#347 = CIRCLE('',#348,2.15);
#348 = AXIS2_PLACEMENT_3D('',#349,#350,#351);
#349 = CARTESIAN_POINT('',(-26.,-11.5,0.));
#350 = DIRECTION('',(0.,0.,-1.));
#351 = DIRECTION('',(-1.,0.,0.));
#352 = FACE_BOUND('',#353,.T.);
#353 = EDGE_LOOP('',(#354));
#354 = ORIENTED_EDGE('',*,*,#355,.T.);
#355 = EDGE_CURVE('',#356,#356,#358,.T.);
#356 = VERTEX_POINT('',#357);
#357 = CARTESIAN_POINT('',(7.49,0.,0.));
#358 = CIRCLE('',#359,7.49);
#359 = AXIS2_PLACEMENT_3D('',#360,#361,#362);
#360 = CARTESIAN_POINT('',(0.,0.,0.));
#361 = DIRECTION('',(0.,0.,1.));
#362 = DIRECTION('',(1.,0.,0.));
#363 = FACE_BOUND('',#364,.T.);
#364 = EDGE_LOOP('',(#365,#376,#385,#394,#402,#411,#419,#428));
#365 = ORIENTED_EDGE('',*,*,#366,.F.);
#366 = EDGE_CURVE('',#367,#369,#371,.T.);
#367 = VERTEX_POINT('',#368);
#368 = CARTESIAN_POINT('',(-8.137631928303,-5.811965811966,0.));
#369 = VERTEX_POINT('',#370);
#370 = CARTESIAN_POINT('',(-9.521029356115,-8.5,0.));
#371 = CIRCLE('',#372,1.7);
#372 = AXIS2_PLACEMENT_3D('',#373,#374,#375);
#373 = CARTESIAN_POINT('',(-9.521029356115,-6.8,0.));
#374 = DIRECTION('',(0.,0.,-1.));
#375 = DIRECTION('',(-1.,-0.,-0.));
#376 = ORIENTED_EDGE('',*,*,#377,.T.);
#377 = EDGE_CURVE('',#367,#378,#380,.T.);
#378 = VERTEX_POINT('',#379);
#379 = CARTESIAN_POINT('',(-8.137631928303,5.811965811966,0.));
#380 = CIRCLE('',#381,10.);
#381 = AXIS2_PLACEMENT_3D('',#382,#383,#384);
#382 = CARTESIAN_POINT('',(0.,0.,0.));
#383 = DIRECTION('',(0.,0.,-1.));
#384 = DIRECTION('',(-1.,-0.,-0.));
#385 = ORIENTED_EDGE('',*,*,#386,.F.);
#386 = EDGE_CURVE('',#387,#378,#389,.T.);
#387 = VERTEX_POINT('',#388);
#388 = CARTESIAN_POINT('',(-9.521029356115,8.5,0.));
#389 = CIRCLE('',#390,1.7);
#390 = AXIS2_PLACEMENT_3D('',#391,#392,#393);
#391 = CARTESIAN_POINT('',(-9.521029356115,6.8,0.));
#392 = DIRECTION('',(0.,0.,-1.));
#393 = DIRECTION('',(-1.,-0.,-0.));
#394 = ORIENTED_EDGE('',*,*,#395,.F.);
#395 = EDGE_CURVE('',#396,#387,#398,.T.);
#396 = VERTEX_POINT('',#397);
#397 = CARTESIAN_POINT('',(-25.3,8.5,0.));
#398 = LINE('',#399,#400);
#399 = CARTESIAN_POINT('',(-25.3,8.5,0.));
#400 = VECTOR('',#401,1.);
#401 = DIRECTION('',(1.,0.,0.));
#402 = ORIENTED_EDGE('',*,*,#403,.F.);
#403 = EDGE_CURVE('',#404,#396,#406,.T.);
#404 = VERTEX_POINT('',#405);
#405 = CARTESIAN_POINT('',(-27.,6.8,0.));
#406 = CIRCLE('',#407,1.7);
#407 = AXIS2_PLACEMENT_3D('',#408,#409,#410);
#408 = CARTESIAN_POINT('',(-25.3,6.8,0.));
#409 = DIRECTION('',(0.,0.,-1.));
#410 = DIRECTION('',(-1.,-0.,-0.));
#411 = ORIENTED_EDGE('',*,*,#412,.T.);
#412 = EDGE_CURVE('',#404,#413,#415,.T.);
#413 = VERTEX_POINT('',#414);
#414 = CARTESIAN_POINT('',(-27.,-6.8,0.));
#415 = LINE('',#416,#417);
#416 = CARTESIAN_POINT('',(-27.,6.8,0.));
#417 = VECTOR('',#418,1.);
#418 = DIRECTION('',(-0.,-1.,-0.));
#419 = ORIENTED_EDGE('',*,*,#420,.F.);
#420 = EDGE_CURVE('',#421,#413,#423,.T.);
#421 = VERTEX_POINT('',#422);
#422 = CARTESIAN_POINT('',(-25.3,-8.5,0.));
#423 = CIRCLE('',#424,1.7);
#424 = AXIS2_PLACEMENT_3D('',#425,#426,#427);
#425 = CARTESIAN_POINT('',(-25.3,-6.8,0.));
#426 = DIRECTION('',(0.,0.,-1.));
#427 = DIRECTION('',(-1.,-0.,-0.));
#428 = ORIENTED_EDGE('',*,*,#429,.F.);
#429 = EDGE_CURVE('',#369,#421,#430,.T.);
#430 = LINE('',#431,#432);
#431 = CARTESIAN_POINT('',(-9.521029356115,-8.5,0.));
#432 = VECTOR('',#433,1.);
#433 = DIRECTION('',(-1.,-0.,-0.));
#434 = FACE_BOUND('',#435,.T.);
#435 = EDGE_LOOP('',(#436));
#436 = ORIENTED_EDGE('',*,*,#437,.F.);
#437 = EDGE_CURVE('',#438,#438,#440,.T.);
#438 = VERTEX_POINT('',#439);
#439 = CARTESIAN_POINT('',(23.85,11.5,0.));
#440 = CIRCLE('',#441,2.15);
#441 = AXIS2_PLACEMENT_3D('',#442,#443,#444);
#442 = CARTESIAN_POINT('',(26.,11.5,0.));
#443 = DIRECTION('',(0.,0.,-1.));
#444 = DIRECTION('',(-1.,0.,0.));
#445 = FACE_BOUND('',#446,.T.);
#446 = EDGE_LOOP('',(#447));
#447 = ORIENTED_EDGE('',*,*,#448,.F.);
#448 = EDGE_CURVE('',#449,#449,#451,.T.);
#449 = VERTEX_POINT('',#450);
#450 = CARTESIAN_POINT('',(-28.15,11.5,0.));
#451 = CIRCLE('',#452,2.15);
#452 = AXIS2_PLACEMENT_3D('',#453,#454,#455);
#453 = CARTESIAN_POINT('',(-26.,11.5,0.));
#454 = DIRECTION('',(0.,0.,-1.));
#455 = DIRECTION('',(-1.,0.,0.));
#456 = PLANE('',#457);
#457 = AXIS2_PLACEMENT_3D('',#458,#459,#460);
#458 = CARTESIAN_POINT('',(9.7E-16,-1.051693E-11,0.));
#459 = DIRECTION('',(-0.,-0.,-1.));
#460 = DIRECTION('',(-1.,0.,0.));
#461 = ADVANCED_FACE('',(#462,#646,#657,#668,#679,#690),#701,.T.);
#462 = FACE_BOUND('',#463,.T.);
#463 = EDGE_LOOP('',(#464,#465,#466,#474,#483,#491,#500,#508,#517,#526,
    #535,#543,#552,#561,#570,#578,#587,#595,#604,#612,#621,#630,#639,
    #645));
#464 = ORIENTED_EDGE('',*,*,#31,.T.);
#465 = ORIENTED_EDGE('',*,*,#115,.F.);
#466 = ORIENTED_EDGE('',*,*,#467,.F.);
#467 = EDGE_CURVE('',#468,#108,#470,.T.);
#468 = VERTEX_POINT('',#469);
#469 = CARTESIAN_POINT('',(-46.,11.5,4.));
#470 = LINE('',#471,#472);
#471 = CARTESIAN_POINT('',(-46.,11.5,4.));
#472 = VECTOR('',#473,1.);
#473 = DIRECTION('',(1.,0.,0.));
#474 = ORIENTED_EDGE('',*,*,#475,.T.);
#475 = EDGE_CURVE('',#468,#476,#478,.T.);
#476 = VERTEX_POINT('',#477);
#477 = CARTESIAN_POINT('',(-50.,7.5,4.));
#478 = CIRCLE('',#479,4.);
#479 = AXIS2_PLACEMENT_3D('',#480,#481,#482);
#480 = CARTESIAN_POINT('',(-46.,7.5,4.));
#481 = DIRECTION('',(0.,0.,1.));
#482 = DIRECTION('',(1.,0.,0.));
#483 = ORIENTED_EDGE('',*,*,#484,.T.);
#484 = EDGE_CURVE('',#476,#485,#487,.T.);
#485 = VERTEX_POINT('',#486);
#486 = CARTESIAN_POINT('',(-50.,-7.5,4.));
#487 = LINE('',#488,#489);
#488 = CARTESIAN_POINT('',(-50.,7.5,4.));
#489 = VECTOR('',#490,1.);
#490 = DIRECTION('',(0.,-1.,0.));
#491 = ORIENTED_EDGE('',*,*,#492,.T.);
#492 = EDGE_CURVE('',#485,#493,#495,.T.);
#493 = VERTEX_POINT('',#494);
#494 = CARTESIAN_POINT('',(-46.,-11.5,4.));
#495 = CIRCLE('',#496,4.);
#496 = AXIS2_PLACEMENT_3D('',#497,#498,#499);
#497 = CARTESIAN_POINT('',(-46.,-7.5,4.));
#498 = DIRECTION('',(0.,0.,1.));
#499 = DIRECTION('',(1.,0.,0.));
#500 = ORIENTED_EDGE('',*,*,#501,.T.);
#501 = EDGE_CURVE('',#493,#502,#504,.T.);
#502 = VERTEX_POINT('',#503);
#503 = CARTESIAN_POINT('',(-31.19615242275,-11.5,4.));
#504 = LINE('',#505,#506);
#505 = CARTESIAN_POINT('',(-46.,-11.5,4.));
#506 = VECTOR('',#507,1.);
#507 = DIRECTION('',(1.,0.,0.));
#508 = ORIENTED_EDGE('',*,*,#509,.F.);
#509 = EDGE_CURVE('',#510,#502,#512,.T.);
#510 = VERTEX_POINT('',#511);
#511 = CARTESIAN_POINT('',(-29.46410161518,-12.49999999999,4.));
#512 = CIRCLE('',#513,2.);
#513 = AXIS2_PLACEMENT_3D('',#514,#515,#516);
#514 = CARTESIAN_POINT('',(-31.19615242275,-13.5,4.));
#515 = DIRECTION('',(0.,0.,1.));
#516 = DIRECTION('',(1.,0.,0.));
#517 = ORIENTED_EDGE('',*,*,#518,.T.);
#518 = EDGE_CURVE('',#510,#519,#521,.T.);
#519 = VERTEX_POINT('',#520);
#520 = CARTESIAN_POINT('',(-22.53589838485,-12.49999999999,4.));
#521 = CIRCLE('',#522,4.);
#522 = AXIS2_PLACEMENT_3D('',#523,#524,#525);
#523 = CARTESIAN_POINT('',(-26.00000000001,-10.50000000004,4.));
#524 = DIRECTION('',(0.,0.,1.));
#525 = DIRECTION('',(1.,0.,0.));
#526 = ORIENTED_EDGE('',*,*,#527,.F.);
#527 = EDGE_CURVE('',#528,#519,#530,.T.);
#528 = VERTEX_POINT('',#529);
#529 = CARTESIAN_POINT('',(-20.80384757728,-11.5,4.));
#530 = CIRCLE('',#531,2.);
#531 = AXIS2_PLACEMENT_3D('',#532,#533,#534);
#532 = CARTESIAN_POINT('',(-20.80384757728,-13.5,4.));
#533 = DIRECTION('',(0.,0.,1.));
#534 = DIRECTION('',(1.,0.,0.));
#535 = ORIENTED_EDGE('',*,*,#536,.T.);
#536 = EDGE_CURVE('',#528,#537,#539,.T.);
#537 = VERTEX_POINT('',#538);
#538 = CARTESIAN_POINT('',(20.803847577283,-11.5,4.));
#539 = LINE('',#540,#541);
#540 = CARTESIAN_POINT('',(-20.80384757728,-11.5,4.));
#541 = VECTOR('',#542,1.);
#542 = DIRECTION('',(1.,0.,0.));
#543 = ORIENTED_EDGE('',*,*,#544,.T.);
#544 = EDGE_CURVE('',#537,#545,#547,.T.);
#545 = VERTEX_POINT('',#546);
#546 = CARTESIAN_POINT('',(22.535898384851,-12.49999999999,4.));
#547 = CIRCLE('',#548,2.);
#548 = AXIS2_PLACEMENT_3D('',#549,#550,#551);
#549 = CARTESIAN_POINT('',(20.803847577283,-13.5,4.));
#550 = DIRECTION('',(0.,0.,-1.));
#551 = DIRECTION('',(-1.,-0.,-0.));
#552 = ORIENTED_EDGE('',*,*,#553,.F.);
#553 = EDGE_CURVE('',#554,#545,#556,.T.);
#554 = VERTEX_POINT('',#555);
#555 = CARTESIAN_POINT('',(29.464101615189,-12.49999999999,4.));
#556 = CIRCLE('',#557,4.);
#557 = AXIS2_PLACEMENT_3D('',#558,#559,#560);
#558 = CARTESIAN_POINT('',(26.000000000017,-10.50000000004,4.));
#559 = DIRECTION('',(0.,0.,-1.));
#560 = DIRECTION('',(-1.,-0.,-0.));
#561 = ORIENTED_EDGE('',*,*,#562,.T.);
#562 = EDGE_CURVE('',#554,#563,#565,.T.);
#563 = VERTEX_POINT('',#564);
#564 = CARTESIAN_POINT('',(31.196152422757,-11.5,4.));
#565 = CIRCLE('',#566,2.);
#566 = AXIS2_PLACEMENT_3D('',#567,#568,#569);
#567 = CARTESIAN_POINT('',(31.196152422756,-13.5,4.));
#568 = DIRECTION('',(0.,0.,-1.));
#569 = DIRECTION('',(-1.,-0.,-0.));
#570 = ORIENTED_EDGE('',*,*,#571,.F.);
#571 = EDGE_CURVE('',#572,#563,#574,.T.);
#572 = VERTEX_POINT('',#573);
#573 = CARTESIAN_POINT('',(46.,-11.5,4.));
#574 = LINE('',#575,#576);
#575 = CARTESIAN_POINT('',(46.,-11.5,4.));
#576 = VECTOR('',#577,1.);
#577 = DIRECTION('',(-1.,-0.,-0.));
#578 = ORIENTED_EDGE('',*,*,#579,.F.);
#579 = EDGE_CURVE('',#580,#572,#582,.T.);
#580 = VERTEX_POINT('',#581);
#581 = CARTESIAN_POINT('',(50.,-7.5,4.));
#582 = CIRCLE('',#583,4.);
#583 = AXIS2_PLACEMENT_3D('',#584,#585,#586);
#584 = CARTESIAN_POINT('',(46.,-7.5,4.));
#585 = DIRECTION('',(0.,0.,-1.));
#586 = DIRECTION('',(-1.,-0.,-0.));
#587 = ORIENTED_EDGE('',*,*,#588,.F.);
#588 = EDGE_CURVE('',#589,#580,#591,.T.);
#589 = VERTEX_POINT('',#590);
#590 = CARTESIAN_POINT('',(50.,7.5,4.));
#591 = LINE('',#592,#593);
#592 = CARTESIAN_POINT('',(50.,7.5,4.));
#593 = VECTOR('',#594,1.);
#594 = DIRECTION('',(-0.,-1.,-0.));
#595 = ORIENTED_EDGE('',*,*,#596,.F.);
#596 = EDGE_CURVE('',#597,#589,#599,.T.);
#597 = VERTEX_POINT('',#598);
#598 = CARTESIAN_POINT('',(46.,11.5,4.));
#599 = CIRCLE('',#600,4.);
#600 = AXIS2_PLACEMENT_3D('',#601,#602,#603);
#601 = CARTESIAN_POINT('',(46.,7.5,4.));
#602 = DIRECTION('',(0.,0.,-1.));
#603 = DIRECTION('',(-1.,-0.,-0.));
#604 = ORIENTED_EDGE('',*,*,#605,.T.);
#605 = EDGE_CURVE('',#597,#606,#608,.T.);
#606 = VERTEX_POINT('',#607);
#607 = CARTESIAN_POINT('',(31.196152422757,11.5,4.));
#608 = LINE('',#609,#610);
#609 = CARTESIAN_POINT('',(46.,11.5,4.));
#610 = VECTOR('',#611,1.);
#611 = DIRECTION('',(-1.,-0.,-0.));
#612 = ORIENTED_EDGE('',*,*,#613,.T.);
#613 = EDGE_CURVE('',#606,#614,#616,.T.);
#614 = VERTEX_POINT('',#615);
#615 = CARTESIAN_POINT('',(29.464101615173,12.499999999983,4.));
#616 = CIRCLE('',#617,2.);
#617 = AXIS2_PLACEMENT_3D('',#618,#619,#620);
#618 = CARTESIAN_POINT('',(31.196152422757,13.5,4.));
#619 = DIRECTION('',(0.,0.,-1.));
#620 = DIRECTION('',(-1.,-0.,-0.));
#621 = ORIENTED_EDGE('',*,*,#622,.F.);
#622 = EDGE_CURVE('',#623,#614,#625,.T.);
#623 = VERTEX_POINT('',#624);
#624 = CARTESIAN_POINT('',(22.535898384855,12.499999999997,4.));
#625 = CIRCLE('',#626,4.);
#626 = AXIS2_PLACEMENT_3D('',#627,#628,#629);
#627 = CARTESIAN_POINT('',(26.,10.5,4.));
#628 = DIRECTION('',(0.,0.,-1.));
#629 = DIRECTION('',(-1.,-0.,-0.));
#630 = ORIENTED_EDGE('',*,*,#631,.T.);
#631 = EDGE_CURVE('',#623,#632,#634,.T.);
#632 = VERTEX_POINT('',#633);
#633 = CARTESIAN_POINT('',(20.803847577283,11.5,4.));
#634 = CIRCLE('',#635,2.);
#635 = AXIS2_PLACEMENT_3D('',#636,#637,#638);
#636 = CARTESIAN_POINT('',(20.803847577283,13.5,4.));
#637 = DIRECTION('',(0.,0.,-1.));
#638 = DIRECTION('',(-1.,-0.,-0.));
#639 = ORIENTED_EDGE('',*,*,#640,.T.);
#640 = EDGE_CURVE('',#632,#65,#641,.T.);
#641 = LINE('',#642,#643);
#642 = CARTESIAN_POINT('',(20.803847577283,11.5,4.));
#643 = VECTOR('',#644,1.);
#644 = DIRECTION('',(-1.,-0.,-0.));
#645 = ORIENTED_EDGE('',*,*,#64,.F.);
#646 = FACE_BOUND('',#647,.T.);
#647 = EDGE_LOOP('',(#648));
#648 = ORIENTED_EDGE('',*,*,#649,.F.);
#649 = EDGE_CURVE('',#650,#650,#652,.T.);
#650 = VERTEX_POINT('',#651);
#651 = CARTESIAN_POINT('',(-27.2,-11.5,4.));
#652 = CIRCLE('',#653,1.2);
#653 = AXIS2_PLACEMENT_3D('',#654,#655,#656);
#654 = CARTESIAN_POINT('',(-26.,-11.5,4.));
#655 = DIRECTION('',(0.,0.,1.));
#656 = DIRECTION('',(-1.,0.,0.));
#657 = FACE_BOUND('',#658,.T.);
#658 = EDGE_LOOP('',(#659));
#659 = ORIENTED_EDGE('',*,*,#660,.F.);
#660 = EDGE_CURVE('',#661,#661,#663,.T.);
#661 = VERTEX_POINT('',#662);
#662 = CARTESIAN_POINT('',(6.,0.,4.));
#663 = CIRCLE('',#664,6.);
#664 = AXIS2_PLACEMENT_3D('',#665,#666,#667);
#665 = CARTESIAN_POINT('',(0.,0.,4.));
#666 = DIRECTION('',(0.,0.,1.));
#667 = DIRECTION('',(1.,0.,0.));
#668 = FACE_BOUND('',#669,.T.);
#669 = EDGE_LOOP('',(#670));
#670 = ORIENTED_EDGE('',*,*,#671,.F.);
#671 = EDGE_CURVE('',#672,#672,#674,.T.);
#672 = VERTEX_POINT('',#673);
#673 = CARTESIAN_POINT('',(24.8,-11.5,4.));
#674 = CIRCLE('',#675,1.2);
#675 = AXIS2_PLACEMENT_3D('',#676,#677,#678);
#676 = CARTESIAN_POINT('',(26.,-11.5,4.));
#677 = DIRECTION('',(0.,0.,1.));
#678 = DIRECTION('',(-1.,0.,0.));
#679 = FACE_BOUND('',#680,.T.);
#680 = EDGE_LOOP('',(#681));
#681 = ORIENTED_EDGE('',*,*,#682,.F.);
#682 = EDGE_CURVE('',#683,#683,#685,.T.);
#683 = VERTEX_POINT('',#684);
#684 = CARTESIAN_POINT('',(-27.2,11.5,4.));
#685 = CIRCLE('',#686,1.2);
#686 = AXIS2_PLACEMENT_3D('',#687,#688,#689);
#687 = CARTESIAN_POINT('',(-26.,11.5,4.));
#688 = DIRECTION('',(0.,0.,1.));
#689 = DIRECTION('',(-1.,0.,0.));
#690 = FACE_BOUND('',#691,.T.);
#691 = EDGE_LOOP('',(#692));
#692 = ORIENTED_EDGE('',*,*,#693,.F.);
#693 = EDGE_CURVE('',#694,#694,#696,.T.);
#694 = VERTEX_POINT('',#695);
#695 = CARTESIAN_POINT('',(24.8,11.5,4.));
#696 = CIRCLE('',#697,1.2);
#697 = AXIS2_PLACEMENT_3D('',#698,#699,#700);
#698 = CARTESIAN_POINT('',(26.,11.5,4.));
#699 = DIRECTION('',(0.,0.,1.));
#700 = DIRECTION('',(-1.,0.,0.));
#701 = PLANE('',#702);
#702 = AXIS2_PLACEMENT_3D('',#703,#704,#705);
#703 = CARTESIAN_POINT('',(-1.96E-15,-1.051753E-11,4.));
#704 = DIRECTION('',(0.,0.,1.));
#705 = DIRECTION('',(1.,0.,0.));
#706 = ADVANCED_FACE('',(#707),#718,.T.);
#707 = FACE_BOUND('',#708,.T.);
#708 = EDGE_LOOP('',(#709,#710,#711,#717));
#709 = ORIENTED_EDGE('',*,*,#73,.T.);
#710 = ORIENTED_EDGE('',*,*,#640,.F.);
#711 = ORIENTED_EDGE('',*,*,#712,.F.);
#712 = EDGE_CURVE('',#149,#632,#713,.T.);
#713 = LINE('',#714,#715);
#714 = CARTESIAN_POINT('',(20.803847577283,11.5,0.));
#715 = VECTOR('',#716,1.);
#716 = DIRECTION('',(0.,0.,1.));
#717 = ORIENTED_EDGE('',*,*,#148,.F.);
#718 = PLANE('',#719);
#719 = AXIS2_PLACEMENT_3D('',#720,#721,#722);
#720 = CARTESIAN_POINT('',(0.,11.5,2.));
#721 = DIRECTION('',(0.,1.,0.));
#722 = DIRECTION('',(0.,0.,1.));
#723 = ADVANCED_FACE('',(#724),#852,.F.);
#724 = FACE_BOUND('',#725,.T.);
#725 = EDGE_LOOP('',(#726,#727,#735,#744,#752,#761,#769,#778,#786,#795,
    #803,#812,#820,#829,#837,#846));
#726 = ORIENTED_EDGE('',*,*,#96,.F.);
#727 = ORIENTED_EDGE('',*,*,#728,.F.);
#728 = EDGE_CURVE('',#729,#97,#731,.T.);
#729 = VERTEX_POINT('',#730);
#730 = CARTESIAN_POINT('',(-30.,6.8,1.));
#731 = LINE('',#732,#733);
#732 = CARTESIAN_POINT('',(-30.,-15.,1.));
#733 = VECTOR('',#734,1.);
#734 = DIRECTION('',(-0.,1.,0.));
#735 = ORIENTED_EDGE('',*,*,#736,.F.);
#736 = EDGE_CURVE('',#737,#729,#739,.T.);
#737 = VERTEX_POINT('',#738);
#738 = CARTESIAN_POINT('',(-31.7,8.5,1.));
#739 = CIRCLE('',#740,1.7);
#740 = AXIS2_PLACEMENT_3D('',#741,#742,#743);
#741 = CARTESIAN_POINT('',(-31.7,6.8,1.));
#742 = DIRECTION('',(0.,0.,-1.));
#743 = DIRECTION('',(-1.,-0.,-0.));
#744 = ORIENTED_EDGE('',*,*,#745,.T.);
#745 = EDGE_CURVE('',#737,#746,#748,.T.);
#746 = VERTEX_POINT('',#747);
#747 = CARTESIAN_POINT('',(-45.3,8.5,1.));
#748 = LINE('',#749,#750);
#749 = CARTESIAN_POINT('',(-43.9,8.5,1.));
#750 = VECTOR('',#751,1.);
#751 = DIRECTION('',(-1.,0.,0.));
#752 = ORIENTED_EDGE('',*,*,#753,.F.);
#753 = EDGE_CURVE('',#754,#746,#756,.T.);
#754 = VERTEX_POINT('',#755);
#755 = CARTESIAN_POINT('',(-47.,6.8,1.));
#756 = CIRCLE('',#757,1.7);
#757 = AXIS2_PLACEMENT_3D('',#758,#759,#760);
#758 = CARTESIAN_POINT('',(-45.3,6.8,1.));
#759 = DIRECTION('',(0.,0.,-1.));
#760 = DIRECTION('',(-1.,-0.,-0.));
#761 = ORIENTED_EDGE('',*,*,#762,.T.);
#762 = EDGE_CURVE('',#754,#763,#765,.T.);
#763 = VERTEX_POINT('',#764);
#764 = CARTESIAN_POINT('',(-47.,-6.8,1.));
#765 = LINE('',#766,#767);
#766 = CARTESIAN_POINT('',(-47.,-3.4,1.));
#767 = VECTOR('',#768,1.);
#768 = DIRECTION('',(0.,-1.,0.));
#769 = ORIENTED_EDGE('',*,*,#770,.F.);
#770 = EDGE_CURVE('',#771,#763,#773,.T.);
#771 = VERTEX_POINT('',#772);
#772 = CARTESIAN_POINT('',(-45.3,-8.5,1.));
#773 = CIRCLE('',#774,1.7);
#774 = AXIS2_PLACEMENT_3D('',#775,#776,#777);
#775 = CARTESIAN_POINT('',(-45.3,-6.8,1.));
#776 = DIRECTION('',(0.,0.,-1.));
#777 = DIRECTION('',(-1.,-0.,-0.));
#778 = ORIENTED_EDGE('',*,*,#779,.T.);
#779 = EDGE_CURVE('',#771,#780,#782,.T.);
#780 = VERTEX_POINT('',#781);
#781 = CARTESIAN_POINT('',(-31.7,-8.5,1.));
#782 = LINE('',#783,#784);
#783 = CARTESIAN_POINT('',(-37.1,-8.5,1.));
#784 = VECTOR('',#785,1.);
#785 = DIRECTION('',(1.,1.3E-16,0.));
#786 = ORIENTED_EDGE('',*,*,#787,.F.);
#787 = EDGE_CURVE('',#788,#780,#790,.T.);
#788 = VERTEX_POINT('',#789);
#789 = CARTESIAN_POINT('',(-30.,-6.8,1.));
#790 = CIRCLE('',#791,1.7);
#791 = AXIS2_PLACEMENT_3D('',#792,#793,#794);
#792 = CARTESIAN_POINT('',(-31.7,-6.8,1.));
#793 = DIRECTION('',(0.,0.,-1.));
#794 = DIRECTION('',(-1.,-0.,-0.));
#795 = ORIENTED_EDGE('',*,*,#796,.F.);
#796 = EDGE_CURVE('',#797,#788,#799,.T.);
#797 = VERTEX_POINT('',#798);
#798 = CARTESIAN_POINT('',(-30.,-11.89712153251,1.));
#799 = LINE('',#800,#801);
#800 = CARTESIAN_POINT('',(-30.,-15.,1.));
#801 = VECTOR('',#802,1.);
#802 = DIRECTION('',(-0.,1.,0.));
#803 = ORIENTED_EDGE('',*,*,#804,.F.);
#804 = EDGE_CURVE('',#805,#797,#807,.T.);
#805 = VERTEX_POINT('',#806);
#806 = CARTESIAN_POINT('',(-31.19615242275,-11.5,1.));
#807 = CIRCLE('',#808,2.);
#808 = AXIS2_PLACEMENT_3D('',#809,#810,#811);
#809 = CARTESIAN_POINT('',(-31.19615242275,-13.5,1.));
#810 = DIRECTION('',(0.,0.,-1.));
#811 = DIRECTION('',(1.,0.,0.));
#812 = ORIENTED_EDGE('',*,*,#813,.T.);
#813 = EDGE_CURVE('',#805,#814,#816,.T.);
#814 = VERTEX_POINT('',#815);
#815 = CARTESIAN_POINT('',(-46.,-11.5,1.));
#816 = LINE('',#817,#818);
#817 = CARTESIAN_POINT('',(-44.25,-11.5,1.));
#818 = VECTOR('',#819,1.);
#819 = DIRECTION('',(-1.,0.,0.));
#820 = ORIENTED_EDGE('',*,*,#821,.T.);
#821 = EDGE_CURVE('',#814,#822,#824,.T.);
#822 = VERTEX_POINT('',#823);
#823 = CARTESIAN_POINT('',(-50.,-7.5,1.));
#824 = CIRCLE('',#825,4.);
#825 = AXIS2_PLACEMENT_3D('',#826,#827,#828);
#826 = CARTESIAN_POINT('',(-46.,-7.5,1.));
#827 = DIRECTION('',(0.,0.,-1.));
#828 = DIRECTION('',(1.,0.,0.));
#829 = ORIENTED_EDGE('',*,*,#830,.T.);
#830 = EDGE_CURVE('',#822,#831,#833,.T.);
#831 = VERTEX_POINT('',#832);
#832 = CARTESIAN_POINT('',(-50.,7.5,1.));
#833 = LINE('',#834,#835);
#834 = CARTESIAN_POINT('',(-50.,3.75,1.));
#835 = VECTOR('',#836,1.);
#836 = DIRECTION('',(0.,1.,0.));
#837 = ORIENTED_EDGE('',*,*,#838,.T.);
#838 = EDGE_CURVE('',#831,#839,#841,.T.);
#839 = VERTEX_POINT('',#840);
#840 = CARTESIAN_POINT('',(-46.,11.5,1.));
#841 = CIRCLE('',#842,4.);
#842 = AXIS2_PLACEMENT_3D('',#843,#844,#845);
#843 = CARTESIAN_POINT('',(-46.,7.5,1.));
#844 = DIRECTION('',(0.,0.,-1.));
#845 = DIRECTION('',(1.,0.,0.));
#846 = ORIENTED_EDGE('',*,*,#847,.F.);
#847 = EDGE_CURVE('',#99,#839,#848,.T.);
#848 = LINE('',#849,#850);
#849 = CARTESIAN_POINT('',(-44.25,11.5,1.));
#850 = VECTOR('',#851,1.);
#851 = DIRECTION('',(-1.,0.,0.));
#852 = PLANE('',#853);
#853 = AXIS2_PLACEMENT_3D('',#854,#855,#856);
#854 = CARTESIAN_POINT('',(-42.5,0.,1.));
#855 = DIRECTION('',(0.,0.,1.));
#856 = DIRECTION('',(1.,0.,0.));
#857 = ADVANCED_FACE('',(#858),#892,.T.);
#858 = FACE_BOUND('',#859,.T.);
#859 = EDGE_LOOP('',(#860,#861,#867,#868,#876,#884,#890,#891));
#860 = ORIENTED_EDGE('',*,*,#253,.F.);
#861 = ORIENTED_EDGE('',*,*,#862,.F.);
#862 = EDGE_CURVE('',#797,#245,#863,.T.);
#863 = LINE('',#864,#865);
#864 = CARTESIAN_POINT('',(-30.,-11.89712153251,0.));
#865 = VECTOR('',#866,1.);
#866 = DIRECTION('',(-0.,-0.,-1.));
#867 = ORIENTED_EDGE('',*,*,#796,.T.);
#868 = ORIENTED_EDGE('',*,*,#869,.T.);
#869 = EDGE_CURVE('',#788,#870,#872,.T.);
#870 = VERTEX_POINT('',#871);
#871 = CARTESIAN_POINT('',(-30.,-6.8,2.5));
#872 = LINE('',#873,#874);
#873 = CARTESIAN_POINT('',(-30.,-6.8,0.));
#874 = VECTOR('',#875,1.);
#875 = DIRECTION('',(0.,0.,1.));
#876 = ORIENTED_EDGE('',*,*,#877,.T.);
#877 = EDGE_CURVE('',#870,#878,#880,.T.);
#878 = VERTEX_POINT('',#879);
#879 = CARTESIAN_POINT('',(-30.,6.8,2.5));
#880 = LINE('',#881,#882);
#881 = CARTESIAN_POINT('',(-30.,-6.8,2.5));
#882 = VECTOR('',#883,1.);
#883 = DIRECTION('',(0.,1.,0.));
#884 = ORIENTED_EDGE('',*,*,#885,.F.);
#885 = EDGE_CURVE('',#729,#878,#886,.T.);
#886 = LINE('',#887,#888);
#887 = CARTESIAN_POINT('',(-30.,6.8,0.));
#888 = VECTOR('',#889,1.);
#889 = DIRECTION('',(0.,0.,1.));
#890 = ORIENTED_EDGE('',*,*,#728,.T.);
#891 = ORIENTED_EDGE('',*,*,#132,.T.);
#892 = PLANE('',#893);
#893 = AXIS2_PLACEMENT_3D('',#894,#895,#896);
#894 = CARTESIAN_POINT('',(-30.,4.249E-14,0.959225997498));
#895 = DIRECTION('',(-1.,-0.,-6.2E-16));
#896 = DIRECTION('',(6.2E-16,0.,-1.));
#897 = ADVANCED_FACE('',(#898),#909,.T.);
#898 = FACE_BOUND('',#899,.T.);
#899 = EDGE_LOOP('',(#900,#901,#907,#908));
#900 = ORIENTED_EDGE('',*,*,#847,.T.);
#901 = ORIENTED_EDGE('',*,*,#902,.T.);
#902 = EDGE_CURVE('',#839,#468,#903,.T.);
#903 = LINE('',#904,#905);
#904 = CARTESIAN_POINT('',(-46.,11.5,0.));
#905 = VECTOR('',#906,1.);
#906 = DIRECTION('',(0.,0.,1.));
#907 = ORIENTED_EDGE('',*,*,#467,.T.);
#908 = ORIENTED_EDGE('',*,*,#107,.F.);
#909 = PLANE('',#910);
#910 = AXIS2_PLACEMENT_3D('',#911,#912,#913);
#911 = CARTESIAN_POINT('',(-46.,11.5,0.));
#912 = DIRECTION('',(0.,1.,0.));
#913 = DIRECTION('',(1.,0.,0.));
#914 = ADVANCED_FACE('',(#915),#933,.F.);
#915 = FACE_BOUND('',#916,.T.);
#916 = EDGE_LOOP('',(#917,#918,#924,#925,#931,#932));
#917 = ORIENTED_EDGE('',*,*,#244,.F.);
#918 = ORIENTED_EDGE('',*,*,#919,.T.);
#919 = EDGE_CURVE('',#236,#510,#920,.T.);
#920 = LINE('',#921,#922);
#921 = CARTESIAN_POINT('',(-29.46410161518,-12.49999999999,0.));
#922 = VECTOR('',#923,1.);
#923 = DIRECTION('',(0.,0.,1.));
#924 = ORIENTED_EDGE('',*,*,#509,.T.);
#925 = ORIENTED_EDGE('',*,*,#926,.F.);
#926 = EDGE_CURVE('',#805,#502,#927,.T.);
#927 = LINE('',#928,#929);
#928 = CARTESIAN_POINT('',(-31.19615242275,-11.5,0.));
#929 = VECTOR('',#930,1.);
#930 = DIRECTION('',(0.,0.,1.));
#931 = ORIENTED_EDGE('',*,*,#804,.T.);
#932 = ORIENTED_EDGE('',*,*,#862,.T.);
#933 = CYLINDRICAL_SURFACE('',#934,2.);
#934 = AXIS2_PLACEMENT_3D('',#935,#936,#937);
#935 = CARTESIAN_POINT('',(-31.19615242275,-13.5,0.));
#936 = DIRECTION('',(-0.,-0.,-1.));
#937 = DIRECTION('',(1.,0.,0.));
#938 = ADVANCED_FACE('',(#939),#950,.T.);
#939 = FACE_BOUND('',#940,.F.);
#940 = EDGE_LOOP('',(#941,#942,#943,#949));
#941 = ORIENTED_EDGE('',*,*,#919,.T.);
#942 = ORIENTED_EDGE('',*,*,#518,.T.);
#943 = ORIENTED_EDGE('',*,*,#944,.F.);
#944 = EDGE_CURVE('',#227,#519,#945,.T.);
#945 = LINE('',#946,#947);
#946 = CARTESIAN_POINT('',(-22.53589838485,-12.49999999999,0.));
#947 = VECTOR('',#948,1.);
#948 = DIRECTION('',(0.,0.,1.));
#949 = ORIENTED_EDGE('',*,*,#235,.F.);
#950 = CYLINDRICAL_SURFACE('',#951,4.);
#951 = AXIS2_PLACEMENT_3D('',#952,#953,#954);
#952 = CARTESIAN_POINT('',(-26.00000000001,-10.50000000004,0.));
#953 = DIRECTION('',(-0.,-0.,-1.));
#954 = DIRECTION('',(1.,0.,0.));
#955 = ADVANCED_FACE('',(#956),#967,.F.);
#956 = FACE_BOUND('',#957,.T.);
#957 = EDGE_LOOP('',(#958,#964,#965,#966));
#958 = ORIENTED_EDGE('',*,*,#959,.T.);
#959 = EDGE_CURVE('',#219,#528,#960,.T.);
#960 = LINE('',#961,#962);
#961 = CARTESIAN_POINT('',(-20.80384757728,-11.5,0.));
#962 = VECTOR('',#963,1.);
#963 = DIRECTION('',(0.,0.,1.));
#964 = ORIENTED_EDGE('',*,*,#527,.T.);
#965 = ORIENTED_EDGE('',*,*,#944,.F.);
#966 = ORIENTED_EDGE('',*,*,#226,.F.);
#967 = CYLINDRICAL_SURFACE('',#968,2.);
#968 = AXIS2_PLACEMENT_3D('',#969,#970,#971);
#969 = CARTESIAN_POINT('',(-20.80384757728,-13.5,0.));
#970 = DIRECTION('',(-0.,-0.,-1.));
#971 = DIRECTION('',(1.,0.,0.));
#972 = ADVANCED_FACE('',(#973,#984),#995,.T.);
#973 = FACE_BOUND('',#974,.T.);
#974 = EDGE_LOOP('',(#975,#976,#977,#983));
#975 = ORIENTED_EDGE('',*,*,#959,.F.);
#976 = ORIENTED_EDGE('',*,*,#218,.F.);
#977 = ORIENTED_EDGE('',*,*,#978,.T.);
#978 = EDGE_CURVE('',#210,#537,#979,.T.);
#979 = LINE('',#980,#981);
#980 = CARTESIAN_POINT('',(20.803847577283,-11.5,0.));
#981 = VECTOR('',#982,1.);
#982 = DIRECTION('',(0.,0.,1.));
#983 = ORIENTED_EDGE('',*,*,#536,.F.);
#984 = FACE_BOUND('',#985,.T.);
#985 = EDGE_LOOP('',(#986));
#986 = ORIENTED_EDGE('',*,*,#987,.F.);
#987 = EDGE_CURVE('',#988,#988,#990,.T.);
#988 = VERTEX_POINT('',#989);
#989 = CARTESIAN_POINT('',(-1.,-11.5,1.5));
#990 = CIRCLE('',#991,1.);
#991 = AXIS2_PLACEMENT_3D('',#992,#993,#994);
#992 = CARTESIAN_POINT('',(0.,-11.5,1.5));
#993 = DIRECTION('',(0.,-1.,2.2E-16));
#994 = DIRECTION('',(-1.,0.,0.));
#995 = PLANE('',#996);
#996 = AXIS2_PLACEMENT_3D('',#997,#998,#999);
#997 = CARTESIAN_POINT('',(0.,-11.5,2.));
#998 = DIRECTION('',(-0.,-1.,-0.));
#999 = DIRECTION('',(0.,0.,-1.));
#1000 = ADVANCED_FACE('',(#1001),#1012,.F.);
#1001 = FACE_BOUND('',#1002,.F.);
#1002 = EDGE_LOOP('',(#1003,#1004,#1005,#1011));
#1003 = ORIENTED_EDGE('',*,*,#978,.T.);
#1004 = ORIENTED_EDGE('',*,*,#544,.T.);
#1005 = ORIENTED_EDGE('',*,*,#1006,.F.);
#1006 = EDGE_CURVE('',#201,#545,#1007,.T.);
#1007 = LINE('',#1008,#1009);
#1008 = CARTESIAN_POINT('',(22.535898384851,-12.49999999999,0.));
#1009 = VECTOR('',#1010,1.);
#1010 = DIRECTION('',(0.,0.,1.));
#1011 = ORIENTED_EDGE('',*,*,#209,.F.);
#1012 = CYLINDRICAL_SURFACE('',#1013,2.);
#1013 = AXIS2_PLACEMENT_3D('',#1014,#1015,#1016);
#1014 = CARTESIAN_POINT('',(20.803847577283,-13.5,0.));
#1015 = DIRECTION('',(0.,0.,-1.));
#1016 = DIRECTION('',(-1.,0.,0.));
#1017 = ADVANCED_FACE('',(#1018),#1029,.T.);
#1018 = FACE_BOUND('',#1019,.T.);
#1019 = EDGE_LOOP('',(#1020,#1026,#1027,#1028));
#1020 = ORIENTED_EDGE('',*,*,#1021,.T.);
#1021 = EDGE_CURVE('',#192,#554,#1022,.T.);
#1022 = LINE('',#1023,#1024);
#1023 = CARTESIAN_POINT('',(29.464101615189,-12.49999999999,0.));
#1024 = VECTOR('',#1025,1.);
#1025 = DIRECTION('',(0.,0.,1.));
#1026 = ORIENTED_EDGE('',*,*,#553,.T.);
#1027 = ORIENTED_EDGE('',*,*,#1006,.F.);
#1028 = ORIENTED_EDGE('',*,*,#200,.F.);
#1029 = CYLINDRICAL_SURFACE('',#1030,4.);
#1030 = AXIS2_PLACEMENT_3D('',#1031,#1032,#1033);
#1031 = CARTESIAN_POINT('',(26.000000000017,-10.50000000004,0.));
#1032 = DIRECTION('',(0.,0.,-1.));
#1033 = DIRECTION('',(-1.,0.,0.));
#1034 = ADVANCED_FACE('',(#1035),#1063,.F.);
#1035 = FACE_BOUND('',#1036,.F.);
#1036 = EDGE_LOOP('',(#1037,#1038,#1039,#1040,#1048,#1057));
#1037 = ORIENTED_EDGE('',*,*,#191,.F.);
#1038 = ORIENTED_EDGE('',*,*,#1021,.T.);
#1039 = ORIENTED_EDGE('',*,*,#562,.T.);
#1040 = ORIENTED_EDGE('',*,*,#1041,.F.);
#1041 = EDGE_CURVE('',#1042,#563,#1044,.T.);
#1042 = VERTEX_POINT('',#1043);
#1043 = CARTESIAN_POINT('',(31.196152422757,-11.5,1.));
#1044 = LINE('',#1045,#1046);
#1045 = CARTESIAN_POINT('',(31.196152422757,-11.5,0.));
#1046 = VECTOR('',#1047,1.);
#1047 = DIRECTION('',(0.,0.,1.));
#1048 = ORIENTED_EDGE('',*,*,#1049,.F.);
#1049 = EDGE_CURVE('',#1050,#1042,#1052,.T.);
#1050 = VERTEX_POINT('',#1051);
#1051 = CARTESIAN_POINT('',(30.,-11.89712153251,1.));
#1052 = CIRCLE('',#1053,2.);
#1053 = AXIS2_PLACEMENT_3D('',#1054,#1055,#1056);
#1054 = CARTESIAN_POINT('',(31.196152422756,-13.5,1.));
#1055 = DIRECTION('',(0.,0.,-1.));
#1056 = DIRECTION('',(-1.,0.,0.));
#1057 = ORIENTED_EDGE('',*,*,#1058,.T.);
#1058 = EDGE_CURVE('',#1050,#184,#1059,.T.);
#1059 = LINE('',#1060,#1061);
#1060 = CARTESIAN_POINT('',(30.,-11.89712153251,0.));
#1061 = VECTOR('',#1062,1.);
#1062 = DIRECTION('',(0.,0.,-1.));
#1063 = CYLINDRICAL_SURFACE('',#1064,2.);
#1064 = AXIS2_PLACEMENT_3D('',#1065,#1066,#1067);
#1065 = CARTESIAN_POINT('',(31.196152422756,-13.5,0.));
#1066 = DIRECTION('',(0.,0.,-1.));
#1067 = DIRECTION('',(-1.,0.,0.));
#1068 = ADVANCED_FACE('',(#1069),#1119,.T.);
#1069 = FACE_BOUND('',#1070,.T.);
#1070 = EDGE_LOOP('',(#1071,#1072,#1080,#1088,#1096,#1104,#1112,#1118));
#1071 = ORIENTED_EDGE('',*,*,#183,.T.);
#1072 = ORIENTED_EDGE('',*,*,#1073,.F.);
#1073 = EDGE_CURVE('',#1074,#175,#1076,.T.);
#1074 = VERTEX_POINT('',#1075);
#1075 = CARTESIAN_POINT('',(30.,11.897121532513,1.));
#1076 = LINE('',#1077,#1078);
#1077 = CARTESIAN_POINT('',(30.,11.897121532513,0.));
#1078 = VECTOR('',#1079,1.);
#1079 = DIRECTION('',(0.,0.,-1.));
#1080 = ORIENTED_EDGE('',*,*,#1081,.F.);
#1081 = EDGE_CURVE('',#1082,#1074,#1084,.T.);
#1082 = VERTEX_POINT('',#1083);
#1083 = CARTESIAN_POINT('',(30.,6.8,1.));
#1084 = LINE('',#1085,#1086);
#1085 = CARTESIAN_POINT('',(30.,-15.,1.));
#1086 = VECTOR('',#1087,1.);
#1087 = DIRECTION('',(0.,1.,0.));
#1088 = ORIENTED_EDGE('',*,*,#1089,.T.);
#1089 = EDGE_CURVE('',#1082,#1090,#1092,.T.);
#1090 = VERTEX_POINT('',#1091);
#1091 = CARTESIAN_POINT('',(30.,6.8,2.5));
#1092 = LINE('',#1093,#1094);
#1093 = CARTESIAN_POINT('',(30.,6.8,0.));
#1094 = VECTOR('',#1095,1.);
#1095 = DIRECTION('',(0.,0.,1.));
#1096 = ORIENTED_EDGE('',*,*,#1097,.F.);
#1097 = EDGE_CURVE('',#1098,#1090,#1100,.T.);
#1098 = VERTEX_POINT('',#1099);
#1099 = CARTESIAN_POINT('',(30.,-6.8,2.5));
#1100 = LINE('',#1101,#1102);
#1101 = CARTESIAN_POINT('',(30.,-6.8,2.5));
#1102 = VECTOR('',#1103,1.);
#1103 = DIRECTION('',(0.,1.,0.));
#1104 = ORIENTED_EDGE('',*,*,#1105,.F.);
#1105 = EDGE_CURVE('',#1106,#1098,#1108,.T.);
#1106 = VERTEX_POINT('',#1107);
#1107 = CARTESIAN_POINT('',(30.,-6.8,1.));
#1108 = LINE('',#1109,#1110);
#1109 = CARTESIAN_POINT('',(30.,-6.8,0.));
#1110 = VECTOR('',#1111,1.);
#1111 = DIRECTION('',(0.,0.,1.));
#1112 = ORIENTED_EDGE('',*,*,#1113,.F.);
#1113 = EDGE_CURVE('',#1050,#1106,#1114,.T.);
#1114 = LINE('',#1115,#1116);
#1115 = CARTESIAN_POINT('',(30.,-15.,1.));
#1116 = VECTOR('',#1117,1.);
#1117 = DIRECTION('',(0.,1.,0.));
#1118 = ORIENTED_EDGE('',*,*,#1058,.T.);
#1119 = PLANE('',#1120);
#1120 = AXIS2_PLACEMENT_3D('',#1121,#1122,#1123);
#1121 = CARTESIAN_POINT('',(30.,4.236E-14,0.959225997498));
#1122 = DIRECTION('',(1.,0.,-6.2E-16));
#1123 = DIRECTION('',(6.2E-16,0.,1.));
#1124 = ADVANCED_FACE('',(#1125),#1151,.F.);
#1125 = FACE_BOUND('',#1126,.F.);
#1126 = EDGE_LOOP('',(#1127,#1136,#1142,#1143,#1149,#1150));
#1127 = ORIENTED_EDGE('',*,*,#1128,.F.);
#1128 = EDGE_CURVE('',#1129,#1074,#1131,.T.);
#1129 = VERTEX_POINT('',#1130);
#1130 = CARTESIAN_POINT('',(31.196152422757,11.5,1.));
#1131 = CIRCLE('',#1132,2.);
#1132 = AXIS2_PLACEMENT_3D('',#1133,#1134,#1135);
#1133 = CARTESIAN_POINT('',(31.196152422757,13.5,1.));
#1134 = DIRECTION('',(0.,0.,-1.));
#1135 = DIRECTION('',(-1.,0.,0.));
#1136 = ORIENTED_EDGE('',*,*,#1137,.T.);
#1137 = EDGE_CURVE('',#1129,#606,#1138,.T.);
#1138 = LINE('',#1139,#1140);
#1139 = CARTESIAN_POINT('',(31.196152422757,11.5,0.));
#1140 = VECTOR('',#1141,1.);
#1141 = DIRECTION('',(0.,0.,1.));
#1142 = ORIENTED_EDGE('',*,*,#613,.T.);
#1143 = ORIENTED_EDGE('',*,*,#1144,.F.);
#1144 = EDGE_CURVE('',#166,#614,#1145,.T.);
#1145 = LINE('',#1146,#1147);
#1146 = CARTESIAN_POINT('',(29.464101615173,12.499999999983,0.));
#1147 = VECTOR('',#1148,1.);
#1148 = DIRECTION('',(0.,0.,1.));
#1149 = ORIENTED_EDGE('',*,*,#174,.F.);
#1150 = ORIENTED_EDGE('',*,*,#1073,.F.);
#1151 = CYLINDRICAL_SURFACE('',#1152,2.);
#1152 = AXIS2_PLACEMENT_3D('',#1153,#1154,#1155);
#1153 = CARTESIAN_POINT('',(31.196152422757,13.5,0.));
#1154 = DIRECTION('',(0.,0.,-1.));
#1155 = DIRECTION('',(-1.,0.,0.));
#1156 = ADVANCED_FACE('',(#1157),#1168,.T.);
#1157 = FACE_BOUND('',#1158,.T.);
#1158 = EDGE_LOOP('',(#1159,#1165,#1166,#1167));
#1159 = ORIENTED_EDGE('',*,*,#1160,.T.);
#1160 = EDGE_CURVE('',#157,#623,#1161,.T.);
#1161 = LINE('',#1162,#1163);
#1162 = CARTESIAN_POINT('',(22.535898384855,12.499999999997,0.));
#1163 = VECTOR('',#1164,1.);
#1164 = DIRECTION('',(0.,0.,1.));
#1165 = ORIENTED_EDGE('',*,*,#622,.T.);
#1166 = ORIENTED_EDGE('',*,*,#1144,.F.);
#1167 = ORIENTED_EDGE('',*,*,#165,.F.);
#1168 = CYLINDRICAL_SURFACE('',#1169,4.);
#1169 = AXIS2_PLACEMENT_3D('',#1170,#1171,#1172);
#1170 = CARTESIAN_POINT('',(26.,10.5,0.));
#1171 = DIRECTION('',(0.,0.,-1.));
#1172 = DIRECTION('',(-1.,0.,0.));
#1173 = ADVANCED_FACE('',(#1174),#1180,.F.);
#1174 = FACE_BOUND('',#1175,.F.);
#1175 = EDGE_LOOP('',(#1176,#1177,#1178,#1179));
#1176 = ORIENTED_EDGE('',*,*,#1160,.T.);
#1177 = ORIENTED_EDGE('',*,*,#631,.T.);
#1178 = ORIENTED_EDGE('',*,*,#712,.F.);
#1179 = ORIENTED_EDGE('',*,*,#156,.F.);
#1180 = CYLINDRICAL_SURFACE('',#1181,2.);
#1181 = AXIS2_PLACEMENT_3D('',#1182,#1183,#1184);
#1182 = CARTESIAN_POINT('',(20.803847577283,13.5,0.));
#1183 = DIRECTION('',(0.,0.,-1.));
#1184 = DIRECTION('',(-1.,0.,0.));
#1185 = ADVANCED_FACE('',(#1186),#1205,.F.);
#1186 = FACE_BOUND('',#1187,.T.);
#1187 = EDGE_LOOP('',(#1188,#1196,#1197,#1198));
#1188 = ORIENTED_EDGE('',*,*,#1189,.F.);
#1189 = EDGE_CURVE('',#263,#1190,#1192,.T.);
#1190 = VERTEX_POINT('',#1191);
#1191 = CARTESIAN_POINT('',(23.85,-11.5,2.1));
#1192 = LINE('',#1193,#1194);
#1193 = CARTESIAN_POINT('',(23.85,-11.5,0.));
#1194 = VECTOR('',#1195,1.);
#1195 = DIRECTION('',(0.,0.,1.));
#1196 = ORIENTED_EDGE('',*,*,#262,.T.);
#1197 = ORIENTED_EDGE('',*,*,#1189,.T.);
#1198 = ORIENTED_EDGE('',*,*,#1199,.F.);
#1199 = EDGE_CURVE('',#1190,#1190,#1200,.T.);
#1200 = CIRCLE('',#1201,2.15);
#1201 = AXIS2_PLACEMENT_3D('',#1202,#1203,#1204);
#1202 = CARTESIAN_POINT('',(26.,-11.5,2.1));
#1203 = DIRECTION('',(0.,0.,-1.));
#1204 = DIRECTION('',(-1.,0.,0.));
#1205 = CYLINDRICAL_SURFACE('',#1206,2.15);
#1206 = AXIS2_PLACEMENT_3D('',#1207,#1208,#1209);
#1207 = CARTESIAN_POINT('',(26.,-11.5,0.));
#1208 = DIRECTION('',(0.,0.,1.));
#1209 = DIRECTION('',(-1.,0.,0.));
#1210 = ADVANCED_FACE('',(#1211),#1237,.T.);
#1211 = FACE_BOUND('',#1212,.F.);
#1212 = EDGE_LOOP('',(#1213,#1221,#1230,#1236));
#1213 = ORIENTED_EDGE('',*,*,#1214,.T.);
#1214 = EDGE_CURVE('',#274,#1215,#1217,.T.);
#1215 = VERTEX_POINT('',#1216);
#1216 = CARTESIAN_POINT('',(8.137631928303,-5.811965811966,2.5));
#1217 = LINE('',#1218,#1219);
#1218 = CARTESIAN_POINT('',(8.137631928303,-5.811965811966,0.));
#1219 = VECTOR('',#1220,1.);
#1220 = DIRECTION('',(0.,0.,1.));
#1221 = ORIENTED_EDGE('',*,*,#1222,.T.);
#1222 = EDGE_CURVE('',#1215,#1223,#1225,.T.);
#1223 = VERTEX_POINT('',#1224);
#1224 = CARTESIAN_POINT('',(8.137631928303,5.811965811966,2.5));
#1225 = CIRCLE('',#1226,10.);
#1226 = AXIS2_PLACEMENT_3D('',#1227,#1228,#1229);
#1227 = CARTESIAN_POINT('',(0.,0.,2.5));
#1228 = DIRECTION('',(0.,0.,1.));
#1229 = DIRECTION('',(1.,0.,0.));
#1230 = ORIENTED_EDGE('',*,*,#1231,.F.);
#1231 = EDGE_CURVE('',#276,#1223,#1232,.T.);
#1232 = LINE('',#1233,#1234);
#1233 = CARTESIAN_POINT('',(8.137631928303,5.811965811966,0.));
#1234 = VECTOR('',#1235,1.);
#1235 = DIRECTION('',(0.,0.,1.));
#1236 = ORIENTED_EDGE('',*,*,#273,.F.);
#1237 = CYLINDRICAL_SURFACE('',#1238,10.);
#1238 = AXIS2_PLACEMENT_3D('',#1239,#1240,#1241);
#1239 = CARTESIAN_POINT('',(0.,0.,0.));
#1240 = DIRECTION('',(-0.,-0.,-1.));
#1241 = DIRECTION('',(1.,0.,0.));
#1242 = ADVANCED_FACE('',(#1243),#1262,.F.);
#1243 = FACE_BOUND('',#1244,.T.);
#1244 = EDGE_LOOP('',(#1245,#1246,#1255,#1261));
#1245 = ORIENTED_EDGE('',*,*,#1214,.T.);
#1246 = ORIENTED_EDGE('',*,*,#1247,.T.);
#1247 = EDGE_CURVE('',#1215,#1248,#1250,.T.);
#1248 = VERTEX_POINT('',#1249);
#1249 = CARTESIAN_POINT('',(9.521029356115,-8.5,2.5));
#1250 = CIRCLE('',#1251,1.7);
#1251 = AXIS2_PLACEMENT_3D('',#1252,#1253,#1254);
#1252 = CARTESIAN_POINT('',(9.521029356115,-6.8,2.5));
#1253 = DIRECTION('',(0.,0.,1.));
#1254 = DIRECTION('',(1.,0.,0.));
#1255 = ORIENTED_EDGE('',*,*,#1256,.F.);
#1256 = EDGE_CURVE('',#285,#1248,#1257,.T.);
#1257 = LINE('',#1258,#1259);
#1258 = CARTESIAN_POINT('',(9.521029356115,-8.5,0.));
#1259 = VECTOR('',#1260,1.);
#1260 = DIRECTION('',(0.,0.,1.));
#1261 = ORIENTED_EDGE('',*,*,#284,.F.);
#1262 = CYLINDRICAL_SURFACE('',#1263,1.7);
#1263 = AXIS2_PLACEMENT_3D('',#1264,#1265,#1266);
#1264 = CARTESIAN_POINT('',(9.521029356115,-6.8,0.));
#1265 = DIRECTION('',(-0.,-0.,-1.));
#1266 = DIRECTION('',(1.,0.,0.));
#1267 = ADVANCED_FACE('',(#1268),#1287,.F.);
#1268 = FACE_BOUND('',#1269,.T.);
#1269 = EDGE_LOOP('',(#1270,#1278,#1285,#1286));
#1270 = ORIENTED_EDGE('',*,*,#1271,.T.);
#1271 = EDGE_CURVE('',#328,#1272,#1274,.T.);
#1272 = VERTEX_POINT('',#1273);
#1273 = CARTESIAN_POINT('',(9.521029356115,8.5,2.5));
#1274 = LINE('',#1275,#1276);
#1275 = CARTESIAN_POINT('',(9.521029356115,8.5,0.));
#1276 = VECTOR('',#1277,1.);
#1277 = DIRECTION('',(0.,0.,1.));
#1278 = ORIENTED_EDGE('',*,*,#1279,.T.);
#1279 = EDGE_CURVE('',#1272,#1223,#1280,.T.);
#1280 = CIRCLE('',#1281,1.7);
#1281 = AXIS2_PLACEMENT_3D('',#1282,#1283,#1284);
#1282 = CARTESIAN_POINT('',(9.521029356115,6.8,2.5));
#1283 = DIRECTION('',(0.,0.,1.));
#1284 = DIRECTION('',(1.,0.,0.));
#1285 = ORIENTED_EDGE('',*,*,#1231,.F.);
#1286 = ORIENTED_EDGE('',*,*,#335,.F.);
#1287 = CYLINDRICAL_SURFACE('',#1288,1.7);
#1288 = AXIS2_PLACEMENT_3D('',#1289,#1290,#1291);
#1289 = CARTESIAN_POINT('',(9.521029356115,6.8,0.));
#1290 = DIRECTION('',(-0.,-0.,-1.));
#1291 = DIRECTION('',(1.,0.,0.));
#1292 = ADVANCED_FACE('',(#1293),#1311,.T.);
#1293 = FACE_BOUND('',#1294,.T.);
#1294 = EDGE_LOOP('',(#1295,#1296,#1304,#1310));
#1295 = ORIENTED_EDGE('',*,*,#1256,.T.);
#1296 = ORIENTED_EDGE('',*,*,#1297,.T.);
#1297 = EDGE_CURVE('',#1248,#1298,#1300,.T.);
#1298 = VERTEX_POINT('',#1299);
#1299 = CARTESIAN_POINT('',(25.3,-8.5,2.5));
#1300 = LINE('',#1301,#1302);
#1301 = CARTESIAN_POINT('',(9.521029356115,-8.5,2.5));
#1302 = VECTOR('',#1303,1.);
#1303 = DIRECTION('',(1.,0.,0.));
#1304 = ORIENTED_EDGE('',*,*,#1305,.F.);
#1305 = EDGE_CURVE('',#294,#1298,#1306,.T.);
#1306 = LINE('',#1307,#1308);
#1307 = CARTESIAN_POINT('',(25.3,-8.5,0.));
#1308 = VECTOR('',#1309,1.);
#1309 = DIRECTION('',(0.,0.,1.));
#1310 = ORIENTED_EDGE('',*,*,#293,.F.);
#1311 = PLANE('',#1312);
#1312 = AXIS2_PLACEMENT_3D('',#1313,#1314,#1315);
#1313 = CARTESIAN_POINT('',(9.521029356115,-8.5,0.));
#1314 = DIRECTION('',(0.,1.,0.));
#1315 = DIRECTION('',(1.,0.,0.));
#1316 = ADVANCED_FACE('',(#1317),#1335,.T.);
#1317 = FACE_BOUND('',#1318,.T.);
#1318 = EDGE_LOOP('',(#1319,#1327,#1333,#1334));
#1319 = ORIENTED_EDGE('',*,*,#1320,.T.);
#1320 = EDGE_CURVE('',#319,#1321,#1323,.T.);
#1321 = VERTEX_POINT('',#1322);
#1322 = CARTESIAN_POINT('',(25.3,8.5,2.5));
#1323 = LINE('',#1324,#1325);
#1324 = CARTESIAN_POINT('',(25.3,8.5,0.));
#1325 = VECTOR('',#1326,1.);
#1326 = DIRECTION('',(0.,0.,1.));
#1327 = ORIENTED_EDGE('',*,*,#1328,.T.);
#1328 = EDGE_CURVE('',#1321,#1272,#1329,.T.);
#1329 = LINE('',#1330,#1331);
#1330 = CARTESIAN_POINT('',(25.3,8.5,2.5));
#1331 = VECTOR('',#1332,1.);
#1332 = DIRECTION('',(-1.,0.,0.));
#1333 = ORIENTED_EDGE('',*,*,#1271,.F.);
#1334 = ORIENTED_EDGE('',*,*,#327,.F.);
#1335 = PLANE('',#1336);
#1336 = AXIS2_PLACEMENT_3D('',#1337,#1338,#1339);
#1337 = CARTESIAN_POINT('',(25.3,8.5,0.));
#1338 = DIRECTION('',(0.,-1.,0.));
#1339 = DIRECTION('',(-1.,0.,0.));
#1340 = ADVANCED_FACE('',(#1341),#1360,.F.);
#1341 = FACE_BOUND('',#1342,.T.);
#1342 = EDGE_LOOP('',(#1343,#1344,#1353,#1359));
#1343 = ORIENTED_EDGE('',*,*,#1305,.T.);
#1344 = ORIENTED_EDGE('',*,*,#1345,.T.);
#1345 = EDGE_CURVE('',#1298,#1346,#1348,.T.);
#1346 = VERTEX_POINT('',#1347);
#1347 = CARTESIAN_POINT('',(27.,-6.8,2.5));
#1348 = CIRCLE('',#1349,1.7);
#1349 = AXIS2_PLACEMENT_3D('',#1350,#1351,#1352);
#1350 = CARTESIAN_POINT('',(25.3,-6.8,2.5));
#1351 = DIRECTION('',(0.,0.,1.));
#1352 = DIRECTION('',(1.,0.,0.));
#1353 = ORIENTED_EDGE('',*,*,#1354,.F.);
#1354 = EDGE_CURVE('',#302,#1346,#1355,.T.);
#1355 = LINE('',#1356,#1357);
#1356 = CARTESIAN_POINT('',(27.,-6.8,0.));
#1357 = VECTOR('',#1358,1.);
#1358 = DIRECTION('',(0.,0.,1.));
#1359 = ORIENTED_EDGE('',*,*,#301,.F.);
#1360 = CYLINDRICAL_SURFACE('',#1361,1.7);
#1361 = AXIS2_PLACEMENT_3D('',#1362,#1363,#1364);
#1362 = CARTESIAN_POINT('',(25.3,-6.8,0.));
#1363 = DIRECTION('',(-0.,-0.,-1.));
#1364 = DIRECTION('',(1.,0.,0.));
#1365 = ADVANCED_FACE('',(#1366),#1385,.F.);
#1366 = FACE_BOUND('',#1367,.T.);
#1367 = EDGE_LOOP('',(#1368,#1376,#1383,#1384));
#1368 = ORIENTED_EDGE('',*,*,#1369,.T.);
#1369 = EDGE_CURVE('',#311,#1370,#1372,.T.);
#1370 = VERTEX_POINT('',#1371);
#1371 = CARTESIAN_POINT('',(27.,6.8,2.5));
#1372 = LINE('',#1373,#1374);
#1373 = CARTESIAN_POINT('',(27.,6.8,0.));
#1374 = VECTOR('',#1375,1.);
#1375 = DIRECTION('',(0.,0.,1.));
#1376 = ORIENTED_EDGE('',*,*,#1377,.T.);
#1377 = EDGE_CURVE('',#1370,#1321,#1378,.T.);
#1378 = CIRCLE('',#1379,1.7);
#1379 = AXIS2_PLACEMENT_3D('',#1380,#1381,#1382);
#1380 = CARTESIAN_POINT('',(25.3,6.8,2.5));
#1381 = DIRECTION('',(0.,0.,1.));
#1382 = DIRECTION('',(1.,0.,0.));
#1383 = ORIENTED_EDGE('',*,*,#1320,.F.);
#1384 = ORIENTED_EDGE('',*,*,#318,.F.);
#1385 = CYLINDRICAL_SURFACE('',#1386,1.7);
#1386 = AXIS2_PLACEMENT_3D('',#1387,#1388,#1389);
#1387 = CARTESIAN_POINT('',(25.3,6.8,0.));
#1388 = DIRECTION('',(-0.,-0.,-1.));
#1389 = DIRECTION('',(1.,0.,0.));
#1390 = ADVANCED_FACE('',(#1391),#1402,.F.);
#1391 = FACE_BOUND('',#1392,.F.);
#1392 = EDGE_LOOP('',(#1393,#1394,#1400,#1401));
#1393 = ORIENTED_EDGE('',*,*,#1369,.T.);
#1394 = ORIENTED_EDGE('',*,*,#1395,.T.);
#1395 = EDGE_CURVE('',#1370,#1346,#1396,.T.);
#1396 = LINE('',#1397,#1398);
#1397 = CARTESIAN_POINT('',(27.,6.8,2.5));
#1398 = VECTOR('',#1399,1.);
#1399 = DIRECTION('',(0.,-1.,0.));
#1400 = ORIENTED_EDGE('',*,*,#1354,.F.);
#1401 = ORIENTED_EDGE('',*,*,#310,.F.);
#1402 = PLANE('',#1403);
#1403 = AXIS2_PLACEMENT_3D('',#1404,#1405,#1406);
#1404 = CARTESIAN_POINT('',(27.,6.8,0.));
#1405 = DIRECTION('',(1.,0.,0.));
#1406 = DIRECTION('',(0.,-1.,0.));
#1407 = ADVANCED_FACE('',(#1408),#1427,.F.);
#1408 = FACE_BOUND('',#1409,.T.);
#1409 = EDGE_LOOP('',(#1410,#1418,#1419,#1420));
#1410 = ORIENTED_EDGE('',*,*,#1411,.F.);
#1411 = EDGE_CURVE('',#345,#1412,#1414,.T.);
#1412 = VERTEX_POINT('',#1413);
#1413 = CARTESIAN_POINT('',(-28.15,-11.5,2.1));
#1414 = LINE('',#1415,#1416);
#1415 = CARTESIAN_POINT('',(-28.15,-11.5,0.));
#1416 = VECTOR('',#1417,1.);
#1417 = DIRECTION('',(0.,0.,1.));
#1418 = ORIENTED_EDGE('',*,*,#344,.T.);
#1419 = ORIENTED_EDGE('',*,*,#1411,.T.);
#1420 = ORIENTED_EDGE('',*,*,#1421,.F.);
#1421 = EDGE_CURVE('',#1412,#1412,#1422,.T.);
#1422 = CIRCLE('',#1423,2.15);
#1423 = AXIS2_PLACEMENT_3D('',#1424,#1425,#1426);
#1424 = CARTESIAN_POINT('',(-26.,-11.5,2.1));
#1425 = DIRECTION('',(0.,0.,-1.));
#1426 = DIRECTION('',(-1.,0.,0.));
#1427 = CYLINDRICAL_SURFACE('',#1428,2.15);
#1428 = AXIS2_PLACEMENT_3D('',#1429,#1430,#1431);
#1429 = CARTESIAN_POINT('',(-26.,-11.5,0.));
#1430 = DIRECTION('',(0.,0.,1.));
#1431 = DIRECTION('',(-1.,0.,0.));
#1432 = ADVANCED_FACE('',(#1433),#1452,.T.);
#1433 = FACE_BOUND('',#1434,.T.);
#1434 = EDGE_LOOP('',(#1435,#1443,#1450,#1451));
#1435 = ORIENTED_EDGE('',*,*,#1436,.T.);
#1436 = EDGE_CURVE('',#356,#1437,#1439,.T.);
#1437 = VERTEX_POINT('',#1438);
#1438 = CARTESIAN_POINT('',(7.49,0.,-3.));
#1439 = LINE('',#1440,#1441);
#1440 = CARTESIAN_POINT('',(7.49,0.,0.));
#1441 = VECTOR('',#1442,1.);
#1442 = DIRECTION('',(-0.,-0.,-1.));
#1443 = ORIENTED_EDGE('',*,*,#1444,.T.);
#1444 = EDGE_CURVE('',#1437,#1437,#1445,.T.);
#1445 = CIRCLE('',#1446,7.49);
#1446 = AXIS2_PLACEMENT_3D('',#1447,#1448,#1449);
#1447 = CARTESIAN_POINT('',(0.,0.,-3.));
#1448 = DIRECTION('',(0.,0.,1.));
#1449 = DIRECTION('',(1.,0.,0.));
#1450 = ORIENTED_EDGE('',*,*,#1436,.F.);
#1451 = ORIENTED_EDGE('',*,*,#355,.F.);
#1452 = CYLINDRICAL_SURFACE('',#1453,7.49);
#1453 = AXIS2_PLACEMENT_3D('',#1454,#1455,#1456);
#1454 = CARTESIAN_POINT('',(0.,0.,0.));
#1455 = DIRECTION('',(0.,0.,1.));
#1456 = DIRECTION('',(1.,0.,0.));
#1457 = ADVANCED_FACE('',(#1458),#1484,.F.);
#1458 = FACE_BOUND('',#1459,.F.);
#1459 = EDGE_LOOP('',(#1460,#1468,#1477,#1483));
#1460 = ORIENTED_EDGE('',*,*,#1461,.T.);
#1461 = EDGE_CURVE('',#367,#1462,#1464,.T.);
#1462 = VERTEX_POINT('',#1463);
#1463 = CARTESIAN_POINT('',(-8.137631928303,-5.811965811966,2.5));
#1464 = LINE('',#1465,#1466);
#1465 = CARTESIAN_POINT('',(-8.137631928303,-5.811965811966,0.));
#1466 = VECTOR('',#1467,1.);
#1467 = DIRECTION('',(0.,0.,1.));
#1468 = ORIENTED_EDGE('',*,*,#1469,.T.);
#1469 = EDGE_CURVE('',#1462,#1470,#1472,.T.);
#1470 = VERTEX_POINT('',#1471);
#1471 = CARTESIAN_POINT('',(-9.521029356115,-8.5,2.5));
#1472 = CIRCLE('',#1473,1.7);
#1473 = AXIS2_PLACEMENT_3D('',#1474,#1475,#1476);
#1474 = CARTESIAN_POINT('',(-9.521029356115,-6.8,2.5));
#1475 = DIRECTION('',(0.,0.,-1.));
#1476 = DIRECTION('',(-1.,-0.,-0.));
#1477 = ORIENTED_EDGE('',*,*,#1478,.F.);
#1478 = EDGE_CURVE('',#369,#1470,#1479,.T.);
#1479 = LINE('',#1480,#1481);
#1480 = CARTESIAN_POINT('',(-9.521029356115,-8.5,0.));
#1481 = VECTOR('',#1482,1.);
#1482 = DIRECTION('',(0.,0.,1.));
#1483 = ORIENTED_EDGE('',*,*,#366,.F.);
#1484 = CYLINDRICAL_SURFACE('',#1485,1.7);
#1485 = AXIS2_PLACEMENT_3D('',#1486,#1487,#1488);
#1486 = CARTESIAN_POINT('',(-9.521029356115,-6.8,0.));
#1487 = DIRECTION('',(0.,0.,-1.));
#1488 = DIRECTION('',(-1.,-0.,-0.));
#1489 = ADVANCED_FACE('',(#1490),#1509,.T.);
#1490 = FACE_BOUND('',#1491,.T.);
#1491 = EDGE_LOOP('',(#1492,#1493,#1502,#1508));
#1492 = ORIENTED_EDGE('',*,*,#1461,.T.);
#1493 = ORIENTED_EDGE('',*,*,#1494,.T.);
#1494 = EDGE_CURVE('',#1462,#1495,#1497,.T.);
#1495 = VERTEX_POINT('',#1496);
#1496 = CARTESIAN_POINT('',(-8.137631928303,5.811965811966,2.5));
#1497 = CIRCLE('',#1498,10.);
#1498 = AXIS2_PLACEMENT_3D('',#1499,#1500,#1501);
#1499 = CARTESIAN_POINT('',(0.,0.,2.5));
#1500 = DIRECTION('',(0.,0.,-1.));
#1501 = DIRECTION('',(-1.,-0.,-0.));
#1502 = ORIENTED_EDGE('',*,*,#1503,.F.);
#1503 = EDGE_CURVE('',#378,#1495,#1504,.T.);
#1504 = LINE('',#1505,#1506);
#1505 = CARTESIAN_POINT('',(-8.137631928303,5.811965811966,0.));
#1506 = VECTOR('',#1507,1.);
#1507 = DIRECTION('',(0.,0.,1.));
#1508 = ORIENTED_EDGE('',*,*,#377,.F.);
#1509 = CYLINDRICAL_SURFACE('',#1510,10.);
#1510 = AXIS2_PLACEMENT_3D('',#1511,#1512,#1513);
#1511 = CARTESIAN_POINT('',(0.,0.,0.));
#1512 = DIRECTION('',(0.,0.,-1.));
#1513 = DIRECTION('',(-1.,-0.,-0.));
#1514 = ADVANCED_FACE('',(#1515),#1533,.T.);
#1515 = FACE_BOUND('',#1516,.F.);
#1516 = EDGE_LOOP('',(#1517,#1518,#1526,#1532));
#1517 = ORIENTED_EDGE('',*,*,#1478,.T.);
#1518 = ORIENTED_EDGE('',*,*,#1519,.T.);
#1519 = EDGE_CURVE('',#1470,#1520,#1522,.T.);
#1520 = VERTEX_POINT('',#1521);
#1521 = CARTESIAN_POINT('',(-25.3,-8.5,2.5));
#1522 = LINE('',#1523,#1524);
#1523 = CARTESIAN_POINT('',(-9.521029356115,-8.5,2.5));
#1524 = VECTOR('',#1525,1.);
#1525 = DIRECTION('',(-1.,-0.,-0.));
#1526 = ORIENTED_EDGE('',*,*,#1527,.F.);
#1527 = EDGE_CURVE('',#421,#1520,#1528,.T.);
#1528 = LINE('',#1529,#1530);
#1529 = CARTESIAN_POINT('',(-25.3,-8.5,0.));
#1530 = VECTOR('',#1531,1.);
#1531 = DIRECTION('',(0.,0.,1.));
#1532 = ORIENTED_EDGE('',*,*,#429,.F.);
#1533 = PLANE('',#1534);
#1534 = AXIS2_PLACEMENT_3D('',#1535,#1536,#1537);
#1535 = CARTESIAN_POINT('',(-9.521029356115,-8.5,0.));
#1536 = DIRECTION('',(0.,1.,0.));
#1537 = DIRECTION('',(1.,0.,0.));
#1538 = ADVANCED_FACE('',(#1539),#1558,.F.);
#1539 = FACE_BOUND('',#1540,.F.);
#1540 = EDGE_LOOP('',(#1541,#1549,#1556,#1557));
#1541 = ORIENTED_EDGE('',*,*,#1542,.T.);
#1542 = EDGE_CURVE('',#387,#1543,#1545,.T.);
#1543 = VERTEX_POINT('',#1544);
#1544 = CARTESIAN_POINT('',(-9.521029356115,8.5,2.5));
#1545 = LINE('',#1546,#1547);
#1546 = CARTESIAN_POINT('',(-9.521029356115,8.5,0.));
#1547 = VECTOR('',#1548,1.);
#1548 = DIRECTION('',(0.,0.,1.));
#1549 = ORIENTED_EDGE('',*,*,#1550,.T.);
#1550 = EDGE_CURVE('',#1543,#1495,#1551,.T.);
#1551 = CIRCLE('',#1552,1.7);
#1552 = AXIS2_PLACEMENT_3D('',#1553,#1554,#1555);
#1553 = CARTESIAN_POINT('',(-9.521029356115,6.8,2.5));
#1554 = DIRECTION('',(0.,0.,-1.));
#1555 = DIRECTION('',(-1.,-0.,-0.));
#1556 = ORIENTED_EDGE('',*,*,#1503,.F.);
#1557 = ORIENTED_EDGE('',*,*,#386,.F.);
#1558 = CYLINDRICAL_SURFACE('',#1559,1.7);
#1559 = AXIS2_PLACEMENT_3D('',#1560,#1561,#1562);
#1560 = CARTESIAN_POINT('',(-9.521029356115,6.8,0.));
#1561 = DIRECTION('',(0.,0.,-1.));
#1562 = DIRECTION('',(-1.,-0.,-0.));
#1563 = ADVANCED_FACE('',(#1564),#1583,.F.);
#1564 = FACE_BOUND('',#1565,.F.);
#1565 = EDGE_LOOP('',(#1566,#1567,#1576,#1582));
#1566 = ORIENTED_EDGE('',*,*,#1527,.T.);
#1567 = ORIENTED_EDGE('',*,*,#1568,.T.);
#1568 = EDGE_CURVE('',#1520,#1569,#1571,.T.);
#1569 = VERTEX_POINT('',#1570);
#1570 = CARTESIAN_POINT('',(-27.,-6.8,2.5));
#1571 = CIRCLE('',#1572,1.7);
#1572 = AXIS2_PLACEMENT_3D('',#1573,#1574,#1575);
#1573 = CARTESIAN_POINT('',(-25.3,-6.8,2.5));
#1574 = DIRECTION('',(0.,0.,-1.));
#1575 = DIRECTION('',(-1.,-0.,-0.));
#1576 = ORIENTED_EDGE('',*,*,#1577,.F.);
#1577 = EDGE_CURVE('',#413,#1569,#1578,.T.);
#1578 = LINE('',#1579,#1580);
#1579 = CARTESIAN_POINT('',(-27.,-6.8,0.));
#1580 = VECTOR('',#1581,1.);
#1581 = DIRECTION('',(0.,0.,1.));
#1582 = ORIENTED_EDGE('',*,*,#420,.F.);
#1583 = CYLINDRICAL_SURFACE('',#1584,1.7);
#1584 = AXIS2_PLACEMENT_3D('',#1585,#1586,#1587);
#1585 = CARTESIAN_POINT('',(-25.3,-6.8,0.));
#1586 = DIRECTION('',(0.,0.,-1.));
#1587 = DIRECTION('',(-1.,-0.,-0.));
#1588 = ADVANCED_FACE('',(#1589),#1607,.T.);
#1589 = FACE_BOUND('',#1590,.F.);
#1590 = EDGE_LOOP('',(#1591,#1599,#1605,#1606));
#1591 = ORIENTED_EDGE('',*,*,#1592,.T.);
#1592 = EDGE_CURVE('',#396,#1593,#1595,.T.);
#1593 = VERTEX_POINT('',#1594);
#1594 = CARTESIAN_POINT('',(-25.3,8.5,2.5));
#1595 = LINE('',#1596,#1597);
#1596 = CARTESIAN_POINT('',(-25.3,8.5,0.));
#1597 = VECTOR('',#1598,1.);
#1598 = DIRECTION('',(0.,0.,1.));
#1599 = ORIENTED_EDGE('',*,*,#1600,.T.);
#1600 = EDGE_CURVE('',#1593,#1543,#1601,.T.);
#1601 = LINE('',#1602,#1603);
#1602 = CARTESIAN_POINT('',(-25.3,8.5,2.5));
#1603 = VECTOR('',#1604,1.);
#1604 = DIRECTION('',(1.,0.,0.));
#1605 = ORIENTED_EDGE('',*,*,#1542,.F.);
#1606 = ORIENTED_EDGE('',*,*,#395,.F.);
#1607 = PLANE('',#1608);
#1608 = AXIS2_PLACEMENT_3D('',#1609,#1610,#1611);
#1609 = CARTESIAN_POINT('',(-25.3,8.5,0.));
#1610 = DIRECTION('',(-0.,-1.,-0.));
#1611 = DIRECTION('',(-1.,0.,0.));
#1612 = ADVANCED_FACE('',(#1613),#1631,.F.);
#1613 = FACE_BOUND('',#1614,.T.);
#1614 = EDGE_LOOP('',(#1615,#1623,#1629,#1630));
#1615 = ORIENTED_EDGE('',*,*,#1616,.T.);
#1616 = EDGE_CURVE('',#404,#1617,#1619,.T.);
#1617 = VERTEX_POINT('',#1618);
#1618 = CARTESIAN_POINT('',(-27.,6.8,2.5));
#1619 = LINE('',#1620,#1621);
#1620 = CARTESIAN_POINT('',(-27.,6.8,0.));
#1621 = VECTOR('',#1622,1.);
#1622 = DIRECTION('',(0.,0.,1.));
#1623 = ORIENTED_EDGE('',*,*,#1624,.T.);
#1624 = EDGE_CURVE('',#1617,#1569,#1625,.T.);
#1625 = LINE('',#1626,#1627);
#1626 = CARTESIAN_POINT('',(-27.,6.8,2.5));
#1627 = VECTOR('',#1628,1.);
#1628 = DIRECTION('',(-0.,-1.,-0.));
#1629 = ORIENTED_EDGE('',*,*,#1577,.F.);
#1630 = ORIENTED_EDGE('',*,*,#412,.F.);
#1631 = PLANE('',#1632);
#1632 = AXIS2_PLACEMENT_3D('',#1633,#1634,#1635);
#1633 = CARTESIAN_POINT('',(-27.,6.8,0.));
#1634 = DIRECTION('',(-1.,-0.,-0.));
#1635 = DIRECTION('',(0.,1.,0.));
#1636 = ADVANCED_FACE('',(#1637),#1649,.F.);
#1637 = FACE_BOUND('',#1638,.F.);
#1638 = EDGE_LOOP('',(#1639,#1640,#1647,#1648));
#1639 = ORIENTED_EDGE('',*,*,#1616,.T.);
#1640 = ORIENTED_EDGE('',*,*,#1641,.T.);
#1641 = EDGE_CURVE('',#1617,#1593,#1642,.T.);
#1642 = CIRCLE('',#1643,1.7);
#1643 = AXIS2_PLACEMENT_3D('',#1644,#1645,#1646);
#1644 = CARTESIAN_POINT('',(-25.3,6.8,2.5));
#1645 = DIRECTION('',(0.,0.,-1.));
#1646 = DIRECTION('',(-1.,-0.,-0.));
#1647 = ORIENTED_EDGE('',*,*,#1592,.F.);
#1648 = ORIENTED_EDGE('',*,*,#403,.F.);
#1649 = CYLINDRICAL_SURFACE('',#1650,1.7);
#1650 = AXIS2_PLACEMENT_3D('',#1651,#1652,#1653);
#1651 = CARTESIAN_POINT('',(-25.3,6.8,0.));
#1652 = DIRECTION('',(0.,0.,-1.));
#1653 = DIRECTION('',(-1.,-0.,-0.));
#1654 = ADVANCED_FACE('',(#1655),#1674,.F.);
#1655 = FACE_BOUND('',#1656,.T.);
#1656 = EDGE_LOOP('',(#1657,#1665,#1666,#1667));
#1657 = ORIENTED_EDGE('',*,*,#1658,.F.);
#1658 = EDGE_CURVE('',#438,#1659,#1661,.T.);
#1659 = VERTEX_POINT('',#1660);
#1660 = CARTESIAN_POINT('',(23.85,11.5,2.1));
#1661 = LINE('',#1662,#1663);
#1662 = CARTESIAN_POINT('',(23.85,11.5,0.));
#1663 = VECTOR('',#1664,1.);
#1664 = DIRECTION('',(0.,0.,1.));
#1665 = ORIENTED_EDGE('',*,*,#437,.T.);
#1666 = ORIENTED_EDGE('',*,*,#1658,.T.);
#1667 = ORIENTED_EDGE('',*,*,#1668,.F.);
#1668 = EDGE_CURVE('',#1659,#1659,#1669,.T.);
#1669 = CIRCLE('',#1670,2.15);
#1670 = AXIS2_PLACEMENT_3D('',#1671,#1672,#1673);
#1671 = CARTESIAN_POINT('',(26.,11.5,2.1));
#1672 = DIRECTION('',(0.,0.,-1.));
#1673 = DIRECTION('',(-1.,0.,0.));
#1674 = CYLINDRICAL_SURFACE('',#1675,2.15);
#1675 = AXIS2_PLACEMENT_3D('',#1676,#1677,#1678);
#1676 = CARTESIAN_POINT('',(26.,11.5,0.));
#1677 = DIRECTION('',(0.,0.,1.));
#1678 = DIRECTION('',(-1.,0.,0.));
#1679 = ADVANCED_FACE('',(#1680),#1699,.F.);
#1680 = FACE_BOUND('',#1681,.T.);
#1681 = EDGE_LOOP('',(#1682,#1690,#1691,#1692));
#1682 = ORIENTED_EDGE('',*,*,#1683,.F.);
#1683 = EDGE_CURVE('',#449,#1684,#1686,.T.);
#1684 = VERTEX_POINT('',#1685);
#1685 = CARTESIAN_POINT('',(-28.15,11.5,2.1));
#1686 = LINE('',#1687,#1688);
#1687 = CARTESIAN_POINT('',(-28.15,11.5,0.));
#1688 = VECTOR('',#1689,1.);
#1689 = DIRECTION('',(0.,0.,1.));
#1690 = ORIENTED_EDGE('',*,*,#448,.T.);
#1691 = ORIENTED_EDGE('',*,*,#1683,.T.);
#1692 = ORIENTED_EDGE('',*,*,#1693,.F.);
#1693 = EDGE_CURVE('',#1684,#1684,#1694,.T.);
#1694 = CIRCLE('',#1695,2.15);
#1695 = AXIS2_PLACEMENT_3D('',#1696,#1697,#1698);
#1696 = CARTESIAN_POINT('',(-26.,11.5,2.1));
#1697 = DIRECTION('',(0.,0.,-1.));
#1698 = DIRECTION('',(-1.,0.,0.));
#1699 = CYLINDRICAL_SURFACE('',#1700,2.15);
#1700 = AXIS2_PLACEMENT_3D('',#1701,#1702,#1703);
#1701 = CARTESIAN_POINT('',(-26.,11.5,0.));
#1702 = DIRECTION('',(0.,0.,1.));
#1703 = DIRECTION('',(-1.,0.,0.));
#1704 = ADVANCED_FACE('',(#1705),#1716,.T.);
#1705 = FACE_BOUND('',#1706,.F.);
#1706 = EDGE_LOOP('',(#1707,#1708,#1709,#1710));
#1707 = ORIENTED_EDGE('',*,*,#838,.T.);
#1708 = ORIENTED_EDGE('',*,*,#902,.T.);
#1709 = ORIENTED_EDGE('',*,*,#475,.T.);
#1710 = ORIENTED_EDGE('',*,*,#1711,.F.);
#1711 = EDGE_CURVE('',#831,#476,#1712,.T.);
#1712 = LINE('',#1713,#1714);
#1713 = CARTESIAN_POINT('',(-50.,7.5,0.));
#1714 = VECTOR('',#1715,1.);
#1715 = DIRECTION('',(0.,0.,1.));
#1716 = CYLINDRICAL_SURFACE('',#1717,4.);
#1717 = AXIS2_PLACEMENT_3D('',#1718,#1719,#1720);
#1718 = CARTESIAN_POINT('',(-46.,7.5,0.));
#1719 = DIRECTION('',(-0.,-0.,-1.));
#1720 = DIRECTION('',(1.,0.,0.));
#1721 = ADVANCED_FACE('',(#1722),#1733,.F.);
#1722 = FACE_BOUND('',#1723,.F.);
#1723 = EDGE_LOOP('',(#1724,#1725,#1726,#1727));
#1724 = ORIENTED_EDGE('',*,*,#830,.T.);
#1725 = ORIENTED_EDGE('',*,*,#1711,.T.);
#1726 = ORIENTED_EDGE('',*,*,#484,.T.);
#1727 = ORIENTED_EDGE('',*,*,#1728,.F.);
#1728 = EDGE_CURVE('',#822,#485,#1729,.T.);
#1729 = LINE('',#1730,#1731);
#1730 = CARTESIAN_POINT('',(-50.,-7.5,0.));
#1731 = VECTOR('',#1732,1.);
#1732 = DIRECTION('',(0.,0.,1.));
#1733 = PLANE('',#1734);
#1734 = AXIS2_PLACEMENT_3D('',#1735,#1736,#1737);
#1735 = CARTESIAN_POINT('',(-50.,7.5,0.));
#1736 = DIRECTION('',(1.,0.,0.));
#1737 = DIRECTION('',(0.,-1.,0.));
#1738 = ADVANCED_FACE('',(#1739),#1750,.T.);
#1739 = FACE_BOUND('',#1740,.F.);
#1740 = EDGE_LOOP('',(#1741,#1742,#1743,#1744));
#1741 = ORIENTED_EDGE('',*,*,#821,.T.);
#1742 = ORIENTED_EDGE('',*,*,#1728,.T.);
#1743 = ORIENTED_EDGE('',*,*,#492,.T.);
#1744 = ORIENTED_EDGE('',*,*,#1745,.F.);
#1745 = EDGE_CURVE('',#814,#493,#1746,.T.);
#1746 = LINE('',#1747,#1748);
#1747 = CARTESIAN_POINT('',(-46.,-11.5,0.));
#1748 = VECTOR('',#1749,1.);
#1749 = DIRECTION('',(0.,0.,1.));
#1750 = CYLINDRICAL_SURFACE('',#1751,4.);
#1751 = AXIS2_PLACEMENT_3D('',#1752,#1753,#1754);
#1752 = CARTESIAN_POINT('',(-46.,-7.5,0.));
#1753 = DIRECTION('',(-0.,-0.,-1.));
#1754 = DIRECTION('',(1.,0.,0.));
#1755 = ADVANCED_FACE('',(#1756),#1774,.T.);
#1756 = FACE_BOUND('',#1757,.F.);
#1757 = EDGE_LOOP('',(#1758,#1766,#1772,#1773));
#1758 = ORIENTED_EDGE('',*,*,#1759,.F.);
#1759 = EDGE_CURVE('',#1760,#1129,#1762,.T.);
#1760 = VERTEX_POINT('',#1761);
#1761 = CARTESIAN_POINT('',(46.,11.5,1.));
#1762 = LINE('',#1763,#1764);
#1763 = CARTESIAN_POINT('',(44.25,11.5,1.));
#1764 = VECTOR('',#1765,1.);
#1765 = DIRECTION('',(-1.,0.,0.));
#1766 = ORIENTED_EDGE('',*,*,#1767,.T.);
#1767 = EDGE_CURVE('',#1760,#597,#1768,.T.);
#1768 = LINE('',#1769,#1770);
#1769 = CARTESIAN_POINT('',(46.,11.5,0.));
#1770 = VECTOR('',#1771,1.);
#1771 = DIRECTION('',(0.,0.,1.));
#1772 = ORIENTED_EDGE('',*,*,#605,.T.);
#1773 = ORIENTED_EDGE('',*,*,#1137,.F.);
#1774 = PLANE('',#1775);
#1775 = AXIS2_PLACEMENT_3D('',#1776,#1777,#1778);
#1776 = CARTESIAN_POINT('',(46.,11.5,0.));
#1777 = DIRECTION('',(0.,1.,0.));
#1778 = DIRECTION('',(1.,0.,0.));
#1779 = ADVANCED_FACE('',(#1780),#1786,.F.);
#1780 = FACE_BOUND('',#1781,.F.);
#1781 = EDGE_LOOP('',(#1782,#1783,#1784,#1785));
#1782 = ORIENTED_EDGE('',*,*,#813,.T.);
#1783 = ORIENTED_EDGE('',*,*,#1745,.T.);
#1784 = ORIENTED_EDGE('',*,*,#501,.T.);
#1785 = ORIENTED_EDGE('',*,*,#926,.F.);
#1786 = PLANE('',#1787);
#1787 = AXIS2_PLACEMENT_3D('',#1788,#1789,#1790);
#1788 = CARTESIAN_POINT('',(-46.,-11.5,0.));
#1789 = DIRECTION('',(0.,1.,0.));
#1790 = DIRECTION('',(1.,0.,0.));
#1791 = ADVANCED_FACE('',(#1792),#1811,.T.);
#1792 = FACE_BOUND('',#1793,.T.);
#1793 = EDGE_LOOP('',(#1794,#1803,#1804,#1805));
#1794 = ORIENTED_EDGE('',*,*,#1795,.F.);
#1795 = EDGE_CURVE('',#1760,#1796,#1798,.T.);
#1796 = VERTEX_POINT('',#1797);
#1797 = CARTESIAN_POINT('',(50.,7.5,1.));
#1798 = CIRCLE('',#1799,4.);
#1799 = AXIS2_PLACEMENT_3D('',#1800,#1801,#1802);
#1800 = CARTESIAN_POINT('',(46.,7.5,1.));
#1801 = DIRECTION('',(0.,0.,-1.));
#1802 = DIRECTION('',(-1.,0.,0.));
#1803 = ORIENTED_EDGE('',*,*,#1767,.T.);
#1804 = ORIENTED_EDGE('',*,*,#596,.T.);
#1805 = ORIENTED_EDGE('',*,*,#1806,.F.);
#1806 = EDGE_CURVE('',#1796,#589,#1807,.T.);
#1807 = LINE('',#1808,#1809);
#1808 = CARTESIAN_POINT('',(50.,7.5,0.));
#1809 = VECTOR('',#1810,1.);
#1810 = DIRECTION('',(0.,0.,1.));
#1811 = CYLINDRICAL_SURFACE('',#1812,4.);
#1812 = AXIS2_PLACEMENT_3D('',#1813,#1814,#1815);
#1813 = CARTESIAN_POINT('',(46.,7.5,0.));
#1814 = DIRECTION('',(0.,0.,-1.));
#1815 = DIRECTION('',(-1.,0.,0.));
#1816 = ADVANCED_FACE('',(#1817),#1835,.F.);
#1817 = FACE_BOUND('',#1818,.T.);
#1818 = EDGE_LOOP('',(#1819,#1827,#1828,#1829));
#1819 = ORIENTED_EDGE('',*,*,#1820,.F.);
#1820 = EDGE_CURVE('',#1796,#1821,#1823,.T.);
#1821 = VERTEX_POINT('',#1822);
#1822 = CARTESIAN_POINT('',(50.,-7.5,1.));
#1823 = LINE('',#1824,#1825);
#1824 = CARTESIAN_POINT('',(50.,3.75,1.));
#1825 = VECTOR('',#1826,1.);
#1826 = DIRECTION('',(0.,-1.,0.));
#1827 = ORIENTED_EDGE('',*,*,#1806,.T.);
#1828 = ORIENTED_EDGE('',*,*,#588,.T.);
#1829 = ORIENTED_EDGE('',*,*,#1830,.F.);
#1830 = EDGE_CURVE('',#1821,#580,#1831,.T.);
#1831 = LINE('',#1832,#1833);
#1832 = CARTESIAN_POINT('',(50.,-7.5,0.));
#1833 = VECTOR('',#1834,1.);
#1834 = DIRECTION('',(0.,0.,1.));
#1835 = PLANE('',#1836);
#1836 = AXIS2_PLACEMENT_3D('',#1837,#1838,#1839);
#1837 = CARTESIAN_POINT('',(50.,7.5,0.));
#1838 = DIRECTION('',(-1.,-0.,-0.));
#1839 = DIRECTION('',(0.,1.,0.));
#1840 = ADVANCED_FACE('',(#1841),#1860,.T.);
#1841 = FACE_BOUND('',#1842,.T.);
#1842 = EDGE_LOOP('',(#1843,#1852,#1853,#1854));
#1843 = ORIENTED_EDGE('',*,*,#1844,.F.);
#1844 = EDGE_CURVE('',#1821,#1845,#1847,.T.);
#1845 = VERTEX_POINT('',#1846);
#1846 = CARTESIAN_POINT('',(46.,-11.5,1.));
#1847 = CIRCLE('',#1848,4.);
#1848 = AXIS2_PLACEMENT_3D('',#1849,#1850,#1851);
#1849 = CARTESIAN_POINT('',(46.,-7.5,1.));
#1850 = DIRECTION('',(0.,0.,-1.));
#1851 = DIRECTION('',(-1.,0.,0.));
#1852 = ORIENTED_EDGE('',*,*,#1830,.T.);
#1853 = ORIENTED_EDGE('',*,*,#579,.T.);
#1854 = ORIENTED_EDGE('',*,*,#1855,.F.);
#1855 = EDGE_CURVE('',#1845,#572,#1856,.T.);
#1856 = LINE('',#1857,#1858);
#1857 = CARTESIAN_POINT('',(46.,-11.5,0.));
#1858 = VECTOR('',#1859,1.);
#1859 = DIRECTION('',(0.,0.,1.));
#1860 = CYLINDRICAL_SURFACE('',#1861,4.);
#1861 = AXIS2_PLACEMENT_3D('',#1862,#1863,#1864);
#1862 = CARTESIAN_POINT('',(46.,-7.5,0.));
#1863 = DIRECTION('',(0.,0.,-1.));
#1864 = DIRECTION('',(-1.,0.,0.));
#1865 = ADVANCED_FACE('',(#1866),#1877,.F.);
#1866 = FACE_BOUND('',#1867,.T.);
#1867 = EDGE_LOOP('',(#1868,#1874,#1875,#1876));
#1868 = ORIENTED_EDGE('',*,*,#1869,.F.);
#1869 = EDGE_CURVE('',#1845,#1042,#1870,.T.);
#1870 = LINE('',#1871,#1872);
#1871 = CARTESIAN_POINT('',(44.25,-11.5,1.));
#1872 = VECTOR('',#1873,1.);
#1873 = DIRECTION('',(-1.,0.,0.));
#1874 = ORIENTED_EDGE('',*,*,#1855,.T.);
#1875 = ORIENTED_EDGE('',*,*,#571,.T.);
#1876 = ORIENTED_EDGE('',*,*,#1041,.F.);
#1877 = PLANE('',#1878);
#1878 = AXIS2_PLACEMENT_3D('',#1879,#1880,#1881);
#1879 = CARTESIAN_POINT('',(46.,-11.5,0.));
#1880 = DIRECTION('',(0.,1.,0.));
#1881 = DIRECTION('',(1.,0.,0.));
#1882 = ADVANCED_FACE('',(#1883),#1902,.F.);
#1883 = FACE_BOUND('',#1884,.T.);
#1884 = EDGE_LOOP('',(#1885,#1893,#1900,#1901));
#1885 = ORIENTED_EDGE('',*,*,#1886,.F.);
#1886 = EDGE_CURVE('',#1887,#650,#1889,.T.);
#1887 = VERTEX_POINT('',#1888);
#1888 = CARTESIAN_POINT('',(-27.2,-11.5,2.1));
#1889 = LINE('',#1890,#1891);
#1890 = CARTESIAN_POINT('',(-27.2,-11.5,2.1));
#1891 = VECTOR('',#1892,1.);
#1892 = DIRECTION('',(6.E-17,0.,1.));
#1893 = ORIENTED_EDGE('',*,*,#1894,.T.);
#1894 = EDGE_CURVE('',#1887,#1887,#1895,.T.);
#1895 = CIRCLE('',#1896,1.2);
#1896 = AXIS2_PLACEMENT_3D('',#1897,#1898,#1899);
#1897 = CARTESIAN_POINT('',(-26.,-11.5,2.1));
#1898 = DIRECTION('',(0.,0.,-1.));
#1899 = DIRECTION('',(-1.,0.,0.));
#1900 = ORIENTED_EDGE('',*,*,#1886,.T.);
#1901 = ORIENTED_EDGE('',*,*,#649,.T.);
#1902 = CYLINDRICAL_SURFACE('',#1903,1.2);
#1903 = AXIS2_PLACEMENT_3D('',#1904,#1905,#1906);
#1904 = CARTESIAN_POINT('',(-26.,-11.5,2.1));
#1905 = DIRECTION('',(0.,0.,1.));
#1906 = DIRECTION('',(-1.,0.,0.));
#1907 = ADVANCED_FACE('',(#1908),#1927,.F.);
#1908 = FACE_BOUND('',#1909,.F.);
#1909 = EDGE_LOOP('',(#1910,#1918,#1925,#1926));
#1910 = ORIENTED_EDGE('',*,*,#1911,.T.);
#1911 = EDGE_CURVE('',#661,#1912,#1914,.T.);
#1912 = VERTEX_POINT('',#1913);
#1913 = CARTESIAN_POINT('',(6.,0.,3.5));
#1914 = LINE('',#1915,#1916);
#1915 = CARTESIAN_POINT('',(6.,0.,4.));
#1916 = VECTOR('',#1917,1.);
#1917 = DIRECTION('',(-0.,-0.,-1.));
#1918 = ORIENTED_EDGE('',*,*,#1919,.T.);
#1919 = EDGE_CURVE('',#1912,#1912,#1920,.T.);
#1920 = CIRCLE('',#1921,6.);
#1921 = AXIS2_PLACEMENT_3D('',#1922,#1923,#1924);
#1922 = CARTESIAN_POINT('',(0.,0.,3.5));
#1923 = DIRECTION('',(0.,0.,1.));
#1924 = DIRECTION('',(1.,0.,0.));
#1925 = ORIENTED_EDGE('',*,*,#1911,.F.);
#1926 = ORIENTED_EDGE('',*,*,#660,.F.);
#1927 = CYLINDRICAL_SURFACE('',#1928,6.);
#1928 = AXIS2_PLACEMENT_3D('',#1929,#1930,#1931);
#1929 = CARTESIAN_POINT('',(0.,0.,4.));
#1930 = DIRECTION('',(0.,0.,1.));
#1931 = DIRECTION('',(1.,0.,0.));
#1932 = ADVANCED_FACE('',(#1933),#1952,.F.);
#1933 = FACE_BOUND('',#1934,.T.);
#1934 = EDGE_LOOP('',(#1935,#1943,#1950,#1951));
#1935 = ORIENTED_EDGE('',*,*,#1936,.F.);
#1936 = EDGE_CURVE('',#1937,#672,#1939,.T.);
#1937 = VERTEX_POINT('',#1938);
#1938 = CARTESIAN_POINT('',(24.8,-11.5,2.1));
#1939 = LINE('',#1940,#1941);
#1940 = CARTESIAN_POINT('',(24.8,-11.5,2.1));
#1941 = VECTOR('',#1942,1.);
#1942 = DIRECTION('',(6.E-17,0.,1.));
#1943 = ORIENTED_EDGE('',*,*,#1944,.T.);
#1944 = EDGE_CURVE('',#1937,#1937,#1945,.T.);
#1945 = CIRCLE('',#1946,1.2);
#1946 = AXIS2_PLACEMENT_3D('',#1947,#1948,#1949);
#1947 = CARTESIAN_POINT('',(26.,-11.5,2.1));
#1948 = DIRECTION('',(0.,0.,-1.));
#1949 = DIRECTION('',(-1.,0.,0.));
#1950 = ORIENTED_EDGE('',*,*,#1936,.T.);
#1951 = ORIENTED_EDGE('',*,*,#671,.T.);
#1952 = CYLINDRICAL_SURFACE('',#1953,1.2);
#1953 = AXIS2_PLACEMENT_3D('',#1954,#1955,#1956);
#1954 = CARTESIAN_POINT('',(26.,-11.5,2.1));
#1955 = DIRECTION('',(0.,0.,1.));
#1956 = DIRECTION('',(-1.,0.,0.));
#1957 = ADVANCED_FACE('',(#1958),#1977,.F.);
#1958 = FACE_BOUND('',#1959,.T.);
#1959 = EDGE_LOOP('',(#1960,#1968,#1975,#1976));
#1960 = ORIENTED_EDGE('',*,*,#1961,.F.);
#1961 = EDGE_CURVE('',#1962,#683,#1964,.T.);
#1962 = VERTEX_POINT('',#1963);
#1963 = CARTESIAN_POINT('',(-27.2,11.5,2.1));
#1964 = LINE('',#1965,#1966);
#1965 = CARTESIAN_POINT('',(-27.2,11.5,2.1));
#1966 = VECTOR('',#1967,1.);
#1967 = DIRECTION('',(6.E-17,0.,1.));
#1968 = ORIENTED_EDGE('',*,*,#1969,.T.);
#1969 = EDGE_CURVE('',#1962,#1962,#1970,.T.);
#1970 = CIRCLE('',#1971,1.2);
#1971 = AXIS2_PLACEMENT_3D('',#1972,#1973,#1974);
#1972 = CARTESIAN_POINT('',(-26.,11.5,2.1));
#1973 = DIRECTION('',(0.,0.,-1.));
#1974 = DIRECTION('',(-1.,0.,0.));
#1975 = ORIENTED_EDGE('',*,*,#1961,.T.);
#1976 = ORIENTED_EDGE('',*,*,#682,.T.);
#1977 = CYLINDRICAL_SURFACE('',#1978,1.2);
#1978 = AXIS2_PLACEMENT_3D('',#1979,#1980,#1981);
#1979 = CARTESIAN_POINT('',(-26.,11.5,2.1));
#1980 = DIRECTION('',(0.,0.,1.));
#1981 = DIRECTION('',(-1.,0.,0.));
#1982 = ADVANCED_FACE('',(#1983),#2002,.F.);
#1983 = FACE_BOUND('',#1984,.T.);
#1984 = EDGE_LOOP('',(#1985,#1993,#2000,#2001));
#1985 = ORIENTED_EDGE('',*,*,#1986,.F.);
#1986 = EDGE_CURVE('',#1987,#694,#1989,.T.);
#1987 = VERTEX_POINT('',#1988);
#1988 = CARTESIAN_POINT('',(24.8,11.5,2.1));
#1989 = LINE('',#1990,#1991);
#1990 = CARTESIAN_POINT('',(24.8,11.5,2.1));
#1991 = VECTOR('',#1992,1.);
#1992 = DIRECTION('',(6.E-17,0.,1.));
#1993 = ORIENTED_EDGE('',*,*,#1994,.T.);
#1994 = EDGE_CURVE('',#1987,#1987,#1995,.T.);
#1995 = CIRCLE('',#1996,1.2);
#1996 = AXIS2_PLACEMENT_3D('',#1997,#1998,#1999);
#1997 = CARTESIAN_POINT('',(26.,11.5,2.1));
#1998 = DIRECTION('',(0.,0.,-1.));
#1999 = DIRECTION('',(-1.,0.,0.));
#2000 = ORIENTED_EDGE('',*,*,#1986,.T.);
#2001 = ORIENTED_EDGE('',*,*,#693,.T.);
#2002 = CYLINDRICAL_SURFACE('',#2003,1.2);
#2003 = AXIS2_PLACEMENT_3D('',#2004,#2005,#2006);
#2004 = CARTESIAN_POINT('',(26.,11.5,2.1));
#2005 = DIRECTION('',(0.,0.,1.));
#2006 = DIRECTION('',(-1.,0.,0.));
#2007 = ADVANCED_FACE('',(#2008),#2027,.F.);
#2008 = FACE_BOUND('',#2009,.F.);
#2009 = EDGE_LOOP('',(#2010,#2011,#2012,#2021));
#2010 = ORIENTED_EDGE('',*,*,#787,.F.);
#2011 = ORIENTED_EDGE('',*,*,#869,.T.);
#2012 = ORIENTED_EDGE('',*,*,#2013,.T.);
#2013 = EDGE_CURVE('',#870,#2014,#2016,.T.);
#2014 = VERTEX_POINT('',#2015);
#2015 = CARTESIAN_POINT('',(-31.7,-8.5,2.5));
#2016 = CIRCLE('',#2017,1.7);
#2017 = AXIS2_PLACEMENT_3D('',#2018,#2019,#2020);
#2018 = CARTESIAN_POINT('',(-31.7,-6.8,2.5));
#2019 = DIRECTION('',(0.,0.,-1.));
#2020 = DIRECTION('',(-1.,-0.,-0.));
#2021 = ORIENTED_EDGE('',*,*,#2022,.F.);
#2022 = EDGE_CURVE('',#780,#2014,#2023,.T.);
#2023 = LINE('',#2024,#2025);
#2024 = CARTESIAN_POINT('',(-31.7,-8.5,0.));
#2025 = VECTOR('',#2026,1.);
#2026 = DIRECTION('',(0.,0.,1.));
#2027 = CYLINDRICAL_SURFACE('',#2028,1.7);
#2028 = AXIS2_PLACEMENT_3D('',#2029,#2030,#2031);
#2029 = CARTESIAN_POINT('',(-31.7,-6.8,0.));
#2030 = DIRECTION('',(0.,0.,-1.));
#2031 = DIRECTION('',(-1.,-0.,-0.));
#2032 = ADVANCED_FACE('',(#2033),#2051,.T.);
#2033 = FACE_BOUND('',#2034,.F.);
#2034 = EDGE_LOOP('',(#2035,#2036,#2037,#2045));
#2035 = ORIENTED_EDGE('',*,*,#779,.T.);
#2036 = ORIENTED_EDGE('',*,*,#2022,.T.);
#2037 = ORIENTED_EDGE('',*,*,#2038,.T.);
#2038 = EDGE_CURVE('',#2014,#2039,#2041,.T.);
#2039 = VERTEX_POINT('',#2040);
#2040 = CARTESIAN_POINT('',(-45.3,-8.5,2.5));
#2041 = LINE('',#2042,#2043);
#2042 = CARTESIAN_POINT('',(-31.7,-8.5,2.5));
#2043 = VECTOR('',#2044,1.);
#2044 = DIRECTION('',(-1.,-1.3E-16,-0.));
#2045 = ORIENTED_EDGE('',*,*,#2046,.F.);
#2046 = EDGE_CURVE('',#771,#2039,#2047,.T.);
#2047 = LINE('',#2048,#2049);
#2048 = CARTESIAN_POINT('',(-45.3,-8.5,0.));
#2049 = VECTOR('',#2050,1.);
#2050 = DIRECTION('',(0.,0.,1.));
#2051 = PLANE('',#2052);
#2052 = AXIS2_PLACEMENT_3D('',#2053,#2054,#2055);
#2053 = CARTESIAN_POINT('',(-31.7,-8.5,0.));
#2054 = DIRECTION('',(-1.3E-16,1.,0.));
#2055 = DIRECTION('',(1.,1.3E-16,0.));
#2056 = ADVANCED_FACE('',(#2057),#2076,.F.);
#2057 = FACE_BOUND('',#2058,.F.);
#2058 = EDGE_LOOP('',(#2059,#2060,#2061,#2070));
#2059 = ORIENTED_EDGE('',*,*,#770,.F.);
#2060 = ORIENTED_EDGE('',*,*,#2046,.T.);
#2061 = ORIENTED_EDGE('',*,*,#2062,.T.);
#2062 = EDGE_CURVE('',#2039,#2063,#2065,.T.);
#2063 = VERTEX_POINT('',#2064);
#2064 = CARTESIAN_POINT('',(-47.,-6.8,2.5));
#2065 = CIRCLE('',#2066,1.7);
#2066 = AXIS2_PLACEMENT_3D('',#2067,#2068,#2069);
#2067 = CARTESIAN_POINT('',(-45.3,-6.8,2.5));
#2068 = DIRECTION('',(0.,0.,-1.));
#2069 = DIRECTION('',(-1.,-0.,-0.));
#2070 = ORIENTED_EDGE('',*,*,#2071,.F.);
#2071 = EDGE_CURVE('',#763,#2063,#2072,.T.);
#2072 = LINE('',#2073,#2074);
#2073 = CARTESIAN_POINT('',(-47.,-6.8,0.));
#2074 = VECTOR('',#2075,1.);
#2075 = DIRECTION('',(0.,0.,1.));
#2076 = CYLINDRICAL_SURFACE('',#2077,1.7);
#2077 = AXIS2_PLACEMENT_3D('',#2078,#2079,#2080);
#2078 = CARTESIAN_POINT('',(-45.3,-6.8,0.));
#2079 = DIRECTION('',(0.,0.,-1.));
#2080 = DIRECTION('',(-1.,-0.,-0.));
#2081 = ADVANCED_FACE('',(#2082),#2100,.T.);
#2082 = FACE_BOUND('',#2083,.F.);
#2083 = EDGE_LOOP('',(#2084,#2085,#2086,#2094));
#2084 = ORIENTED_EDGE('',*,*,#762,.T.);
#2085 = ORIENTED_EDGE('',*,*,#2071,.T.);
#2086 = ORIENTED_EDGE('',*,*,#2087,.T.);
#2087 = EDGE_CURVE('',#2063,#2088,#2090,.T.);
#2088 = VERTEX_POINT('',#2089);
#2089 = CARTESIAN_POINT('',(-47.,6.8,2.5));
#2090 = LINE('',#2091,#2092);
#2091 = CARTESIAN_POINT('',(-47.,-6.8,2.5));
#2092 = VECTOR('',#2093,1.);
#2093 = DIRECTION('',(0.,1.,0.));
#2094 = ORIENTED_EDGE('',*,*,#2095,.F.);
#2095 = EDGE_CURVE('',#754,#2088,#2096,.T.);
#2096 = LINE('',#2097,#2098);
#2097 = CARTESIAN_POINT('',(-47.,6.8,0.));
#2098 = VECTOR('',#2099,1.);
#2099 = DIRECTION('',(0.,0.,1.));
#2100 = PLANE('',#2101);
#2101 = AXIS2_PLACEMENT_3D('',#2102,#2103,#2104);
#2102 = CARTESIAN_POINT('',(-47.,-6.8,0.));
#2103 = DIRECTION('',(1.,0.,0.));
#2104 = DIRECTION('',(0.,-1.,0.));
#2105 = ADVANCED_FACE('',(#2106),#2125,.F.);
#2106 = FACE_BOUND('',#2107,.F.);
#2107 = EDGE_LOOP('',(#2108,#2109,#2110,#2119));
#2108 = ORIENTED_EDGE('',*,*,#753,.F.);
#2109 = ORIENTED_EDGE('',*,*,#2095,.T.);
#2110 = ORIENTED_EDGE('',*,*,#2111,.T.);
#2111 = EDGE_CURVE('',#2088,#2112,#2114,.T.);
#2112 = VERTEX_POINT('',#2113);
#2113 = CARTESIAN_POINT('',(-45.3,8.5,2.5));
#2114 = CIRCLE('',#2115,1.7);
#2115 = AXIS2_PLACEMENT_3D('',#2116,#2117,#2118);
#2116 = CARTESIAN_POINT('',(-45.3,6.8,2.5));
#2117 = DIRECTION('',(0.,0.,-1.));
#2118 = DIRECTION('',(-1.,-0.,-0.));
#2119 = ORIENTED_EDGE('',*,*,#2120,.F.);
#2120 = EDGE_CURVE('',#746,#2112,#2121,.T.);
#2121 = LINE('',#2122,#2123);
#2122 = CARTESIAN_POINT('',(-45.3,8.5,0.));
#2123 = VECTOR('',#2124,1.);
#2124 = DIRECTION('',(0.,0.,1.));
#2125 = CYLINDRICAL_SURFACE('',#2126,1.7);
#2126 = AXIS2_PLACEMENT_3D('',#2127,#2128,#2129);
#2127 = CARTESIAN_POINT('',(-45.3,6.8,0.));
#2128 = DIRECTION('',(0.,0.,-1.));
#2129 = DIRECTION('',(-1.,-0.,-0.));
#2130 = ADVANCED_FACE('',(#2131),#2149,.T.);
#2131 = FACE_BOUND('',#2132,.F.);
#2132 = EDGE_LOOP('',(#2133,#2134,#2135,#2143));
#2133 = ORIENTED_EDGE('',*,*,#745,.T.);
#2134 = ORIENTED_EDGE('',*,*,#2120,.T.);
#2135 = ORIENTED_EDGE('',*,*,#2136,.T.);
#2136 = EDGE_CURVE('',#2112,#2137,#2139,.T.);
#2137 = VERTEX_POINT('',#2138);
#2138 = CARTESIAN_POINT('',(-31.7,8.5,2.5));
#2139 = LINE('',#2140,#2141);
#2140 = CARTESIAN_POINT('',(-45.3,8.5,2.5));
#2141 = VECTOR('',#2142,1.);
#2142 = DIRECTION('',(1.,0.,0.));
#2143 = ORIENTED_EDGE('',*,*,#2144,.F.);
#2144 = EDGE_CURVE('',#737,#2137,#2145,.T.);
#2145 = LINE('',#2146,#2147);
#2146 = CARTESIAN_POINT('',(-31.7,8.5,0.));
#2147 = VECTOR('',#2148,1.);
#2148 = DIRECTION('',(0.,0.,1.));
#2149 = PLANE('',#2150);
#2150 = AXIS2_PLACEMENT_3D('',#2151,#2152,#2153);
#2151 = CARTESIAN_POINT('',(-45.3,8.5,0.));
#2152 = DIRECTION('',(-0.,-1.,-0.));
#2153 = DIRECTION('',(-1.,0.,0.));
#2154 = ADVANCED_FACE('',(#2155),#2167,.F.);
#2155 = FACE_BOUND('',#2156,.F.);
#2156 = EDGE_LOOP('',(#2157,#2158,#2159,#2166));
#2157 = ORIENTED_EDGE('',*,*,#736,.F.);
#2158 = ORIENTED_EDGE('',*,*,#2144,.T.);
#2159 = ORIENTED_EDGE('',*,*,#2160,.T.);
#2160 = EDGE_CURVE('',#2137,#878,#2161,.T.);
#2161 = CIRCLE('',#2162,1.7);
#2162 = AXIS2_PLACEMENT_3D('',#2163,#2164,#2165);
#2163 = CARTESIAN_POINT('',(-31.7,6.8,2.5));
#2164 = DIRECTION('',(0.,0.,-1.));
#2165 = DIRECTION('',(-1.,-0.,-0.));
#2166 = ORIENTED_EDGE('',*,*,#885,.F.);
#2167 = CYLINDRICAL_SURFACE('',#2168,1.7);
#2168 = AXIS2_PLACEMENT_3D('',#2169,#2170,#2171);
#2169 = CARTESIAN_POINT('',(-31.7,6.8,0.));
#2170 = DIRECTION('',(0.,0.,-1.));
#2171 = DIRECTION('',(-1.,-0.,-0.));
#2172 = ADVANCED_FACE('',(#2173),#2183,.F.);
#2173 = FACE_BOUND('',#2174,.T.);
#2174 = EDGE_LOOP('',(#2175,#2176,#2177,#2178,#2179,#2180,#2181,#2182));
#2175 = ORIENTED_EDGE('',*,*,#2013,.T.);
#2176 = ORIENTED_EDGE('',*,*,#2038,.T.);
#2177 = ORIENTED_EDGE('',*,*,#2062,.T.);
#2178 = ORIENTED_EDGE('',*,*,#2087,.T.);
#2179 = ORIENTED_EDGE('',*,*,#2111,.T.);
#2180 = ORIENTED_EDGE('',*,*,#2136,.T.);
#2181 = ORIENTED_EDGE('',*,*,#2160,.T.);
#2182 = ORIENTED_EDGE('',*,*,#877,.F.);
#2183 = PLANE('',#2184);
#2184 = AXIS2_PLACEMENT_3D('',#2185,#2186,#2187);
#2185 = CARTESIAN_POINT('',(-27.63992292595,3.07E-15,2.5));
#2186 = DIRECTION('',(0.,0.,1.));
#2187 = DIRECTION('',(1.,0.,0.));
#2188 = ADVANCED_FACE('',(#2189),#2248,.F.);
#2189 = FACE_BOUND('',#2190,.T.);
#2190 = EDGE_LOOP('',(#2191,#2199,#2200,#2201));
#2191 = ORIENTED_EDGE('',*,*,#2192,.F.);
#2192 = EDGE_CURVE('',#988,#2193,#2195,.T.);
#2193 = VERTEX_POINT('',#2194);
#2194 = CARTESIAN_POINT('',(-1.,-4.898979485566,1.5));
#2195 = LINE('',#2196,#2197);
#2196 = CARTESIAN_POINT('',(-1.,-11.5,1.5));
#2197 = VECTOR('',#2198,1.);
#2198 = DIRECTION('',(7.E-17,1.,-2.2E-16));
#2199 = ORIENTED_EDGE('',*,*,#987,.T.);
#2200 = ORIENTED_EDGE('',*,*,#2192,.T.);
#2201 = ORIENTED_EDGE('',*,*,#2202,.F.);
#2202 = EDGE_CURVE('',#2193,#2193,#2203,.T.);
#2203 = B_SPLINE_CURVE_WITH_KNOTS('',7,(#2204,#2205,#2206,#2207,#2208,
    #2209,#2210,#2211,#2212,#2213,#2214,#2215,#2216,#2217,#2218,#2219,
    #2220,#2221,#2222,#2223,#2224,#2225,#2226,#2227,#2228,#2229,#2230,
    #2231,#2232,#2233,#2234,#2235,#2236,#2237,#2238,#2239,#2240,#2241,
    #2242,#2243,#2244,#2245,#2246,#2247),.UNSPECIFIED.,.T.,.F.,(8,6,6,6,
    6,6,6,8),(0.,0.149151828036,0.287520552027,0.425415518749,
    0.586385035119,0.713487574358,0.841704645072,1.),.UNSPECIFIED.);
#2204 = CARTESIAN_POINT('',(-1.,-4.898979485566,1.5));
#2205 = CARTESIAN_POINT('',(-1.,-4.898979485566,1.378739392941));
#2206 = CARTESIAN_POINT('',(-0.982845294323,-4.902481114472,
    1.25739255345));
#2207 = CARTESIAN_POINT('',(-0.948491119202,-4.909493934507,
    1.138020528449));
#2208 = CARTESIAN_POINT('',(-0.896791913806,-4.919652055723,
    1.022802732672));
#2209 = CARTESIAN_POINT('',(-0.827634254916,-4.932187264792,
    0.91421737838));
#2210 = CARTESIAN_POINT('',(-0.741027923166,-4.945886040285,
    0.815195384833));
#2211 = CARTESIAN_POINT('',(-0.541310222615,-4.971556468211,
    0.649974534053));
#2212 = CARTESIAN_POINT('',(-0.428521998292,-4.983843734915,
    0.580227022807));
#2213 = CARTESIAN_POINT('',(-0.301505435607,-4.994398468106,
    0.526780491858));
#2214 = CARTESIAN_POINT('',(-0.164739334943,-5.001277000502,
    0.494001012197));
#2215 = CARTESIAN_POINT('',(-2.368120296765E-02,-5.003243647629,
    0.484131223142));
#2216 = CARTESIAN_POINT('',(0.115875767312,-5.000425596206,
    0.497315968852));
#2217 = CARTESIAN_POINT('',(0.381049268022,-4.987220058129,
    0.565400951761));
#2218 = CARTESIAN_POINT('',(0.503559870334,-4.977015956898,
    0.619349069257));
#2219 = CARTESIAN_POINT('',(0.61365972782,-4.964404150525,0.689894106172
    ));
#2220 = CARTESIAN_POINT('',(0.709632483198,-4.950890225355,
    0.773823897227));
#2221 = CARTESIAN_POINT('',(0.790368191864,-4.937908031645,
    0.867953438439));
#2222 = CARTESIAN_POINT('',(0.855369902408,-4.926547589836,
    0.969118914626));
#2223 = CARTESIAN_POINT('',(0.96256007721,-4.906824232596,1.196909631179
    ));
#2224 = CARTESIAN_POINT('',(1.000369942002,-4.899049603173,
    1.327637939692));
#2225 = CARTESIAN_POINT('',(1.017325303065,-4.895302521076,
    1.462808294048));
#2226 = CARTESIAN_POINT('',(1.013183768013,-4.896213283107,
    1.598987273151));
#2227 = CARTESIAN_POINT('',(0.988075662387,-4.901647250399,
    1.732964589796));
#2228 = CARTESIAN_POINT('',(0.942328330256,-4.910856779449,
    1.861660738191));
#2229 = CARTESIAN_POINT('',(0.824175571148,-4.931889942272,
    2.076579809157));
#2230 = CARTESIAN_POINT('',(0.758704803817,-4.942879990385,
    2.167313098108));
#2231 = CARTESIAN_POINT('',(0.679859950945,-4.954981106162,
    2.251338025039));
#2232 = CARTESIAN_POINT('',(0.588169617063,-4.967261142216,
    2.326045145193));
#2233 = CARTESIAN_POINT('',(0.484644556771,-4.978569881685,2.38886065936
    ));
#2234 = CARTESIAN_POINT('',(0.37078695758,-4.987731117231,2.437233961717
    ));
#2235 = CARTESIAN_POINT('',(0.125522177023,-4.999945208723,
    2.500207254099));
#2236 = CARTESIAN_POINT('',(-3.760403312254E-03,-5.002830147792,
    2.513924269992));
#2237 = CARTESIAN_POINT('',(-0.134847093785,-5.001637729311,
    2.50781552723));
#2238 = CARTESIAN_POINT('',(-0.262954110785,-4.996193901026,
    2.481794075418));
#2239 = CARTESIAN_POINT('',(-0.383497028779,-4.987354181744,
    2.437473540466));
#2240 = CARTESIAN_POINT('',(-0.492586273425,-4.976600105429,
    2.378183101145));
#2241 = CARTESIAN_POINT('',(-0.705316842,-4.95141751445,2.223625296069)
  );
#2242 = CARTESIAN_POINT('',(-0.803844123781,-4.936462723603,
    2.121605816836));
#2243 = CARTESIAN_POINT('',(-0.882577641302,-4.922438068887,
    2.007752758456));
#2244 = CARTESIAN_POINT('',(-0.941426424284,-4.910936231753,
    1.885753368992));
#2245 = CARTESIAN_POINT('',(-0.980502585403,-4.902959262166,
    1.758699126112));
#2246 = CARTESIAN_POINT('',(-1.,-4.898979485566,1.6292756953));
#2247 = CARTESIAN_POINT('',(-1.,-4.898979485566,1.5));
#2248 = CYLINDRICAL_SURFACE('',#2249,1.);
#2249 = AXIS2_PLACEMENT_3D('',#2250,#2251,#2252);
#2250 = CARTESIAN_POINT('',(0.,-11.5,1.5));
#2251 = DIRECTION('',(0.,1.,-2.2E-16));
#2252 = DIRECTION('',(-1.,0.,0.));
#2253 = ADVANCED_FACE('',(#2254),#2323,.F.);
#2254 = FACE_BOUND('',#2255,.F.);
#2255 = EDGE_LOOP('',(#2256,#2257,#2258,#2267,#2275,#2284,#2292,#2301,
    #2309,#2316,#2317,#2318,#2319,#2320,#2321,#2322));
#2256 = ORIENTED_EDGE('',*,*,#1128,.T.);
#2257 = ORIENTED_EDGE('',*,*,#1081,.F.);
#2258 = ORIENTED_EDGE('',*,*,#2259,.T.);
#2259 = EDGE_CURVE('',#1082,#2260,#2262,.T.);
#2260 = VERTEX_POINT('',#2261);
#2261 = CARTESIAN_POINT('',(31.7,8.5,1.));
#2262 = CIRCLE('',#2263,1.7);
#2263 = AXIS2_PLACEMENT_3D('',#2264,#2265,#2266);
#2264 = CARTESIAN_POINT('',(31.7,6.8,1.));
#2265 = DIRECTION('',(0.,0.,-1.));
#2266 = DIRECTION('',(1.,0.,0.));
#2267 = ORIENTED_EDGE('',*,*,#2268,.F.);
#2268 = EDGE_CURVE('',#2269,#2260,#2271,.T.);
#2269 = VERTEX_POINT('',#2270);
#2270 = CARTESIAN_POINT('',(45.3,8.5,1.));
#2271 = LINE('',#2272,#2273);
#2272 = CARTESIAN_POINT('',(43.9,8.5,1.));
#2273 = VECTOR('',#2274,1.);
#2274 = DIRECTION('',(-1.,0.,0.));
#2275 = ORIENTED_EDGE('',*,*,#2276,.T.);
#2276 = EDGE_CURVE('',#2269,#2277,#2279,.T.);
#2277 = VERTEX_POINT('',#2278);
#2278 = CARTESIAN_POINT('',(47.,6.8,1.));
#2279 = CIRCLE('',#2280,1.7);
#2280 = AXIS2_PLACEMENT_3D('',#2281,#2282,#2283);
#2281 = CARTESIAN_POINT('',(45.3,6.8,1.));
#2282 = DIRECTION('',(0.,0.,-1.));
#2283 = DIRECTION('',(1.,0.,0.));
#2284 = ORIENTED_EDGE('',*,*,#2285,.F.);
#2285 = EDGE_CURVE('',#2286,#2277,#2288,.T.);
#2286 = VERTEX_POINT('',#2287);
#2287 = CARTESIAN_POINT('',(47.,-6.8,1.));
#2288 = LINE('',#2289,#2290);
#2289 = CARTESIAN_POINT('',(47.,-3.4,1.));
#2290 = VECTOR('',#2291,1.);
#2291 = DIRECTION('',(0.,1.,0.));
#2292 = ORIENTED_EDGE('',*,*,#2293,.T.);
#2293 = EDGE_CURVE('',#2286,#2294,#2296,.T.);
#2294 = VERTEX_POINT('',#2295);
#2295 = CARTESIAN_POINT('',(45.3,-8.5,1.));
#2296 = CIRCLE('',#2297,1.7);
#2297 = AXIS2_PLACEMENT_3D('',#2298,#2299,#2300);
#2298 = CARTESIAN_POINT('',(45.3,-6.8,1.));
#2299 = DIRECTION('',(0.,0.,-1.));
#2300 = DIRECTION('',(1.,0.,0.));
#2301 = ORIENTED_EDGE('',*,*,#2302,.F.);
#2302 = EDGE_CURVE('',#2303,#2294,#2305,.T.);
#2303 = VERTEX_POINT('',#2304);
#2304 = CARTESIAN_POINT('',(31.7,-8.5,1.));
#2305 = LINE('',#2306,#2307);
#2306 = CARTESIAN_POINT('',(37.1,-8.5,1.));
#2307 = VECTOR('',#2308,1.);
#2308 = DIRECTION('',(1.,-1.3E-16,0.));
#2309 = ORIENTED_EDGE('',*,*,#2310,.T.);
#2310 = EDGE_CURVE('',#2303,#1106,#2311,.T.);
#2311 = CIRCLE('',#2312,1.7);
#2312 = AXIS2_PLACEMENT_3D('',#2313,#2314,#2315);
#2313 = CARTESIAN_POINT('',(31.7,-6.8,1.));
#2314 = DIRECTION('',(0.,0.,-1.));
#2315 = DIRECTION('',(1.,0.,0.));
#2316 = ORIENTED_EDGE('',*,*,#1113,.F.);
#2317 = ORIENTED_EDGE('',*,*,#1049,.T.);
#2318 = ORIENTED_EDGE('',*,*,#1869,.F.);
#2319 = ORIENTED_EDGE('',*,*,#1844,.F.);
#2320 = ORIENTED_EDGE('',*,*,#1820,.F.);
#2321 = ORIENTED_EDGE('',*,*,#1795,.F.);
#2322 = ORIENTED_EDGE('',*,*,#1759,.T.);
#2323 = PLANE('',#2324);
#2324 = AXIS2_PLACEMENT_3D('',#2325,#2326,#2327);
#2325 = CARTESIAN_POINT('',(42.5,0.,1.));
#2326 = DIRECTION('',(0.,0.,1.));
#2327 = DIRECTION('',(1.,0.,0.));
#2328 = ADVANCED_FACE('',(#2329),#2348,.F.);
#2329 = FACE_BOUND('',#2330,.T.);
#2330 = EDGE_LOOP('',(#2331,#2332,#2340,#2347));
#2331 = ORIENTED_EDGE('',*,*,#2259,.T.);
#2332 = ORIENTED_EDGE('',*,*,#2333,.T.);
#2333 = EDGE_CURVE('',#2260,#2334,#2336,.T.);
#2334 = VERTEX_POINT('',#2335);
#2335 = CARTESIAN_POINT('',(31.7,8.5,2.5));
#2336 = LINE('',#2337,#2338);
#2337 = CARTESIAN_POINT('',(31.7,8.5,0.));
#2338 = VECTOR('',#2339,1.);
#2339 = DIRECTION('',(0.,0.,1.));
#2340 = ORIENTED_EDGE('',*,*,#2341,.T.);
#2341 = EDGE_CURVE('',#2334,#1090,#2342,.T.);
#2342 = CIRCLE('',#2343,1.7);
#2343 = AXIS2_PLACEMENT_3D('',#2344,#2345,#2346);
#2344 = CARTESIAN_POINT('',(31.7,6.8,2.5));
#2345 = DIRECTION('',(0.,0.,1.));
#2346 = DIRECTION('',(1.,0.,0.));
#2347 = ORIENTED_EDGE('',*,*,#1089,.F.);
#2348 = CYLINDRICAL_SURFACE('',#2349,1.7);
#2349 = AXIS2_PLACEMENT_3D('',#2350,#2351,#2352);
#2350 = CARTESIAN_POINT('',(31.7,6.8,0.));
#2351 = DIRECTION('',(-0.,-0.,-1.));
#2352 = DIRECTION('',(1.,0.,0.));
#2353 = ADVANCED_FACE('',(#2354),#2407,.F.);
#2354 = FACE_BOUND('',#2355,.F.);
#2355 = EDGE_LOOP('',(#2356,#2365,#2373,#2382,#2390,#2399,#2405,#2406));
#2356 = ORIENTED_EDGE('',*,*,#2357,.T.);
#2357 = EDGE_CURVE('',#1098,#2358,#2360,.T.);
#2358 = VERTEX_POINT('',#2359);
#2359 = CARTESIAN_POINT('',(31.7,-8.5,2.5));
#2360 = CIRCLE('',#2361,1.7);
#2361 = AXIS2_PLACEMENT_3D('',#2362,#2363,#2364);
#2362 = CARTESIAN_POINT('',(31.7,-6.8,2.5));
#2363 = DIRECTION('',(0.,0.,1.));
#2364 = DIRECTION('',(1.,0.,0.));
#2365 = ORIENTED_EDGE('',*,*,#2366,.T.);
#2366 = EDGE_CURVE('',#2358,#2367,#2369,.T.);
#2367 = VERTEX_POINT('',#2368);
#2368 = CARTESIAN_POINT('',(45.3,-8.5,2.5));
#2369 = LINE('',#2370,#2371);
#2370 = CARTESIAN_POINT('',(31.7,-8.5,2.5));
#2371 = VECTOR('',#2372,1.);
#2372 = DIRECTION('',(1.,-1.3E-16,0.));
#2373 = ORIENTED_EDGE('',*,*,#2374,.T.);
#2374 = EDGE_CURVE('',#2367,#2375,#2377,.T.);
#2375 = VERTEX_POINT('',#2376);
#2376 = CARTESIAN_POINT('',(47.,-6.8,2.5));
#2377 = CIRCLE('',#2378,1.7);
#2378 = AXIS2_PLACEMENT_3D('',#2379,#2380,#2381);
#2379 = CARTESIAN_POINT('',(45.3,-6.8,2.5));
#2380 = DIRECTION('',(0.,0.,1.));
#2381 = DIRECTION('',(1.,0.,0.));
#2382 = ORIENTED_EDGE('',*,*,#2383,.T.);
#2383 = EDGE_CURVE('',#2375,#2384,#2386,.T.);
#2384 = VERTEX_POINT('',#2385);
#2385 = CARTESIAN_POINT('',(47.,6.8,2.5));
#2386 = LINE('',#2387,#2388);
#2387 = CARTESIAN_POINT('',(47.,-6.8,2.5));
#2388 = VECTOR('',#2389,1.);
#2389 = DIRECTION('',(0.,1.,0.));
#2390 = ORIENTED_EDGE('',*,*,#2391,.T.);
#2391 = EDGE_CURVE('',#2384,#2392,#2394,.T.);
#2392 = VERTEX_POINT('',#2393);
#2393 = CARTESIAN_POINT('',(45.3,8.5,2.5));
#2394 = CIRCLE('',#2395,1.7);
#2395 = AXIS2_PLACEMENT_3D('',#2396,#2397,#2398);
#2396 = CARTESIAN_POINT('',(45.3,6.8,2.5));
#2397 = DIRECTION('',(0.,0.,1.));
#2398 = DIRECTION('',(1.,0.,0.));
#2399 = ORIENTED_EDGE('',*,*,#2400,.T.);
#2400 = EDGE_CURVE('',#2392,#2334,#2401,.T.);
#2401 = LINE('',#2402,#2403);
#2402 = CARTESIAN_POINT('',(45.3,8.5,2.5));
#2403 = VECTOR('',#2404,1.);
#2404 = DIRECTION('',(-1.,0.,0.));
#2405 = ORIENTED_EDGE('',*,*,#2341,.T.);
#2406 = ORIENTED_EDGE('',*,*,#1097,.F.);
#2407 = PLANE('',#2408);
#2408 = AXIS2_PLACEMENT_3D('',#2409,#2410,#2411);
#2409 = CARTESIAN_POINT('',(27.639922925959,3.07E-15,2.5));
#2410 = DIRECTION('',(0.,0.,1.));
#2411 = DIRECTION('',(1.,0.,0.));
#2412 = ADVANCED_FACE('',(#2413),#2424,.F.);
#2413 = FACE_BOUND('',#2414,.T.);
#2414 = EDGE_LOOP('',(#2415,#2416,#2417,#2418));
#2415 = ORIENTED_EDGE('',*,*,#2310,.T.);
#2416 = ORIENTED_EDGE('',*,*,#1105,.T.);
#2417 = ORIENTED_EDGE('',*,*,#2357,.T.);
#2418 = ORIENTED_EDGE('',*,*,#2419,.F.);
#2419 = EDGE_CURVE('',#2303,#2358,#2420,.T.);
#2420 = LINE('',#2421,#2422);
#2421 = CARTESIAN_POINT('',(31.7,-8.5,0.));
#2422 = VECTOR('',#2423,1.);
#2423 = DIRECTION('',(0.,0.,1.));
#2424 = CYLINDRICAL_SURFACE('',#2425,1.7);
#2425 = AXIS2_PLACEMENT_3D('',#2426,#2427,#2428);
#2426 = CARTESIAN_POINT('',(31.7,-6.8,0.));
#2427 = DIRECTION('',(-0.,-0.,-1.));
#2428 = DIRECTION('',(1.,0.,0.));
#2429 = ADVANCED_FACE('',(#2430,#2433),#2436,.T.);
#2430 = FACE_BOUND('',#2431,.T.);
#2431 = EDGE_LOOP('',(#2432));
#2432 = ORIENTED_EDGE('',*,*,#1199,.T.);
#2433 = FACE_BOUND('',#2434,.T.);
#2434 = EDGE_LOOP('',(#2435));
#2435 = ORIENTED_EDGE('',*,*,#1944,.F.);
#2436 = PLANE('',#2437);
#2437 = AXIS2_PLACEMENT_3D('',#2438,#2439,#2440);
#2438 = CARTESIAN_POINT('',(26.,-11.5,2.1));
#2439 = DIRECTION('',(-0.,-0.,-1.));
#2440 = DIRECTION('',(-1.,0.,0.));
#2441 = ADVANCED_FACE('',(#2442),#2452,.F.);
#2442 = FACE_BOUND('',#2443,.F.);
#2443 = EDGE_LOOP('',(#2444,#2445,#2446,#2447,#2448,#2449,#2450,#2451));
#2444 = ORIENTED_EDGE('',*,*,#1247,.T.);
#2445 = ORIENTED_EDGE('',*,*,#1297,.T.);
#2446 = ORIENTED_EDGE('',*,*,#1345,.T.);
#2447 = ORIENTED_EDGE('',*,*,#1395,.F.);
#2448 = ORIENTED_EDGE('',*,*,#1377,.T.);
#2449 = ORIENTED_EDGE('',*,*,#1328,.T.);
#2450 = ORIENTED_EDGE('',*,*,#1279,.T.);
#2451 = ORIENTED_EDGE('',*,*,#1222,.F.);
#2452 = PLANE('',#2453);
#2453 = AXIS2_PLACEMENT_3D('',#2454,#2455,#2456);
#2454 = CARTESIAN_POINT('',(27.639922925959,3.07E-15,2.5));
#2455 = DIRECTION('',(0.,0.,1.));
#2456 = DIRECTION('',(1.,0.,0.));
#2457 = ADVANCED_FACE('',(#2458,#2461),#2464,.T.);
#2458 = FACE_BOUND('',#2459,.T.);
#2459 = EDGE_LOOP('',(#2460));
#2460 = ORIENTED_EDGE('',*,*,#1421,.T.);
#2461 = FACE_BOUND('',#2462,.T.);
#2462 = EDGE_LOOP('',(#2463));
#2463 = ORIENTED_EDGE('',*,*,#1894,.F.);
#2464 = PLANE('',#2465);
#2465 = AXIS2_PLACEMENT_3D('',#2466,#2467,#2468);
#2466 = CARTESIAN_POINT('',(-26.,-11.5,2.1));
#2467 = DIRECTION('',(-0.,-0.,-1.));
#2468 = DIRECTION('',(-1.,0.,0.));
#2469 = ADVANCED_FACE('',(#2470,#2473),#2484,.F.);
#2470 = FACE_BOUND('',#2471,.F.);
#2471 = EDGE_LOOP('',(#2472));
#2472 = ORIENTED_EDGE('',*,*,#1444,.T.);
#2473 = FACE_BOUND('',#2474,.F.);
#2474 = EDGE_LOOP('',(#2475));
#2475 = ORIENTED_EDGE('',*,*,#2476,.T.);
#2476 = EDGE_CURVE('',#2477,#2477,#2479,.T.);
#2477 = VERTEX_POINT('',#2478);
#2478 = CARTESIAN_POINT('',(6.,0.,-3.));
#2479 = CIRCLE('',#2480,6.);
#2480 = AXIS2_PLACEMENT_3D('',#2481,#2482,#2483);
#2481 = CARTESIAN_POINT('',(0.,0.,-3.));
#2482 = DIRECTION('',(0.,0.,-1.));
#2483 = DIRECTION('',(1.,0.,0.));
#2484 = PLANE('',#2485);
#2485 = AXIS2_PLACEMENT_3D('',#2486,#2487,#2488);
#2486 = CARTESIAN_POINT('',(-3.7E-16,4.2E-16,-3.));
#2487 = DIRECTION('',(0.,0.,1.));
#2488 = DIRECTION('',(1.,0.,0.));
#2489 = ADVANCED_FACE('',(#2490),#2500,.F.);
#2490 = FACE_BOUND('',#2491,.T.);
#2491 = EDGE_LOOP('',(#2492,#2493,#2494,#2495,#2496,#2497,#2498,#2499));
#2492 = ORIENTED_EDGE('',*,*,#1469,.T.);
#2493 = ORIENTED_EDGE('',*,*,#1519,.T.);
#2494 = ORIENTED_EDGE('',*,*,#1568,.T.);
#2495 = ORIENTED_EDGE('',*,*,#1624,.F.);
#2496 = ORIENTED_EDGE('',*,*,#1641,.T.);
#2497 = ORIENTED_EDGE('',*,*,#1600,.T.);
#2498 = ORIENTED_EDGE('',*,*,#1550,.T.);
#2499 = ORIENTED_EDGE('',*,*,#1494,.F.);
#2500 = PLANE('',#2501);
#2501 = AXIS2_PLACEMENT_3D('',#2502,#2503,#2504);
#2502 = CARTESIAN_POINT('',(-27.63992292595,3.07E-15,2.5));
#2503 = DIRECTION('',(0.,0.,1.));
#2504 = DIRECTION('',(1.,0.,0.));
#2505 = ADVANCED_FACE('',(#2506,#2509),#2512,.T.);
#2506 = FACE_BOUND('',#2507,.T.);
#2507 = EDGE_LOOP('',(#2508));
#2508 = ORIENTED_EDGE('',*,*,#1668,.T.);
#2509 = FACE_BOUND('',#2510,.T.);
#2510 = EDGE_LOOP('',(#2511));
#2511 = ORIENTED_EDGE('',*,*,#1994,.F.);
#2512 = PLANE('',#2513);
#2513 = AXIS2_PLACEMENT_3D('',#2514,#2515,#2516);
#2514 = CARTESIAN_POINT('',(26.,11.5,2.1));
#2515 = DIRECTION('',(-0.,-0.,-1.));
#2516 = DIRECTION('',(-1.,0.,0.));
#2517 = ADVANCED_FACE('',(#2518,#2521),#2524,.T.);
#2518 = FACE_BOUND('',#2519,.T.);
#2519 = EDGE_LOOP('',(#2520));
#2520 = ORIENTED_EDGE('',*,*,#1693,.T.);
#2521 = FACE_BOUND('',#2522,.T.);
#2522 = EDGE_LOOP('',(#2523));
#2523 = ORIENTED_EDGE('',*,*,#1969,.F.);
#2524 = PLANE('',#2525);
#2525 = AXIS2_PLACEMENT_3D('',#2526,#2527,#2528);
#2526 = CARTESIAN_POINT('',(-26.,11.5,2.1));
#2527 = DIRECTION('',(-0.,-0.,-1.));
#2528 = DIRECTION('',(-1.,0.,0.));
#2529 = ADVANCED_FACE('',(#2530,#2533),#2544,.T.);
#2530 = FACE_BOUND('',#2531,.T.);
#2531 = EDGE_LOOP('',(#2532));
#2532 = ORIENTED_EDGE('',*,*,#1919,.T.);
#2533 = FACE_BOUND('',#2534,.T.);
#2534 = EDGE_LOOP('',(#2535));
#2535 = ORIENTED_EDGE('',*,*,#2536,.F.);
#2536 = EDGE_CURVE('',#2537,#2537,#2539,.T.);
#2537 = VERTEX_POINT('',#2538);
#2538 = CARTESIAN_POINT('',(5.,0.,3.5));
#2539 = CIRCLE('',#2540,5.);
#2540 = AXIS2_PLACEMENT_3D('',#2541,#2542,#2543);
#2541 = CARTESIAN_POINT('',(0.,0.,3.5));
#2542 = DIRECTION('',(0.,0.,1.));
#2543 = DIRECTION('',(1.,0.,0.));
#2544 = PLANE('',#2545);
#2545 = AXIS2_PLACEMENT_3D('',#2546,#2547,#2548);
#2546 = CARTESIAN_POINT('',(-3.4E-16,2.1E-16,3.5));
#2547 = DIRECTION('',(0.,0.,1.));
#2548 = DIRECTION('',(1.,0.,0.));
#2549 = ADVANCED_FACE('',(#2550,#2569),#2572,.F.);
#2550 = FACE_BOUND('',#2551,.F.);
#2551 = EDGE_LOOP('',(#2552,#2553,#2561,#2568));
#2552 = ORIENTED_EDGE('',*,*,#2536,.F.);
#2553 = ORIENTED_EDGE('',*,*,#2554,.T.);
#2554 = EDGE_CURVE('',#2537,#2555,#2557,.T.);
#2555 = VERTEX_POINT('',#2556);
#2556 = CARTESIAN_POINT('',(5.,0.,-2.8));
#2557 = LINE('',#2558,#2559);
#2558 = CARTESIAN_POINT('',(5.,0.,105.38354483075));
#2559 = VECTOR('',#2560,1.);
#2560 = DIRECTION('',(-0.,-0.,-1.));
#2561 = ORIENTED_EDGE('',*,*,#2562,.T.);
#2562 = EDGE_CURVE('',#2555,#2555,#2563,.T.);
#2563 = CIRCLE('',#2564,5.);
#2564 = AXIS2_PLACEMENT_3D('',#2565,#2566,#2567);
#2565 = CARTESIAN_POINT('',(0.,0.,-2.8));
#2566 = DIRECTION('',(0.,0.,1.));
#2567 = DIRECTION('',(1.,0.,0.));
#2568 = ORIENTED_EDGE('',*,*,#2554,.F.);
#2569 = FACE_BOUND('',#2570,.F.);
#2570 = EDGE_LOOP('',(#2571));
#2571 = ORIENTED_EDGE('',*,*,#2202,.F.);
#2572 = CYLINDRICAL_SURFACE('',#2573,5.);
#2573 = AXIS2_PLACEMENT_3D('',#2574,#2575,#2576);
#2574 = CARTESIAN_POINT('',(0.,0.,105.38354483075));
#2575 = DIRECTION('',(0.,0.,1.));
#2576 = DIRECTION('',(1.,0.,0.));
#2577 = ADVANCED_FACE('',(#2578),#2589,.T.);
#2578 = FACE_BOUND('',#2579,.T.);
#2579 = EDGE_LOOP('',(#2580,#2581,#2582,#2583));
#2580 = ORIENTED_EDGE('',*,*,#2302,.F.);
#2581 = ORIENTED_EDGE('',*,*,#2419,.T.);
#2582 = ORIENTED_EDGE('',*,*,#2366,.T.);
#2583 = ORIENTED_EDGE('',*,*,#2584,.F.);
#2584 = EDGE_CURVE('',#2294,#2367,#2585,.T.);
#2585 = LINE('',#2586,#2587);
#2586 = CARTESIAN_POINT('',(45.3,-8.5,0.));
#2587 = VECTOR('',#2588,1.);
#2588 = DIRECTION('',(0.,0.,1.));
#2589 = PLANE('',#2590);
#2590 = AXIS2_PLACEMENT_3D('',#2591,#2592,#2593);
#2591 = CARTESIAN_POINT('',(31.7,-8.5,0.));
#2592 = DIRECTION('',(1.3E-16,1.,0.));
#2593 = DIRECTION('',(1.,-1.3E-16,0.));
#2594 = ADVANCED_FACE('',(#2595),#2606,.F.);
#2595 = FACE_BOUND('',#2596,.T.);
#2596 = EDGE_LOOP('',(#2597,#2598,#2599,#2600));
#2597 = ORIENTED_EDGE('',*,*,#2293,.T.);
#2598 = ORIENTED_EDGE('',*,*,#2584,.T.);
#2599 = ORIENTED_EDGE('',*,*,#2374,.T.);
#2600 = ORIENTED_EDGE('',*,*,#2601,.F.);
#2601 = EDGE_CURVE('',#2286,#2375,#2602,.T.);
#2602 = LINE('',#2603,#2604);
#2603 = CARTESIAN_POINT('',(47.,-6.8,0.));
#2604 = VECTOR('',#2605,1.);
#2605 = DIRECTION('',(0.,0.,1.));
#2606 = CYLINDRICAL_SURFACE('',#2607,1.7);
#2607 = AXIS2_PLACEMENT_3D('',#2608,#2609,#2610);
#2608 = CARTESIAN_POINT('',(45.3,-6.8,0.));
#2609 = DIRECTION('',(-0.,-0.,-1.));
#2610 = DIRECTION('',(1.,0.,0.));
#2611 = ADVANCED_FACE('',(#2612),#2623,.T.);
#2612 = FACE_BOUND('',#2613,.T.);
#2613 = EDGE_LOOP('',(#2614,#2615,#2616,#2617));
#2614 = ORIENTED_EDGE('',*,*,#2285,.F.);
#2615 = ORIENTED_EDGE('',*,*,#2601,.T.);
#2616 = ORIENTED_EDGE('',*,*,#2383,.T.);
#2617 = ORIENTED_EDGE('',*,*,#2618,.F.);
#2618 = EDGE_CURVE('',#2277,#2384,#2619,.T.);
#2619 = LINE('',#2620,#2621);
#2620 = CARTESIAN_POINT('',(47.,6.8,0.));
#2621 = VECTOR('',#2622,1.);
#2622 = DIRECTION('',(0.,0.,1.));
#2623 = PLANE('',#2624);
#2624 = AXIS2_PLACEMENT_3D('',#2625,#2626,#2627);
#2625 = CARTESIAN_POINT('',(47.,-6.8,0.));
#2626 = DIRECTION('',(-1.,0.,0.));
#2627 = DIRECTION('',(0.,1.,0.));
#2628 = ADVANCED_FACE('',(#2629),#2640,.F.);
#2629 = FACE_BOUND('',#2630,.T.);
#2630 = EDGE_LOOP('',(#2631,#2632,#2633,#2634));
#2631 = ORIENTED_EDGE('',*,*,#2276,.T.);
#2632 = ORIENTED_EDGE('',*,*,#2618,.T.);
#2633 = ORIENTED_EDGE('',*,*,#2391,.T.);
#2634 = ORIENTED_EDGE('',*,*,#2635,.F.);
#2635 = EDGE_CURVE('',#2269,#2392,#2636,.T.);
#2636 = LINE('',#2637,#2638);
#2637 = CARTESIAN_POINT('',(45.3,8.5,0.));
#2638 = VECTOR('',#2639,1.);
#2639 = DIRECTION('',(0.,0.,1.));
#2640 = CYLINDRICAL_SURFACE('',#2641,1.7);
#2641 = AXIS2_PLACEMENT_3D('',#2642,#2643,#2644);
#2642 = CARTESIAN_POINT('',(45.3,6.8,0.));
#2643 = DIRECTION('',(-0.,-0.,-1.));
#2644 = DIRECTION('',(1.,0.,0.));
#2645 = ADVANCED_FACE('',(#2646),#2652,.T.);
#2646 = FACE_BOUND('',#2647,.T.);
#2647 = EDGE_LOOP('',(#2648,#2649,#2650,#2651));
#2648 = ORIENTED_EDGE('',*,*,#2268,.F.);
#2649 = ORIENTED_EDGE('',*,*,#2635,.T.);
#2650 = ORIENTED_EDGE('',*,*,#2400,.T.);
#2651 = ORIENTED_EDGE('',*,*,#2333,.F.);
#2652 = PLANE('',#2653);
#2653 = AXIS2_PLACEMENT_3D('',#2654,#2655,#2656);
#2654 = CARTESIAN_POINT('',(45.3,8.5,0.));
#2655 = DIRECTION('',(0.,-1.,0.));
#2656 = DIRECTION('',(-1.,0.,0.));
#2657 = ADVANCED_FACE('',(#2658),#2677,.F.);
#2658 = FACE_BOUND('',#2659,.F.);
#2659 = EDGE_LOOP('',(#2660,#2668,#2675,#2676));
#2660 = ORIENTED_EDGE('',*,*,#2661,.T.);
#2661 = EDGE_CURVE('',#2477,#2662,#2664,.T.);
#2662 = VERTEX_POINT('',#2663);
#2663 = CARTESIAN_POINT('',(6.,0.,-2.8));
#2664 = LINE('',#2665,#2666);
#2665 = CARTESIAN_POINT('',(6.,0.,-3.));
#2666 = VECTOR('',#2667,1.);
#2667 = DIRECTION('',(0.,0.,1.));
#2668 = ORIENTED_EDGE('',*,*,#2669,.T.);
#2669 = EDGE_CURVE('',#2662,#2662,#2670,.T.);
#2670 = CIRCLE('',#2671,6.);
#2671 = AXIS2_PLACEMENT_3D('',#2672,#2673,#2674);
#2672 = CARTESIAN_POINT('',(0.,0.,-2.8));
#2673 = DIRECTION('',(0.,0.,-1.));
#2674 = DIRECTION('',(1.,0.,0.));
#2675 = ORIENTED_EDGE('',*,*,#2661,.F.);
#2676 = ORIENTED_EDGE('',*,*,#2476,.F.);
#2677 = CYLINDRICAL_SURFACE('',#2678,6.);
#2678 = AXIS2_PLACEMENT_3D('',#2679,#2680,#2681);
#2679 = CARTESIAN_POINT('',(0.,0.,-3.));
#2680 = DIRECTION('',(0.,0.,-1.));
#2681 = DIRECTION('',(1.,0.,0.));
#2682 = ADVANCED_FACE('',(#2683,#2686),#2689,.F.);
#2683 = FACE_BOUND('',#2684,.F.);
#2684 = EDGE_LOOP('',(#2685));
#2685 = ORIENTED_EDGE('',*,*,#2669,.F.);
#2686 = FACE_BOUND('',#2687,.F.);
#2687 = EDGE_LOOP('',(#2688));
#2688 = ORIENTED_EDGE('',*,*,#2562,.F.);
#2689 = PLANE('',#2690);
#2690 = AXIS2_PLACEMENT_3D('',#2691,#2692,#2693);
#2691 = CARTESIAN_POINT('',(-3.4E-16,-2.1E-16,-2.8));
#2692 = DIRECTION('',(0.,0.,1.));
#2693 = DIRECTION('',(1.,0.,0.));
#2694 = ( GEOMETRIC_REPRESENTATION_CONTEXT(3) 
GLOBAL_UNCERTAINTY_ASSIGNED_CONTEXT((#2698)) 
GLOBAL_UNIT_ASSIGNED_CONTEXT((#2695,#2696,#2697)) REPRESENTATION_CONTEXT
('Context #1','3D Context with UNIT and UNCERTAINTY') );
#2695 = ( LENGTH_UNIT() NAMED_UNIT(*) SI_UNIT(.MILLI.,.METRE.) );
#2696 = ( NAMED_UNIT(*) PLANE_ANGLE_UNIT() SI_UNIT($,.RADIAN.) );
#2697 = ( NAMED_UNIT(*) SI_UNIT($,.STERADIAN.) SOLID_ANGLE_UNIT() );
#2698 = UNCERTAINTY_MEASURE_WITH_UNIT(LENGTH_MEASURE(1.E-05),#2695,
  'distance_accuracy_value','confusion accuracy');
#2699 = PRODUCT_RELATED_PRODUCT_CATEGORY('part',$,(#7));
#2700 = MECHANICAL_DESIGN_GEOMETRIC_PRESENTATION_REPRESENTATION('',(
    #2701),#2694);
#2701 = STYLED_ITEM('color',(#2702),#15);
#2702 = PRESENTATION_STYLE_ASSIGNMENT((#2703,#2709));
#2703 = SURFACE_STYLE_USAGE(.BOTH.,#2704);
#2704 = SURFACE_SIDE_STYLE('',(#2705));
#2705 = SURFACE_STYLE_FILL_AREA(#2706);
#2706 = FILL_AREA_STYLE('',(#2707));
#2707 = FILL_AREA_STYLE_COLOUR('',#2708);
#2708 = COLOUR_RGB('',0.678431390124,0.709803936702,0.741176476869);
#2709 = CURVE_STYLE('',#2710,POSITIVE_LENGTH_MEASURE(0.1),#2711);
#2710 = DRAUGHTING_PRE_DEFINED_CURVE_FONT('continuous');
#2711 = COLOUR_RGB('',9.803921802644E-02,9.803921802644E-02,
  9.803921802644E-02);
ENDSEC;
END-ISO-10303-21;
