ISO-10303-21;
HEADER;
FILE_DESCRIPTION(('FreeCAD Model'),'2;1');
FILE_NAME('Open CASCADE Shape Model','2025-07-20T21:59:09',(''),(''),
  'Open CASCADE STEP processor 7.8','FreeCAD','Unknown');
FILE_SCHEMA(('AUTOMOTIVE_DESIGN { 1 0 10303 214 1 1 1 1 }'));
ENDSEC;
DATA;
#1 = APPLICATION_PROTOCOL_DEFINITION('international standard',
  'automotive_design',2000,#2);
#2 = APPLICATION_CONTEXT(
  'core data for automotive mechanical design processes');
#3 = SHAPE_DEFINITION_REPRESENTATION(#4,#10);
#4 = PRODUCT_DEFINITION_SHAPE('','',#5);
#5 = PRODUCT_DEFINITION('design','',#6,#9);
#6 = PRODUCT_DEFINITION_FORMATION('','',#7);
#7 = PRODUCT('手指组件','手指组件','',(#8));
#8 = PRODUCT_CONTEXT('',#2,'mechanical');
#9 = PRODUCT_DEFINITION_CONTEXT('part definition',#2,'design');
#10 = ADVANCED_BREP_SHAPE_REPRESENTATION('',(#11,#15),#3769);
#11 = AXIS2_PLACEMENT_3D('',#12,#13,#14);
#12 = CARTESIAN_POINT('',(0.,0.,0.));
#13 = DIRECTION('',(0.,0.,1.));
#14 = DIRECTION('',(1.,0.,-0.));
#15 = MANIFOLD_SOLID_BREP('',#16);
#16 = CLOSED_SHELL('',(#17,#57,#90,#121,#628,#788,#805,#822,#854,#878,
    #918,#1038,#1060,#1077,#1094,#1111,#1123,#1163,#1188,#1235,#1259,
    #1284,#1308,#1333,#1357,#1382,#1406,#1430,#1455,#1479,#1526,#1551,
    #1598,#1622,#1647,#1671,#1696,#1720,#1745,#1769,#1793,#1818,#1842,
    #1889,#1914,#1961,#1985,#2010,#2034,#2059,#2083,#2108,#2132,#2149,
    #2174,#2199,#2224,#2249,#2274,#2299,#2324,#2349,#2396,#2421,#2445,
    #2470,#2494,#2519,#2543,#2561,#2655,#2672,#2707,#2719,#2736,#2748,
    #2765,#2777,#2794,#2843,#2923,#2972,#3052,#3070,#3088,#3106,#3124,
    #3142,#3160,#3178,#3196,#3212,#3237,#3261,#3286,#3310,#3335,#3359,
    #3377,#3393,#3418,#3477,#3494,#3511,#3528,#3545,#3562,#3574,#3599,
    #3658,#3675,#3692,#3709,#3726,#3743,#3755));
#17 = ADVANCED_FACE('',(#18),#52,.T.);
#18 = FACE_BOUND('',#19,.T.);
#19 = EDGE_LOOP('',(#20,#30,#38,#46));
#20 = ORIENTED_EDGE('',*,*,#21,.T.);
#21 = EDGE_CURVE('',#22,#24,#26,.T.);
#22 = VERTEX_POINT('',#23);
#23 = CARTESIAN_POINT('',(36.5,36.,0.));
#24 = VERTEX_POINT('',#25);
#25 = CARTESIAN_POINT('',(36.5,36.,12.));
#26 = LINE('',#27,#28);
#27 = CARTESIAN_POINT('',(36.5,36.,0.));
#28 = VECTOR('',#29,1.);
#29 = DIRECTION('',(0.,0.,1.));
#30 = ORIENTED_EDGE('',*,*,#31,.T.);
#31 = EDGE_CURVE('',#24,#32,#34,.T.);
#32 = VERTEX_POINT('',#33);
#33 = CARTESIAN_POINT('',(37.,36.,12.));
#34 = LINE('',#35,#36);
#35 = CARTESIAN_POINT('',(36.5,36.,12.));
#36 = VECTOR('',#37,1.);
#37 = DIRECTION('',(1.,0.,0.));
#38 = ORIENTED_EDGE('',*,*,#39,.F.);
#39 = EDGE_CURVE('',#40,#32,#42,.T.);
#40 = VERTEX_POINT('',#41);
#41 = CARTESIAN_POINT('',(37.,36.,0.));
#42 = LINE('',#43,#44);
#43 = CARTESIAN_POINT('',(37.,36.,0.));
#44 = VECTOR('',#45,1.);
#45 = DIRECTION('',(0.,0.,1.));
#46 = ORIENTED_EDGE('',*,*,#47,.F.);
#47 = EDGE_CURVE('',#22,#40,#48,.T.);
#48 = LINE('',#49,#50);
#49 = CARTESIAN_POINT('',(36.5,36.,0.));
#50 = VECTOR('',#51,1.);
#51 = DIRECTION('',(1.,0.,0.));
#52 = PLANE('',#53);
#53 = AXIS2_PLACEMENT_3D('',#54,#55,#56);
#54 = CARTESIAN_POINT('',(36.5,36.,0.));
#55 = DIRECTION('',(0.,1.,0.));
#56 = DIRECTION('',(1.,0.,0.));
#57 = ADVANCED_FACE('',(#58),#85,.T.);
#58 = FACE_BOUND('',#59,.F.);
#59 = EDGE_LOOP('',(#60,#61,#70,#78));
#60 = ORIENTED_EDGE('',*,*,#21,.T.);
#61 = ORIENTED_EDGE('',*,*,#62,.T.);
#62 = EDGE_CURVE('',#24,#63,#65,.T.);
#63 = VERTEX_POINT('',#64);
#64 = CARTESIAN_POINT('',(35.500311964002,35.0249766027,12.));
#65 = CIRCLE('',#66,1.);
#66 = AXIS2_PLACEMENT_3D('',#67,#68,#69);
#67 = CARTESIAN_POINT('',(36.5,35.,12.));
#68 = DIRECTION('',(0.,0.,1.));
#69 = DIRECTION('',(1.,0.,0.));
#70 = ORIENTED_EDGE('',*,*,#71,.F.);
#71 = EDGE_CURVE('',#72,#63,#74,.T.);
#72 = VERTEX_POINT('',#73);
#73 = CARTESIAN_POINT('',(35.500311964002,35.0249766027,0.));
#74 = LINE('',#75,#76);
#75 = CARTESIAN_POINT('',(35.500311964002,35.0249766027,0.));
#76 = VECTOR('',#77,1.);
#77 = DIRECTION('',(0.,0.,1.));
#78 = ORIENTED_EDGE('',*,*,#79,.F.);
#79 = EDGE_CURVE('',#22,#72,#80,.T.);
#80 = CIRCLE('',#81,1.);
#81 = AXIS2_PLACEMENT_3D('',#82,#83,#84);
#82 = CARTESIAN_POINT('',(36.5,35.,0.));
#83 = DIRECTION('',(0.,0.,1.));
#84 = DIRECTION('',(1.,0.,0.));
#85 = CYLINDRICAL_SURFACE('',#86,1.);
#86 = AXIS2_PLACEMENT_3D('',#87,#88,#89);
#87 = CARTESIAN_POINT('',(36.5,35.,0.));
#88 = DIRECTION('',(-0.,-0.,-1.));
#89 = DIRECTION('',(1.,0.,0.));
#90 = ADVANCED_FACE('',(#91),#116,.T.);
#91 = FACE_BOUND('',#92,.T.);
#92 = EDGE_LOOP('',(#93,#94,#102,#110));
#93 = ORIENTED_EDGE('',*,*,#39,.T.);
#94 = ORIENTED_EDGE('',*,*,#95,.T.);
#95 = EDGE_CURVE('',#32,#96,#98,.T.);
#96 = VERTEX_POINT('',#97);
#97 = CARTESIAN_POINT('',(37.,24.6,12.));
#98 = LINE('',#99,#100);
#99 = CARTESIAN_POINT('',(37.,36.,12.));
#100 = VECTOR('',#101,1.);
#101 = DIRECTION('',(0.,-1.,0.));
#102 = ORIENTED_EDGE('',*,*,#103,.F.);
#103 = EDGE_CURVE('',#104,#96,#106,.T.);
#104 = VERTEX_POINT('',#105);
#105 = CARTESIAN_POINT('',(37.,24.6,0.));
#106 = LINE('',#107,#108);
#107 = CARTESIAN_POINT('',(37.,24.6,0.));
#108 = VECTOR('',#109,1.);
#109 = DIRECTION('',(0.,0.,1.));
#110 = ORIENTED_EDGE('',*,*,#111,.F.);
#111 = EDGE_CURVE('',#40,#104,#112,.T.);
#112 = LINE('',#113,#114);
#113 = CARTESIAN_POINT('',(37.,36.,0.));
#114 = VECTOR('',#115,1.);
#115 = DIRECTION('',(0.,-1.,0.));
#116 = PLANE('',#117);
#117 = AXIS2_PLACEMENT_3D('',#118,#119,#120);
#118 = CARTESIAN_POINT('',(37.,36.,0.));
#119 = DIRECTION('',(1.,0.,0.));
#120 = DIRECTION('',(0.,-1.,0.));
#121 = ADVANCED_FACE('',(#122,#535,#546,#557,#568,#579,#590,#601,#612),
  #623,.T.);
#122 = FACE_BOUND('',#123,.T.);
#123 = EDGE_LOOP('',(#124,#135,#143,#151,#160,#168,#177,#185,#194,#202,
    #210,#219,#227,#235,#244,#252,#260,#269,#277,#286,#294,#303,#311,
    #319,#328,#336,#344,#353,#361,#369,#378,#386,#395,#403,#412,#420,
    #428,#437,#445,#451,#452,#453,#454,#463,#471,#480,#488,#497,#505,
    #513,#521,#529));
#124 = ORIENTED_EDGE('',*,*,#125,.F.);
#125 = EDGE_CURVE('',#126,#128,#130,.T.);
#126 = VERTEX_POINT('',#127);
#127 = CARTESIAN_POINT('',(-8.5,36.,0.));
#128 = VERTEX_POINT('',#129);
#129 = CARTESIAN_POINT('',(-9.499688035998,35.0249766027,0.));
#130 = CIRCLE('',#131,1.);
#131 = AXIS2_PLACEMENT_3D('',#132,#133,#134);
#132 = CARTESIAN_POINT('',(-8.5,35.,0.));
#133 = DIRECTION('',(0.,0.,1.));
#134 = DIRECTION('',(1.,0.,0.));
#135 = ORIENTED_EDGE('',*,*,#136,.T.);
#136 = EDGE_CURVE('',#126,#137,#139,.T.);
#137 = VERTEX_POINT('',#138);
#138 = CARTESIAN_POINT('',(-8.,36.,0.));
#139 = LINE('',#140,#141);
#140 = CARTESIAN_POINT('',(-8.5,36.,0.));
#141 = VECTOR('',#142,1.);
#142 = DIRECTION('',(1.,0.,0.));
#143 = ORIENTED_EDGE('',*,*,#144,.T.);
#144 = EDGE_CURVE('',#137,#145,#147,.T.);
#145 = VERTEX_POINT('',#146);
#146 = CARTESIAN_POINT('',(-8.,24.6,0.));
#147 = LINE('',#148,#149);
#148 = CARTESIAN_POINT('',(-8.,36.,0.));
#149 = VECTOR('',#150,1.);
#150 = DIRECTION('',(0.,-1.,0.));
#151 = ORIENTED_EDGE('',*,*,#152,.T.);
#152 = EDGE_CURVE('',#145,#153,#155,.T.);
#153 = VERTEX_POINT('',#154);
#154 = CARTESIAN_POINT('',(-6.4,23.,0.));
#155 = CIRCLE('',#156,1.6);
#156 = AXIS2_PLACEMENT_3D('',#157,#158,#159);
#157 = CARTESIAN_POINT('',(-6.4,24.6,0.));
#158 = DIRECTION('',(0.,0.,1.));
#159 = DIRECTION('',(1.,0.,0.));
#160 = ORIENTED_EDGE('',*,*,#161,.T.);
#161 = EDGE_CURVE('',#153,#162,#164,.T.);
#162 = VERTEX_POINT('',#163);
#163 = CARTESIAN_POINT('',(-3.9,23.,0.));
#164 = LINE('',#165,#166);
#165 = CARTESIAN_POINT('',(-6.4,23.,0.));
#166 = VECTOR('',#167,1.);
#167 = DIRECTION('',(1.,0.,0.));
#168 = ORIENTED_EDGE('',*,*,#169,.F.);
#169 = EDGE_CURVE('',#170,#162,#172,.T.);
#170 = VERTEX_POINT('',#171);
#171 = CARTESIAN_POINT('',(-3.09999968906,22.785640466534,0.));
#172 = CIRCLE('',#173,1.6);
#173 = AXIS2_PLACEMENT_3D('',#174,#175,#176);
#174 = CARTESIAN_POINT('',(-3.9,21.4,0.));
#175 = DIRECTION('',(0.,0.,1.));
#176 = DIRECTION('',(1.,0.,0.));
#177 = ORIENTED_EDGE('',*,*,#178,.T.);
#178 = EDGE_CURVE('',#170,#179,#181,.T.);
#179 = VERTEX_POINT('',#180);
#180 = CARTESIAN_POINT('',(-1.097474769807,21.629481566184,0.));
#181 = LINE('',#182,#183);
#182 = CARTESIAN_POINT('',(-3.09999968906,22.785640466534,0.));
#183 = VECTOR('',#184,1.);
#184 = DIRECTION('',(0.866025291584,-0.500000194338,0.));
#185 = ORIENTED_EDGE('',*,*,#186,.F.);
#186 = EDGE_CURVE('',#187,#179,#189,.T.);
#187 = VERTEX_POINT('',#188);
#188 = CARTESIAN_POINT('',(-0.3,20.333693013329,0.));
#189 = CIRCLE('',#190,1.6);
#190 = AXIS2_PLACEMENT_3D('',#191,#192,#193);
#191 = CARTESIAN_POINT('',(-1.897475080747,20.24384109965,0.));
#192 = DIRECTION('',(0.,0.,1.));
#193 = DIRECTION('',(1.,0.,0.));
#194 = ORIENTED_EDGE('',*,*,#195,.T.);
#195 = EDGE_CURVE('',#187,#196,#198,.T.);
#196 = VERTEX_POINT('',#197);
#197 = CARTESIAN_POINT('',(-1.866110106228E-18,15.,0.));
#198 = LINE('',#199,#200);
#199 = CARTESIAN_POINT('',(-0.3,20.333693013329,0.));
#200 = VECTOR('',#201,1.);
#201 = DIRECTION('',(5.61574460494E-02,-0.998421925467,0.));
#202 = ORIENTED_EDGE('',*,*,#203,.T.);
#203 = EDGE_CURVE('',#196,#204,#206,.T.);
#204 = VERTEX_POINT('',#205);
#205 = CARTESIAN_POINT('',(0.,7.5,0.));
#206 = LINE('',#207,#208);
#207 = CARTESIAN_POINT('',(-1.866110106228E-18,15.,0.));
#208 = VECTOR('',#209,1.);
#209 = DIRECTION('',(1.244073404152E-19,-1.,0.));
#210 = ORIENTED_EDGE('',*,*,#211,.T.);
#211 = EDGE_CURVE('',#204,#212,#214,.T.);
#212 = VERTEX_POINT('',#213);
#213 = CARTESIAN_POINT('',(5.,7.5,0.));
#214 = CIRCLE('',#215,2.5);
#215 = AXIS2_PLACEMENT_3D('',#216,#217,#218);
#216 = CARTESIAN_POINT('',(2.5,7.5,0.));
#217 = DIRECTION('',(0.,0.,1.));
#218 = DIRECTION('',(1.,0.,0.));
#219 = ORIENTED_EDGE('',*,*,#220,.F.);
#220 = EDGE_CURVE('',#221,#212,#223,.T.);
#221 = VERTEX_POINT('',#222);
#222 = CARTESIAN_POINT('',(5.,15.,0.));
#223 = LINE('',#224,#225);
#224 = CARTESIAN_POINT('',(5.,15.,0.));
#225 = VECTOR('',#226,1.);
#226 = DIRECTION('',(0.,-1.,0.));
#227 = ORIENTED_EDGE('',*,*,#228,.F.);
#228 = EDGE_CURVE('',#229,#221,#231,.T.);
#229 = VERTEX_POINT('',#230);
#230 = CARTESIAN_POINT('',(5.500311964002,35.0249766027,0.));
#231 = LINE('',#232,#233);
#232 = CARTESIAN_POINT('',(5.500311964002,35.0249766027,0.));
#233 = VECTOR('',#234,1.);
#234 = DIRECTION('',(-2.497660269985E-02,-0.999688035998,0.));
#235 = ORIENTED_EDGE('',*,*,#236,.F.);
#236 = EDGE_CURVE('',#237,#229,#239,.T.);
#237 = VERTEX_POINT('',#238);
#238 = CARTESIAN_POINT('',(6.5,36.,0.));
#239 = CIRCLE('',#240,1.);
#240 = AXIS2_PLACEMENT_3D('',#241,#242,#243);
#241 = CARTESIAN_POINT('',(6.5,35.,0.));
#242 = DIRECTION('',(0.,0.,1.));
#243 = DIRECTION('',(1.,0.,0.));
#244 = ORIENTED_EDGE('',*,*,#245,.T.);
#245 = EDGE_CURVE('',#237,#246,#248,.T.);
#246 = VERTEX_POINT('',#247);
#247 = CARTESIAN_POINT('',(7.,36.,0.));
#248 = LINE('',#249,#250);
#249 = CARTESIAN_POINT('',(6.5,36.,0.));
#250 = VECTOR('',#251,1.);
#251 = DIRECTION('',(1.,0.,0.));
#252 = ORIENTED_EDGE('',*,*,#253,.T.);
#253 = EDGE_CURVE('',#246,#254,#256,.T.);
#254 = VERTEX_POINT('',#255);
#255 = CARTESIAN_POINT('',(7.,24.6,0.));
#256 = LINE('',#257,#258);
#257 = CARTESIAN_POINT('',(7.,36.,0.));
#258 = VECTOR('',#259,1.);
#259 = DIRECTION('',(0.,-1.,0.));
#260 = ORIENTED_EDGE('',*,*,#261,.T.);
#261 = EDGE_CURVE('',#254,#262,#264,.T.);
#262 = VERTEX_POINT('',#263);
#263 = CARTESIAN_POINT('',(8.6,23.,0.));
#264 = CIRCLE('',#265,1.6);
#265 = AXIS2_PLACEMENT_3D('',#266,#267,#268);
#266 = CARTESIAN_POINT('',(8.6,24.6,0.));
#267 = DIRECTION('',(0.,0.,1.));
#268 = DIRECTION('',(1.,0.,0.));
#269 = ORIENTED_EDGE('',*,*,#270,.T.);
#270 = EDGE_CURVE('',#262,#271,#273,.T.);
#271 = VERTEX_POINT('',#272);
#272 = CARTESIAN_POINT('',(11.1,23.,0.));
#273 = LINE('',#274,#275);
#274 = CARTESIAN_POINT('',(8.6,23.,0.));
#275 = VECTOR('',#276,1.);
#276 = DIRECTION('',(1.,0.,0.));
#277 = ORIENTED_EDGE('',*,*,#278,.F.);
#278 = EDGE_CURVE('',#279,#271,#281,.T.);
#279 = VERTEX_POINT('',#280);
#280 = CARTESIAN_POINT('',(11.90000031094,22.785640466534,0.));
#281 = CIRCLE('',#282,1.6);
#282 = AXIS2_PLACEMENT_3D('',#283,#284,#285);
#283 = CARTESIAN_POINT('',(11.1,21.4,0.));
#284 = DIRECTION('',(0.,0.,1.));
#285 = DIRECTION('',(1.,0.,0.));
#286 = ORIENTED_EDGE('',*,*,#287,.T.);
#287 = EDGE_CURVE('',#279,#288,#290,.T.);
#288 = VERTEX_POINT('',#289);
#289 = CARTESIAN_POINT('',(13.902525230193,21.629481566184,0.));
#290 = LINE('',#291,#292);
#291 = CARTESIAN_POINT('',(11.90000031094,22.785640466534,0.));
#292 = VECTOR('',#293,1.);
#293 = DIRECTION('',(0.866025291584,-0.500000194338,0.));
#294 = ORIENTED_EDGE('',*,*,#295,.F.);
#295 = EDGE_CURVE('',#296,#288,#298,.T.);
#296 = VERTEX_POINT('',#297);
#297 = CARTESIAN_POINT('',(14.7,20.333693013329,0.));
#298 = CIRCLE('',#299,1.6);
#299 = AXIS2_PLACEMENT_3D('',#300,#301,#302);
#300 = CARTESIAN_POINT('',(13.102524919253,20.24384109965,0.));
#301 = DIRECTION('',(0.,0.,1.));
#302 = DIRECTION('',(1.,0.,0.));
#303 = ORIENTED_EDGE('',*,*,#304,.T.);
#304 = EDGE_CURVE('',#296,#305,#307,.T.);
#305 = VERTEX_POINT('',#306);
#306 = CARTESIAN_POINT('',(15.,15.,0.));
#307 = LINE('',#308,#309);
#308 = CARTESIAN_POINT('',(14.7,20.333693013329,0.));
#309 = VECTOR('',#310,1.);
#310 = DIRECTION('',(5.61574460494E-02,-0.998421925467,0.));
#311 = ORIENTED_EDGE('',*,*,#312,.T.);
#312 = EDGE_CURVE('',#305,#313,#315,.T.);
#313 = VERTEX_POINT('',#314);
#314 = CARTESIAN_POINT('',(15.,7.5,0.));
#315 = LINE('',#316,#317);
#316 = CARTESIAN_POINT('',(15.,15.,0.));
#317 = VECTOR('',#318,1.);
#318 = DIRECTION('',(1.244073404152E-19,-1.,0.));
#319 = ORIENTED_EDGE('',*,*,#320,.T.);
#320 = EDGE_CURVE('',#313,#321,#323,.T.);
#321 = VERTEX_POINT('',#322);
#322 = CARTESIAN_POINT('',(20.,7.5,0.));
#323 = CIRCLE('',#324,2.5);
#324 = AXIS2_PLACEMENT_3D('',#325,#326,#327);
#325 = CARTESIAN_POINT('',(17.5,7.5,0.));
#326 = DIRECTION('',(0.,0.,1.));
#327 = DIRECTION('',(1.,0.,0.));
#328 = ORIENTED_EDGE('',*,*,#329,.F.);
#329 = EDGE_CURVE('',#330,#321,#332,.T.);
#330 = VERTEX_POINT('',#331);
#331 = CARTESIAN_POINT('',(20.,15.,0.));
#332 = LINE('',#333,#334);
#333 = CARTESIAN_POINT('',(20.,15.,0.));
#334 = VECTOR('',#335,1.);
#335 = DIRECTION('',(0.,-1.,0.));
#336 = ORIENTED_EDGE('',*,*,#337,.F.);
#337 = EDGE_CURVE('',#338,#330,#340,.T.);
#338 = VERTEX_POINT('',#339);
#339 = CARTESIAN_POINT('',(20.500311964002,35.0249766027,0.));
#340 = LINE('',#341,#342);
#341 = CARTESIAN_POINT('',(20.500311964002,35.0249766027,0.));
#342 = VECTOR('',#343,1.);
#343 = DIRECTION('',(-2.497660269985E-02,-0.999688035998,0.));
#344 = ORIENTED_EDGE('',*,*,#345,.F.);
#345 = EDGE_CURVE('',#346,#338,#348,.T.);
#346 = VERTEX_POINT('',#347);
#347 = CARTESIAN_POINT('',(21.5,36.,0.));
#348 = CIRCLE('',#349,1.);
#349 = AXIS2_PLACEMENT_3D('',#350,#351,#352);
#350 = CARTESIAN_POINT('',(21.5,35.,0.));
#351 = DIRECTION('',(0.,0.,1.));
#352 = DIRECTION('',(1.,0.,0.));
#353 = ORIENTED_EDGE('',*,*,#354,.T.);
#354 = EDGE_CURVE('',#346,#355,#357,.T.);
#355 = VERTEX_POINT('',#356);
#356 = CARTESIAN_POINT('',(22.,36.,0.));
#357 = LINE('',#358,#359);
#358 = CARTESIAN_POINT('',(21.5,36.,0.));
#359 = VECTOR('',#360,1.);
#360 = DIRECTION('',(1.,0.,0.));
#361 = ORIENTED_EDGE('',*,*,#362,.T.);
#362 = EDGE_CURVE('',#355,#363,#365,.T.);
#363 = VERTEX_POINT('',#364);
#364 = CARTESIAN_POINT('',(22.,24.6,0.));
#365 = LINE('',#366,#367);
#366 = CARTESIAN_POINT('',(22.,36.,0.));
#367 = VECTOR('',#368,1.);
#368 = DIRECTION('',(0.,-1.,0.));
#369 = ORIENTED_EDGE('',*,*,#370,.T.);
#370 = EDGE_CURVE('',#363,#371,#373,.T.);
#371 = VERTEX_POINT('',#372);
#372 = CARTESIAN_POINT('',(23.6,23.,0.));
#373 = CIRCLE('',#374,1.6);
#374 = AXIS2_PLACEMENT_3D('',#375,#376,#377);
#375 = CARTESIAN_POINT('',(23.6,24.6,0.));
#376 = DIRECTION('',(0.,0.,1.));
#377 = DIRECTION('',(1.,0.,0.));
#378 = ORIENTED_EDGE('',*,*,#379,.T.);
#379 = EDGE_CURVE('',#371,#380,#382,.T.);
#380 = VERTEX_POINT('',#381);
#381 = CARTESIAN_POINT('',(26.1,23.,0.));
#382 = LINE('',#383,#384);
#383 = CARTESIAN_POINT('',(23.6,23.,0.));
#384 = VECTOR('',#385,1.);
#385 = DIRECTION('',(1.,0.,0.));
#386 = ORIENTED_EDGE('',*,*,#387,.F.);
#387 = EDGE_CURVE('',#388,#380,#390,.T.);
#388 = VERTEX_POINT('',#389);
#389 = CARTESIAN_POINT('',(26.90000031094,22.785640466534,0.));
#390 = CIRCLE('',#391,1.6);
#391 = AXIS2_PLACEMENT_3D('',#392,#393,#394);
#392 = CARTESIAN_POINT('',(26.1,21.4,0.));
#393 = DIRECTION('',(0.,0.,1.));
#394 = DIRECTION('',(1.,0.,0.));
#395 = ORIENTED_EDGE('',*,*,#396,.T.);
#396 = EDGE_CURVE('',#388,#397,#399,.T.);
#397 = VERTEX_POINT('',#398);
#398 = CARTESIAN_POINT('',(28.902525230193,21.629481566184,0.));
#399 = LINE('',#400,#401);
#400 = CARTESIAN_POINT('',(26.90000031094,22.785640466534,0.));
#401 = VECTOR('',#402,1.);
#402 = DIRECTION('',(0.866025291584,-0.500000194338,0.));
#403 = ORIENTED_EDGE('',*,*,#404,.F.);
#404 = EDGE_CURVE('',#405,#397,#407,.T.);
#405 = VERTEX_POINT('',#406);
#406 = CARTESIAN_POINT('',(29.7,20.333693013329,0.));
#407 = CIRCLE('',#408,1.6);
#408 = AXIS2_PLACEMENT_3D('',#409,#410,#411);
#409 = CARTESIAN_POINT('',(28.102524919253,20.24384109965,0.));
#410 = DIRECTION('',(0.,0.,1.));
#411 = DIRECTION('',(1.,0.,0.));
#412 = ORIENTED_EDGE('',*,*,#413,.T.);
#413 = EDGE_CURVE('',#405,#414,#416,.T.);
#414 = VERTEX_POINT('',#415);
#415 = CARTESIAN_POINT('',(30.,15.,0.));
#416 = LINE('',#417,#418);
#417 = CARTESIAN_POINT('',(29.7,20.333693013329,0.));
#418 = VECTOR('',#419,1.);
#419 = DIRECTION('',(5.61574460494E-02,-0.998421925467,0.));
#420 = ORIENTED_EDGE('',*,*,#421,.T.);
#421 = EDGE_CURVE('',#414,#422,#424,.T.);
#422 = VERTEX_POINT('',#423);
#423 = CARTESIAN_POINT('',(30.,7.5,0.));
#424 = LINE('',#425,#426);
#425 = CARTESIAN_POINT('',(30.,15.,0.));
#426 = VECTOR('',#427,1.);
#427 = DIRECTION('',(1.244073404152E-19,-1.,0.));
#428 = ORIENTED_EDGE('',*,*,#429,.T.);
#429 = EDGE_CURVE('',#422,#430,#432,.T.);
#430 = VERTEX_POINT('',#431);
#431 = CARTESIAN_POINT('',(35.,7.5,0.));
#432 = CIRCLE('',#433,2.5);
#433 = AXIS2_PLACEMENT_3D('',#434,#435,#436);
#434 = CARTESIAN_POINT('',(32.5,7.5,0.));
#435 = DIRECTION('',(0.,0.,1.));
#436 = DIRECTION('',(1.,0.,0.));
#437 = ORIENTED_EDGE('',*,*,#438,.F.);
#438 = EDGE_CURVE('',#439,#430,#441,.T.);
#439 = VERTEX_POINT('',#440);
#440 = CARTESIAN_POINT('',(35.,15.,0.));
#441 = LINE('',#442,#443);
#442 = CARTESIAN_POINT('',(35.,15.,0.));
#443 = VECTOR('',#444,1.);
#444 = DIRECTION('',(0.,-1.,0.));
#445 = ORIENTED_EDGE('',*,*,#446,.F.);
#446 = EDGE_CURVE('',#72,#439,#447,.T.);
#447 = LINE('',#448,#449);
#448 = CARTESIAN_POINT('',(35.500311964002,35.0249766027,0.));
#449 = VECTOR('',#450,1.);
#450 = DIRECTION('',(-2.497660269985E-02,-0.999688035998,0.));
#451 = ORIENTED_EDGE('',*,*,#79,.F.);
#452 = ORIENTED_EDGE('',*,*,#47,.T.);
#453 = ORIENTED_EDGE('',*,*,#111,.T.);
#454 = ORIENTED_EDGE('',*,*,#455,.T.);
#455 = EDGE_CURVE('',#104,#456,#458,.T.);
#456 = VERTEX_POINT('',#457);
#457 = CARTESIAN_POINT('',(38.6,23.,0.));
#458 = CIRCLE('',#459,1.6);
#459 = AXIS2_PLACEMENT_3D('',#460,#461,#462);
#460 = CARTESIAN_POINT('',(38.6,24.6,0.));
#461 = DIRECTION('',(0.,0.,1.));
#462 = DIRECTION('',(1.,0.,0.));
#463 = ORIENTED_EDGE('',*,*,#464,.T.);
#464 = EDGE_CURVE('',#456,#465,#467,.T.);
#465 = VERTEX_POINT('',#466);
#466 = CARTESIAN_POINT('',(41.1,23.,0.));
#467 = LINE('',#468,#469);
#468 = CARTESIAN_POINT('',(38.6,23.,0.));
#469 = VECTOR('',#470,1.);
#470 = DIRECTION('',(1.,0.,0.));
#471 = ORIENTED_EDGE('',*,*,#472,.F.);
#472 = EDGE_CURVE('',#473,#465,#475,.T.);
#473 = VERTEX_POINT('',#474);
#474 = CARTESIAN_POINT('',(41.90000031094,22.785640466534,0.));
#475 = CIRCLE('',#476,1.6);
#476 = AXIS2_PLACEMENT_3D('',#477,#478,#479);
#477 = CARTESIAN_POINT('',(41.1,21.4,0.));
#478 = DIRECTION('',(0.,0.,1.));
#479 = DIRECTION('',(1.,0.,0.));
#480 = ORIENTED_EDGE('',*,*,#481,.T.);
#481 = EDGE_CURVE('',#473,#482,#484,.T.);
#482 = VERTEX_POINT('',#483);
#483 = CARTESIAN_POINT('',(43.902525230193,21.629481566184,0.));
#484 = LINE('',#485,#486);
#485 = CARTESIAN_POINT('',(41.90000031094,22.785640466534,0.));
#486 = VECTOR('',#487,1.);
#487 = DIRECTION('',(0.866025291584,-0.500000194338,0.));
#488 = ORIENTED_EDGE('',*,*,#489,.F.);
#489 = EDGE_CURVE('',#490,#482,#492,.T.);
#490 = VERTEX_POINT('',#491);
#491 = CARTESIAN_POINT('',(44.7,20.333693013329,0.));
#492 = CIRCLE('',#493,1.6);
#493 = AXIS2_PLACEMENT_3D('',#494,#495,#496);
#494 = CARTESIAN_POINT('',(43.102524919253,20.24384109965,0.));
#495 = DIRECTION('',(0.,0.,1.));
#496 = DIRECTION('',(1.,0.,0.));
#497 = ORIENTED_EDGE('',*,*,#498,.T.);
#498 = EDGE_CURVE('',#490,#499,#501,.T.);
#499 = VERTEX_POINT('',#500);
#500 = CARTESIAN_POINT('',(45.,15.,0.));
#501 = LINE('',#502,#503);
#502 = CARTESIAN_POINT('',(44.7,20.333693013329,0.));
#503 = VECTOR('',#504,1.);
#504 = DIRECTION('',(5.61574460494E-02,-0.998421925467,0.));
#505 = ORIENTED_EDGE('',*,*,#506,.T.);
#506 = EDGE_CURVE('',#499,#507,#509,.T.);
#507 = VERTEX_POINT('',#508);
#508 = CARTESIAN_POINT('',(45.,0.,0.));
#509 = LINE('',#510,#511);
#510 = CARTESIAN_POINT('',(45.,15.,0.));
#511 = VECTOR('',#512,1.);
#512 = DIRECTION('',(1.244073404152E-19,-1.,0.));
#513 = ORIENTED_EDGE('',*,*,#514,.F.);
#514 = EDGE_CURVE('',#515,#507,#517,.T.);
#515 = VERTEX_POINT('',#516);
#516 = CARTESIAN_POINT('',(-10.,0.,0.));
#517 = LINE('',#518,#519);
#518 = CARTESIAN_POINT('',(45.,0.,0.));
#519 = VECTOR('',#520,1.);
#520 = DIRECTION('',(1.,0.,0.));
#521 = ORIENTED_EDGE('',*,*,#522,.F.);
#522 = EDGE_CURVE('',#523,#515,#525,.T.);
#523 = VERTEX_POINT('',#524);
#524 = CARTESIAN_POINT('',(-10.,15.,0.));
#525 = LINE('',#526,#527);
#526 = CARTESIAN_POINT('',(-10.,15.,0.));
#527 = VECTOR('',#528,1.);
#528 = DIRECTION('',(0.,-1.,0.));
#529 = ORIENTED_EDGE('',*,*,#530,.F.);
#530 = EDGE_CURVE('',#128,#523,#531,.T.);
#531 = LINE('',#532,#533);
#532 = CARTESIAN_POINT('',(-9.499688035998,35.0249766027,0.));
#533 = VECTOR('',#534,1.);
#534 = DIRECTION('',(-2.497660269985E-02,-0.999688035998,0.));
#535 = FACE_BOUND('',#536,.T.);
#536 = EDGE_LOOP('',(#537));
#537 = ORIENTED_EDGE('',*,*,#538,.F.);
#538 = EDGE_CURVE('',#539,#539,#541,.T.);
#539 = VERTEX_POINT('',#540);
#540 = CARTESIAN_POINT('',(41.7,2.5,0.));
#541 = CIRCLE('',#542,0.8);
#542 = AXIS2_PLACEMENT_3D('',#543,#544,#545);
#543 = CARTESIAN_POINT('',(42.5,2.5,0.));
#544 = DIRECTION('',(0.,0.,-1.));
#545 = DIRECTION('',(-1.,0.,0.));
#546 = FACE_BOUND('',#547,.T.);
#547 = EDGE_LOOP('',(#548));
#548 = ORIENTED_EDGE('',*,*,#549,.F.);
#549 = EDGE_CURVE('',#550,#550,#552,.T.);
#550 = VERTEX_POINT('',#551);
#551 = CARTESIAN_POINT('',(36.7,2.5,0.));
#552 = CIRCLE('',#553,0.8);
#553 = AXIS2_PLACEMENT_3D('',#554,#555,#556);
#554 = CARTESIAN_POINT('',(37.5,2.5,0.));
#555 = DIRECTION('',(0.,0.,-1.));
#556 = DIRECTION('',(-1.,0.,0.));
#557 = FACE_BOUND('',#558,.T.);
#558 = EDGE_LOOP('',(#559));
#559 = ORIENTED_EDGE('',*,*,#560,.F.);
#560 = EDGE_CURVE('',#561,#561,#563,.T.);
#561 = VERTEX_POINT('',#562);
#562 = CARTESIAN_POINT('',(26.7,2.5,0.));
#563 = CIRCLE('',#564,0.8);
#564 = AXIS2_PLACEMENT_3D('',#565,#566,#567);
#565 = CARTESIAN_POINT('',(27.5,2.5,0.));
#566 = DIRECTION('',(0.,0.,-1.));
#567 = DIRECTION('',(-1.,0.,0.));
#568 = FACE_BOUND('',#569,.T.);
#569 = EDGE_LOOP('',(#570));
#570 = ORIENTED_EDGE('',*,*,#571,.F.);
#571 = EDGE_CURVE('',#572,#572,#574,.T.);
#572 = VERTEX_POINT('',#573);
#573 = CARTESIAN_POINT('',(21.7,2.5,0.));
#574 = CIRCLE('',#575,0.8);
#575 = AXIS2_PLACEMENT_3D('',#576,#577,#578);
#576 = CARTESIAN_POINT('',(22.5,2.5,0.));
#577 = DIRECTION('',(0.,0.,-1.));
#578 = DIRECTION('',(-1.,0.,0.));
#579 = FACE_BOUND('',#580,.T.);
#580 = EDGE_LOOP('',(#581));
#581 = ORIENTED_EDGE('',*,*,#582,.F.);
#582 = EDGE_CURVE('',#583,#583,#585,.T.);
#583 = VERTEX_POINT('',#584);
#584 = CARTESIAN_POINT('',(11.7,2.5,0.));
#585 = CIRCLE('',#586,0.8);
#586 = AXIS2_PLACEMENT_3D('',#587,#588,#589);
#587 = CARTESIAN_POINT('',(12.5,2.5,0.));
#588 = DIRECTION('',(0.,0.,-1.));
#589 = DIRECTION('',(-1.,0.,0.));
#590 = FACE_BOUND('',#591,.T.);
#591 = EDGE_LOOP('',(#592));
#592 = ORIENTED_EDGE('',*,*,#593,.F.);
#593 = EDGE_CURVE('',#594,#594,#596,.T.);
#594 = VERTEX_POINT('',#595);
#595 = CARTESIAN_POINT('',(6.7,2.5,0.));
#596 = CIRCLE('',#597,0.8);
#597 = AXIS2_PLACEMENT_3D('',#598,#599,#600);
#598 = CARTESIAN_POINT('',(7.5,2.5,0.));
#599 = DIRECTION('',(0.,0.,-1.));
#600 = DIRECTION('',(-1.,0.,0.));
#601 = FACE_BOUND('',#602,.T.);
#602 = EDGE_LOOP('',(#603));
#603 = ORIENTED_EDGE('',*,*,#604,.F.);
#604 = EDGE_CURVE('',#605,#605,#607,.T.);
#605 = VERTEX_POINT('',#606);
#606 = CARTESIAN_POINT('',(-3.3,2.5,0.));
#607 = CIRCLE('',#608,0.8);
#608 = AXIS2_PLACEMENT_3D('',#609,#610,#611);
#609 = CARTESIAN_POINT('',(-2.5,2.5,0.));
#610 = DIRECTION('',(0.,0.,-1.));
#611 = DIRECTION('',(-1.,0.,0.));
#612 = FACE_BOUND('',#613,.T.);
#613 = EDGE_LOOP('',(#614));
#614 = ORIENTED_EDGE('',*,*,#615,.F.);
#615 = EDGE_CURVE('',#616,#616,#618,.T.);
#616 = VERTEX_POINT('',#617);
#617 = CARTESIAN_POINT('',(-8.3,2.5,0.));
#618 = CIRCLE('',#619,0.8);
#619 = AXIS2_PLACEMENT_3D('',#620,#621,#622);
#620 = CARTESIAN_POINT('',(-7.5,2.5,0.));
#621 = DIRECTION('',(0.,0.,-1.));
#622 = DIRECTION('',(-1.,0.,0.));
#623 = PLANE('',#624);
#624 = AXIS2_PLACEMENT_3D('',#625,#626,#627);
#625 = CARTESIAN_POINT('',(17.503977675845,16.28080070712,0.));
#626 = DIRECTION('',(-0.,-0.,-1.));
#627 = DIRECTION('',(-1.,0.,0.));
#628 = ADVANCED_FACE('',(#629),#783,.T.);
#629 = FACE_BOUND('',#630,.T.);
#630 = EDGE_LOOP('',(#631,#632,#633,#641,#649,#657,#666,#674,#683,#691,
    #700,#708,#717,#725,#733,#741,#750,#758,#767,#775,#782));
#631 = ORIENTED_EDGE('',*,*,#31,.F.);
#632 = ORIENTED_EDGE('',*,*,#62,.T.);
#633 = ORIENTED_EDGE('',*,*,#634,.T.);
#634 = EDGE_CURVE('',#63,#635,#637,.T.);
#635 = VERTEX_POINT('',#636);
#636 = CARTESIAN_POINT('',(35.,15.,12.));
#637 = LINE('',#638,#639);
#638 = CARTESIAN_POINT('',(35.500311964002,35.0249766027,12.));
#639 = VECTOR('',#640,1.);
#640 = DIRECTION('',(-2.497660269985E-02,-0.999688035998,0.));
#641 = ORIENTED_EDGE('',*,*,#642,.T.);
#642 = EDGE_CURVE('',#635,#643,#645,.T.);
#643 = VERTEX_POINT('',#644);
#644 = CARTESIAN_POINT('',(35.,5.,12.));
#645 = LINE('',#646,#647);
#646 = CARTESIAN_POINT('',(35.,15.,12.));
#647 = VECTOR('',#648,1.);
#648 = DIRECTION('',(0.,-1.,0.));
#649 = ORIENTED_EDGE('',*,*,#650,.F.);
#650 = EDGE_CURVE('',#651,#643,#653,.T.);
#651 = VERTEX_POINT('',#652);
#652 = CARTESIAN_POINT('',(38.6,5.,12.));
#653 = LINE('',#654,#655);
#654 = CARTESIAN_POINT('',(45.,5.,12.));
#655 = VECTOR('',#656,1.);
#656 = DIRECTION('',(-1.,0.,0.));
#657 = ORIENTED_EDGE('',*,*,#658,.F.);
#658 = EDGE_CURVE('',#659,#651,#661,.T.);
#659 = VERTEX_POINT('',#660);
#660 = CARTESIAN_POINT('',(37.,6.6,12.));
#661 = CIRCLE('',#662,1.6);
#662 = AXIS2_PLACEMENT_3D('',#663,#664,#665);
#663 = CARTESIAN_POINT('',(38.6,6.6,12.));
#664 = DIRECTION('',(0.,0.,1.));
#665 = DIRECTION('',(1.,0.,0.));
#666 = ORIENTED_EDGE('',*,*,#667,.T.);
#667 = EDGE_CURVE('',#659,#668,#670,.T.);
#668 = VERTEX_POINT('',#669);
#669 = CARTESIAN_POINT('',(37.,19.4,12.));
#670 = LINE('',#671,#672);
#671 = CARTESIAN_POINT('',(37.,6.6,12.));
#672 = VECTOR('',#673,1.);
#673 = DIRECTION('',(0.,1.,0.));
#674 = ORIENTED_EDGE('',*,*,#675,.F.);
#675 = EDGE_CURVE('',#676,#668,#678,.T.);
#676 = VERTEX_POINT('',#677);
#677 = CARTESIAN_POINT('',(38.6,21.,12.));
#678 = CIRCLE('',#679,1.6);
#679 = AXIS2_PLACEMENT_3D('',#680,#681,#682);
#680 = CARTESIAN_POINT('',(38.6,19.4,12.));
#681 = DIRECTION('',(0.,0.,1.));
#682 = DIRECTION('',(1.,0.,0.));
#683 = ORIENTED_EDGE('',*,*,#684,.F.);
#684 = EDGE_CURVE('',#685,#676,#687,.T.);
#685 = VERTEX_POINT('',#686);
#686 = CARTESIAN_POINT('',(41.,21.,12.));
#687 = LINE('',#688,#689);
#688 = CARTESIAN_POINT('',(41.,21.,12.));
#689 = VECTOR('',#690,1.);
#690 = DIRECTION('',(-1.,0.,0.));
#691 = ORIENTED_EDGE('',*,*,#692,.F.);
#692 = EDGE_CURVE('',#693,#685,#695,.T.);
#693 = VERTEX_POINT('',#694);
#694 = CARTESIAN_POINT('',(43.,19.,12.));
#695 = CIRCLE('',#696,2.);
#696 = AXIS2_PLACEMENT_3D('',#697,#698,#699);
#697 = CARTESIAN_POINT('',(41.,19.,12.));
#698 = DIRECTION('',(0.,0.,1.));
#699 = DIRECTION('',(1.,0.,0.));
#700 = ORIENTED_EDGE('',*,*,#701,.F.);
#701 = EDGE_CURVE('',#702,#693,#704,.T.);
#702 = VERTEX_POINT('',#703);
#703 = CARTESIAN_POINT('',(43.,6.6,12.));
#704 = LINE('',#705,#706);
#705 = CARTESIAN_POINT('',(43.,6.6,12.));
#706 = VECTOR('',#707,1.);
#707 = DIRECTION('',(0.,1.,0.));
#708 = ORIENTED_EDGE('',*,*,#709,.F.);
#709 = EDGE_CURVE('',#710,#702,#712,.T.);
#710 = VERTEX_POINT('',#711);
#711 = CARTESIAN_POINT('',(41.4,5.,12.));
#712 = CIRCLE('',#713,1.6);
#713 = AXIS2_PLACEMENT_3D('',#714,#715,#716);
#714 = CARTESIAN_POINT('',(41.4,6.6,12.));
#715 = DIRECTION('',(0.,0.,1.));
#716 = DIRECTION('',(1.,0.,0.));
#717 = ORIENTED_EDGE('',*,*,#718,.F.);
#718 = EDGE_CURVE('',#719,#710,#721,.T.);
#719 = VERTEX_POINT('',#720);
#720 = CARTESIAN_POINT('',(45.,5.,12.));
#721 = LINE('',#722,#723);
#722 = CARTESIAN_POINT('',(45.,5.,12.));
#723 = VECTOR('',#724,1.);
#724 = DIRECTION('',(-1.,0.,0.));
#725 = ORIENTED_EDGE('',*,*,#726,.F.);
#726 = EDGE_CURVE('',#727,#719,#729,.T.);
#727 = VERTEX_POINT('',#728);
#728 = CARTESIAN_POINT('',(45.,15.,12.));
#729 = LINE('',#730,#731);
#730 = CARTESIAN_POINT('',(45.,15.,12.));
#731 = VECTOR('',#732,1.);
#732 = DIRECTION('',(1.244073404152E-19,-1.,0.));
#733 = ORIENTED_EDGE('',*,*,#734,.F.);
#734 = EDGE_CURVE('',#735,#727,#737,.T.);
#735 = VERTEX_POINT('',#736);
#736 = CARTESIAN_POINT('',(44.7,20.333693013329,12.));
#737 = LINE('',#738,#739);
#738 = CARTESIAN_POINT('',(44.7,20.333693013329,12.));
#739 = VECTOR('',#740,1.);
#740 = DIRECTION('',(5.61574460494E-02,-0.998421925467,0.));
#741 = ORIENTED_EDGE('',*,*,#742,.T.);
#742 = EDGE_CURVE('',#735,#743,#745,.T.);
#743 = VERTEX_POINT('',#744);
#744 = CARTESIAN_POINT('',(43.902525230193,21.629481566184,12.));
#745 = CIRCLE('',#746,1.6);
#746 = AXIS2_PLACEMENT_3D('',#747,#748,#749);
#747 = CARTESIAN_POINT('',(43.102524919253,20.24384109965,12.));
#748 = DIRECTION('',(0.,0.,1.));
#749 = DIRECTION('',(1.,0.,0.));
#750 = ORIENTED_EDGE('',*,*,#751,.F.);
#751 = EDGE_CURVE('',#752,#743,#754,.T.);
#752 = VERTEX_POINT('',#753);
#753 = CARTESIAN_POINT('',(41.90000031094,22.785640466534,12.));
#754 = LINE('',#755,#756);
#755 = CARTESIAN_POINT('',(41.90000031094,22.785640466534,12.));
#756 = VECTOR('',#757,1.);
#757 = DIRECTION('',(0.866025291584,-0.500000194338,0.));
#758 = ORIENTED_EDGE('',*,*,#759,.T.);
#759 = EDGE_CURVE('',#752,#760,#762,.T.);
#760 = VERTEX_POINT('',#761);
#761 = CARTESIAN_POINT('',(41.1,23.,12.));
#762 = CIRCLE('',#763,1.6);
#763 = AXIS2_PLACEMENT_3D('',#764,#765,#766);
#764 = CARTESIAN_POINT('',(41.1,21.4,12.));
#765 = DIRECTION('',(0.,0.,1.));
#766 = DIRECTION('',(1.,0.,0.));
#767 = ORIENTED_EDGE('',*,*,#768,.F.);
#768 = EDGE_CURVE('',#769,#760,#771,.T.);
#769 = VERTEX_POINT('',#770);
#770 = CARTESIAN_POINT('',(38.6,23.,12.));
#771 = LINE('',#772,#773);
#772 = CARTESIAN_POINT('',(38.6,23.,12.));
#773 = VECTOR('',#774,1.);
#774 = DIRECTION('',(1.,0.,0.));
#775 = ORIENTED_EDGE('',*,*,#776,.F.);
#776 = EDGE_CURVE('',#96,#769,#777,.T.);
#777 = CIRCLE('',#778,1.6);
#778 = AXIS2_PLACEMENT_3D('',#779,#780,#781);
#779 = CARTESIAN_POINT('',(38.6,24.6,12.));
#780 = DIRECTION('',(0.,0.,1.));
#781 = DIRECTION('',(1.,0.,0.));
#782 = ORIENTED_EDGE('',*,*,#95,.F.);
#783 = PLANE('',#784);
#784 = AXIS2_PLACEMENT_3D('',#785,#786,#787);
#785 = CARTESIAN_POINT('',(38.838966731341,16.474146133606,12.));
#786 = DIRECTION('',(0.,0.,1.));
#787 = DIRECTION('',(1.,0.,0.));
#788 = ADVANCED_FACE('',(#789),#800,.F.);
#789 = FACE_BOUND('',#790,.F.);
#790 = EDGE_LOOP('',(#791,#792,#793,#799));
#791 = ORIENTED_EDGE('',*,*,#71,.T.);
#792 = ORIENTED_EDGE('',*,*,#634,.T.);
#793 = ORIENTED_EDGE('',*,*,#794,.F.);
#794 = EDGE_CURVE('',#439,#635,#795,.T.);
#795 = LINE('',#796,#797);
#796 = CARTESIAN_POINT('',(35.,15.,0.));
#797 = VECTOR('',#798,1.);
#798 = DIRECTION('',(0.,0.,1.));
#799 = ORIENTED_EDGE('',*,*,#446,.F.);
#800 = PLANE('',#801);
#801 = AXIS2_PLACEMENT_3D('',#802,#803,#804);
#802 = CARTESIAN_POINT('',(35.500311964002,35.0249766027,0.));
#803 = DIRECTION('',(0.999688035998,-2.497660269985E-02,0.));
#804 = DIRECTION('',(-2.497660269985E-02,-0.999688035998,0.));
#805 = ADVANCED_FACE('',(#806),#817,.F.);
#806 = FACE_BOUND('',#807,.T.);
#807 = EDGE_LOOP('',(#808,#809,#810,#816));
#808 = ORIENTED_EDGE('',*,*,#103,.T.);
#809 = ORIENTED_EDGE('',*,*,#776,.T.);
#810 = ORIENTED_EDGE('',*,*,#811,.F.);
#811 = EDGE_CURVE('',#456,#769,#812,.T.);
#812 = LINE('',#813,#814);
#813 = CARTESIAN_POINT('',(38.6,23.,0.));
#814 = VECTOR('',#815,1.);
#815 = DIRECTION('',(0.,0.,1.));
#816 = ORIENTED_EDGE('',*,*,#455,.F.);
#817 = CYLINDRICAL_SURFACE('',#818,1.6);
#818 = AXIS2_PLACEMENT_3D('',#819,#820,#821);
#819 = CARTESIAN_POINT('',(38.6,24.6,0.));
#820 = DIRECTION('',(-0.,-0.,-1.));
#821 = DIRECTION('',(1.,0.,0.));
#822 = ADVANCED_FACE('',(#823),#849,.T.);
#823 = FACE_BOUND('',#824,.F.);
#824 = EDGE_LOOP('',(#825,#833,#842,#848));
#825 = ORIENTED_EDGE('',*,*,#826,.T.);
#826 = EDGE_CURVE('',#126,#827,#829,.T.);
#827 = VERTEX_POINT('',#828);
#828 = CARTESIAN_POINT('',(-8.5,36.,12.));
#829 = LINE('',#830,#831);
#830 = CARTESIAN_POINT('',(-8.5,36.,0.));
#831 = VECTOR('',#832,1.);
#832 = DIRECTION('',(0.,0.,1.));
#833 = ORIENTED_EDGE('',*,*,#834,.T.);
#834 = EDGE_CURVE('',#827,#835,#837,.T.);
#835 = VERTEX_POINT('',#836);
#836 = CARTESIAN_POINT('',(-9.499688035998,35.0249766027,12.));
#837 = CIRCLE('',#838,1.);
#838 = AXIS2_PLACEMENT_3D('',#839,#840,#841);
#839 = CARTESIAN_POINT('',(-8.5,35.,12.));
#840 = DIRECTION('',(0.,0.,1.));
#841 = DIRECTION('',(1.,0.,0.));
#842 = ORIENTED_EDGE('',*,*,#843,.F.);
#843 = EDGE_CURVE('',#128,#835,#844,.T.);
#844 = LINE('',#845,#846);
#845 = CARTESIAN_POINT('',(-9.499688035998,35.0249766027,0.));
#846 = VECTOR('',#847,1.);
#847 = DIRECTION('',(0.,0.,1.));
#848 = ORIENTED_EDGE('',*,*,#125,.F.);
#849 = CYLINDRICAL_SURFACE('',#850,1.);
#850 = AXIS2_PLACEMENT_3D('',#851,#852,#853);
#851 = CARTESIAN_POINT('',(-8.5,35.,0.));
#852 = DIRECTION('',(-0.,-0.,-1.));
#853 = DIRECTION('',(1.,0.,0.));
#854 = ADVANCED_FACE('',(#855),#873,.F.);
#855 = FACE_BOUND('',#856,.F.);
#856 = EDGE_LOOP('',(#857,#858,#866,#872));
#857 = ORIENTED_EDGE('',*,*,#843,.T.);
#858 = ORIENTED_EDGE('',*,*,#859,.T.);
#859 = EDGE_CURVE('',#835,#860,#862,.T.);
#860 = VERTEX_POINT('',#861);
#861 = CARTESIAN_POINT('',(-10.,15.,12.));
#862 = LINE('',#863,#864);
#863 = CARTESIAN_POINT('',(-9.499688035998,35.0249766027,12.));
#864 = VECTOR('',#865,1.);
#865 = DIRECTION('',(-2.497660269985E-02,-0.999688035998,0.));
#866 = ORIENTED_EDGE('',*,*,#867,.F.);
#867 = EDGE_CURVE('',#523,#860,#868,.T.);
#868 = LINE('',#869,#870);
#869 = CARTESIAN_POINT('',(-10.,15.,0.));
#870 = VECTOR('',#871,1.);
#871 = DIRECTION('',(0.,0.,1.));
#872 = ORIENTED_EDGE('',*,*,#530,.F.);
#873 = PLANE('',#874);
#874 = AXIS2_PLACEMENT_3D('',#875,#876,#877);
#875 = CARTESIAN_POINT('',(-9.499688035998,35.0249766027,0.));
#876 = DIRECTION('',(0.999688035998,-2.497660269985E-02,0.));
#877 = DIRECTION('',(-2.497660269985E-02,-0.999688035998,0.));
#878 = ADVANCED_FACE('',(#879),#913,.T.);
#879 = FACE_BOUND('',#880,.T.);
#880 = EDGE_LOOP('',(#881,#882,#883,#891,#899,#907));
#881 = ORIENTED_EDGE('',*,*,#867,.F.);
#882 = ORIENTED_EDGE('',*,*,#522,.T.);
#883 = ORIENTED_EDGE('',*,*,#884,.T.);
#884 = EDGE_CURVE('',#515,#885,#887,.T.);
#885 = VERTEX_POINT('',#886);
#886 = CARTESIAN_POINT('',(-10.,0.,15.));
#887 = LINE('',#888,#889);
#888 = CARTESIAN_POINT('',(-10.,0.,12.));
#889 = VECTOR('',#890,1.);
#890 = DIRECTION('',(0.,0.,1.));
#891 = ORIENTED_EDGE('',*,*,#892,.F.);
#892 = EDGE_CURVE('',#893,#885,#895,.T.);
#893 = VERTEX_POINT('',#894);
#894 = CARTESIAN_POINT('',(-10.,5.,15.));
#895 = LINE('',#896,#897);
#896 = CARTESIAN_POINT('',(-10.,5.,15.));
#897 = VECTOR('',#898,1.);
#898 = DIRECTION('',(0.,-1.,0.));
#899 = ORIENTED_EDGE('',*,*,#900,.F.);
#900 = EDGE_CURVE('',#901,#893,#903,.T.);
#901 = VERTEX_POINT('',#902);
#902 = CARTESIAN_POINT('',(-10.,5.,12.));
#903 = LINE('',#904,#905);
#904 = CARTESIAN_POINT('',(-10.,5.,12.));
#905 = VECTOR('',#906,1.);
#906 = DIRECTION('',(0.,0.,1.));
#907 = ORIENTED_EDGE('',*,*,#908,.F.);
#908 = EDGE_CURVE('',#860,#901,#909,.T.);
#909 = LINE('',#910,#911);
#910 = CARTESIAN_POINT('',(-10.,15.,12.));
#911 = VECTOR('',#912,1.);
#912 = DIRECTION('',(0.,-1.,0.));
#913 = PLANE('',#914);
#914 = AXIS2_PLACEMENT_3D('',#915,#916,#917);
#915 = CARTESIAN_POINT('',(-10.,7.,7.));
#916 = DIRECTION('',(-1.,-0.,-0.));
#917 = DIRECTION('',(0.,0.,-1.));
#918 = ADVANCED_FACE('',(#919),#1033,.T.);
#919 = FACE_BOUND('',#920,.T.);
#920 = EDGE_LOOP('',(#921,#931,#939,#945,#946,#947,#955,#963,#971,#979,
    #987,#995,#1003,#1011,#1019,#1027));
#921 = ORIENTED_EDGE('',*,*,#922,.F.);
#922 = EDGE_CURVE('',#923,#925,#927,.T.);
#923 = VERTEX_POINT('',#924);
#924 = CARTESIAN_POINT('',(0.,0.,0.3));
#925 = VERTEX_POINT('',#926);
#926 = CARTESIAN_POINT('',(5.,0.,0.3));
#927 = LINE('',#928,#929);
#928 = CARTESIAN_POINT('',(0.,0.,0.3));
#929 = VECTOR('',#930,1.);
#930 = DIRECTION('',(1.,0.,0.));
#931 = ORIENTED_EDGE('',*,*,#932,.T.);
#932 = EDGE_CURVE('',#923,#933,#935,.T.);
#933 = VERTEX_POINT('',#934);
#934 = CARTESIAN_POINT('',(0.,0.,15.));
#935 = LINE('',#936,#937);
#936 = CARTESIAN_POINT('',(0.,0.,12.));
#937 = VECTOR('',#938,1.);
#938 = DIRECTION('',(0.,0.,1.));
#939 = ORIENTED_EDGE('',*,*,#940,.F.);
#940 = EDGE_CURVE('',#885,#933,#941,.T.);
#941 = LINE('',#942,#943);
#942 = CARTESIAN_POINT('',(-10.,0.,15.));
#943 = VECTOR('',#944,1.);
#944 = DIRECTION('',(1.,0.,0.));
#945 = ORIENTED_EDGE('',*,*,#884,.F.);
#946 = ORIENTED_EDGE('',*,*,#514,.T.);
#947 = ORIENTED_EDGE('',*,*,#948,.F.);
#948 = EDGE_CURVE('',#949,#507,#951,.T.);
#949 = VERTEX_POINT('',#950);
#950 = CARTESIAN_POINT('',(45.,0.,15.));
#951 = LINE('',#952,#953);
#952 = CARTESIAN_POINT('',(45.,0.,0.3));
#953 = VECTOR('',#954,1.);
#954 = DIRECTION('',(-0.,-0.,-1.));
#955 = ORIENTED_EDGE('',*,*,#956,.F.);
#956 = EDGE_CURVE('',#957,#949,#959,.T.);
#957 = VERTEX_POINT('',#958);
#958 = CARTESIAN_POINT('',(35.,0.,15.));
#959 = LINE('',#960,#961);
#960 = CARTESIAN_POINT('',(35.,0.,15.));
#961 = VECTOR('',#962,1.);
#962 = DIRECTION('',(1.,0.,0.));
#963 = ORIENTED_EDGE('',*,*,#964,.F.);
#964 = EDGE_CURVE('',#965,#957,#967,.T.);
#965 = VERTEX_POINT('',#966);
#966 = CARTESIAN_POINT('',(35.,0.,0.3));
#967 = LINE('',#968,#969);
#968 = CARTESIAN_POINT('',(35.,0.,12.));
#969 = VECTOR('',#970,1.);
#970 = DIRECTION('',(0.,0.,1.));
#971 = ORIENTED_EDGE('',*,*,#972,.F.);
#972 = EDGE_CURVE('',#973,#965,#975,.T.);
#973 = VERTEX_POINT('',#974);
#974 = CARTESIAN_POINT('',(30.,0.,0.3));
#975 = LINE('',#976,#977);
#976 = CARTESIAN_POINT('',(30.,0.,0.3));
#977 = VECTOR('',#978,1.);
#978 = DIRECTION('',(1.,0.,0.));
#979 = ORIENTED_EDGE('',*,*,#980,.T.);
#980 = EDGE_CURVE('',#973,#981,#983,.T.);
#981 = VERTEX_POINT('',#982);
#982 = CARTESIAN_POINT('',(30.,0.,15.));
#983 = LINE('',#984,#985);
#984 = CARTESIAN_POINT('',(30.,0.,12.));
#985 = VECTOR('',#986,1.);
#986 = DIRECTION('',(0.,0.,1.));
#987 = ORIENTED_EDGE('',*,*,#988,.F.);
#988 = EDGE_CURVE('',#989,#981,#991,.T.);
#989 = VERTEX_POINT('',#990);
#990 = CARTESIAN_POINT('',(20.,0.,15.));
#991 = LINE('',#992,#993);
#992 = CARTESIAN_POINT('',(20.,0.,15.));
#993 = VECTOR('',#994,1.);
#994 = DIRECTION('',(1.,0.,0.));
#995 = ORIENTED_EDGE('',*,*,#996,.F.);
#996 = EDGE_CURVE('',#997,#989,#999,.T.);
#997 = VERTEX_POINT('',#998);
#998 = CARTESIAN_POINT('',(20.,0.,0.3));
#999 = LINE('',#1000,#1001);
#1000 = CARTESIAN_POINT('',(20.,0.,12.));
#1001 = VECTOR('',#1002,1.);
#1002 = DIRECTION('',(0.,0.,1.));
#1003 = ORIENTED_EDGE('',*,*,#1004,.F.);
#1004 = EDGE_CURVE('',#1005,#997,#1007,.T.);
#1005 = VERTEX_POINT('',#1006);
#1006 = CARTESIAN_POINT('',(15.,0.,0.3));
#1007 = LINE('',#1008,#1009);
#1008 = CARTESIAN_POINT('',(15.,0.,0.3));
#1009 = VECTOR('',#1010,1.);
#1010 = DIRECTION('',(1.,0.,0.));
#1011 = ORIENTED_EDGE('',*,*,#1012,.T.);
#1012 = EDGE_CURVE('',#1005,#1013,#1015,.T.);
#1013 = VERTEX_POINT('',#1014);
#1014 = CARTESIAN_POINT('',(15.,0.,15.));
#1015 = LINE('',#1016,#1017);
#1016 = CARTESIAN_POINT('',(15.,0.,12.));
#1017 = VECTOR('',#1018,1.);
#1018 = DIRECTION('',(0.,0.,1.));
#1019 = ORIENTED_EDGE('',*,*,#1020,.F.);
#1020 = EDGE_CURVE('',#1021,#1013,#1023,.T.);
#1021 = VERTEX_POINT('',#1022);
#1022 = CARTESIAN_POINT('',(5.,0.,15.));
#1023 = LINE('',#1024,#1025);
#1024 = CARTESIAN_POINT('',(5.,0.,15.));
#1025 = VECTOR('',#1026,1.);
#1026 = DIRECTION('',(1.,0.,0.));
#1027 = ORIENTED_EDGE('',*,*,#1028,.F.);
#1028 = EDGE_CURVE('',#925,#1021,#1029,.T.);
#1029 = LINE('',#1030,#1031);
#1030 = CARTESIAN_POINT('',(5.,0.,12.));
#1031 = VECTOR('',#1032,1.);
#1032 = DIRECTION('',(0.,0.,1.));
#1033 = PLANE('',#1034);
#1034 = AXIS2_PLACEMENT_3D('',#1035,#1036,#1037);
#1035 = CARTESIAN_POINT('',(18.765743073048,0.,6.321284634761));
#1036 = DIRECTION('',(-0.,-1.,-0.));
#1037 = DIRECTION('',(0.,0.,-1.));
#1038 = ADVANCED_FACE('',(#1039),#1055,.T.);
#1039 = FACE_BOUND('',#1040,.T.);
#1040 = EDGE_LOOP('',(#1041,#1047,#1048,#1054));
#1041 = ORIENTED_EDGE('',*,*,#1042,.T.);
#1042 = EDGE_CURVE('',#490,#735,#1043,.T.);
#1043 = LINE('',#1044,#1045);
#1044 = CARTESIAN_POINT('',(44.7,20.333693013329,0.));
#1045 = VECTOR('',#1046,1.);
#1046 = DIRECTION('',(0.,0.,1.));
#1047 = ORIENTED_EDGE('',*,*,#734,.T.);
#1048 = ORIENTED_EDGE('',*,*,#1049,.F.);
#1049 = EDGE_CURVE('',#499,#727,#1050,.T.);
#1050 = LINE('',#1051,#1052);
#1051 = CARTESIAN_POINT('',(45.,15.,0.));
#1052 = VECTOR('',#1053,1.);
#1053 = DIRECTION('',(0.,0.,1.));
#1054 = ORIENTED_EDGE('',*,*,#498,.F.);
#1055 = PLANE('',#1056);
#1056 = AXIS2_PLACEMENT_3D('',#1057,#1058,#1059);
#1057 = CARTESIAN_POINT('',(44.7,20.333693013329,0.));
#1058 = DIRECTION('',(0.998421925467,5.61574460494E-02,0.));
#1059 = DIRECTION('',(5.61574460494E-02,-0.998421925467,0.));
#1060 = ADVANCED_FACE('',(#1061),#1072,.T.);
#1061 = FACE_BOUND('',#1062,.F.);
#1062 = EDGE_LOOP('',(#1063,#1064,#1065,#1071));
#1063 = ORIENTED_EDGE('',*,*,#1042,.T.);
#1064 = ORIENTED_EDGE('',*,*,#742,.T.);
#1065 = ORIENTED_EDGE('',*,*,#1066,.F.);
#1066 = EDGE_CURVE('',#482,#743,#1067,.T.);
#1067 = LINE('',#1068,#1069);
#1068 = CARTESIAN_POINT('',(43.902525230193,21.629481566184,0.));
#1069 = VECTOR('',#1070,1.);
#1070 = DIRECTION('',(0.,0.,1.));
#1071 = ORIENTED_EDGE('',*,*,#489,.F.);
#1072 = CYLINDRICAL_SURFACE('',#1073,1.6);
#1073 = AXIS2_PLACEMENT_3D('',#1074,#1075,#1076);
#1074 = CARTESIAN_POINT('',(43.102524919253,20.24384109965,0.));
#1075 = DIRECTION('',(-0.,-0.,-1.));
#1076 = DIRECTION('',(1.,0.,0.));
#1077 = ADVANCED_FACE('',(#1078),#1089,.T.);
#1078 = FACE_BOUND('',#1079,.T.);
#1079 = EDGE_LOOP('',(#1080,#1086,#1087,#1088));
#1080 = ORIENTED_EDGE('',*,*,#1081,.T.);
#1081 = EDGE_CURVE('',#473,#752,#1082,.T.);
#1082 = LINE('',#1083,#1084);
#1083 = CARTESIAN_POINT('',(41.90000031094,22.785640466534,0.));
#1084 = VECTOR('',#1085,1.);
#1085 = DIRECTION('',(0.,0.,1.));
#1086 = ORIENTED_EDGE('',*,*,#751,.T.);
#1087 = ORIENTED_EDGE('',*,*,#1066,.F.);
#1088 = ORIENTED_EDGE('',*,*,#481,.F.);
#1089 = PLANE('',#1090);
#1090 = AXIS2_PLACEMENT_3D('',#1091,#1092,#1093);
#1091 = CARTESIAN_POINT('',(41.90000031094,22.785640466534,0.));
#1092 = DIRECTION('',(0.500000194338,0.866025291584,0.));
#1093 = DIRECTION('',(0.866025291584,-0.500000194338,0.));
#1094 = ADVANCED_FACE('',(#1095),#1106,.T.);
#1095 = FACE_BOUND('',#1096,.F.);
#1096 = EDGE_LOOP('',(#1097,#1098,#1099,#1105));
#1097 = ORIENTED_EDGE('',*,*,#1081,.T.);
#1098 = ORIENTED_EDGE('',*,*,#759,.T.);
#1099 = ORIENTED_EDGE('',*,*,#1100,.F.);
#1100 = EDGE_CURVE('',#465,#760,#1101,.T.);
#1101 = LINE('',#1102,#1103);
#1102 = CARTESIAN_POINT('',(41.1,23.,0.));
#1103 = VECTOR('',#1104,1.);
#1104 = DIRECTION('',(0.,0.,1.));
#1105 = ORIENTED_EDGE('',*,*,#472,.F.);
#1106 = CYLINDRICAL_SURFACE('',#1107,1.6);
#1107 = AXIS2_PLACEMENT_3D('',#1108,#1109,#1110);
#1108 = CARTESIAN_POINT('',(41.1,21.4,0.));
#1109 = DIRECTION('',(-0.,-0.,-1.));
#1110 = DIRECTION('',(1.,0.,0.));
#1111 = ADVANCED_FACE('',(#1112),#1118,.T.);
#1112 = FACE_BOUND('',#1113,.T.);
#1113 = EDGE_LOOP('',(#1114,#1115,#1116,#1117));
#1114 = ORIENTED_EDGE('',*,*,#811,.T.);
#1115 = ORIENTED_EDGE('',*,*,#768,.T.);
#1116 = ORIENTED_EDGE('',*,*,#1100,.F.);
#1117 = ORIENTED_EDGE('',*,*,#464,.F.);
#1118 = PLANE('',#1119);
#1119 = AXIS2_PLACEMENT_3D('',#1120,#1121,#1122);
#1120 = CARTESIAN_POINT('',(38.6,23.,0.));
#1121 = DIRECTION('',(0.,1.,0.));
#1122 = DIRECTION('',(1.,0.,0.));
#1123 = ADVANCED_FACE('',(#1124),#1158,.T.);
#1124 = FACE_BOUND('',#1125,.T.);
#1125 = EDGE_LOOP('',(#1126,#1127,#1128,#1136,#1142,#1143,#1151,#1157));
#1126 = ORIENTED_EDGE('',*,*,#794,.F.);
#1127 = ORIENTED_EDGE('',*,*,#438,.T.);
#1128 = ORIENTED_EDGE('',*,*,#1129,.T.);
#1129 = EDGE_CURVE('',#430,#1130,#1132,.T.);
#1130 = VERTEX_POINT('',#1131);
#1131 = CARTESIAN_POINT('',(35.,7.5,0.3));
#1132 = LINE('',#1133,#1134);
#1133 = CARTESIAN_POINT('',(35.,7.5,0.));
#1134 = VECTOR('',#1135,1.);
#1135 = DIRECTION('',(0.,0.,1.));
#1136 = ORIENTED_EDGE('',*,*,#1137,.F.);
#1137 = EDGE_CURVE('',#965,#1130,#1138,.T.);
#1138 = LINE('',#1139,#1140);
#1139 = CARTESIAN_POINT('',(35.,0.,0.3));
#1140 = VECTOR('',#1141,1.);
#1141 = DIRECTION('',(0.,1.,0.));
#1142 = ORIENTED_EDGE('',*,*,#964,.T.);
#1143 = ORIENTED_EDGE('',*,*,#1144,.F.);
#1144 = EDGE_CURVE('',#1145,#957,#1147,.T.);
#1145 = VERTEX_POINT('',#1146);
#1146 = CARTESIAN_POINT('',(35.,5.,15.));
#1147 = LINE('',#1148,#1149);
#1148 = CARTESIAN_POINT('',(35.,5.,15.));
#1149 = VECTOR('',#1150,1.);
#1150 = DIRECTION('',(0.,-1.,0.));
#1151 = ORIENTED_EDGE('',*,*,#1152,.F.);
#1152 = EDGE_CURVE('',#643,#1145,#1153,.T.);
#1153 = LINE('',#1154,#1155);
#1154 = CARTESIAN_POINT('',(35.,5.,12.));
#1155 = VECTOR('',#1156,1.);
#1156 = DIRECTION('',(0.,0.,1.));
#1157 = ORIENTED_EDGE('',*,*,#642,.F.);
#1158 = PLANE('',#1159);
#1159 = AXIS2_PLACEMENT_3D('',#1160,#1161,#1162);
#1160 = CARTESIAN_POINT('',(35.,7.,7.));
#1161 = DIRECTION('',(-1.,-0.,-0.));
#1162 = DIRECTION('',(0.,0.,-1.));
#1163 = ADVANCED_FACE('',(#1164),#1183,.F.);
#1164 = FACE_BOUND('',#1165,.T.);
#1165 = EDGE_LOOP('',(#1166,#1174,#1181,#1182));
#1166 = ORIENTED_EDGE('',*,*,#1167,.T.);
#1167 = EDGE_CURVE('',#422,#1168,#1170,.T.);
#1168 = VERTEX_POINT('',#1169);
#1169 = CARTESIAN_POINT('',(30.,7.5,0.3));
#1170 = LINE('',#1171,#1172);
#1171 = CARTESIAN_POINT('',(30.,7.5,0.));
#1172 = VECTOR('',#1173,1.);
#1173 = DIRECTION('',(0.,0.,1.));
#1174 = ORIENTED_EDGE('',*,*,#1175,.T.);
#1175 = EDGE_CURVE('',#1168,#1130,#1176,.T.);
#1176 = CIRCLE('',#1177,2.5);
#1177 = AXIS2_PLACEMENT_3D('',#1178,#1179,#1180);
#1178 = CARTESIAN_POINT('',(32.5,7.5,0.3));
#1179 = DIRECTION('',(0.,0.,1.));
#1180 = DIRECTION('',(1.,0.,0.));
#1181 = ORIENTED_EDGE('',*,*,#1129,.F.);
#1182 = ORIENTED_EDGE('',*,*,#429,.F.);
#1183 = CYLINDRICAL_SURFACE('',#1184,2.5);
#1184 = AXIS2_PLACEMENT_3D('',#1185,#1186,#1187);
#1185 = CARTESIAN_POINT('',(32.5,7.5,0.));
#1186 = DIRECTION('',(-0.,-0.,-1.));
#1187 = DIRECTION('',(1.,0.,0.));
#1188 = ADVANCED_FACE('',(#1189),#1230,.T.);
#1189 = FACE_BOUND('',#1190,.T.);
#1190 = EDGE_LOOP('',(#1191,#1192,#1200,#1208,#1216,#1222,#1223,#1229));
#1191 = ORIENTED_EDGE('',*,*,#421,.F.);
#1192 = ORIENTED_EDGE('',*,*,#1193,.T.);
#1193 = EDGE_CURVE('',#414,#1194,#1196,.T.);
#1194 = VERTEX_POINT('',#1195);
#1195 = CARTESIAN_POINT('',(30.,15.,12.));
#1196 = LINE('',#1197,#1198);
#1197 = CARTESIAN_POINT('',(30.,15.,0.));
#1198 = VECTOR('',#1199,1.);
#1199 = DIRECTION('',(0.,0.,1.));
#1200 = ORIENTED_EDGE('',*,*,#1201,.T.);
#1201 = EDGE_CURVE('',#1194,#1202,#1204,.T.);
#1202 = VERTEX_POINT('',#1203);
#1203 = CARTESIAN_POINT('',(30.,5.,12.));
#1204 = LINE('',#1205,#1206);
#1205 = CARTESIAN_POINT('',(30.,15.,12.));
#1206 = VECTOR('',#1207,1.);
#1207 = DIRECTION('',(1.244073404152E-19,-1.,0.));
#1208 = ORIENTED_EDGE('',*,*,#1209,.T.);
#1209 = EDGE_CURVE('',#1202,#1210,#1212,.T.);
#1210 = VERTEX_POINT('',#1211);
#1211 = CARTESIAN_POINT('',(30.,5.,15.));
#1212 = LINE('',#1213,#1214);
#1213 = CARTESIAN_POINT('',(30.,5.,12.));
#1214 = VECTOR('',#1215,1.);
#1215 = DIRECTION('',(0.,0.,1.));
#1216 = ORIENTED_EDGE('',*,*,#1217,.F.);
#1217 = EDGE_CURVE('',#981,#1210,#1218,.T.);
#1218 = LINE('',#1219,#1220);
#1219 = CARTESIAN_POINT('',(30.,0.,15.));
#1220 = VECTOR('',#1221,1.);
#1221 = DIRECTION('',(0.,1.,0.));
#1222 = ORIENTED_EDGE('',*,*,#980,.F.);
#1223 = ORIENTED_EDGE('',*,*,#1224,.F.);
#1224 = EDGE_CURVE('',#1168,#973,#1225,.T.);
#1225 = LINE('',#1226,#1227);
#1226 = CARTESIAN_POINT('',(30.,7.5,0.3));
#1227 = VECTOR('',#1228,1.);
#1228 = DIRECTION('',(0.,-1.,0.));
#1229 = ORIENTED_EDGE('',*,*,#1167,.F.);
#1230 = PLANE('',#1231);
#1231 = AXIS2_PLACEMENT_3D('',#1232,#1233,#1234);
#1232 = CARTESIAN_POINT('',(30.,7.,7.));
#1233 = DIRECTION('',(1.,0.,0.));
#1234 = DIRECTION('',(0.,0.,1.));
#1235 = ADVANCED_FACE('',(#1236),#1254,.T.);
#1236 = FACE_BOUND('',#1237,.T.);
#1237 = EDGE_LOOP('',(#1238,#1246,#1252,#1253));
#1238 = ORIENTED_EDGE('',*,*,#1239,.T.);
#1239 = EDGE_CURVE('',#405,#1240,#1242,.T.);
#1240 = VERTEX_POINT('',#1241);
#1241 = CARTESIAN_POINT('',(29.7,20.333693013329,12.));
#1242 = LINE('',#1243,#1244);
#1243 = CARTESIAN_POINT('',(29.7,20.333693013329,0.));
#1244 = VECTOR('',#1245,1.);
#1245 = DIRECTION('',(0.,0.,1.));
#1246 = ORIENTED_EDGE('',*,*,#1247,.T.);
#1247 = EDGE_CURVE('',#1240,#1194,#1248,.T.);
#1248 = LINE('',#1249,#1250);
#1249 = CARTESIAN_POINT('',(29.7,20.333693013329,12.));
#1250 = VECTOR('',#1251,1.);
#1251 = DIRECTION('',(5.61574460494E-02,-0.998421925467,0.));
#1252 = ORIENTED_EDGE('',*,*,#1193,.F.);
#1253 = ORIENTED_EDGE('',*,*,#413,.F.);
#1254 = PLANE('',#1255);
#1255 = AXIS2_PLACEMENT_3D('',#1256,#1257,#1258);
#1256 = CARTESIAN_POINT('',(29.7,20.333693013329,0.));
#1257 = DIRECTION('',(0.998421925467,5.61574460494E-02,0.));
#1258 = DIRECTION('',(5.61574460494E-02,-0.998421925467,0.));
#1259 = ADVANCED_FACE('',(#1260),#1279,.T.);
#1260 = FACE_BOUND('',#1261,.F.);
#1261 = EDGE_LOOP('',(#1262,#1263,#1272,#1278));
#1262 = ORIENTED_EDGE('',*,*,#1239,.T.);
#1263 = ORIENTED_EDGE('',*,*,#1264,.T.);
#1264 = EDGE_CURVE('',#1240,#1265,#1267,.T.);
#1265 = VERTEX_POINT('',#1266);
#1266 = CARTESIAN_POINT('',(28.902525230193,21.629481566184,12.));
#1267 = CIRCLE('',#1268,1.6);
#1268 = AXIS2_PLACEMENT_3D('',#1269,#1270,#1271);
#1269 = CARTESIAN_POINT('',(28.102524919253,20.24384109965,12.));
#1270 = DIRECTION('',(0.,0.,1.));
#1271 = DIRECTION('',(1.,0.,0.));
#1272 = ORIENTED_EDGE('',*,*,#1273,.F.);
#1273 = EDGE_CURVE('',#397,#1265,#1274,.T.);
#1274 = LINE('',#1275,#1276);
#1275 = CARTESIAN_POINT('',(28.902525230193,21.629481566184,0.));
#1276 = VECTOR('',#1277,1.);
#1277 = DIRECTION('',(0.,0.,1.));
#1278 = ORIENTED_EDGE('',*,*,#404,.F.);
#1279 = CYLINDRICAL_SURFACE('',#1280,1.6);
#1280 = AXIS2_PLACEMENT_3D('',#1281,#1282,#1283);
#1281 = CARTESIAN_POINT('',(28.102524919253,20.24384109965,0.));
#1282 = DIRECTION('',(-0.,-0.,-1.));
#1283 = DIRECTION('',(1.,0.,0.));
#1284 = ADVANCED_FACE('',(#1285),#1303,.T.);
#1285 = FACE_BOUND('',#1286,.T.);
#1286 = EDGE_LOOP('',(#1287,#1295,#1301,#1302));
#1287 = ORIENTED_EDGE('',*,*,#1288,.T.);
#1288 = EDGE_CURVE('',#388,#1289,#1291,.T.);
#1289 = VERTEX_POINT('',#1290);
#1290 = CARTESIAN_POINT('',(26.90000031094,22.785640466534,12.));
#1291 = LINE('',#1292,#1293);
#1292 = CARTESIAN_POINT('',(26.90000031094,22.785640466534,0.));
#1293 = VECTOR('',#1294,1.);
#1294 = DIRECTION('',(0.,0.,1.));
#1295 = ORIENTED_EDGE('',*,*,#1296,.T.);
#1296 = EDGE_CURVE('',#1289,#1265,#1297,.T.);
#1297 = LINE('',#1298,#1299);
#1298 = CARTESIAN_POINT('',(26.90000031094,22.785640466534,12.));
#1299 = VECTOR('',#1300,1.);
#1300 = DIRECTION('',(0.866025291584,-0.500000194338,0.));
#1301 = ORIENTED_EDGE('',*,*,#1273,.F.);
#1302 = ORIENTED_EDGE('',*,*,#396,.F.);
#1303 = PLANE('',#1304);
#1304 = AXIS2_PLACEMENT_3D('',#1305,#1306,#1307);
#1305 = CARTESIAN_POINT('',(26.90000031094,22.785640466534,0.));
#1306 = DIRECTION('',(0.500000194338,0.866025291584,0.));
#1307 = DIRECTION('',(0.866025291584,-0.500000194338,0.));
#1308 = ADVANCED_FACE('',(#1309),#1328,.T.);
#1309 = FACE_BOUND('',#1310,.F.);
#1310 = EDGE_LOOP('',(#1311,#1312,#1321,#1327));
#1311 = ORIENTED_EDGE('',*,*,#1288,.T.);
#1312 = ORIENTED_EDGE('',*,*,#1313,.T.);
#1313 = EDGE_CURVE('',#1289,#1314,#1316,.T.);
#1314 = VERTEX_POINT('',#1315);
#1315 = CARTESIAN_POINT('',(26.1,23.,12.));
#1316 = CIRCLE('',#1317,1.6);
#1317 = AXIS2_PLACEMENT_3D('',#1318,#1319,#1320);
#1318 = CARTESIAN_POINT('',(26.1,21.4,12.));
#1319 = DIRECTION('',(0.,0.,1.));
#1320 = DIRECTION('',(1.,0.,0.));
#1321 = ORIENTED_EDGE('',*,*,#1322,.F.);
#1322 = EDGE_CURVE('',#380,#1314,#1323,.T.);
#1323 = LINE('',#1324,#1325);
#1324 = CARTESIAN_POINT('',(26.1,23.,0.));
#1325 = VECTOR('',#1326,1.);
#1326 = DIRECTION('',(0.,0.,1.));
#1327 = ORIENTED_EDGE('',*,*,#387,.F.);
#1328 = CYLINDRICAL_SURFACE('',#1329,1.6);
#1329 = AXIS2_PLACEMENT_3D('',#1330,#1331,#1332);
#1330 = CARTESIAN_POINT('',(26.1,21.4,0.));
#1331 = DIRECTION('',(-0.,-0.,-1.));
#1332 = DIRECTION('',(1.,0.,0.));
#1333 = ADVANCED_FACE('',(#1334),#1352,.T.);
#1334 = FACE_BOUND('',#1335,.T.);
#1335 = EDGE_LOOP('',(#1336,#1344,#1350,#1351));
#1336 = ORIENTED_EDGE('',*,*,#1337,.T.);
#1337 = EDGE_CURVE('',#371,#1338,#1340,.T.);
#1338 = VERTEX_POINT('',#1339);
#1339 = CARTESIAN_POINT('',(23.6,23.,12.));
#1340 = LINE('',#1341,#1342);
#1341 = CARTESIAN_POINT('',(23.6,23.,0.));
#1342 = VECTOR('',#1343,1.);
#1343 = DIRECTION('',(0.,0.,1.));
#1344 = ORIENTED_EDGE('',*,*,#1345,.T.);
#1345 = EDGE_CURVE('',#1338,#1314,#1346,.T.);
#1346 = LINE('',#1347,#1348);
#1347 = CARTESIAN_POINT('',(23.6,23.,12.));
#1348 = VECTOR('',#1349,1.);
#1349 = DIRECTION('',(1.,0.,0.));
#1350 = ORIENTED_EDGE('',*,*,#1322,.F.);
#1351 = ORIENTED_EDGE('',*,*,#379,.F.);
#1352 = PLANE('',#1353);
#1353 = AXIS2_PLACEMENT_3D('',#1354,#1355,#1356);
#1354 = CARTESIAN_POINT('',(23.6,23.,0.));
#1355 = DIRECTION('',(0.,1.,0.));
#1356 = DIRECTION('',(1.,0.,0.));
#1357 = ADVANCED_FACE('',(#1358),#1377,.F.);
#1358 = FACE_BOUND('',#1359,.T.);
#1359 = EDGE_LOOP('',(#1360,#1368,#1375,#1376));
#1360 = ORIENTED_EDGE('',*,*,#1361,.T.);
#1361 = EDGE_CURVE('',#363,#1362,#1364,.T.);
#1362 = VERTEX_POINT('',#1363);
#1363 = CARTESIAN_POINT('',(22.,24.6,12.));
#1364 = LINE('',#1365,#1366);
#1365 = CARTESIAN_POINT('',(22.,24.6,0.));
#1366 = VECTOR('',#1367,1.);
#1367 = DIRECTION('',(0.,0.,1.));
#1368 = ORIENTED_EDGE('',*,*,#1369,.T.);
#1369 = EDGE_CURVE('',#1362,#1338,#1370,.T.);
#1370 = CIRCLE('',#1371,1.6);
#1371 = AXIS2_PLACEMENT_3D('',#1372,#1373,#1374);
#1372 = CARTESIAN_POINT('',(23.6,24.6,12.));
#1373 = DIRECTION('',(0.,0.,1.));
#1374 = DIRECTION('',(1.,0.,0.));
#1375 = ORIENTED_EDGE('',*,*,#1337,.F.);
#1376 = ORIENTED_EDGE('',*,*,#370,.F.);
#1377 = CYLINDRICAL_SURFACE('',#1378,1.6);
#1378 = AXIS2_PLACEMENT_3D('',#1379,#1380,#1381);
#1379 = CARTESIAN_POINT('',(23.6,24.6,0.));
#1380 = DIRECTION('',(-0.,-0.,-1.));
#1381 = DIRECTION('',(1.,0.,0.));
#1382 = ADVANCED_FACE('',(#1383),#1401,.T.);
#1383 = FACE_BOUND('',#1384,.T.);
#1384 = EDGE_LOOP('',(#1385,#1393,#1399,#1400));
#1385 = ORIENTED_EDGE('',*,*,#1386,.T.);
#1386 = EDGE_CURVE('',#355,#1387,#1389,.T.);
#1387 = VERTEX_POINT('',#1388);
#1388 = CARTESIAN_POINT('',(22.,36.,12.));
#1389 = LINE('',#1390,#1391);
#1390 = CARTESIAN_POINT('',(22.,36.,0.));
#1391 = VECTOR('',#1392,1.);
#1392 = DIRECTION('',(0.,0.,1.));
#1393 = ORIENTED_EDGE('',*,*,#1394,.T.);
#1394 = EDGE_CURVE('',#1387,#1362,#1395,.T.);
#1395 = LINE('',#1396,#1397);
#1396 = CARTESIAN_POINT('',(22.,36.,12.));
#1397 = VECTOR('',#1398,1.);
#1398 = DIRECTION('',(0.,-1.,0.));
#1399 = ORIENTED_EDGE('',*,*,#1361,.F.);
#1400 = ORIENTED_EDGE('',*,*,#362,.F.);
#1401 = PLANE('',#1402);
#1402 = AXIS2_PLACEMENT_3D('',#1403,#1404,#1405);
#1403 = CARTESIAN_POINT('',(22.,36.,0.));
#1404 = DIRECTION('',(1.,0.,0.));
#1405 = DIRECTION('',(0.,-1.,0.));
#1406 = ADVANCED_FACE('',(#1407),#1425,.T.);
#1407 = FACE_BOUND('',#1408,.T.);
#1408 = EDGE_LOOP('',(#1409,#1417,#1423,#1424));
#1409 = ORIENTED_EDGE('',*,*,#1410,.T.);
#1410 = EDGE_CURVE('',#346,#1411,#1413,.T.);
#1411 = VERTEX_POINT('',#1412);
#1412 = CARTESIAN_POINT('',(21.5,36.,12.));
#1413 = LINE('',#1414,#1415);
#1414 = CARTESIAN_POINT('',(21.5,36.,0.));
#1415 = VECTOR('',#1416,1.);
#1416 = DIRECTION('',(0.,0.,1.));
#1417 = ORIENTED_EDGE('',*,*,#1418,.T.);
#1418 = EDGE_CURVE('',#1411,#1387,#1419,.T.);
#1419 = LINE('',#1420,#1421);
#1420 = CARTESIAN_POINT('',(21.5,36.,12.));
#1421 = VECTOR('',#1422,1.);
#1422 = DIRECTION('',(1.,0.,0.));
#1423 = ORIENTED_EDGE('',*,*,#1386,.F.);
#1424 = ORIENTED_EDGE('',*,*,#354,.F.);
#1425 = PLANE('',#1426);
#1426 = AXIS2_PLACEMENT_3D('',#1427,#1428,#1429);
#1427 = CARTESIAN_POINT('',(21.5,36.,0.));
#1428 = DIRECTION('',(0.,1.,0.));
#1429 = DIRECTION('',(1.,0.,0.));
#1430 = ADVANCED_FACE('',(#1431),#1450,.T.);
#1431 = FACE_BOUND('',#1432,.F.);
#1432 = EDGE_LOOP('',(#1433,#1434,#1443,#1449));
#1433 = ORIENTED_EDGE('',*,*,#1410,.T.);
#1434 = ORIENTED_EDGE('',*,*,#1435,.T.);
#1435 = EDGE_CURVE('',#1411,#1436,#1438,.T.);
#1436 = VERTEX_POINT('',#1437);
#1437 = CARTESIAN_POINT('',(20.500311964002,35.0249766027,12.));
#1438 = CIRCLE('',#1439,1.);
#1439 = AXIS2_PLACEMENT_3D('',#1440,#1441,#1442);
#1440 = CARTESIAN_POINT('',(21.5,35.,12.));
#1441 = DIRECTION('',(0.,0.,1.));
#1442 = DIRECTION('',(1.,0.,0.));
#1443 = ORIENTED_EDGE('',*,*,#1444,.F.);
#1444 = EDGE_CURVE('',#338,#1436,#1445,.T.);
#1445 = LINE('',#1446,#1447);
#1446 = CARTESIAN_POINT('',(20.500311964002,35.0249766027,0.));
#1447 = VECTOR('',#1448,1.);
#1448 = DIRECTION('',(0.,0.,1.));
#1449 = ORIENTED_EDGE('',*,*,#345,.F.);
#1450 = CYLINDRICAL_SURFACE('',#1451,1.);
#1451 = AXIS2_PLACEMENT_3D('',#1452,#1453,#1454);
#1452 = CARTESIAN_POINT('',(21.5,35.,0.));
#1453 = DIRECTION('',(-0.,-0.,-1.));
#1454 = DIRECTION('',(1.,0.,0.));
#1455 = ADVANCED_FACE('',(#1456),#1474,.F.);
#1456 = FACE_BOUND('',#1457,.F.);
#1457 = EDGE_LOOP('',(#1458,#1459,#1467,#1473));
#1458 = ORIENTED_EDGE('',*,*,#1444,.T.);
#1459 = ORIENTED_EDGE('',*,*,#1460,.T.);
#1460 = EDGE_CURVE('',#1436,#1461,#1463,.T.);
#1461 = VERTEX_POINT('',#1462);
#1462 = CARTESIAN_POINT('',(20.,15.,12.));
#1463 = LINE('',#1464,#1465);
#1464 = CARTESIAN_POINT('',(20.500311964002,35.0249766027,12.));
#1465 = VECTOR('',#1466,1.);
#1466 = DIRECTION('',(-2.497660269985E-02,-0.999688035998,0.));
#1467 = ORIENTED_EDGE('',*,*,#1468,.F.);
#1468 = EDGE_CURVE('',#330,#1461,#1469,.T.);
#1469 = LINE('',#1470,#1471);
#1470 = CARTESIAN_POINT('',(20.,15.,0.));
#1471 = VECTOR('',#1472,1.);
#1472 = DIRECTION('',(0.,0.,1.));
#1473 = ORIENTED_EDGE('',*,*,#337,.F.);
#1474 = PLANE('',#1475);
#1475 = AXIS2_PLACEMENT_3D('',#1476,#1477,#1478);
#1476 = CARTESIAN_POINT('',(20.500311964002,35.0249766027,0.));
#1477 = DIRECTION('',(0.999688035998,-2.497660269985E-02,0.));
#1478 = DIRECTION('',(-2.497660269985E-02,-0.999688035998,0.));
#1479 = ADVANCED_FACE('',(#1480),#1521,.T.);
#1480 = FACE_BOUND('',#1481,.T.);
#1481 = EDGE_LOOP('',(#1482,#1483,#1484,#1492,#1498,#1499,#1507,#1515));
#1482 = ORIENTED_EDGE('',*,*,#1468,.F.);
#1483 = ORIENTED_EDGE('',*,*,#329,.T.);
#1484 = ORIENTED_EDGE('',*,*,#1485,.T.);
#1485 = EDGE_CURVE('',#321,#1486,#1488,.T.);
#1486 = VERTEX_POINT('',#1487);
#1487 = CARTESIAN_POINT('',(20.,7.5,0.3));
#1488 = LINE('',#1489,#1490);
#1489 = CARTESIAN_POINT('',(20.,7.5,0.));
#1490 = VECTOR('',#1491,1.);
#1491 = DIRECTION('',(0.,0.,1.));
#1492 = ORIENTED_EDGE('',*,*,#1493,.F.);
#1493 = EDGE_CURVE('',#997,#1486,#1494,.T.);
#1494 = LINE('',#1495,#1496);
#1495 = CARTESIAN_POINT('',(20.,0.,0.3));
#1496 = VECTOR('',#1497,1.);
#1497 = DIRECTION('',(0.,1.,0.));
#1498 = ORIENTED_EDGE('',*,*,#996,.T.);
#1499 = ORIENTED_EDGE('',*,*,#1500,.F.);
#1500 = EDGE_CURVE('',#1501,#989,#1503,.T.);
#1501 = VERTEX_POINT('',#1502);
#1502 = CARTESIAN_POINT('',(20.,5.,15.));
#1503 = LINE('',#1504,#1505);
#1504 = CARTESIAN_POINT('',(20.,5.,15.));
#1505 = VECTOR('',#1506,1.);
#1506 = DIRECTION('',(0.,-1.,0.));
#1507 = ORIENTED_EDGE('',*,*,#1508,.F.);
#1508 = EDGE_CURVE('',#1509,#1501,#1511,.T.);
#1509 = VERTEX_POINT('',#1510);
#1510 = CARTESIAN_POINT('',(20.,5.,12.));
#1511 = LINE('',#1512,#1513);
#1512 = CARTESIAN_POINT('',(20.,5.,12.));
#1513 = VECTOR('',#1514,1.);
#1514 = DIRECTION('',(0.,0.,1.));
#1515 = ORIENTED_EDGE('',*,*,#1516,.F.);
#1516 = EDGE_CURVE('',#1461,#1509,#1517,.T.);
#1517 = LINE('',#1518,#1519);
#1518 = CARTESIAN_POINT('',(20.,15.,12.));
#1519 = VECTOR('',#1520,1.);
#1520 = DIRECTION('',(0.,-1.,0.));
#1521 = PLANE('',#1522);
#1522 = AXIS2_PLACEMENT_3D('',#1523,#1524,#1525);
#1523 = CARTESIAN_POINT('',(20.,7.,7.));
#1524 = DIRECTION('',(-1.,-0.,-0.));
#1525 = DIRECTION('',(0.,0.,-1.));
#1526 = ADVANCED_FACE('',(#1527),#1546,.F.);
#1527 = FACE_BOUND('',#1528,.T.);
#1528 = EDGE_LOOP('',(#1529,#1537,#1544,#1545));
#1529 = ORIENTED_EDGE('',*,*,#1530,.T.);
#1530 = EDGE_CURVE('',#313,#1531,#1533,.T.);
#1531 = VERTEX_POINT('',#1532);
#1532 = CARTESIAN_POINT('',(15.,7.5,0.3));
#1533 = LINE('',#1534,#1535);
#1534 = CARTESIAN_POINT('',(15.,7.5,0.));
#1535 = VECTOR('',#1536,1.);
#1536 = DIRECTION('',(0.,0.,1.));
#1537 = ORIENTED_EDGE('',*,*,#1538,.T.);
#1538 = EDGE_CURVE('',#1531,#1486,#1539,.T.);
#1539 = CIRCLE('',#1540,2.5);
#1540 = AXIS2_PLACEMENT_3D('',#1541,#1542,#1543);
#1541 = CARTESIAN_POINT('',(17.5,7.5,0.3));
#1542 = DIRECTION('',(0.,0.,1.));
#1543 = DIRECTION('',(1.,0.,0.));
#1544 = ORIENTED_EDGE('',*,*,#1485,.F.);
#1545 = ORIENTED_EDGE('',*,*,#320,.F.);
#1546 = CYLINDRICAL_SURFACE('',#1547,2.5);
#1547 = AXIS2_PLACEMENT_3D('',#1548,#1549,#1550);
#1548 = CARTESIAN_POINT('',(17.5,7.5,0.));
#1549 = DIRECTION('',(-0.,-0.,-1.));
#1550 = DIRECTION('',(1.,0.,0.));
#1551 = ADVANCED_FACE('',(#1552),#1593,.T.);
#1552 = FACE_BOUND('',#1553,.T.);
#1553 = EDGE_LOOP('',(#1554,#1555,#1563,#1571,#1579,#1585,#1586,#1592));
#1554 = ORIENTED_EDGE('',*,*,#312,.F.);
#1555 = ORIENTED_EDGE('',*,*,#1556,.T.);
#1556 = EDGE_CURVE('',#305,#1557,#1559,.T.);
#1557 = VERTEX_POINT('',#1558);
#1558 = CARTESIAN_POINT('',(15.,15.,12.));
#1559 = LINE('',#1560,#1561);
#1560 = CARTESIAN_POINT('',(15.,15.,0.));
#1561 = VECTOR('',#1562,1.);
#1562 = DIRECTION('',(0.,0.,1.));
#1563 = ORIENTED_EDGE('',*,*,#1564,.T.);
#1564 = EDGE_CURVE('',#1557,#1565,#1567,.T.);
#1565 = VERTEX_POINT('',#1566);
#1566 = CARTESIAN_POINT('',(15.,5.,12.));
#1567 = LINE('',#1568,#1569);
#1568 = CARTESIAN_POINT('',(15.,15.,12.));
#1569 = VECTOR('',#1570,1.);
#1570 = DIRECTION('',(1.244073404152E-19,-1.,0.));
#1571 = ORIENTED_EDGE('',*,*,#1572,.T.);
#1572 = EDGE_CURVE('',#1565,#1573,#1575,.T.);
#1573 = VERTEX_POINT('',#1574);
#1574 = CARTESIAN_POINT('',(15.,5.,15.));
#1575 = LINE('',#1576,#1577);
#1576 = CARTESIAN_POINT('',(15.,5.,12.));
#1577 = VECTOR('',#1578,1.);
#1578 = DIRECTION('',(0.,0.,1.));
#1579 = ORIENTED_EDGE('',*,*,#1580,.F.);
#1580 = EDGE_CURVE('',#1013,#1573,#1581,.T.);
#1581 = LINE('',#1582,#1583);
#1582 = CARTESIAN_POINT('',(15.,0.,15.));
#1583 = VECTOR('',#1584,1.);
#1584 = DIRECTION('',(0.,1.,0.));
#1585 = ORIENTED_EDGE('',*,*,#1012,.F.);
#1586 = ORIENTED_EDGE('',*,*,#1587,.F.);
#1587 = EDGE_CURVE('',#1531,#1005,#1588,.T.);
#1588 = LINE('',#1589,#1590);
#1589 = CARTESIAN_POINT('',(15.,7.5,0.3));
#1590 = VECTOR('',#1591,1.);
#1591 = DIRECTION('',(0.,-1.,0.));
#1592 = ORIENTED_EDGE('',*,*,#1530,.F.);
#1593 = PLANE('',#1594);
#1594 = AXIS2_PLACEMENT_3D('',#1595,#1596,#1597);
#1595 = CARTESIAN_POINT('',(15.,7.,7.));
#1596 = DIRECTION('',(1.,0.,0.));
#1597 = DIRECTION('',(0.,0.,1.));
#1598 = ADVANCED_FACE('',(#1599),#1617,.T.);
#1599 = FACE_BOUND('',#1600,.T.);
#1600 = EDGE_LOOP('',(#1601,#1609,#1615,#1616));
#1601 = ORIENTED_EDGE('',*,*,#1602,.T.);
#1602 = EDGE_CURVE('',#296,#1603,#1605,.T.);
#1603 = VERTEX_POINT('',#1604);
#1604 = CARTESIAN_POINT('',(14.7,20.333693013329,12.));
#1605 = LINE('',#1606,#1607);
#1606 = CARTESIAN_POINT('',(14.7,20.333693013329,0.));
#1607 = VECTOR('',#1608,1.);
#1608 = DIRECTION('',(0.,0.,1.));
#1609 = ORIENTED_EDGE('',*,*,#1610,.T.);
#1610 = EDGE_CURVE('',#1603,#1557,#1611,.T.);
#1611 = LINE('',#1612,#1613);
#1612 = CARTESIAN_POINT('',(14.7,20.333693013329,12.));
#1613 = VECTOR('',#1614,1.);
#1614 = DIRECTION('',(5.61574460494E-02,-0.998421925467,0.));
#1615 = ORIENTED_EDGE('',*,*,#1556,.F.);
#1616 = ORIENTED_EDGE('',*,*,#304,.F.);
#1617 = PLANE('',#1618);
#1618 = AXIS2_PLACEMENT_3D('',#1619,#1620,#1621);
#1619 = CARTESIAN_POINT('',(14.7,20.333693013329,0.));
#1620 = DIRECTION('',(0.998421925467,5.61574460494E-02,0.));
#1621 = DIRECTION('',(5.61574460494E-02,-0.998421925467,0.));
#1622 = ADVANCED_FACE('',(#1623),#1642,.T.);
#1623 = FACE_BOUND('',#1624,.F.);
#1624 = EDGE_LOOP('',(#1625,#1626,#1635,#1641));
#1625 = ORIENTED_EDGE('',*,*,#1602,.T.);
#1626 = ORIENTED_EDGE('',*,*,#1627,.T.);
#1627 = EDGE_CURVE('',#1603,#1628,#1630,.T.);
#1628 = VERTEX_POINT('',#1629);
#1629 = CARTESIAN_POINT('',(13.902525230193,21.629481566184,12.));
#1630 = CIRCLE('',#1631,1.6);
#1631 = AXIS2_PLACEMENT_3D('',#1632,#1633,#1634);
#1632 = CARTESIAN_POINT('',(13.102524919253,20.24384109965,12.));
#1633 = DIRECTION('',(0.,0.,1.));
#1634 = DIRECTION('',(1.,0.,0.));
#1635 = ORIENTED_EDGE('',*,*,#1636,.F.);
#1636 = EDGE_CURVE('',#288,#1628,#1637,.T.);
#1637 = LINE('',#1638,#1639);
#1638 = CARTESIAN_POINT('',(13.902525230193,21.629481566184,0.));
#1639 = VECTOR('',#1640,1.);
#1640 = DIRECTION('',(0.,0.,1.));
#1641 = ORIENTED_EDGE('',*,*,#295,.F.);
#1642 = CYLINDRICAL_SURFACE('',#1643,1.6);
#1643 = AXIS2_PLACEMENT_3D('',#1644,#1645,#1646);
#1644 = CARTESIAN_POINT('',(13.102524919253,20.24384109965,0.));
#1645 = DIRECTION('',(-0.,-0.,-1.));
#1646 = DIRECTION('',(1.,0.,0.));
#1647 = ADVANCED_FACE('',(#1648),#1666,.T.);
#1648 = FACE_BOUND('',#1649,.T.);
#1649 = EDGE_LOOP('',(#1650,#1658,#1664,#1665));
#1650 = ORIENTED_EDGE('',*,*,#1651,.T.);
#1651 = EDGE_CURVE('',#279,#1652,#1654,.T.);
#1652 = VERTEX_POINT('',#1653);
#1653 = CARTESIAN_POINT('',(11.90000031094,22.785640466534,12.));
#1654 = LINE('',#1655,#1656);
#1655 = CARTESIAN_POINT('',(11.90000031094,22.785640466534,0.));
#1656 = VECTOR('',#1657,1.);
#1657 = DIRECTION('',(0.,0.,1.));
#1658 = ORIENTED_EDGE('',*,*,#1659,.T.);
#1659 = EDGE_CURVE('',#1652,#1628,#1660,.T.);
#1660 = LINE('',#1661,#1662);
#1661 = CARTESIAN_POINT('',(11.90000031094,22.785640466534,12.));
#1662 = VECTOR('',#1663,1.);
#1663 = DIRECTION('',(0.866025291584,-0.500000194338,0.));
#1664 = ORIENTED_EDGE('',*,*,#1636,.F.);
#1665 = ORIENTED_EDGE('',*,*,#287,.F.);
#1666 = PLANE('',#1667);
#1667 = AXIS2_PLACEMENT_3D('',#1668,#1669,#1670);
#1668 = CARTESIAN_POINT('',(11.90000031094,22.785640466534,0.));
#1669 = DIRECTION('',(0.500000194338,0.866025291584,0.));
#1670 = DIRECTION('',(0.866025291584,-0.500000194338,0.));
#1671 = ADVANCED_FACE('',(#1672),#1691,.T.);
#1672 = FACE_BOUND('',#1673,.F.);
#1673 = EDGE_LOOP('',(#1674,#1675,#1684,#1690));
#1674 = ORIENTED_EDGE('',*,*,#1651,.T.);
#1675 = ORIENTED_EDGE('',*,*,#1676,.T.);
#1676 = EDGE_CURVE('',#1652,#1677,#1679,.T.);
#1677 = VERTEX_POINT('',#1678);
#1678 = CARTESIAN_POINT('',(11.1,23.,12.));
#1679 = CIRCLE('',#1680,1.6);
#1680 = AXIS2_PLACEMENT_3D('',#1681,#1682,#1683);
#1681 = CARTESIAN_POINT('',(11.1,21.4,12.));
#1682 = DIRECTION('',(0.,0.,1.));
#1683 = DIRECTION('',(1.,0.,0.));
#1684 = ORIENTED_EDGE('',*,*,#1685,.F.);
#1685 = EDGE_CURVE('',#271,#1677,#1686,.T.);
#1686 = LINE('',#1687,#1688);
#1687 = CARTESIAN_POINT('',(11.1,23.,0.));
#1688 = VECTOR('',#1689,1.);
#1689 = DIRECTION('',(0.,0.,1.));
#1690 = ORIENTED_EDGE('',*,*,#278,.F.);
#1691 = CYLINDRICAL_SURFACE('',#1692,1.6);
#1692 = AXIS2_PLACEMENT_3D('',#1693,#1694,#1695);
#1693 = CARTESIAN_POINT('',(11.1,21.4,0.));
#1694 = DIRECTION('',(-0.,-0.,-1.));
#1695 = DIRECTION('',(1.,0.,0.));
#1696 = ADVANCED_FACE('',(#1697),#1715,.T.);
#1697 = FACE_BOUND('',#1698,.T.);
#1698 = EDGE_LOOP('',(#1699,#1707,#1713,#1714));
#1699 = ORIENTED_EDGE('',*,*,#1700,.T.);
#1700 = EDGE_CURVE('',#262,#1701,#1703,.T.);
#1701 = VERTEX_POINT('',#1702);
#1702 = CARTESIAN_POINT('',(8.6,23.,12.));
#1703 = LINE('',#1704,#1705);
#1704 = CARTESIAN_POINT('',(8.6,23.,0.));
#1705 = VECTOR('',#1706,1.);
#1706 = DIRECTION('',(0.,0.,1.));
#1707 = ORIENTED_EDGE('',*,*,#1708,.T.);
#1708 = EDGE_CURVE('',#1701,#1677,#1709,.T.);
#1709 = LINE('',#1710,#1711);
#1710 = CARTESIAN_POINT('',(8.6,23.,12.));
#1711 = VECTOR('',#1712,1.);
#1712 = DIRECTION('',(1.,0.,0.));
#1713 = ORIENTED_EDGE('',*,*,#1685,.F.);
#1714 = ORIENTED_EDGE('',*,*,#270,.F.);
#1715 = PLANE('',#1716);
#1716 = AXIS2_PLACEMENT_3D('',#1717,#1718,#1719);
#1717 = CARTESIAN_POINT('',(8.6,23.,0.));
#1718 = DIRECTION('',(0.,1.,0.));
#1719 = DIRECTION('',(1.,0.,0.));
#1720 = ADVANCED_FACE('',(#1721),#1740,.F.);
#1721 = FACE_BOUND('',#1722,.T.);
#1722 = EDGE_LOOP('',(#1723,#1731,#1738,#1739));
#1723 = ORIENTED_EDGE('',*,*,#1724,.T.);
#1724 = EDGE_CURVE('',#254,#1725,#1727,.T.);
#1725 = VERTEX_POINT('',#1726);
#1726 = CARTESIAN_POINT('',(7.,24.6,12.));
#1727 = LINE('',#1728,#1729);
#1728 = CARTESIAN_POINT('',(7.,24.6,0.));
#1729 = VECTOR('',#1730,1.);
#1730 = DIRECTION('',(0.,0.,1.));
#1731 = ORIENTED_EDGE('',*,*,#1732,.T.);
#1732 = EDGE_CURVE('',#1725,#1701,#1733,.T.);
#1733 = CIRCLE('',#1734,1.6);
#1734 = AXIS2_PLACEMENT_3D('',#1735,#1736,#1737);
#1735 = CARTESIAN_POINT('',(8.6,24.6,12.));
#1736 = DIRECTION('',(0.,0.,1.));
#1737 = DIRECTION('',(1.,0.,0.));
#1738 = ORIENTED_EDGE('',*,*,#1700,.F.);
#1739 = ORIENTED_EDGE('',*,*,#261,.F.);
#1740 = CYLINDRICAL_SURFACE('',#1741,1.6);
#1741 = AXIS2_PLACEMENT_3D('',#1742,#1743,#1744);
#1742 = CARTESIAN_POINT('',(8.6,24.6,0.));
#1743 = DIRECTION('',(-0.,-0.,-1.));
#1744 = DIRECTION('',(1.,0.,0.));
#1745 = ADVANCED_FACE('',(#1746),#1764,.T.);
#1746 = FACE_BOUND('',#1747,.T.);
#1747 = EDGE_LOOP('',(#1748,#1756,#1762,#1763));
#1748 = ORIENTED_EDGE('',*,*,#1749,.T.);
#1749 = EDGE_CURVE('',#246,#1750,#1752,.T.);
#1750 = VERTEX_POINT('',#1751);
#1751 = CARTESIAN_POINT('',(7.,36.,12.));
#1752 = LINE('',#1753,#1754);
#1753 = CARTESIAN_POINT('',(7.,36.,0.));
#1754 = VECTOR('',#1755,1.);
#1755 = DIRECTION('',(0.,0.,1.));
#1756 = ORIENTED_EDGE('',*,*,#1757,.T.);
#1757 = EDGE_CURVE('',#1750,#1725,#1758,.T.);
#1758 = LINE('',#1759,#1760);
#1759 = CARTESIAN_POINT('',(7.,36.,12.));
#1760 = VECTOR('',#1761,1.);
#1761 = DIRECTION('',(0.,-1.,0.));
#1762 = ORIENTED_EDGE('',*,*,#1724,.F.);
#1763 = ORIENTED_EDGE('',*,*,#253,.F.);
#1764 = PLANE('',#1765);
#1765 = AXIS2_PLACEMENT_3D('',#1766,#1767,#1768);
#1766 = CARTESIAN_POINT('',(7.,36.,0.));
#1767 = DIRECTION('',(1.,0.,0.));
#1768 = DIRECTION('',(0.,-1.,0.));
#1769 = ADVANCED_FACE('',(#1770),#1788,.T.);
#1770 = FACE_BOUND('',#1771,.T.);
#1771 = EDGE_LOOP('',(#1772,#1780,#1786,#1787));
#1772 = ORIENTED_EDGE('',*,*,#1773,.T.);
#1773 = EDGE_CURVE('',#237,#1774,#1776,.T.);
#1774 = VERTEX_POINT('',#1775);
#1775 = CARTESIAN_POINT('',(6.5,36.,12.));
#1776 = LINE('',#1777,#1778);
#1777 = CARTESIAN_POINT('',(6.5,36.,0.));
#1778 = VECTOR('',#1779,1.);
#1779 = DIRECTION('',(0.,0.,1.));
#1780 = ORIENTED_EDGE('',*,*,#1781,.T.);
#1781 = EDGE_CURVE('',#1774,#1750,#1782,.T.);
#1782 = LINE('',#1783,#1784);
#1783 = CARTESIAN_POINT('',(6.5,36.,12.));
#1784 = VECTOR('',#1785,1.);
#1785 = DIRECTION('',(1.,0.,0.));
#1786 = ORIENTED_EDGE('',*,*,#1749,.F.);
#1787 = ORIENTED_EDGE('',*,*,#245,.F.);
#1788 = PLANE('',#1789);
#1789 = AXIS2_PLACEMENT_3D('',#1790,#1791,#1792);
#1790 = CARTESIAN_POINT('',(6.5,36.,0.));
#1791 = DIRECTION('',(0.,1.,0.));
#1792 = DIRECTION('',(1.,0.,0.));
#1793 = ADVANCED_FACE('',(#1794),#1813,.T.);
#1794 = FACE_BOUND('',#1795,.F.);
#1795 = EDGE_LOOP('',(#1796,#1797,#1806,#1812));
#1796 = ORIENTED_EDGE('',*,*,#1773,.T.);
#1797 = ORIENTED_EDGE('',*,*,#1798,.T.);
#1798 = EDGE_CURVE('',#1774,#1799,#1801,.T.);
#1799 = VERTEX_POINT('',#1800);
#1800 = CARTESIAN_POINT('',(5.500311964002,35.0249766027,12.));
#1801 = CIRCLE('',#1802,1.);
#1802 = AXIS2_PLACEMENT_3D('',#1803,#1804,#1805);
#1803 = CARTESIAN_POINT('',(6.5,35.,12.));
#1804 = DIRECTION('',(0.,0.,1.));
#1805 = DIRECTION('',(1.,0.,0.));
#1806 = ORIENTED_EDGE('',*,*,#1807,.F.);
#1807 = EDGE_CURVE('',#229,#1799,#1808,.T.);
#1808 = LINE('',#1809,#1810);
#1809 = CARTESIAN_POINT('',(5.500311964002,35.0249766027,0.));
#1810 = VECTOR('',#1811,1.);
#1811 = DIRECTION('',(0.,0.,1.));
#1812 = ORIENTED_EDGE('',*,*,#236,.F.);
#1813 = CYLINDRICAL_SURFACE('',#1814,1.);
#1814 = AXIS2_PLACEMENT_3D('',#1815,#1816,#1817);
#1815 = CARTESIAN_POINT('',(6.5,35.,0.));
#1816 = DIRECTION('',(-0.,-0.,-1.));
#1817 = DIRECTION('',(1.,0.,0.));
#1818 = ADVANCED_FACE('',(#1819),#1837,.F.);
#1819 = FACE_BOUND('',#1820,.F.);
#1820 = EDGE_LOOP('',(#1821,#1822,#1830,#1836));
#1821 = ORIENTED_EDGE('',*,*,#1807,.T.);
#1822 = ORIENTED_EDGE('',*,*,#1823,.T.);
#1823 = EDGE_CURVE('',#1799,#1824,#1826,.T.);
#1824 = VERTEX_POINT('',#1825);
#1825 = CARTESIAN_POINT('',(5.,15.,12.));
#1826 = LINE('',#1827,#1828);
#1827 = CARTESIAN_POINT('',(5.500311964002,35.0249766027,12.));
#1828 = VECTOR('',#1829,1.);
#1829 = DIRECTION('',(-2.497660269985E-02,-0.999688035998,0.));
#1830 = ORIENTED_EDGE('',*,*,#1831,.F.);
#1831 = EDGE_CURVE('',#221,#1824,#1832,.T.);
#1832 = LINE('',#1833,#1834);
#1833 = CARTESIAN_POINT('',(5.,15.,0.));
#1834 = VECTOR('',#1835,1.);
#1835 = DIRECTION('',(0.,0.,1.));
#1836 = ORIENTED_EDGE('',*,*,#228,.F.);
#1837 = PLANE('',#1838);
#1838 = AXIS2_PLACEMENT_3D('',#1839,#1840,#1841);
#1839 = CARTESIAN_POINT('',(5.500311964002,35.0249766027,0.));
#1840 = DIRECTION('',(0.999688035998,-2.497660269985E-02,0.));
#1841 = DIRECTION('',(-2.497660269985E-02,-0.999688035998,0.));
#1842 = ADVANCED_FACE('',(#1843),#1884,.T.);
#1843 = FACE_BOUND('',#1844,.T.);
#1844 = EDGE_LOOP('',(#1845,#1846,#1847,#1855,#1861,#1862,#1870,#1878));
#1845 = ORIENTED_EDGE('',*,*,#1831,.F.);
#1846 = ORIENTED_EDGE('',*,*,#220,.T.);
#1847 = ORIENTED_EDGE('',*,*,#1848,.T.);
#1848 = EDGE_CURVE('',#212,#1849,#1851,.T.);
#1849 = VERTEX_POINT('',#1850);
#1850 = CARTESIAN_POINT('',(5.,7.5,0.3));
#1851 = LINE('',#1852,#1853);
#1852 = CARTESIAN_POINT('',(5.,7.5,0.));
#1853 = VECTOR('',#1854,1.);
#1854 = DIRECTION('',(0.,0.,1.));
#1855 = ORIENTED_EDGE('',*,*,#1856,.F.);
#1856 = EDGE_CURVE('',#925,#1849,#1857,.T.);
#1857 = LINE('',#1858,#1859);
#1858 = CARTESIAN_POINT('',(5.,0.,0.3));
#1859 = VECTOR('',#1860,1.);
#1860 = DIRECTION('',(0.,1.,0.));
#1861 = ORIENTED_EDGE('',*,*,#1028,.T.);
#1862 = ORIENTED_EDGE('',*,*,#1863,.F.);
#1863 = EDGE_CURVE('',#1864,#1021,#1866,.T.);
#1864 = VERTEX_POINT('',#1865);
#1865 = CARTESIAN_POINT('',(5.,5.,15.));
#1866 = LINE('',#1867,#1868);
#1867 = CARTESIAN_POINT('',(5.,5.,15.));
#1868 = VECTOR('',#1869,1.);
#1869 = DIRECTION('',(0.,-1.,0.));
#1870 = ORIENTED_EDGE('',*,*,#1871,.F.);
#1871 = EDGE_CURVE('',#1872,#1864,#1874,.T.);
#1872 = VERTEX_POINT('',#1873);
#1873 = CARTESIAN_POINT('',(5.,5.,12.));
#1874 = LINE('',#1875,#1876);
#1875 = CARTESIAN_POINT('',(5.,5.,12.));
#1876 = VECTOR('',#1877,1.);
#1877 = DIRECTION('',(0.,0.,1.));
#1878 = ORIENTED_EDGE('',*,*,#1879,.F.);
#1879 = EDGE_CURVE('',#1824,#1872,#1880,.T.);
#1880 = LINE('',#1881,#1882);
#1881 = CARTESIAN_POINT('',(5.,15.,12.));
#1882 = VECTOR('',#1883,1.);
#1883 = DIRECTION('',(0.,-1.,0.));
#1884 = PLANE('',#1885);
#1885 = AXIS2_PLACEMENT_3D('',#1886,#1887,#1888);
#1886 = CARTESIAN_POINT('',(5.,7.,7.));
#1887 = DIRECTION('',(-1.,-0.,-0.));
#1888 = DIRECTION('',(0.,0.,-1.));
#1889 = ADVANCED_FACE('',(#1890),#1909,.F.);
#1890 = FACE_BOUND('',#1891,.T.);
#1891 = EDGE_LOOP('',(#1892,#1900,#1907,#1908));
#1892 = ORIENTED_EDGE('',*,*,#1893,.T.);
#1893 = EDGE_CURVE('',#204,#1894,#1896,.T.);
#1894 = VERTEX_POINT('',#1895);
#1895 = CARTESIAN_POINT('',(0.,7.5,0.3));
#1896 = LINE('',#1897,#1898);
#1897 = CARTESIAN_POINT('',(0.,7.5,0.));
#1898 = VECTOR('',#1899,1.);
#1899 = DIRECTION('',(0.,0.,1.));
#1900 = ORIENTED_EDGE('',*,*,#1901,.T.);
#1901 = EDGE_CURVE('',#1894,#1849,#1902,.T.);
#1902 = CIRCLE('',#1903,2.5);
#1903 = AXIS2_PLACEMENT_3D('',#1904,#1905,#1906);
#1904 = CARTESIAN_POINT('',(2.5,7.5,0.3));
#1905 = DIRECTION('',(0.,0.,1.));
#1906 = DIRECTION('',(1.,0.,0.));
#1907 = ORIENTED_EDGE('',*,*,#1848,.F.);
#1908 = ORIENTED_EDGE('',*,*,#211,.F.);
#1909 = CYLINDRICAL_SURFACE('',#1910,2.5);
#1910 = AXIS2_PLACEMENT_3D('',#1911,#1912,#1913);
#1911 = CARTESIAN_POINT('',(2.5,7.5,0.));
#1912 = DIRECTION('',(-0.,-0.,-1.));
#1913 = DIRECTION('',(1.,0.,0.));
#1914 = ADVANCED_FACE('',(#1915),#1956,.T.);
#1915 = FACE_BOUND('',#1916,.T.);
#1916 = EDGE_LOOP('',(#1917,#1918,#1926,#1934,#1942,#1948,#1949,#1955));
#1917 = ORIENTED_EDGE('',*,*,#203,.F.);
#1918 = ORIENTED_EDGE('',*,*,#1919,.T.);
#1919 = EDGE_CURVE('',#196,#1920,#1922,.T.);
#1920 = VERTEX_POINT('',#1921);
#1921 = CARTESIAN_POINT('',(-1.866110106228E-18,15.,12.));
#1922 = LINE('',#1923,#1924);
#1923 = CARTESIAN_POINT('',(-1.866110106228E-18,15.,0.));
#1924 = VECTOR('',#1925,1.);
#1925 = DIRECTION('',(0.,0.,1.));
#1926 = ORIENTED_EDGE('',*,*,#1927,.T.);
#1927 = EDGE_CURVE('',#1920,#1928,#1930,.T.);
#1928 = VERTEX_POINT('',#1929);
#1929 = CARTESIAN_POINT('',(0.,5.,12.));
#1930 = LINE('',#1931,#1932);
#1931 = CARTESIAN_POINT('',(-1.866110106228E-18,15.,12.));
#1932 = VECTOR('',#1933,1.);
#1933 = DIRECTION('',(1.244073404152E-19,-1.,0.));
#1934 = ORIENTED_EDGE('',*,*,#1935,.T.);
#1935 = EDGE_CURVE('',#1928,#1936,#1938,.T.);
#1936 = VERTEX_POINT('',#1937);
#1937 = CARTESIAN_POINT('',(0.,5.,15.));
#1938 = LINE('',#1939,#1940);
#1939 = CARTESIAN_POINT('',(0.,5.,12.));
#1940 = VECTOR('',#1941,1.);
#1941 = DIRECTION('',(0.,0.,1.));
#1942 = ORIENTED_EDGE('',*,*,#1943,.F.);
#1943 = EDGE_CURVE('',#933,#1936,#1944,.T.);
#1944 = LINE('',#1945,#1946);
#1945 = CARTESIAN_POINT('',(0.,0.,15.));
#1946 = VECTOR('',#1947,1.);
#1947 = DIRECTION('',(0.,1.,0.));
#1948 = ORIENTED_EDGE('',*,*,#932,.F.);
#1949 = ORIENTED_EDGE('',*,*,#1950,.F.);
#1950 = EDGE_CURVE('',#1894,#923,#1951,.T.);
#1951 = LINE('',#1952,#1953);
#1952 = CARTESIAN_POINT('',(0.,7.5,0.3));
#1953 = VECTOR('',#1954,1.);
#1954 = DIRECTION('',(0.,-1.,0.));
#1955 = ORIENTED_EDGE('',*,*,#1893,.F.);
#1956 = PLANE('',#1957);
#1957 = AXIS2_PLACEMENT_3D('',#1958,#1959,#1960);
#1958 = CARTESIAN_POINT('',(-8.138313518828E-19,7.,7.));
#1959 = DIRECTION('',(1.,0.,0.));
#1960 = DIRECTION('',(0.,0.,1.));
#1961 = ADVANCED_FACE('',(#1962),#1980,.T.);
#1962 = FACE_BOUND('',#1963,.T.);
#1963 = EDGE_LOOP('',(#1964,#1972,#1978,#1979));
#1964 = ORIENTED_EDGE('',*,*,#1965,.T.);
#1965 = EDGE_CURVE('',#187,#1966,#1968,.T.);
#1966 = VERTEX_POINT('',#1967);
#1967 = CARTESIAN_POINT('',(-0.3,20.333693013329,12.));
#1968 = LINE('',#1969,#1970);
#1969 = CARTESIAN_POINT('',(-0.3,20.333693013329,0.));
#1970 = VECTOR('',#1971,1.);
#1971 = DIRECTION('',(0.,0.,1.));
#1972 = ORIENTED_EDGE('',*,*,#1973,.T.);
#1973 = EDGE_CURVE('',#1966,#1920,#1974,.T.);
#1974 = LINE('',#1975,#1976);
#1975 = CARTESIAN_POINT('',(-0.3,20.333693013329,12.));
#1976 = VECTOR('',#1977,1.);
#1977 = DIRECTION('',(5.61574460494E-02,-0.998421925467,0.));
#1978 = ORIENTED_EDGE('',*,*,#1919,.F.);
#1979 = ORIENTED_EDGE('',*,*,#195,.F.);
#1980 = PLANE('',#1981);
#1981 = AXIS2_PLACEMENT_3D('',#1982,#1983,#1984);
#1982 = CARTESIAN_POINT('',(-0.3,20.333693013329,0.));
#1983 = DIRECTION('',(0.998421925467,5.61574460494E-02,0.));
#1984 = DIRECTION('',(5.61574460494E-02,-0.998421925467,0.));
#1985 = ADVANCED_FACE('',(#1986),#2005,.T.);
#1986 = FACE_BOUND('',#1987,.F.);
#1987 = EDGE_LOOP('',(#1988,#1989,#1998,#2004));
#1988 = ORIENTED_EDGE('',*,*,#1965,.T.);
#1989 = ORIENTED_EDGE('',*,*,#1990,.T.);
#1990 = EDGE_CURVE('',#1966,#1991,#1993,.T.);
#1991 = VERTEX_POINT('',#1992);
#1992 = CARTESIAN_POINT('',(-1.097474769807,21.629481566184,12.));
#1993 = CIRCLE('',#1994,1.6);
#1994 = AXIS2_PLACEMENT_3D('',#1995,#1996,#1997);
#1995 = CARTESIAN_POINT('',(-1.897475080747,20.24384109965,12.));
#1996 = DIRECTION('',(0.,0.,1.));
#1997 = DIRECTION('',(1.,0.,0.));
#1998 = ORIENTED_EDGE('',*,*,#1999,.F.);
#1999 = EDGE_CURVE('',#179,#1991,#2000,.T.);
#2000 = LINE('',#2001,#2002);
#2001 = CARTESIAN_POINT('',(-1.097474769807,21.629481566184,0.));
#2002 = VECTOR('',#2003,1.);
#2003 = DIRECTION('',(0.,0.,1.));
#2004 = ORIENTED_EDGE('',*,*,#186,.F.);
#2005 = CYLINDRICAL_SURFACE('',#2006,1.6);
#2006 = AXIS2_PLACEMENT_3D('',#2007,#2008,#2009);
#2007 = CARTESIAN_POINT('',(-1.897475080747,20.24384109965,0.));
#2008 = DIRECTION('',(-0.,-0.,-1.));
#2009 = DIRECTION('',(1.,0.,0.));
#2010 = ADVANCED_FACE('',(#2011),#2029,.T.);
#2011 = FACE_BOUND('',#2012,.T.);
#2012 = EDGE_LOOP('',(#2013,#2021,#2027,#2028));
#2013 = ORIENTED_EDGE('',*,*,#2014,.T.);
#2014 = EDGE_CURVE('',#170,#2015,#2017,.T.);
#2015 = VERTEX_POINT('',#2016);
#2016 = CARTESIAN_POINT('',(-3.09999968906,22.785640466534,12.));
#2017 = LINE('',#2018,#2019);
#2018 = CARTESIAN_POINT('',(-3.09999968906,22.785640466534,0.));
#2019 = VECTOR('',#2020,1.);
#2020 = DIRECTION('',(0.,0.,1.));
#2021 = ORIENTED_EDGE('',*,*,#2022,.T.);
#2022 = EDGE_CURVE('',#2015,#1991,#2023,.T.);
#2023 = LINE('',#2024,#2025);
#2024 = CARTESIAN_POINT('',(-3.09999968906,22.785640466534,12.));
#2025 = VECTOR('',#2026,1.);
#2026 = DIRECTION('',(0.866025291584,-0.500000194338,0.));
#2027 = ORIENTED_EDGE('',*,*,#1999,.F.);
#2028 = ORIENTED_EDGE('',*,*,#178,.F.);
#2029 = PLANE('',#2030);
#2030 = AXIS2_PLACEMENT_3D('',#2031,#2032,#2033);
#2031 = CARTESIAN_POINT('',(-3.09999968906,22.785640466534,0.));
#2032 = DIRECTION('',(0.500000194338,0.866025291584,0.));
#2033 = DIRECTION('',(0.866025291584,-0.500000194338,0.));
#2034 = ADVANCED_FACE('',(#2035),#2054,.T.);
#2035 = FACE_BOUND('',#2036,.F.);
#2036 = EDGE_LOOP('',(#2037,#2038,#2047,#2053));
#2037 = ORIENTED_EDGE('',*,*,#2014,.T.);
#2038 = ORIENTED_EDGE('',*,*,#2039,.T.);
#2039 = EDGE_CURVE('',#2015,#2040,#2042,.T.);
#2040 = VERTEX_POINT('',#2041);
#2041 = CARTESIAN_POINT('',(-3.9,23.,12.));
#2042 = CIRCLE('',#2043,1.6);
#2043 = AXIS2_PLACEMENT_3D('',#2044,#2045,#2046);
#2044 = CARTESIAN_POINT('',(-3.9,21.4,12.));
#2045 = DIRECTION('',(0.,0.,1.));
#2046 = DIRECTION('',(1.,0.,0.));
#2047 = ORIENTED_EDGE('',*,*,#2048,.F.);
#2048 = EDGE_CURVE('',#162,#2040,#2049,.T.);
#2049 = LINE('',#2050,#2051);
#2050 = CARTESIAN_POINT('',(-3.9,23.,0.));
#2051 = VECTOR('',#2052,1.);
#2052 = DIRECTION('',(0.,0.,1.));
#2053 = ORIENTED_EDGE('',*,*,#169,.F.);
#2054 = CYLINDRICAL_SURFACE('',#2055,1.6);
#2055 = AXIS2_PLACEMENT_3D('',#2056,#2057,#2058);
#2056 = CARTESIAN_POINT('',(-3.9,21.4,0.));
#2057 = DIRECTION('',(-0.,-0.,-1.));
#2058 = DIRECTION('',(1.,0.,0.));
#2059 = ADVANCED_FACE('',(#2060),#2078,.T.);
#2060 = FACE_BOUND('',#2061,.T.);
#2061 = EDGE_LOOP('',(#2062,#2070,#2076,#2077));
#2062 = ORIENTED_EDGE('',*,*,#2063,.T.);
#2063 = EDGE_CURVE('',#153,#2064,#2066,.T.);
#2064 = VERTEX_POINT('',#2065);
#2065 = CARTESIAN_POINT('',(-6.4,23.,12.));
#2066 = LINE('',#2067,#2068);
#2067 = CARTESIAN_POINT('',(-6.4,23.,0.));
#2068 = VECTOR('',#2069,1.);
#2069 = DIRECTION('',(0.,0.,1.));
#2070 = ORIENTED_EDGE('',*,*,#2071,.T.);
#2071 = EDGE_CURVE('',#2064,#2040,#2072,.T.);
#2072 = LINE('',#2073,#2074);
#2073 = CARTESIAN_POINT('',(-6.4,23.,12.));
#2074 = VECTOR('',#2075,1.);
#2075 = DIRECTION('',(1.,0.,0.));
#2076 = ORIENTED_EDGE('',*,*,#2048,.F.);
#2077 = ORIENTED_EDGE('',*,*,#161,.F.);
#2078 = PLANE('',#2079);
#2079 = AXIS2_PLACEMENT_3D('',#2080,#2081,#2082);
#2080 = CARTESIAN_POINT('',(-6.4,23.,0.));
#2081 = DIRECTION('',(0.,1.,0.));
#2082 = DIRECTION('',(1.,0.,0.));
#2083 = ADVANCED_FACE('',(#2084),#2103,.F.);
#2084 = FACE_BOUND('',#2085,.T.);
#2085 = EDGE_LOOP('',(#2086,#2094,#2101,#2102));
#2086 = ORIENTED_EDGE('',*,*,#2087,.T.);
#2087 = EDGE_CURVE('',#145,#2088,#2090,.T.);
#2088 = VERTEX_POINT('',#2089);
#2089 = CARTESIAN_POINT('',(-8.,24.6,12.));
#2090 = LINE('',#2091,#2092);
#2091 = CARTESIAN_POINT('',(-8.,24.6,0.));
#2092 = VECTOR('',#2093,1.);
#2093 = DIRECTION('',(0.,0.,1.));
#2094 = ORIENTED_EDGE('',*,*,#2095,.T.);
#2095 = EDGE_CURVE('',#2088,#2064,#2096,.T.);
#2096 = CIRCLE('',#2097,1.6);
#2097 = AXIS2_PLACEMENT_3D('',#2098,#2099,#2100);
#2098 = CARTESIAN_POINT('',(-6.4,24.6,12.));
#2099 = DIRECTION('',(0.,0.,1.));
#2100 = DIRECTION('',(1.,0.,0.));
#2101 = ORIENTED_EDGE('',*,*,#2063,.F.);
#2102 = ORIENTED_EDGE('',*,*,#152,.F.);
#2103 = CYLINDRICAL_SURFACE('',#2104,1.6);
#2104 = AXIS2_PLACEMENT_3D('',#2105,#2106,#2107);
#2105 = CARTESIAN_POINT('',(-6.4,24.6,0.));
#2106 = DIRECTION('',(-0.,-0.,-1.));
#2107 = DIRECTION('',(1.,0.,0.));
#2108 = ADVANCED_FACE('',(#2109),#2127,.T.);
#2109 = FACE_BOUND('',#2110,.T.);
#2110 = EDGE_LOOP('',(#2111,#2119,#2125,#2126));
#2111 = ORIENTED_EDGE('',*,*,#2112,.T.);
#2112 = EDGE_CURVE('',#137,#2113,#2115,.T.);
#2113 = VERTEX_POINT('',#2114);
#2114 = CARTESIAN_POINT('',(-8.,36.,12.));
#2115 = LINE('',#2116,#2117);
#2116 = CARTESIAN_POINT('',(-8.,36.,0.));
#2117 = VECTOR('',#2118,1.);
#2118 = DIRECTION('',(0.,0.,1.));
#2119 = ORIENTED_EDGE('',*,*,#2120,.T.);
#2120 = EDGE_CURVE('',#2113,#2088,#2121,.T.);
#2121 = LINE('',#2122,#2123);
#2122 = CARTESIAN_POINT('',(-8.,36.,12.));
#2123 = VECTOR('',#2124,1.);
#2124 = DIRECTION('',(0.,-1.,0.));
#2125 = ORIENTED_EDGE('',*,*,#2087,.F.);
#2126 = ORIENTED_EDGE('',*,*,#144,.F.);
#2127 = PLANE('',#2128);
#2128 = AXIS2_PLACEMENT_3D('',#2129,#2130,#2131);
#2129 = CARTESIAN_POINT('',(-8.,36.,0.));
#2130 = DIRECTION('',(1.,0.,0.));
#2131 = DIRECTION('',(0.,-1.,0.));
#2132 = ADVANCED_FACE('',(#2133),#2144,.T.);
#2133 = FACE_BOUND('',#2134,.T.);
#2134 = EDGE_LOOP('',(#2135,#2136,#2142,#2143));
#2135 = ORIENTED_EDGE('',*,*,#826,.T.);
#2136 = ORIENTED_EDGE('',*,*,#2137,.T.);
#2137 = EDGE_CURVE('',#827,#2113,#2138,.T.);
#2138 = LINE('',#2139,#2140);
#2139 = CARTESIAN_POINT('',(-8.5,36.,12.));
#2140 = VECTOR('',#2141,1.);
#2141 = DIRECTION('',(1.,0.,0.));
#2142 = ORIENTED_EDGE('',*,*,#2112,.F.);
#2143 = ORIENTED_EDGE('',*,*,#136,.F.);
#2144 = PLANE('',#2145);
#2145 = AXIS2_PLACEMENT_3D('',#2146,#2147,#2148);
#2146 = CARTESIAN_POINT('',(-8.5,36.,0.));
#2147 = DIRECTION('',(0.,1.,0.));
#2148 = DIRECTION('',(1.,0.,0.));
#2149 = ADVANCED_FACE('',(#2150),#2169,.F.);
#2150 = FACE_BOUND('',#2151,.T.);
#2151 = EDGE_LOOP('',(#2152,#2160,#2161,#2162));
#2152 = ORIENTED_EDGE('',*,*,#2153,.F.);
#2153 = EDGE_CURVE('',#539,#2154,#2156,.T.);
#2154 = VERTEX_POINT('',#2155);
#2155 = CARTESIAN_POINT('',(41.7,2.5,5.5));
#2156 = LINE('',#2157,#2158);
#2157 = CARTESIAN_POINT('',(41.7,2.5,0.));
#2158 = VECTOR('',#2159,1.);
#2159 = DIRECTION('',(6.055761952501E-17,0.,1.));
#2160 = ORIENTED_EDGE('',*,*,#538,.T.);
#2161 = ORIENTED_EDGE('',*,*,#2153,.T.);
#2162 = ORIENTED_EDGE('',*,*,#2163,.F.);
#2163 = EDGE_CURVE('',#2154,#2154,#2164,.T.);
#2164 = CIRCLE('',#2165,0.8);
#2165 = AXIS2_PLACEMENT_3D('',#2166,#2167,#2168);
#2166 = CARTESIAN_POINT('',(42.5,2.5,5.5));
#2167 = DIRECTION('',(0.,0.,-1.));
#2168 = DIRECTION('',(-1.,0.,0.));
#2169 = CYLINDRICAL_SURFACE('',#2170,0.8);
#2170 = AXIS2_PLACEMENT_3D('',#2171,#2172,#2173);
#2171 = CARTESIAN_POINT('',(42.5,2.5,0.));
#2172 = DIRECTION('',(0.,0.,1.));
#2173 = DIRECTION('',(-1.,0.,0.));
#2174 = ADVANCED_FACE('',(#2175),#2194,.F.);
#2175 = FACE_BOUND('',#2176,.T.);
#2176 = EDGE_LOOP('',(#2177,#2185,#2186,#2187));
#2177 = ORIENTED_EDGE('',*,*,#2178,.F.);
#2178 = EDGE_CURVE('',#550,#2179,#2181,.T.);
#2179 = VERTEX_POINT('',#2180);
#2180 = CARTESIAN_POINT('',(36.7,2.5,5.5));
#2181 = LINE('',#2182,#2183);
#2182 = CARTESIAN_POINT('',(36.7,2.5,0.));
#2183 = VECTOR('',#2184,1.);
#2184 = DIRECTION('',(6.055761952501E-17,0.,1.));
#2185 = ORIENTED_EDGE('',*,*,#549,.T.);
#2186 = ORIENTED_EDGE('',*,*,#2178,.T.);
#2187 = ORIENTED_EDGE('',*,*,#2188,.F.);
#2188 = EDGE_CURVE('',#2179,#2179,#2189,.T.);
#2189 = CIRCLE('',#2190,0.8);
#2190 = AXIS2_PLACEMENT_3D('',#2191,#2192,#2193);
#2191 = CARTESIAN_POINT('',(37.5,2.5,5.5));
#2192 = DIRECTION('',(0.,0.,-1.));
#2193 = DIRECTION('',(-1.,0.,0.));
#2194 = CYLINDRICAL_SURFACE('',#2195,0.8);
#2195 = AXIS2_PLACEMENT_3D('',#2196,#2197,#2198);
#2196 = CARTESIAN_POINT('',(37.5,2.5,0.));
#2197 = DIRECTION('',(0.,0.,1.));
#2198 = DIRECTION('',(-1.,0.,0.));
#2199 = ADVANCED_FACE('',(#2200),#2219,.F.);
#2200 = FACE_BOUND('',#2201,.T.);
#2201 = EDGE_LOOP('',(#2202,#2210,#2211,#2212));
#2202 = ORIENTED_EDGE('',*,*,#2203,.F.);
#2203 = EDGE_CURVE('',#561,#2204,#2206,.T.);
#2204 = VERTEX_POINT('',#2205);
#2205 = CARTESIAN_POINT('',(26.7,2.5,5.5));
#2206 = LINE('',#2207,#2208);
#2207 = CARTESIAN_POINT('',(26.7,2.5,0.));
#2208 = VECTOR('',#2209,1.);
#2209 = DIRECTION('',(6.055761952501E-17,0.,1.));
#2210 = ORIENTED_EDGE('',*,*,#560,.T.);
#2211 = ORIENTED_EDGE('',*,*,#2203,.T.);
#2212 = ORIENTED_EDGE('',*,*,#2213,.F.);
#2213 = EDGE_CURVE('',#2204,#2204,#2214,.T.);
#2214 = CIRCLE('',#2215,0.8);
#2215 = AXIS2_PLACEMENT_3D('',#2216,#2217,#2218);
#2216 = CARTESIAN_POINT('',(27.5,2.5,5.5));
#2217 = DIRECTION('',(0.,0.,-1.));
#2218 = DIRECTION('',(-1.,0.,0.));
#2219 = CYLINDRICAL_SURFACE('',#2220,0.8);
#2220 = AXIS2_PLACEMENT_3D('',#2221,#2222,#2223);
#2221 = CARTESIAN_POINT('',(27.5,2.5,0.));
#2222 = DIRECTION('',(0.,0.,1.));
#2223 = DIRECTION('',(-1.,0.,0.));
#2224 = ADVANCED_FACE('',(#2225),#2244,.F.);
#2225 = FACE_BOUND('',#2226,.T.);
#2226 = EDGE_LOOP('',(#2227,#2235,#2236,#2237));
#2227 = ORIENTED_EDGE('',*,*,#2228,.F.);
#2228 = EDGE_CURVE('',#572,#2229,#2231,.T.);
#2229 = VERTEX_POINT('',#2230);
#2230 = CARTESIAN_POINT('',(21.7,2.5,5.5));
#2231 = LINE('',#2232,#2233);
#2232 = CARTESIAN_POINT('',(21.7,2.5,0.));
#2233 = VECTOR('',#2234,1.);
#2234 = DIRECTION('',(6.055761952501E-17,0.,1.));
#2235 = ORIENTED_EDGE('',*,*,#571,.T.);
#2236 = ORIENTED_EDGE('',*,*,#2228,.T.);
#2237 = ORIENTED_EDGE('',*,*,#2238,.F.);
#2238 = EDGE_CURVE('',#2229,#2229,#2239,.T.);
#2239 = CIRCLE('',#2240,0.8);
#2240 = AXIS2_PLACEMENT_3D('',#2241,#2242,#2243);
#2241 = CARTESIAN_POINT('',(22.5,2.5,5.5));
#2242 = DIRECTION('',(0.,0.,-1.));
#2243 = DIRECTION('',(-1.,0.,0.));
#2244 = CYLINDRICAL_SURFACE('',#2245,0.8);
#2245 = AXIS2_PLACEMENT_3D('',#2246,#2247,#2248);
#2246 = CARTESIAN_POINT('',(22.5,2.5,0.));
#2247 = DIRECTION('',(0.,0.,1.));
#2248 = DIRECTION('',(-1.,0.,0.));
#2249 = ADVANCED_FACE('',(#2250),#2269,.F.);
#2250 = FACE_BOUND('',#2251,.T.);
#2251 = EDGE_LOOP('',(#2252,#2260,#2261,#2262));
#2252 = ORIENTED_EDGE('',*,*,#2253,.F.);
#2253 = EDGE_CURVE('',#583,#2254,#2256,.T.);
#2254 = VERTEX_POINT('',#2255);
#2255 = CARTESIAN_POINT('',(11.7,2.5,5.5));
#2256 = LINE('',#2257,#2258);
#2257 = CARTESIAN_POINT('',(11.7,2.5,0.));
#2258 = VECTOR('',#2259,1.);
#2259 = DIRECTION('',(6.055761952501E-17,0.,1.));
#2260 = ORIENTED_EDGE('',*,*,#582,.T.);
#2261 = ORIENTED_EDGE('',*,*,#2253,.T.);
#2262 = ORIENTED_EDGE('',*,*,#2263,.F.);
#2263 = EDGE_CURVE('',#2254,#2254,#2264,.T.);
#2264 = CIRCLE('',#2265,0.8);
#2265 = AXIS2_PLACEMENT_3D('',#2266,#2267,#2268);
#2266 = CARTESIAN_POINT('',(12.5,2.5,5.5));
#2267 = DIRECTION('',(0.,0.,-1.));
#2268 = DIRECTION('',(-1.,0.,0.));
#2269 = CYLINDRICAL_SURFACE('',#2270,0.8);
#2270 = AXIS2_PLACEMENT_3D('',#2271,#2272,#2273);
#2271 = CARTESIAN_POINT('',(12.5,2.5,0.));
#2272 = DIRECTION('',(0.,0.,1.));
#2273 = DIRECTION('',(-1.,0.,0.));
#2274 = ADVANCED_FACE('',(#2275),#2294,.F.);
#2275 = FACE_BOUND('',#2276,.T.);
#2276 = EDGE_LOOP('',(#2277,#2285,#2286,#2287));
#2277 = ORIENTED_EDGE('',*,*,#2278,.F.);
#2278 = EDGE_CURVE('',#594,#2279,#2281,.T.);
#2279 = VERTEX_POINT('',#2280);
#2280 = CARTESIAN_POINT('',(6.7,2.5,5.5));
#2281 = LINE('',#2282,#2283);
#2282 = CARTESIAN_POINT('',(6.7,2.5,0.));
#2283 = VECTOR('',#2284,1.);
#2284 = DIRECTION('',(6.055761952501E-17,0.,1.));
#2285 = ORIENTED_EDGE('',*,*,#593,.T.);
#2286 = ORIENTED_EDGE('',*,*,#2278,.T.);
#2287 = ORIENTED_EDGE('',*,*,#2288,.F.);
#2288 = EDGE_CURVE('',#2279,#2279,#2289,.T.);
#2289 = CIRCLE('',#2290,0.8);
#2290 = AXIS2_PLACEMENT_3D('',#2291,#2292,#2293);
#2291 = CARTESIAN_POINT('',(7.5,2.5,5.5));
#2292 = DIRECTION('',(0.,0.,-1.));
#2293 = DIRECTION('',(-1.,0.,0.));
#2294 = CYLINDRICAL_SURFACE('',#2295,0.8);
#2295 = AXIS2_PLACEMENT_3D('',#2296,#2297,#2298);
#2296 = CARTESIAN_POINT('',(7.5,2.5,0.));
#2297 = DIRECTION('',(0.,0.,1.));
#2298 = DIRECTION('',(-1.,0.,0.));
#2299 = ADVANCED_FACE('',(#2300),#2319,.F.);
#2300 = FACE_BOUND('',#2301,.T.);
#2301 = EDGE_LOOP('',(#2302,#2310,#2311,#2312));
#2302 = ORIENTED_EDGE('',*,*,#2303,.F.);
#2303 = EDGE_CURVE('',#605,#2304,#2306,.T.);
#2304 = VERTEX_POINT('',#2305);
#2305 = CARTESIAN_POINT('',(-3.3,2.5,5.5));
#2306 = LINE('',#2307,#2308);
#2307 = CARTESIAN_POINT('',(-3.3,2.5,0.));
#2308 = VECTOR('',#2309,1.);
#2309 = DIRECTION('',(6.055761952501E-17,0.,1.));
#2310 = ORIENTED_EDGE('',*,*,#604,.T.);
#2311 = ORIENTED_EDGE('',*,*,#2303,.T.);
#2312 = ORIENTED_EDGE('',*,*,#2313,.F.);
#2313 = EDGE_CURVE('',#2304,#2304,#2314,.T.);
#2314 = CIRCLE('',#2315,0.8);
#2315 = AXIS2_PLACEMENT_3D('',#2316,#2317,#2318);
#2316 = CARTESIAN_POINT('',(-2.5,2.5,5.5));
#2317 = DIRECTION('',(0.,0.,-1.));
#2318 = DIRECTION('',(-1.,0.,0.));
#2319 = CYLINDRICAL_SURFACE('',#2320,0.8);
#2320 = AXIS2_PLACEMENT_3D('',#2321,#2322,#2323);
#2321 = CARTESIAN_POINT('',(-2.5,2.5,0.));
#2322 = DIRECTION('',(0.,0.,1.));
#2323 = DIRECTION('',(-1.,0.,0.));
#2324 = ADVANCED_FACE('',(#2325),#2344,.F.);
#2325 = FACE_BOUND('',#2326,.T.);
#2326 = EDGE_LOOP('',(#2327,#2335,#2336,#2337));
#2327 = ORIENTED_EDGE('',*,*,#2328,.F.);
#2328 = EDGE_CURVE('',#616,#2329,#2331,.T.);
#2329 = VERTEX_POINT('',#2330);
#2330 = CARTESIAN_POINT('',(-8.3,2.5,5.5));
#2331 = LINE('',#2332,#2333);
#2332 = CARTESIAN_POINT('',(-8.3,2.5,0.));
#2333 = VECTOR('',#2334,1.);
#2334 = DIRECTION('',(6.055761952501E-17,0.,1.));
#2335 = ORIENTED_EDGE('',*,*,#615,.T.);
#2336 = ORIENTED_EDGE('',*,*,#2328,.T.);
#2337 = ORIENTED_EDGE('',*,*,#2338,.F.);
#2338 = EDGE_CURVE('',#2329,#2329,#2339,.T.);
#2339 = CIRCLE('',#2340,0.8);
#2340 = AXIS2_PLACEMENT_3D('',#2341,#2342,#2343);
#2341 = CARTESIAN_POINT('',(-7.5,2.5,5.5));
#2342 = DIRECTION('',(0.,0.,-1.));
#2343 = DIRECTION('',(-1.,0.,0.));
#2344 = CYLINDRICAL_SURFACE('',#2345,0.8);
#2345 = AXIS2_PLACEMENT_3D('',#2346,#2347,#2348);
#2346 = CARTESIAN_POINT('',(-7.5,2.5,0.));
#2347 = DIRECTION('',(0.,0.,1.));
#2348 = DIRECTION('',(-1.,0.,0.));
#2349 = ADVANCED_FACE('',(#2350),#2391,.T.);
#2350 = FACE_BOUND('',#2351,.T.);
#2351 = EDGE_LOOP('',(#2352,#2360,#2361,#2369,#2377,#2383,#2384,#2385));
#2352 = ORIENTED_EDGE('',*,*,#2353,.F.);
#2353 = EDGE_CURVE('',#719,#2354,#2356,.T.);
#2354 = VERTEX_POINT('',#2355);
#2355 = CARTESIAN_POINT('',(45.,5.,15.));
#2356 = LINE('',#2357,#2358);
#2357 = CARTESIAN_POINT('',(45.,5.,12.));
#2358 = VECTOR('',#2359,1.);
#2359 = DIRECTION('',(0.,0.,1.));
#2360 = ORIENTED_EDGE('',*,*,#718,.T.);
#2361 = ORIENTED_EDGE('',*,*,#2362,.T.);
#2362 = EDGE_CURVE('',#710,#2363,#2365,.T.);
#2363 = VERTEX_POINT('',#2364);
#2364 = CARTESIAN_POINT('',(41.4,5.,1.));
#2365 = LINE('',#2366,#2367);
#2366 = CARTESIAN_POINT('',(41.4,5.,12.));
#2367 = VECTOR('',#2368,1.);
#2368 = DIRECTION('',(-0.,-0.,-1.));
#2369 = ORIENTED_EDGE('',*,*,#2370,.F.);
#2370 = EDGE_CURVE('',#2371,#2363,#2373,.T.);
#2371 = VERTEX_POINT('',#2372);
#2372 = CARTESIAN_POINT('',(38.6,5.,1.));
#2373 = LINE('',#2374,#2375);
#2374 = CARTESIAN_POINT('',(38.6,5.,1.));
#2375 = VECTOR('',#2376,1.);
#2376 = DIRECTION('',(1.,0.,0.));
#2377 = ORIENTED_EDGE('',*,*,#2378,.F.);
#2378 = EDGE_CURVE('',#651,#2371,#2379,.T.);
#2379 = LINE('',#2380,#2381);
#2380 = CARTESIAN_POINT('',(38.6,5.,12.));
#2381 = VECTOR('',#2382,1.);
#2382 = DIRECTION('',(-0.,-0.,-1.));
#2383 = ORIENTED_EDGE('',*,*,#650,.T.);
#2384 = ORIENTED_EDGE('',*,*,#1152,.T.);
#2385 = ORIENTED_EDGE('',*,*,#2386,.F.);
#2386 = EDGE_CURVE('',#2354,#1145,#2387,.T.);
#2387 = LINE('',#2388,#2389);
#2388 = CARTESIAN_POINT('',(45.,5.,15.));
#2389 = VECTOR('',#2390,1.);
#2390 = DIRECTION('',(-1.,0.,0.));
#2391 = PLANE('',#2392);
#2392 = AXIS2_PLACEMENT_3D('',#2393,#2394,#2395);
#2393 = CARTESIAN_POINT('',(40.,5.,9.65));
#2394 = DIRECTION('',(0.,1.,0.));
#2395 = DIRECTION('',(0.,0.,1.));
#2396 = ADVANCED_FACE('',(#2397),#2416,.F.);
#2397 = FACE_BOUND('',#2398,.F.);
#2398 = EDGE_LOOP('',(#2399,#2400,#2409,#2415));
#2399 = ORIENTED_EDGE('',*,*,#2362,.T.);
#2400 = ORIENTED_EDGE('',*,*,#2401,.T.);
#2401 = EDGE_CURVE('',#2363,#2402,#2404,.T.);
#2402 = VERTEX_POINT('',#2403);
#2403 = CARTESIAN_POINT('',(43.,6.6,1.));
#2404 = CIRCLE('',#2405,1.6);
#2405 = AXIS2_PLACEMENT_3D('',#2406,#2407,#2408);
#2406 = CARTESIAN_POINT('',(41.4,6.6,1.));
#2407 = DIRECTION('',(0.,0.,1.));
#2408 = DIRECTION('',(1.,0.,0.));
#2409 = ORIENTED_EDGE('',*,*,#2410,.F.);
#2410 = EDGE_CURVE('',#702,#2402,#2411,.T.);
#2411 = LINE('',#2412,#2413);
#2412 = CARTESIAN_POINT('',(43.,6.6,12.));
#2413 = VECTOR('',#2414,1.);
#2414 = DIRECTION('',(-0.,-0.,-1.));
#2415 = ORIENTED_EDGE('',*,*,#709,.F.);
#2416 = CYLINDRICAL_SURFACE('',#2417,1.6);
#2417 = AXIS2_PLACEMENT_3D('',#2418,#2419,#2420);
#2418 = CARTESIAN_POINT('',(41.4,6.6,12.));
#2419 = DIRECTION('',(0.,0.,1.));
#2420 = DIRECTION('',(1.,0.,0.));
#2421 = ADVANCED_FACE('',(#2422),#2440,.F.);
#2422 = FACE_BOUND('',#2423,.F.);
#2423 = EDGE_LOOP('',(#2424,#2425,#2433,#2439));
#2424 = ORIENTED_EDGE('',*,*,#2410,.T.);
#2425 = ORIENTED_EDGE('',*,*,#2426,.T.);
#2426 = EDGE_CURVE('',#2402,#2427,#2429,.T.);
#2427 = VERTEX_POINT('',#2428);
#2428 = CARTESIAN_POINT('',(43.,19.,1.));
#2429 = LINE('',#2430,#2431);
#2430 = CARTESIAN_POINT('',(43.,6.6,1.));
#2431 = VECTOR('',#2432,1.);
#2432 = DIRECTION('',(0.,1.,0.));
#2433 = ORIENTED_EDGE('',*,*,#2434,.F.);
#2434 = EDGE_CURVE('',#693,#2427,#2435,.T.);
#2435 = LINE('',#2436,#2437);
#2436 = CARTESIAN_POINT('',(43.,19.,12.));
#2437 = VECTOR('',#2438,1.);
#2438 = DIRECTION('',(-0.,-0.,-1.));
#2439 = ORIENTED_EDGE('',*,*,#701,.F.);
#2440 = PLANE('',#2441);
#2441 = AXIS2_PLACEMENT_3D('',#2442,#2443,#2444);
#2442 = CARTESIAN_POINT('',(43.,6.6,12.));
#2443 = DIRECTION('',(1.,0.,0.));
#2444 = DIRECTION('',(0.,1.,0.));
#2445 = ADVANCED_FACE('',(#2446),#2465,.F.);
#2446 = FACE_BOUND('',#2447,.F.);
#2447 = EDGE_LOOP('',(#2448,#2449,#2458,#2464));
#2448 = ORIENTED_EDGE('',*,*,#2434,.T.);
#2449 = ORIENTED_EDGE('',*,*,#2450,.T.);
#2450 = EDGE_CURVE('',#2427,#2451,#2453,.T.);
#2451 = VERTEX_POINT('',#2452);
#2452 = CARTESIAN_POINT('',(41.,21.,1.));
#2453 = CIRCLE('',#2454,2.);
#2454 = AXIS2_PLACEMENT_3D('',#2455,#2456,#2457);
#2455 = CARTESIAN_POINT('',(41.,19.,1.));
#2456 = DIRECTION('',(0.,0.,1.));
#2457 = DIRECTION('',(1.,0.,0.));
#2458 = ORIENTED_EDGE('',*,*,#2459,.F.);
#2459 = EDGE_CURVE('',#685,#2451,#2460,.T.);
#2460 = LINE('',#2461,#2462);
#2461 = CARTESIAN_POINT('',(41.,21.,12.));
#2462 = VECTOR('',#2463,1.);
#2463 = DIRECTION('',(-0.,-0.,-1.));
#2464 = ORIENTED_EDGE('',*,*,#692,.F.);
#2465 = CYLINDRICAL_SURFACE('',#2466,2.);
#2466 = AXIS2_PLACEMENT_3D('',#2467,#2468,#2469);
#2467 = CARTESIAN_POINT('',(41.,19.,12.));
#2468 = DIRECTION('',(0.,0.,1.));
#2469 = DIRECTION('',(1.,0.,0.));
#2470 = ADVANCED_FACE('',(#2471),#2489,.F.);
#2471 = FACE_BOUND('',#2472,.F.);
#2472 = EDGE_LOOP('',(#2473,#2474,#2482,#2488));
#2473 = ORIENTED_EDGE('',*,*,#2459,.T.);
#2474 = ORIENTED_EDGE('',*,*,#2475,.T.);
#2475 = EDGE_CURVE('',#2451,#2476,#2478,.T.);
#2476 = VERTEX_POINT('',#2477);
#2477 = CARTESIAN_POINT('',(38.6,21.,1.));
#2478 = LINE('',#2479,#2480);
#2479 = CARTESIAN_POINT('',(41.,21.,1.));
#2480 = VECTOR('',#2481,1.);
#2481 = DIRECTION('',(-1.,0.,0.));
#2482 = ORIENTED_EDGE('',*,*,#2483,.F.);
#2483 = EDGE_CURVE('',#676,#2476,#2484,.T.);
#2484 = LINE('',#2485,#2486);
#2485 = CARTESIAN_POINT('',(38.6,21.,12.));
#2486 = VECTOR('',#2487,1.);
#2487 = DIRECTION('',(-0.,-0.,-1.));
#2488 = ORIENTED_EDGE('',*,*,#684,.F.);
#2489 = PLANE('',#2490);
#2490 = AXIS2_PLACEMENT_3D('',#2491,#2492,#2493);
#2491 = CARTESIAN_POINT('',(41.,21.,12.));
#2492 = DIRECTION('',(0.,1.,0.));
#2493 = DIRECTION('',(-1.,0.,0.));
#2494 = ADVANCED_FACE('',(#2495),#2514,.F.);
#2495 = FACE_BOUND('',#2496,.F.);
#2496 = EDGE_LOOP('',(#2497,#2498,#2507,#2513));
#2497 = ORIENTED_EDGE('',*,*,#2483,.T.);
#2498 = ORIENTED_EDGE('',*,*,#2499,.T.);
#2499 = EDGE_CURVE('',#2476,#2500,#2502,.T.);
#2500 = VERTEX_POINT('',#2501);
#2501 = CARTESIAN_POINT('',(37.,19.4,1.));
#2502 = CIRCLE('',#2503,1.6);
#2503 = AXIS2_PLACEMENT_3D('',#2504,#2505,#2506);
#2504 = CARTESIAN_POINT('',(38.6,19.4,1.));
#2505 = DIRECTION('',(0.,0.,1.));
#2506 = DIRECTION('',(1.,0.,0.));
#2507 = ORIENTED_EDGE('',*,*,#2508,.F.);
#2508 = EDGE_CURVE('',#668,#2500,#2509,.T.);
#2509 = LINE('',#2510,#2511);
#2510 = CARTESIAN_POINT('',(37.,19.4,12.));
#2511 = VECTOR('',#2512,1.);
#2512 = DIRECTION('',(-0.,-0.,-1.));
#2513 = ORIENTED_EDGE('',*,*,#675,.F.);
#2514 = CYLINDRICAL_SURFACE('',#2515,1.6);
#2515 = AXIS2_PLACEMENT_3D('',#2516,#2517,#2518);
#2516 = CARTESIAN_POINT('',(38.6,19.4,12.));
#2517 = DIRECTION('',(0.,0.,1.));
#2518 = DIRECTION('',(1.,0.,0.));
#2519 = ADVANCED_FACE('',(#2520),#2538,.T.);
#2520 = FACE_BOUND('',#2521,.T.);
#2521 = EDGE_LOOP('',(#2522,#2530,#2536,#2537));
#2522 = ORIENTED_EDGE('',*,*,#2523,.T.);
#2523 = EDGE_CURVE('',#659,#2524,#2526,.T.);
#2524 = VERTEX_POINT('',#2525);
#2525 = CARTESIAN_POINT('',(37.,6.6,1.));
#2526 = LINE('',#2527,#2528);
#2527 = CARTESIAN_POINT('',(37.,6.6,12.));
#2528 = VECTOR('',#2529,1.);
#2529 = DIRECTION('',(-0.,-0.,-1.));
#2530 = ORIENTED_EDGE('',*,*,#2531,.T.);
#2531 = EDGE_CURVE('',#2524,#2500,#2532,.T.);
#2532 = LINE('',#2533,#2534);
#2533 = CARTESIAN_POINT('',(37.,6.6,1.));
#2534 = VECTOR('',#2535,1.);
#2535 = DIRECTION('',(0.,1.,0.));
#2536 = ORIENTED_EDGE('',*,*,#2508,.F.);
#2537 = ORIENTED_EDGE('',*,*,#667,.F.);
#2538 = PLANE('',#2539);
#2539 = AXIS2_PLACEMENT_3D('',#2540,#2541,#2542);
#2540 = CARTESIAN_POINT('',(37.,6.6,12.));
#2541 = DIRECTION('',(1.,0.,0.));
#2542 = DIRECTION('',(0.,1.,0.));
#2543 = ADVANCED_FACE('',(#2544),#2556,.F.);
#2544 = FACE_BOUND('',#2545,.F.);
#2545 = EDGE_LOOP('',(#2546,#2547,#2554,#2555));
#2546 = ORIENTED_EDGE('',*,*,#2523,.T.);
#2547 = ORIENTED_EDGE('',*,*,#2548,.T.);
#2548 = EDGE_CURVE('',#2524,#2371,#2549,.T.);
#2549 = CIRCLE('',#2550,1.6);
#2550 = AXIS2_PLACEMENT_3D('',#2551,#2552,#2553);
#2551 = CARTESIAN_POINT('',(38.6,6.6,1.));
#2552 = DIRECTION('',(0.,0.,1.));
#2553 = DIRECTION('',(1.,0.,0.));
#2554 = ORIENTED_EDGE('',*,*,#2378,.F.);
#2555 = ORIENTED_EDGE('',*,*,#658,.F.);
#2556 = CYLINDRICAL_SURFACE('',#2557,1.6);
#2557 = AXIS2_PLACEMENT_3D('',#2558,#2559,#2560);
#2558 = CARTESIAN_POINT('',(38.6,6.6,12.));
#2559 = DIRECTION('',(0.,0.,1.));
#2560 = DIRECTION('',(1.,0.,0.));
#2561 = ADVANCED_FACE('',(#2562),#2650,.T.);
#2562 = FACE_BOUND('',#2563,.T.);
#2563 = EDGE_LOOP('',(#2564,#2565,#2566,#2567,#2568,#2576,#2585,#2593,
    #2602,#2610,#2619,#2627,#2636,#2642,#2643,#2644,#2645,#2646,#2647,
    #2648,#2649));
#2564 = ORIENTED_EDGE('',*,*,#2137,.F.);
#2565 = ORIENTED_EDGE('',*,*,#834,.T.);
#2566 = ORIENTED_EDGE('',*,*,#859,.T.);
#2567 = ORIENTED_EDGE('',*,*,#908,.T.);
#2568 = ORIENTED_EDGE('',*,*,#2569,.F.);
#2569 = EDGE_CURVE('',#2570,#901,#2572,.T.);
#2570 = VERTEX_POINT('',#2571);
#2571 = CARTESIAN_POINT('',(-6.4,5.,12.));
#2572 = LINE('',#2573,#2574);
#2573 = CARTESIAN_POINT('',(0.,5.,12.));
#2574 = VECTOR('',#2575,1.);
#2575 = DIRECTION('',(-1.,0.,0.));
#2576 = ORIENTED_EDGE('',*,*,#2577,.F.);
#2577 = EDGE_CURVE('',#2578,#2570,#2580,.T.);
#2578 = VERTEX_POINT('',#2579);
#2579 = CARTESIAN_POINT('',(-8.,6.6,12.));
#2580 = CIRCLE('',#2581,1.6);
#2581 = AXIS2_PLACEMENT_3D('',#2582,#2583,#2584);
#2582 = CARTESIAN_POINT('',(-6.4,6.6,12.));
#2583 = DIRECTION('',(0.,0.,1.));
#2584 = DIRECTION('',(1.,0.,0.));
#2585 = ORIENTED_EDGE('',*,*,#2586,.T.);
#2586 = EDGE_CURVE('',#2578,#2587,#2589,.T.);
#2587 = VERTEX_POINT('',#2588);
#2588 = CARTESIAN_POINT('',(-8.,19.4,12.));
#2589 = LINE('',#2590,#2591);
#2590 = CARTESIAN_POINT('',(-8.,6.6,12.));
#2591 = VECTOR('',#2592,1.);
#2592 = DIRECTION('',(0.,1.,0.));
#2593 = ORIENTED_EDGE('',*,*,#2594,.F.);
#2594 = EDGE_CURVE('',#2595,#2587,#2597,.T.);
#2595 = VERTEX_POINT('',#2596);
#2596 = CARTESIAN_POINT('',(-6.4,21.,12.));
#2597 = CIRCLE('',#2598,1.6);
#2598 = AXIS2_PLACEMENT_3D('',#2599,#2600,#2601);
#2599 = CARTESIAN_POINT('',(-6.4,19.4,12.));
#2600 = DIRECTION('',(0.,0.,1.));
#2601 = DIRECTION('',(1.,0.,0.));
#2602 = ORIENTED_EDGE('',*,*,#2603,.F.);
#2603 = EDGE_CURVE('',#2604,#2595,#2606,.T.);
#2604 = VERTEX_POINT('',#2605);
#2605 = CARTESIAN_POINT('',(-4.,21.,12.));
#2606 = LINE('',#2607,#2608);
#2607 = CARTESIAN_POINT('',(-4.,21.,12.));
#2608 = VECTOR('',#2609,1.);
#2609 = DIRECTION('',(-1.,0.,0.));
#2610 = ORIENTED_EDGE('',*,*,#2611,.F.);
#2611 = EDGE_CURVE('',#2612,#2604,#2614,.T.);
#2612 = VERTEX_POINT('',#2613);
#2613 = CARTESIAN_POINT('',(-2.,19.,12.));
#2614 = CIRCLE('',#2615,2.);
#2615 = AXIS2_PLACEMENT_3D('',#2616,#2617,#2618);
#2616 = CARTESIAN_POINT('',(-4.,19.,12.));
#2617 = DIRECTION('',(0.,0.,1.));
#2618 = DIRECTION('',(1.,0.,0.));
#2619 = ORIENTED_EDGE('',*,*,#2620,.F.);
#2620 = EDGE_CURVE('',#2621,#2612,#2623,.T.);
#2621 = VERTEX_POINT('',#2622);
#2622 = CARTESIAN_POINT('',(-2.,6.6,12.));
#2623 = LINE('',#2624,#2625);
#2624 = CARTESIAN_POINT('',(-2.,6.6,12.));
#2625 = VECTOR('',#2626,1.);
#2626 = DIRECTION('',(0.,1.,0.));
#2627 = ORIENTED_EDGE('',*,*,#2628,.F.);
#2628 = EDGE_CURVE('',#2629,#2621,#2631,.T.);
#2629 = VERTEX_POINT('',#2630);
#2630 = CARTESIAN_POINT('',(-3.6,5.,12.));
#2631 = CIRCLE('',#2632,1.6);
#2632 = AXIS2_PLACEMENT_3D('',#2633,#2634,#2635);
#2633 = CARTESIAN_POINT('',(-3.6,6.6,12.));
#2634 = DIRECTION('',(0.,0.,1.));
#2635 = DIRECTION('',(1.,0.,0.));
#2636 = ORIENTED_EDGE('',*,*,#2637,.F.);
#2637 = EDGE_CURVE('',#1928,#2629,#2638,.T.);
#2638 = LINE('',#2639,#2640);
#2639 = CARTESIAN_POINT('',(0.,5.,12.));
#2640 = VECTOR('',#2641,1.);
#2641 = DIRECTION('',(-1.,0.,0.));
#2642 = ORIENTED_EDGE('',*,*,#1927,.F.);
#2643 = ORIENTED_EDGE('',*,*,#1973,.F.);
#2644 = ORIENTED_EDGE('',*,*,#1990,.T.);
#2645 = ORIENTED_EDGE('',*,*,#2022,.F.);
#2646 = ORIENTED_EDGE('',*,*,#2039,.T.);
#2647 = ORIENTED_EDGE('',*,*,#2071,.F.);
#2648 = ORIENTED_EDGE('',*,*,#2095,.F.);
#2649 = ORIENTED_EDGE('',*,*,#2120,.F.);
#2650 = PLANE('',#2651);
#2651 = AXIS2_PLACEMENT_3D('',#2652,#2653,#2654);
#2652 = CARTESIAN_POINT('',(-6.161033268659,16.474146133606,12.));
#2653 = DIRECTION('',(0.,0.,1.));
#2654 = DIRECTION('',(1.,0.,0.));
#2655 = ADVANCED_FACE('',(#2656),#2667,.T.);
#2656 = FACE_BOUND('',#2657,.T.);
#2657 = EDGE_LOOP('',(#2658,#2659,#2665,#2666));
#2658 = ORIENTED_EDGE('',*,*,#1943,.T.);
#2659 = ORIENTED_EDGE('',*,*,#2660,.T.);
#2660 = EDGE_CURVE('',#1936,#893,#2661,.T.);
#2661 = LINE('',#2662,#2663);
#2662 = CARTESIAN_POINT('',(0.,5.,15.));
#2663 = VECTOR('',#2664,1.);
#2664 = DIRECTION('',(-1.,0.,0.));
#2665 = ORIENTED_EDGE('',*,*,#892,.T.);
#2666 = ORIENTED_EDGE('',*,*,#940,.T.);
#2667 = PLANE('',#2668);
#2668 = AXIS2_PLACEMENT_3D('',#2669,#2670,#2671);
#2669 = CARTESIAN_POINT('',(-5.,2.5,15.));
#2670 = DIRECTION('',(0.,0.,1.));
#2671 = DIRECTION('',(1.,0.,0.));
#2672 = ADVANCED_FACE('',(#2673),#2702,.T.);
#2673 = FACE_BOUND('',#2674,.T.);
#2674 = EDGE_LOOP('',(#2675,#2676,#2677,#2685,#2693,#2699,#2700,#2701));
#2675 = ORIENTED_EDGE('',*,*,#1935,.F.);
#2676 = ORIENTED_EDGE('',*,*,#2637,.T.);
#2677 = ORIENTED_EDGE('',*,*,#2678,.T.);
#2678 = EDGE_CURVE('',#2629,#2679,#2681,.T.);
#2679 = VERTEX_POINT('',#2680);
#2680 = CARTESIAN_POINT('',(-3.6,5.,1.));
#2681 = LINE('',#2682,#2683);
#2682 = CARTESIAN_POINT('',(-3.6,5.,12.));
#2683 = VECTOR('',#2684,1.);
#2684 = DIRECTION('',(-0.,-0.,-1.));
#2685 = ORIENTED_EDGE('',*,*,#2686,.F.);
#2686 = EDGE_CURVE('',#2687,#2679,#2689,.T.);
#2687 = VERTEX_POINT('',#2688);
#2688 = CARTESIAN_POINT('',(-6.4,5.,1.));
#2689 = LINE('',#2690,#2691);
#2690 = CARTESIAN_POINT('',(-6.4,5.,1.));
#2691 = VECTOR('',#2692,1.);
#2692 = DIRECTION('',(1.,0.,0.));
#2693 = ORIENTED_EDGE('',*,*,#2694,.F.);
#2694 = EDGE_CURVE('',#2570,#2687,#2695,.T.);
#2695 = LINE('',#2696,#2697);
#2696 = CARTESIAN_POINT('',(-6.4,5.,12.));
#2697 = VECTOR('',#2698,1.);
#2698 = DIRECTION('',(-0.,-0.,-1.));
#2699 = ORIENTED_EDGE('',*,*,#2569,.T.);
#2700 = ORIENTED_EDGE('',*,*,#900,.T.);
#2701 = ORIENTED_EDGE('',*,*,#2660,.F.);
#2702 = PLANE('',#2703);
#2703 = AXIS2_PLACEMENT_3D('',#2704,#2705,#2706);
#2704 = CARTESIAN_POINT('',(-5.,5.,9.65));
#2705 = DIRECTION('',(0.,1.,0.));
#2706 = DIRECTION('',(0.,0.,1.));
#2707 = ADVANCED_FACE('',(#2708),#2714,.T.);
#2708 = FACE_BOUND('',#2709,.T.);
#2709 = EDGE_LOOP('',(#2710,#2711,#2712,#2713));
#2710 = ORIENTED_EDGE('',*,*,#922,.T.);
#2711 = ORIENTED_EDGE('',*,*,#1856,.T.);
#2712 = ORIENTED_EDGE('',*,*,#1901,.F.);
#2713 = ORIENTED_EDGE('',*,*,#1950,.T.);
#2714 = PLANE('',#2715);
#2715 = AXIS2_PLACEMENT_3D('',#2716,#2717,#2718);
#2716 = CARTESIAN_POINT('',(2.5,3.697261180098,0.3));
#2717 = DIRECTION('',(0.,0.,1.));
#2718 = DIRECTION('',(1.,0.,0.));
#2719 = ADVANCED_FACE('',(#2720),#2731,.T.);
#2720 = FACE_BOUND('',#2721,.T.);
#2721 = EDGE_LOOP('',(#2722,#2723,#2729,#2730));
#2722 = ORIENTED_EDGE('',*,*,#1580,.T.);
#2723 = ORIENTED_EDGE('',*,*,#2724,.T.);
#2724 = EDGE_CURVE('',#1573,#1864,#2725,.T.);
#2725 = LINE('',#2726,#2727);
#2726 = CARTESIAN_POINT('',(15.,5.,15.));
#2727 = VECTOR('',#2728,1.);
#2728 = DIRECTION('',(-1.,0.,0.));
#2729 = ORIENTED_EDGE('',*,*,#1863,.T.);
#2730 = ORIENTED_EDGE('',*,*,#1020,.T.);
#2731 = PLANE('',#2732);
#2732 = AXIS2_PLACEMENT_3D('',#2733,#2734,#2735);
#2733 = CARTESIAN_POINT('',(10.,2.5,15.));
#2734 = DIRECTION('',(0.,0.,1.));
#2735 = DIRECTION('',(1.,0.,0.));
#2736 = ADVANCED_FACE('',(#2737),#2743,.T.);
#2737 = FACE_BOUND('',#2738,.T.);
#2738 = EDGE_LOOP('',(#2739,#2740,#2741,#2742));
#2739 = ORIENTED_EDGE('',*,*,#1004,.T.);
#2740 = ORIENTED_EDGE('',*,*,#1493,.T.);
#2741 = ORIENTED_EDGE('',*,*,#1538,.F.);
#2742 = ORIENTED_EDGE('',*,*,#1587,.T.);
#2743 = PLANE('',#2744);
#2744 = AXIS2_PLACEMENT_3D('',#2745,#2746,#2747);
#2745 = CARTESIAN_POINT('',(17.5,3.697261180098,0.3));
#2746 = DIRECTION('',(0.,0.,1.));
#2747 = DIRECTION('',(1.,0.,0.));
#2748 = ADVANCED_FACE('',(#2749),#2760,.T.);
#2749 = FACE_BOUND('',#2750,.T.);
#2750 = EDGE_LOOP('',(#2751,#2752,#2758,#2759));
#2751 = ORIENTED_EDGE('',*,*,#1217,.T.);
#2752 = ORIENTED_EDGE('',*,*,#2753,.T.);
#2753 = EDGE_CURVE('',#1210,#1501,#2754,.T.);
#2754 = LINE('',#2755,#2756);
#2755 = CARTESIAN_POINT('',(30.,5.,15.));
#2756 = VECTOR('',#2757,1.);
#2757 = DIRECTION('',(-1.,0.,0.));
#2758 = ORIENTED_EDGE('',*,*,#1500,.T.);
#2759 = ORIENTED_EDGE('',*,*,#988,.T.);
#2760 = PLANE('',#2761);
#2761 = AXIS2_PLACEMENT_3D('',#2762,#2763,#2764);
#2762 = CARTESIAN_POINT('',(25.,2.5,15.));
#2763 = DIRECTION('',(0.,0.,1.));
#2764 = DIRECTION('',(1.,0.,0.));
#2765 = ADVANCED_FACE('',(#2766),#2772,.T.);
#2766 = FACE_BOUND('',#2767,.T.);
#2767 = EDGE_LOOP('',(#2768,#2769,#2770,#2771));
#2768 = ORIENTED_EDGE('',*,*,#972,.T.);
#2769 = ORIENTED_EDGE('',*,*,#1137,.T.);
#2770 = ORIENTED_EDGE('',*,*,#1175,.F.);
#2771 = ORIENTED_EDGE('',*,*,#1224,.T.);
#2772 = PLANE('',#2773);
#2773 = AXIS2_PLACEMENT_3D('',#2774,#2775,#2776);
#2774 = CARTESIAN_POINT('',(32.5,3.697261180098,0.3));
#2775 = DIRECTION('',(0.,0.,1.));
#2776 = DIRECTION('',(1.,0.,0.));
#2777 = ADVANCED_FACE('',(#2778),#2789,.T.);
#2778 = FACE_BOUND('',#2779,.T.);
#2779 = EDGE_LOOP('',(#2780,#2786,#2787,#2788));
#2780 = ORIENTED_EDGE('',*,*,#2781,.T.);
#2781 = EDGE_CURVE('',#949,#2354,#2782,.T.);
#2782 = LINE('',#2783,#2784);
#2783 = CARTESIAN_POINT('',(45.,0.,15.));
#2784 = VECTOR('',#2785,1.);
#2785 = DIRECTION('',(0.,1.,0.));
#2786 = ORIENTED_EDGE('',*,*,#2386,.T.);
#2787 = ORIENTED_EDGE('',*,*,#1144,.T.);
#2788 = ORIENTED_EDGE('',*,*,#956,.T.);
#2789 = PLANE('',#2790);
#2790 = AXIS2_PLACEMENT_3D('',#2791,#2792,#2793);
#2791 = CARTESIAN_POINT('',(40.,2.5,15.));
#2792 = DIRECTION('',(0.,0.,1.));
#2793 = DIRECTION('',(1.,0.,0.));
#2794 = ADVANCED_FACE('',(#2795),#2838,.T.);
#2795 = FACE_BOUND('',#2796,.T.);
#2796 = EDGE_LOOP('',(#2797,#2798,#2806,#2814,#2822,#2830,#2836,#2837));
#2797 = ORIENTED_EDGE('',*,*,#1209,.F.);
#2798 = ORIENTED_EDGE('',*,*,#2799,.T.);
#2799 = EDGE_CURVE('',#1202,#2800,#2802,.T.);
#2800 = VERTEX_POINT('',#2801);
#2801 = CARTESIAN_POINT('',(26.4,5.,12.));
#2802 = LINE('',#2803,#2804);
#2803 = CARTESIAN_POINT('',(30.,5.,12.));
#2804 = VECTOR('',#2805,1.);
#2805 = DIRECTION('',(-1.,0.,0.));
#2806 = ORIENTED_EDGE('',*,*,#2807,.T.);
#2807 = EDGE_CURVE('',#2800,#2808,#2810,.T.);
#2808 = VERTEX_POINT('',#2809);
#2809 = CARTESIAN_POINT('',(26.4,5.,1.));
#2810 = LINE('',#2811,#2812);
#2811 = CARTESIAN_POINT('',(26.4,5.,12.));
#2812 = VECTOR('',#2813,1.);
#2813 = DIRECTION('',(-0.,-0.,-1.));
#2814 = ORIENTED_EDGE('',*,*,#2815,.F.);
#2815 = EDGE_CURVE('',#2816,#2808,#2818,.T.);
#2816 = VERTEX_POINT('',#2817);
#2817 = CARTESIAN_POINT('',(23.6,5.,1.));
#2818 = LINE('',#2819,#2820);
#2819 = CARTESIAN_POINT('',(23.6,5.,1.));
#2820 = VECTOR('',#2821,1.);
#2821 = DIRECTION('',(1.,0.,0.));
#2822 = ORIENTED_EDGE('',*,*,#2823,.F.);
#2823 = EDGE_CURVE('',#2824,#2816,#2826,.T.);
#2824 = VERTEX_POINT('',#2825);
#2825 = CARTESIAN_POINT('',(23.6,5.,12.));
#2826 = LINE('',#2827,#2828);
#2827 = CARTESIAN_POINT('',(23.6,5.,12.));
#2828 = VECTOR('',#2829,1.);
#2829 = DIRECTION('',(-0.,-0.,-1.));
#2830 = ORIENTED_EDGE('',*,*,#2831,.T.);
#2831 = EDGE_CURVE('',#2824,#1509,#2832,.T.);
#2832 = LINE('',#2833,#2834);
#2833 = CARTESIAN_POINT('',(30.,5.,12.));
#2834 = VECTOR('',#2835,1.);
#2835 = DIRECTION('',(-1.,0.,0.));
#2836 = ORIENTED_EDGE('',*,*,#1508,.T.);
#2837 = ORIENTED_EDGE('',*,*,#2753,.F.);
#2838 = PLANE('',#2839);
#2839 = AXIS2_PLACEMENT_3D('',#2840,#2841,#2842);
#2840 = CARTESIAN_POINT('',(25.,5.,9.65));
#2841 = DIRECTION('',(0.,1.,0.));
#2842 = DIRECTION('',(0.,0.,1.));
#2843 = ADVANCED_FACE('',(#2844),#2918,.T.);
#2844 = FACE_BOUND('',#2845,.T.);
#2845 = EDGE_LOOP('',(#2846,#2847,#2848,#2849,#2850,#2851,#2860,#2868,
    #2877,#2885,#2894,#2902,#2909,#2910,#2911,#2912,#2913,#2914,#2915,
    #2916,#2917));
#2846 = ORIENTED_EDGE('',*,*,#1418,.F.);
#2847 = ORIENTED_EDGE('',*,*,#1435,.T.);
#2848 = ORIENTED_EDGE('',*,*,#1460,.T.);
#2849 = ORIENTED_EDGE('',*,*,#1516,.T.);
#2850 = ORIENTED_EDGE('',*,*,#2831,.F.);
#2851 = ORIENTED_EDGE('',*,*,#2852,.F.);
#2852 = EDGE_CURVE('',#2853,#2824,#2855,.T.);
#2853 = VERTEX_POINT('',#2854);
#2854 = CARTESIAN_POINT('',(22.,6.6,12.));
#2855 = CIRCLE('',#2856,1.6);
#2856 = AXIS2_PLACEMENT_3D('',#2857,#2858,#2859);
#2857 = CARTESIAN_POINT('',(23.6,6.6,12.));
#2858 = DIRECTION('',(0.,0.,1.));
#2859 = DIRECTION('',(1.,0.,0.));
#2860 = ORIENTED_EDGE('',*,*,#2861,.T.);
#2861 = EDGE_CURVE('',#2853,#2862,#2864,.T.);
#2862 = VERTEX_POINT('',#2863);
#2863 = CARTESIAN_POINT('',(22.,19.4,12.));
#2864 = LINE('',#2865,#2866);
#2865 = CARTESIAN_POINT('',(22.,6.6,12.));
#2866 = VECTOR('',#2867,1.);
#2867 = DIRECTION('',(0.,1.,0.));
#2868 = ORIENTED_EDGE('',*,*,#2869,.F.);
#2869 = EDGE_CURVE('',#2870,#2862,#2872,.T.);
#2870 = VERTEX_POINT('',#2871);
#2871 = CARTESIAN_POINT('',(23.6,21.,12.));
#2872 = CIRCLE('',#2873,1.6);
#2873 = AXIS2_PLACEMENT_3D('',#2874,#2875,#2876);
#2874 = CARTESIAN_POINT('',(23.6,19.4,12.));
#2875 = DIRECTION('',(0.,0.,1.));
#2876 = DIRECTION('',(1.,0.,0.));
#2877 = ORIENTED_EDGE('',*,*,#2878,.F.);
#2878 = EDGE_CURVE('',#2879,#2870,#2881,.T.);
#2879 = VERTEX_POINT('',#2880);
#2880 = CARTESIAN_POINT('',(26.,21.,12.));
#2881 = LINE('',#2882,#2883);
#2882 = CARTESIAN_POINT('',(26.,21.,12.));
#2883 = VECTOR('',#2884,1.);
#2884 = DIRECTION('',(-1.,0.,0.));
#2885 = ORIENTED_EDGE('',*,*,#2886,.F.);
#2886 = EDGE_CURVE('',#2887,#2879,#2889,.T.);
#2887 = VERTEX_POINT('',#2888);
#2888 = CARTESIAN_POINT('',(28.,19.,12.));
#2889 = CIRCLE('',#2890,2.);
#2890 = AXIS2_PLACEMENT_3D('',#2891,#2892,#2893);
#2891 = CARTESIAN_POINT('',(26.,19.,12.));
#2892 = DIRECTION('',(0.,0.,1.));
#2893 = DIRECTION('',(1.,0.,0.));
#2894 = ORIENTED_EDGE('',*,*,#2895,.F.);
#2895 = EDGE_CURVE('',#2896,#2887,#2898,.T.);
#2896 = VERTEX_POINT('',#2897);
#2897 = CARTESIAN_POINT('',(28.,6.6,12.));
#2898 = LINE('',#2899,#2900);
#2899 = CARTESIAN_POINT('',(28.,6.6,12.));
#2900 = VECTOR('',#2901,1.);
#2901 = DIRECTION('',(0.,1.,0.));
#2902 = ORIENTED_EDGE('',*,*,#2903,.F.);
#2903 = EDGE_CURVE('',#2800,#2896,#2904,.T.);
#2904 = CIRCLE('',#2905,1.6);
#2905 = AXIS2_PLACEMENT_3D('',#2906,#2907,#2908);
#2906 = CARTESIAN_POINT('',(26.4,6.6,12.));
#2907 = DIRECTION('',(0.,0.,1.));
#2908 = DIRECTION('',(1.,0.,0.));
#2909 = ORIENTED_EDGE('',*,*,#2799,.F.);
#2910 = ORIENTED_EDGE('',*,*,#1201,.F.);
#2911 = ORIENTED_EDGE('',*,*,#1247,.F.);
#2912 = ORIENTED_EDGE('',*,*,#1264,.T.);
#2913 = ORIENTED_EDGE('',*,*,#1296,.F.);
#2914 = ORIENTED_EDGE('',*,*,#1313,.T.);
#2915 = ORIENTED_EDGE('',*,*,#1345,.F.);
#2916 = ORIENTED_EDGE('',*,*,#1369,.F.);
#2917 = ORIENTED_EDGE('',*,*,#1394,.F.);
#2918 = PLANE('',#2919);
#2919 = AXIS2_PLACEMENT_3D('',#2920,#2921,#2922);
#2920 = CARTESIAN_POINT('',(23.838966731341,16.474146133606,12.));
#2921 = DIRECTION('',(0.,0.,1.));
#2922 = DIRECTION('',(1.,0.,0.));
#2923 = ADVANCED_FACE('',(#2924),#2967,.T.);
#2924 = FACE_BOUND('',#2925,.T.);
#2925 = EDGE_LOOP('',(#2926,#2927,#2935,#2943,#2951,#2959,#2965,#2966));
#2926 = ORIENTED_EDGE('',*,*,#1572,.F.);
#2927 = ORIENTED_EDGE('',*,*,#2928,.T.);
#2928 = EDGE_CURVE('',#1565,#2929,#2931,.T.);
#2929 = VERTEX_POINT('',#2930);
#2930 = CARTESIAN_POINT('',(11.4,5.,12.));
#2931 = LINE('',#2932,#2933);
#2932 = CARTESIAN_POINT('',(15.,5.,12.));
#2933 = VECTOR('',#2934,1.);
#2934 = DIRECTION('',(-1.,0.,0.));
#2935 = ORIENTED_EDGE('',*,*,#2936,.T.);
#2936 = EDGE_CURVE('',#2929,#2937,#2939,.T.);
#2937 = VERTEX_POINT('',#2938);
#2938 = CARTESIAN_POINT('',(11.4,5.,1.));
#2939 = LINE('',#2940,#2941);
#2940 = CARTESIAN_POINT('',(11.4,5.,12.));
#2941 = VECTOR('',#2942,1.);
#2942 = DIRECTION('',(-0.,-0.,-1.));
#2943 = ORIENTED_EDGE('',*,*,#2944,.F.);
#2944 = EDGE_CURVE('',#2945,#2937,#2947,.T.);
#2945 = VERTEX_POINT('',#2946);
#2946 = CARTESIAN_POINT('',(8.6,5.,1.));
#2947 = LINE('',#2948,#2949);
#2948 = CARTESIAN_POINT('',(8.6,5.,1.));
#2949 = VECTOR('',#2950,1.);
#2950 = DIRECTION('',(1.,0.,0.));
#2951 = ORIENTED_EDGE('',*,*,#2952,.F.);
#2952 = EDGE_CURVE('',#2953,#2945,#2955,.T.);
#2953 = VERTEX_POINT('',#2954);
#2954 = CARTESIAN_POINT('',(8.6,5.,12.));
#2955 = LINE('',#2956,#2957);
#2956 = CARTESIAN_POINT('',(8.6,5.,12.));
#2957 = VECTOR('',#2958,1.);
#2958 = DIRECTION('',(-0.,-0.,-1.));
#2959 = ORIENTED_EDGE('',*,*,#2960,.T.);
#2960 = EDGE_CURVE('',#2953,#1872,#2961,.T.);
#2961 = LINE('',#2962,#2963);
#2962 = CARTESIAN_POINT('',(15.,5.,12.));
#2963 = VECTOR('',#2964,1.);
#2964 = DIRECTION('',(-1.,0.,0.));
#2965 = ORIENTED_EDGE('',*,*,#1871,.T.);
#2966 = ORIENTED_EDGE('',*,*,#2724,.F.);
#2967 = PLANE('',#2968);
#2968 = AXIS2_PLACEMENT_3D('',#2969,#2970,#2971);
#2969 = CARTESIAN_POINT('',(10.,5.,9.65));
#2970 = DIRECTION('',(0.,1.,0.));
#2971 = DIRECTION('',(0.,0.,1.));
#2972 = ADVANCED_FACE('',(#2973),#3047,.T.);
#2973 = FACE_BOUND('',#2974,.T.);
#2974 = EDGE_LOOP('',(#2975,#2976,#2977,#2978,#2979,#2980,#2989,#2997,
    #3006,#3014,#3023,#3031,#3038,#3039,#3040,#3041,#3042,#3043,#3044,
    #3045,#3046));
#2975 = ORIENTED_EDGE('',*,*,#1781,.F.);
#2976 = ORIENTED_EDGE('',*,*,#1798,.T.);
#2977 = ORIENTED_EDGE('',*,*,#1823,.T.);
#2978 = ORIENTED_EDGE('',*,*,#1879,.T.);
#2979 = ORIENTED_EDGE('',*,*,#2960,.F.);
#2980 = ORIENTED_EDGE('',*,*,#2981,.F.);
#2981 = EDGE_CURVE('',#2982,#2953,#2984,.T.);
#2982 = VERTEX_POINT('',#2983);
#2983 = CARTESIAN_POINT('',(7.,6.6,12.));
#2984 = CIRCLE('',#2985,1.6);
#2985 = AXIS2_PLACEMENT_3D('',#2986,#2987,#2988);
#2986 = CARTESIAN_POINT('',(8.6,6.6,12.));
#2987 = DIRECTION('',(0.,0.,1.));
#2988 = DIRECTION('',(1.,0.,0.));
#2989 = ORIENTED_EDGE('',*,*,#2990,.T.);
#2990 = EDGE_CURVE('',#2982,#2991,#2993,.T.);
#2991 = VERTEX_POINT('',#2992);
#2992 = CARTESIAN_POINT('',(7.,19.4,12.));
#2993 = LINE('',#2994,#2995);
#2994 = CARTESIAN_POINT('',(7.,6.6,12.));
#2995 = VECTOR('',#2996,1.);
#2996 = DIRECTION('',(0.,1.,0.));
#2997 = ORIENTED_EDGE('',*,*,#2998,.F.);
#2998 = EDGE_CURVE('',#2999,#2991,#3001,.T.);
#2999 = VERTEX_POINT('',#3000);
#3000 = CARTESIAN_POINT('',(8.6,21.,12.));
#3001 = CIRCLE('',#3002,1.6);
#3002 = AXIS2_PLACEMENT_3D('',#3003,#3004,#3005);
#3003 = CARTESIAN_POINT('',(8.6,19.4,12.));
#3004 = DIRECTION('',(0.,0.,1.));
#3005 = DIRECTION('',(1.,0.,0.));
#3006 = ORIENTED_EDGE('',*,*,#3007,.F.);
#3007 = EDGE_CURVE('',#3008,#2999,#3010,.T.);
#3008 = VERTEX_POINT('',#3009);
#3009 = CARTESIAN_POINT('',(11.,21.,12.));
#3010 = LINE('',#3011,#3012);
#3011 = CARTESIAN_POINT('',(11.,21.,12.));
#3012 = VECTOR('',#3013,1.);
#3013 = DIRECTION('',(-1.,0.,0.));
#3014 = ORIENTED_EDGE('',*,*,#3015,.F.);
#3015 = EDGE_CURVE('',#3016,#3008,#3018,.T.);
#3016 = VERTEX_POINT('',#3017);
#3017 = CARTESIAN_POINT('',(13.,19.,12.));
#3018 = CIRCLE('',#3019,2.);
#3019 = AXIS2_PLACEMENT_3D('',#3020,#3021,#3022);
#3020 = CARTESIAN_POINT('',(11.,19.,12.));
#3021 = DIRECTION('',(0.,0.,1.));
#3022 = DIRECTION('',(1.,0.,0.));
#3023 = ORIENTED_EDGE('',*,*,#3024,.F.);
#3024 = EDGE_CURVE('',#3025,#3016,#3027,.T.);
#3025 = VERTEX_POINT('',#3026);
#3026 = CARTESIAN_POINT('',(13.,6.6,12.));
#3027 = LINE('',#3028,#3029);
#3028 = CARTESIAN_POINT('',(13.,6.6,12.));
#3029 = VECTOR('',#3030,1.);
#3030 = DIRECTION('',(0.,1.,0.));
#3031 = ORIENTED_EDGE('',*,*,#3032,.F.);
#3032 = EDGE_CURVE('',#2929,#3025,#3033,.T.);
#3033 = CIRCLE('',#3034,1.6);
#3034 = AXIS2_PLACEMENT_3D('',#3035,#3036,#3037);
#3035 = CARTESIAN_POINT('',(11.4,6.6,12.));
#3036 = DIRECTION('',(0.,0.,1.));
#3037 = DIRECTION('',(1.,0.,0.));
#3038 = ORIENTED_EDGE('',*,*,#2928,.F.);
#3039 = ORIENTED_EDGE('',*,*,#1564,.F.);
#3040 = ORIENTED_EDGE('',*,*,#1610,.F.);
#3041 = ORIENTED_EDGE('',*,*,#1627,.T.);
#3042 = ORIENTED_EDGE('',*,*,#1659,.F.);
#3043 = ORIENTED_EDGE('',*,*,#1676,.T.);
#3044 = ORIENTED_EDGE('',*,*,#1708,.F.);
#3045 = ORIENTED_EDGE('',*,*,#1732,.F.);
#3046 = ORIENTED_EDGE('',*,*,#1757,.F.);
#3047 = PLANE('',#3048);
#3048 = AXIS2_PLACEMENT_3D('',#3049,#3050,#3051);
#3049 = CARTESIAN_POINT('',(8.838966731341,16.474146133606,12.));
#3050 = DIRECTION('',(0.,0.,1.));
#3051 = DIRECTION('',(1.,0.,0.));
#3052 = ADVANCED_FACE('',(#3053),#3065,.F.);
#3053 = FACE_BOUND('',#3054,.T.);
#3054 = EDGE_LOOP('',(#3055,#3056,#3064));
#3055 = ORIENTED_EDGE('',*,*,#2163,.T.);
#3056 = ORIENTED_EDGE('',*,*,#3057,.T.);
#3057 = EDGE_CURVE('',#2154,#3058,#3060,.T.);
#3058 = VERTEX_POINT('',#3059);
#3059 = CARTESIAN_POINT('',(42.5,2.5,5.980688495222));
#3060 = LINE('',#3061,#3062);
#3061 = CARTESIAN_POINT('',(41.7,2.5,5.5));
#3062 = VECTOR('',#3063,1.);
#3063 = DIRECTION('',(0.857167300702,0.,0.51503807491));
#3064 = ORIENTED_EDGE('',*,*,#3057,.F.);
#3065 = CONICAL_SURFACE('',#3066,0.8,1.029744258677);
#3066 = AXIS2_PLACEMENT_3D('',#3067,#3068,#3069);
#3067 = CARTESIAN_POINT('',(42.5,2.5,5.5));
#3068 = DIRECTION('',(-0.,-0.,-1.));
#3069 = DIRECTION('',(-1.,0.,0.));
#3070 = ADVANCED_FACE('',(#3071),#3083,.F.);
#3071 = FACE_BOUND('',#3072,.T.);
#3072 = EDGE_LOOP('',(#3073,#3074,#3082));
#3073 = ORIENTED_EDGE('',*,*,#2188,.T.);
#3074 = ORIENTED_EDGE('',*,*,#3075,.T.);
#3075 = EDGE_CURVE('',#2179,#3076,#3078,.T.);
#3076 = VERTEX_POINT('',#3077);
#3077 = CARTESIAN_POINT('',(37.5,2.5,5.980688495222));
#3078 = LINE('',#3079,#3080);
#3079 = CARTESIAN_POINT('',(36.7,2.5,5.5));
#3080 = VECTOR('',#3081,1.);
#3081 = DIRECTION('',(0.857167300702,0.,0.51503807491));
#3082 = ORIENTED_EDGE('',*,*,#3075,.F.);
#3083 = CONICAL_SURFACE('',#3084,0.8,1.029744258677);
#3084 = AXIS2_PLACEMENT_3D('',#3085,#3086,#3087);
#3085 = CARTESIAN_POINT('',(37.5,2.5,5.5));
#3086 = DIRECTION('',(-0.,-0.,-1.));
#3087 = DIRECTION('',(-1.,0.,0.));
#3088 = ADVANCED_FACE('',(#3089),#3101,.F.);
#3089 = FACE_BOUND('',#3090,.T.);
#3090 = EDGE_LOOP('',(#3091,#3092,#3100));
#3091 = ORIENTED_EDGE('',*,*,#2213,.T.);
#3092 = ORIENTED_EDGE('',*,*,#3093,.T.);
#3093 = EDGE_CURVE('',#2204,#3094,#3096,.T.);
#3094 = VERTEX_POINT('',#3095);
#3095 = CARTESIAN_POINT('',(27.5,2.5,5.980688495222));
#3096 = LINE('',#3097,#3098);
#3097 = CARTESIAN_POINT('',(26.7,2.5,5.5));
#3098 = VECTOR('',#3099,1.);
#3099 = DIRECTION('',(0.857167300702,0.,0.51503807491));
#3100 = ORIENTED_EDGE('',*,*,#3093,.F.);
#3101 = CONICAL_SURFACE('',#3102,0.8,1.029744258677);
#3102 = AXIS2_PLACEMENT_3D('',#3103,#3104,#3105);
#3103 = CARTESIAN_POINT('',(27.5,2.5,5.5));
#3104 = DIRECTION('',(-0.,-0.,-1.));
#3105 = DIRECTION('',(-1.,0.,0.));
#3106 = ADVANCED_FACE('',(#3107),#3119,.F.);
#3107 = FACE_BOUND('',#3108,.T.);
#3108 = EDGE_LOOP('',(#3109,#3110,#3118));
#3109 = ORIENTED_EDGE('',*,*,#2238,.T.);
#3110 = ORIENTED_EDGE('',*,*,#3111,.T.);
#3111 = EDGE_CURVE('',#2229,#3112,#3114,.T.);
#3112 = VERTEX_POINT('',#3113);
#3113 = CARTESIAN_POINT('',(22.5,2.5,5.980688495222));
#3114 = LINE('',#3115,#3116);
#3115 = CARTESIAN_POINT('',(21.7,2.5,5.5));
#3116 = VECTOR('',#3117,1.);
#3117 = DIRECTION('',(0.857167300702,0.,0.51503807491));
#3118 = ORIENTED_EDGE('',*,*,#3111,.F.);
#3119 = CONICAL_SURFACE('',#3120,0.8,1.029744258677);
#3120 = AXIS2_PLACEMENT_3D('',#3121,#3122,#3123);
#3121 = CARTESIAN_POINT('',(22.5,2.5,5.5));
#3122 = DIRECTION('',(-0.,-0.,-1.));
#3123 = DIRECTION('',(-1.,0.,0.));
#3124 = ADVANCED_FACE('',(#3125),#3137,.F.);
#3125 = FACE_BOUND('',#3126,.T.);
#3126 = EDGE_LOOP('',(#3127,#3128,#3136));
#3127 = ORIENTED_EDGE('',*,*,#2263,.T.);
#3128 = ORIENTED_EDGE('',*,*,#3129,.T.);
#3129 = EDGE_CURVE('',#2254,#3130,#3132,.T.);
#3130 = VERTEX_POINT('',#3131);
#3131 = CARTESIAN_POINT('',(12.5,2.5,5.980688495222));
#3132 = LINE('',#3133,#3134);
#3133 = CARTESIAN_POINT('',(11.7,2.5,5.5));
#3134 = VECTOR('',#3135,1.);
#3135 = DIRECTION('',(0.857167300702,0.,0.51503807491));
#3136 = ORIENTED_EDGE('',*,*,#3129,.F.);
#3137 = CONICAL_SURFACE('',#3138,0.8,1.029744258677);
#3138 = AXIS2_PLACEMENT_3D('',#3139,#3140,#3141);
#3139 = CARTESIAN_POINT('',(12.5,2.5,5.5));
#3140 = DIRECTION('',(-0.,-0.,-1.));
#3141 = DIRECTION('',(-1.,0.,0.));
#3142 = ADVANCED_FACE('',(#3143),#3155,.F.);
#3143 = FACE_BOUND('',#3144,.T.);
#3144 = EDGE_LOOP('',(#3145,#3146,#3154));
#3145 = ORIENTED_EDGE('',*,*,#2288,.T.);
#3146 = ORIENTED_EDGE('',*,*,#3147,.T.);
#3147 = EDGE_CURVE('',#2279,#3148,#3150,.T.);
#3148 = VERTEX_POINT('',#3149);
#3149 = CARTESIAN_POINT('',(7.5,2.5,5.980688495222));
#3150 = LINE('',#3151,#3152);
#3151 = CARTESIAN_POINT('',(6.7,2.5,5.5));
#3152 = VECTOR('',#3153,1.);
#3153 = DIRECTION('',(0.857167300702,0.,0.51503807491));
#3154 = ORIENTED_EDGE('',*,*,#3147,.F.);
#3155 = CONICAL_SURFACE('',#3156,0.8,1.029744258677);
#3156 = AXIS2_PLACEMENT_3D('',#3157,#3158,#3159);
#3157 = CARTESIAN_POINT('',(7.5,2.5,5.5));
#3158 = DIRECTION('',(-0.,-0.,-1.));
#3159 = DIRECTION('',(-1.,0.,0.));
#3160 = ADVANCED_FACE('',(#3161),#3173,.F.);
#3161 = FACE_BOUND('',#3162,.T.);
#3162 = EDGE_LOOP('',(#3163,#3164,#3172));
#3163 = ORIENTED_EDGE('',*,*,#2313,.T.);
#3164 = ORIENTED_EDGE('',*,*,#3165,.T.);
#3165 = EDGE_CURVE('',#2304,#3166,#3168,.T.);
#3166 = VERTEX_POINT('',#3167);
#3167 = CARTESIAN_POINT('',(-2.5,2.5,5.980688495222));
#3168 = LINE('',#3169,#3170);
#3169 = CARTESIAN_POINT('',(-3.3,2.5,5.5));
#3170 = VECTOR('',#3171,1.);
#3171 = DIRECTION('',(0.857167300702,0.,0.51503807491));
#3172 = ORIENTED_EDGE('',*,*,#3165,.F.);
#3173 = CONICAL_SURFACE('',#3174,0.8,1.029744258677);
#3174 = AXIS2_PLACEMENT_3D('',#3175,#3176,#3177);
#3175 = CARTESIAN_POINT('',(-2.5,2.5,5.5));
#3176 = DIRECTION('',(-0.,-0.,-1.));
#3177 = DIRECTION('',(-1.,0.,0.));
#3178 = ADVANCED_FACE('',(#3179),#3191,.F.);
#3179 = FACE_BOUND('',#3180,.T.);
#3180 = EDGE_LOOP('',(#3181,#3182,#3190));
#3181 = ORIENTED_EDGE('',*,*,#2338,.T.);
#3182 = ORIENTED_EDGE('',*,*,#3183,.T.);
#3183 = EDGE_CURVE('',#2329,#3184,#3186,.T.);
#3184 = VERTEX_POINT('',#3185);
#3185 = CARTESIAN_POINT('',(-7.5,2.5,5.980688495222));
#3186 = LINE('',#3187,#3188);
#3187 = CARTESIAN_POINT('',(-8.3,2.5,5.5));
#3188 = VECTOR('',#3189,1.);
#3189 = DIRECTION('',(0.857167300702,0.,0.51503807491));
#3190 = ORIENTED_EDGE('',*,*,#3183,.F.);
#3191 = CONICAL_SURFACE('',#3192,0.8,1.029744258677);
#3192 = AXIS2_PLACEMENT_3D('',#3193,#3194,#3195);
#3193 = CARTESIAN_POINT('',(-7.5,2.5,5.5));
#3194 = DIRECTION('',(-0.,-0.,-1.));
#3195 = DIRECTION('',(-1.,0.,0.));
#3196 = ADVANCED_FACE('',(#3197),#3207,.T.);
#3197 = FACE_BOUND('',#3198,.T.);
#3198 = EDGE_LOOP('',(#3199,#3200,#3201,#3202,#3203,#3204,#3205,#3206));
#3199 = ORIENTED_EDGE('',*,*,#2548,.T.);
#3200 = ORIENTED_EDGE('',*,*,#2370,.T.);
#3201 = ORIENTED_EDGE('',*,*,#2401,.T.);
#3202 = ORIENTED_EDGE('',*,*,#2426,.T.);
#3203 = ORIENTED_EDGE('',*,*,#2450,.T.);
#3204 = ORIENTED_EDGE('',*,*,#2475,.T.);
#3205 = ORIENTED_EDGE('',*,*,#2499,.T.);
#3206 = ORIENTED_EDGE('',*,*,#2531,.F.);
#3207 = PLANE('',#3208);
#3208 = AXIS2_PLACEMENT_3D('',#3209,#3210,#3211);
#3209 = CARTESIAN_POINT('',(39.983843525608,12.962013070216,1.));
#3210 = DIRECTION('',(0.,0.,1.));
#3211 = DIRECTION('',(1.,0.,0.));
#3212 = ADVANCED_FACE('',(#3213),#3232,.F.);
#3213 = FACE_BOUND('',#3214,.F.);
#3214 = EDGE_LOOP('',(#3215,#3216,#3225,#3231));
#3215 = ORIENTED_EDGE('',*,*,#2678,.T.);
#3216 = ORIENTED_EDGE('',*,*,#3217,.T.);
#3217 = EDGE_CURVE('',#2679,#3218,#3220,.T.);
#3218 = VERTEX_POINT('',#3219);
#3219 = CARTESIAN_POINT('',(-2.,6.6,1.));
#3220 = CIRCLE('',#3221,1.6);
#3221 = AXIS2_PLACEMENT_3D('',#3222,#3223,#3224);
#3222 = CARTESIAN_POINT('',(-3.6,6.6,1.));
#3223 = DIRECTION('',(0.,0.,1.));
#3224 = DIRECTION('',(1.,0.,0.));
#3225 = ORIENTED_EDGE('',*,*,#3226,.F.);
#3226 = EDGE_CURVE('',#2621,#3218,#3227,.T.);
#3227 = LINE('',#3228,#3229);
#3228 = CARTESIAN_POINT('',(-2.,6.6,12.));
#3229 = VECTOR('',#3230,1.);
#3230 = DIRECTION('',(-0.,-0.,-1.));
#3231 = ORIENTED_EDGE('',*,*,#2628,.F.);
#3232 = CYLINDRICAL_SURFACE('',#3233,1.6);
#3233 = AXIS2_PLACEMENT_3D('',#3234,#3235,#3236);
#3234 = CARTESIAN_POINT('',(-3.6,6.6,12.));
#3235 = DIRECTION('',(0.,0.,1.));
#3236 = DIRECTION('',(1.,0.,0.));
#3237 = ADVANCED_FACE('',(#3238),#3256,.F.);
#3238 = FACE_BOUND('',#3239,.F.);
#3239 = EDGE_LOOP('',(#3240,#3241,#3249,#3255));
#3240 = ORIENTED_EDGE('',*,*,#3226,.T.);
#3241 = ORIENTED_EDGE('',*,*,#3242,.T.);
#3242 = EDGE_CURVE('',#3218,#3243,#3245,.T.);
#3243 = VERTEX_POINT('',#3244);
#3244 = CARTESIAN_POINT('',(-2.,19.,1.));
#3245 = LINE('',#3246,#3247);
#3246 = CARTESIAN_POINT('',(-2.,6.6,1.));
#3247 = VECTOR('',#3248,1.);
#3248 = DIRECTION('',(0.,1.,0.));
#3249 = ORIENTED_EDGE('',*,*,#3250,.F.);
#3250 = EDGE_CURVE('',#2612,#3243,#3251,.T.);
#3251 = LINE('',#3252,#3253);
#3252 = CARTESIAN_POINT('',(-2.,19.,12.));
#3253 = VECTOR('',#3254,1.);
#3254 = DIRECTION('',(-0.,-0.,-1.));
#3255 = ORIENTED_EDGE('',*,*,#2620,.F.);
#3256 = PLANE('',#3257);
#3257 = AXIS2_PLACEMENT_3D('',#3258,#3259,#3260);
#3258 = CARTESIAN_POINT('',(-2.,6.6,12.));
#3259 = DIRECTION('',(1.,0.,0.));
#3260 = DIRECTION('',(0.,1.,0.));
#3261 = ADVANCED_FACE('',(#3262),#3281,.F.);
#3262 = FACE_BOUND('',#3263,.F.);
#3263 = EDGE_LOOP('',(#3264,#3265,#3274,#3280));
#3264 = ORIENTED_EDGE('',*,*,#3250,.T.);
#3265 = ORIENTED_EDGE('',*,*,#3266,.T.);
#3266 = EDGE_CURVE('',#3243,#3267,#3269,.T.);
#3267 = VERTEX_POINT('',#3268);
#3268 = CARTESIAN_POINT('',(-4.,21.,1.));
#3269 = CIRCLE('',#3270,2.);
#3270 = AXIS2_PLACEMENT_3D('',#3271,#3272,#3273);
#3271 = CARTESIAN_POINT('',(-4.,19.,1.));
#3272 = DIRECTION('',(0.,0.,1.));
#3273 = DIRECTION('',(1.,0.,0.));
#3274 = ORIENTED_EDGE('',*,*,#3275,.F.);
#3275 = EDGE_CURVE('',#2604,#3267,#3276,.T.);
#3276 = LINE('',#3277,#3278);
#3277 = CARTESIAN_POINT('',(-4.,21.,12.));
#3278 = VECTOR('',#3279,1.);
#3279 = DIRECTION('',(-0.,-0.,-1.));
#3280 = ORIENTED_EDGE('',*,*,#2611,.F.);
#3281 = CYLINDRICAL_SURFACE('',#3282,2.);
#3282 = AXIS2_PLACEMENT_3D('',#3283,#3284,#3285);
#3283 = CARTESIAN_POINT('',(-4.,19.,12.));
#3284 = DIRECTION('',(0.,0.,1.));
#3285 = DIRECTION('',(1.,0.,0.));
#3286 = ADVANCED_FACE('',(#3287),#3305,.F.);
#3287 = FACE_BOUND('',#3288,.F.);
#3288 = EDGE_LOOP('',(#3289,#3290,#3298,#3304));
#3289 = ORIENTED_EDGE('',*,*,#3275,.T.);
#3290 = ORIENTED_EDGE('',*,*,#3291,.T.);
#3291 = EDGE_CURVE('',#3267,#3292,#3294,.T.);
#3292 = VERTEX_POINT('',#3293);
#3293 = CARTESIAN_POINT('',(-6.4,21.,1.));
#3294 = LINE('',#3295,#3296);
#3295 = CARTESIAN_POINT('',(-4.,21.,1.));
#3296 = VECTOR('',#3297,1.);
#3297 = DIRECTION('',(-1.,0.,0.));
#3298 = ORIENTED_EDGE('',*,*,#3299,.F.);
#3299 = EDGE_CURVE('',#2595,#3292,#3300,.T.);
#3300 = LINE('',#3301,#3302);
#3301 = CARTESIAN_POINT('',(-6.4,21.,12.));
#3302 = VECTOR('',#3303,1.);
#3303 = DIRECTION('',(-0.,-0.,-1.));
#3304 = ORIENTED_EDGE('',*,*,#2603,.F.);
#3305 = PLANE('',#3306);
#3306 = AXIS2_PLACEMENT_3D('',#3307,#3308,#3309);
#3307 = CARTESIAN_POINT('',(-4.,21.,12.));
#3308 = DIRECTION('',(0.,1.,0.));
#3309 = DIRECTION('',(-1.,0.,0.));
#3310 = ADVANCED_FACE('',(#3311),#3330,.F.);
#3311 = FACE_BOUND('',#3312,.F.);
#3312 = EDGE_LOOP('',(#3313,#3314,#3323,#3329));
#3313 = ORIENTED_EDGE('',*,*,#3299,.T.);
#3314 = ORIENTED_EDGE('',*,*,#3315,.T.);
#3315 = EDGE_CURVE('',#3292,#3316,#3318,.T.);
#3316 = VERTEX_POINT('',#3317);
#3317 = CARTESIAN_POINT('',(-8.,19.4,1.));
#3318 = CIRCLE('',#3319,1.6);
#3319 = AXIS2_PLACEMENT_3D('',#3320,#3321,#3322);
#3320 = CARTESIAN_POINT('',(-6.4,19.4,1.));
#3321 = DIRECTION('',(0.,0.,1.));
#3322 = DIRECTION('',(1.,0.,0.));
#3323 = ORIENTED_EDGE('',*,*,#3324,.F.);
#3324 = EDGE_CURVE('',#2587,#3316,#3325,.T.);
#3325 = LINE('',#3326,#3327);
#3326 = CARTESIAN_POINT('',(-8.,19.4,12.));
#3327 = VECTOR('',#3328,1.);
#3328 = DIRECTION('',(-0.,-0.,-1.));
#3329 = ORIENTED_EDGE('',*,*,#2594,.F.);
#3330 = CYLINDRICAL_SURFACE('',#3331,1.6);
#3331 = AXIS2_PLACEMENT_3D('',#3332,#3333,#3334);
#3332 = CARTESIAN_POINT('',(-6.4,19.4,12.));
#3333 = DIRECTION('',(0.,0.,1.));
#3334 = DIRECTION('',(1.,0.,0.));
#3335 = ADVANCED_FACE('',(#3336),#3354,.T.);
#3336 = FACE_BOUND('',#3337,.T.);
#3337 = EDGE_LOOP('',(#3338,#3346,#3352,#3353));
#3338 = ORIENTED_EDGE('',*,*,#3339,.T.);
#3339 = EDGE_CURVE('',#2578,#3340,#3342,.T.);
#3340 = VERTEX_POINT('',#3341);
#3341 = CARTESIAN_POINT('',(-8.,6.6,1.));
#3342 = LINE('',#3343,#3344);
#3343 = CARTESIAN_POINT('',(-8.,6.6,12.));
#3344 = VECTOR('',#3345,1.);
#3345 = DIRECTION('',(-0.,-0.,-1.));
#3346 = ORIENTED_EDGE('',*,*,#3347,.T.);
#3347 = EDGE_CURVE('',#3340,#3316,#3348,.T.);
#3348 = LINE('',#3349,#3350);
#3349 = CARTESIAN_POINT('',(-8.,6.6,1.));
#3350 = VECTOR('',#3351,1.);
#3351 = DIRECTION('',(0.,1.,0.));
#3352 = ORIENTED_EDGE('',*,*,#3324,.F.);
#3353 = ORIENTED_EDGE('',*,*,#2586,.F.);
#3354 = PLANE('',#3355);
#3355 = AXIS2_PLACEMENT_3D('',#3356,#3357,#3358);
#3356 = CARTESIAN_POINT('',(-8.,6.6,12.));
#3357 = DIRECTION('',(1.,0.,0.));
#3358 = DIRECTION('',(0.,1.,0.));
#3359 = ADVANCED_FACE('',(#3360),#3372,.F.);
#3360 = FACE_BOUND('',#3361,.F.);
#3361 = EDGE_LOOP('',(#3362,#3363,#3370,#3371));
#3362 = ORIENTED_EDGE('',*,*,#3339,.T.);
#3363 = ORIENTED_EDGE('',*,*,#3364,.T.);
#3364 = EDGE_CURVE('',#3340,#2687,#3365,.T.);
#3365 = CIRCLE('',#3366,1.6);
#3366 = AXIS2_PLACEMENT_3D('',#3367,#3368,#3369);
#3367 = CARTESIAN_POINT('',(-6.4,6.6,1.));
#3368 = DIRECTION('',(0.,0.,1.));
#3369 = DIRECTION('',(1.,0.,0.));
#3370 = ORIENTED_EDGE('',*,*,#2694,.F.);
#3371 = ORIENTED_EDGE('',*,*,#2577,.F.);
#3372 = CYLINDRICAL_SURFACE('',#3373,1.6);
#3373 = AXIS2_PLACEMENT_3D('',#3374,#3375,#3376);
#3374 = CARTESIAN_POINT('',(-6.4,6.6,12.));
#3375 = DIRECTION('',(0.,0.,1.));
#3376 = DIRECTION('',(1.,0.,0.));
#3377 = ADVANCED_FACE('',(#3378),#3388,.T.);
#3378 = FACE_BOUND('',#3379,.T.);
#3379 = EDGE_LOOP('',(#3380,#3381,#3382,#3383,#3384,#3385,#3386,#3387));
#3380 = ORIENTED_EDGE('',*,*,#3364,.T.);
#3381 = ORIENTED_EDGE('',*,*,#2686,.T.);
#3382 = ORIENTED_EDGE('',*,*,#3217,.T.);
#3383 = ORIENTED_EDGE('',*,*,#3242,.T.);
#3384 = ORIENTED_EDGE('',*,*,#3266,.T.);
#3385 = ORIENTED_EDGE('',*,*,#3291,.T.);
#3386 = ORIENTED_EDGE('',*,*,#3315,.T.);
#3387 = ORIENTED_EDGE('',*,*,#3347,.F.);
#3388 = PLANE('',#3389);
#3389 = AXIS2_PLACEMENT_3D('',#3390,#3391,#3392);
#3390 = CARTESIAN_POINT('',(-5.016156474392,12.962013070216,1.));
#3391 = DIRECTION('',(0.,0.,1.));
#3392 = DIRECTION('',(1.,0.,0.));
#3393 = ADVANCED_FACE('',(#3394),#3413,.F.);
#3394 = FACE_BOUND('',#3395,.F.);
#3395 = EDGE_LOOP('',(#3396,#3397,#3406,#3412));
#3396 = ORIENTED_EDGE('',*,*,#2807,.T.);
#3397 = ORIENTED_EDGE('',*,*,#3398,.T.);
#3398 = EDGE_CURVE('',#2808,#3399,#3401,.T.);
#3399 = VERTEX_POINT('',#3400);
#3400 = CARTESIAN_POINT('',(28.,6.6,1.));
#3401 = CIRCLE('',#3402,1.6);
#3402 = AXIS2_PLACEMENT_3D('',#3403,#3404,#3405);
#3403 = CARTESIAN_POINT('',(26.4,6.6,1.));
#3404 = DIRECTION('',(0.,0.,1.));
#3405 = DIRECTION('',(1.,0.,0.));
#3406 = ORIENTED_EDGE('',*,*,#3407,.F.);
#3407 = EDGE_CURVE('',#2896,#3399,#3408,.T.);
#3408 = LINE('',#3409,#3410);
#3409 = CARTESIAN_POINT('',(28.,6.6,12.));
#3410 = VECTOR('',#3411,1.);
#3411 = DIRECTION('',(-0.,-0.,-1.));
#3412 = ORIENTED_EDGE('',*,*,#2903,.F.);
#3413 = CYLINDRICAL_SURFACE('',#3414,1.6);
#3414 = AXIS2_PLACEMENT_3D('',#3415,#3416,#3417);
#3415 = CARTESIAN_POINT('',(26.4,6.6,12.));
#3416 = DIRECTION('',(0.,0.,1.));
#3417 = DIRECTION('',(1.,0.,0.));
#3418 = ADVANCED_FACE('',(#3419),#3472,.T.);
#3419 = FACE_BOUND('',#3420,.T.);
#3420 = EDGE_LOOP('',(#3421,#3430,#3431,#3432,#3440,#3449,#3457,#3466));
#3421 = ORIENTED_EDGE('',*,*,#3422,.T.);
#3422 = EDGE_CURVE('',#3423,#2816,#3425,.T.);
#3423 = VERTEX_POINT('',#3424);
#3424 = CARTESIAN_POINT('',(22.,6.6,1.));
#3425 = CIRCLE('',#3426,1.6);
#3426 = AXIS2_PLACEMENT_3D('',#3427,#3428,#3429);
#3427 = CARTESIAN_POINT('',(23.6,6.6,1.));
#3428 = DIRECTION('',(0.,0.,1.));
#3429 = DIRECTION('',(1.,0.,0.));
#3430 = ORIENTED_EDGE('',*,*,#2815,.T.);
#3431 = ORIENTED_EDGE('',*,*,#3398,.T.);
#3432 = ORIENTED_EDGE('',*,*,#3433,.T.);
#3433 = EDGE_CURVE('',#3399,#3434,#3436,.T.);
#3434 = VERTEX_POINT('',#3435);
#3435 = CARTESIAN_POINT('',(28.,19.,1.));
#3436 = LINE('',#3437,#3438);
#3437 = CARTESIAN_POINT('',(28.,6.6,1.));
#3438 = VECTOR('',#3439,1.);
#3439 = DIRECTION('',(0.,1.,0.));
#3440 = ORIENTED_EDGE('',*,*,#3441,.T.);
#3441 = EDGE_CURVE('',#3434,#3442,#3444,.T.);
#3442 = VERTEX_POINT('',#3443);
#3443 = CARTESIAN_POINT('',(26.,21.,1.));
#3444 = CIRCLE('',#3445,2.);
#3445 = AXIS2_PLACEMENT_3D('',#3446,#3447,#3448);
#3446 = CARTESIAN_POINT('',(26.,19.,1.));
#3447 = DIRECTION('',(0.,0.,1.));
#3448 = DIRECTION('',(1.,0.,0.));
#3449 = ORIENTED_EDGE('',*,*,#3450,.T.);
#3450 = EDGE_CURVE('',#3442,#3451,#3453,.T.);
#3451 = VERTEX_POINT('',#3452);
#3452 = CARTESIAN_POINT('',(23.6,21.,1.));
#3453 = LINE('',#3454,#3455);
#3454 = CARTESIAN_POINT('',(26.,21.,1.));
#3455 = VECTOR('',#3456,1.);
#3456 = DIRECTION('',(-1.,0.,0.));
#3457 = ORIENTED_EDGE('',*,*,#3458,.T.);
#3458 = EDGE_CURVE('',#3451,#3459,#3461,.T.);
#3459 = VERTEX_POINT('',#3460);
#3460 = CARTESIAN_POINT('',(22.,19.4,1.));
#3461 = CIRCLE('',#3462,1.6);
#3462 = AXIS2_PLACEMENT_3D('',#3463,#3464,#3465);
#3463 = CARTESIAN_POINT('',(23.6,19.4,1.));
#3464 = DIRECTION('',(0.,0.,1.));
#3465 = DIRECTION('',(1.,0.,0.));
#3466 = ORIENTED_EDGE('',*,*,#3467,.F.);
#3467 = EDGE_CURVE('',#3423,#3459,#3468,.T.);
#3468 = LINE('',#3469,#3470);
#3469 = CARTESIAN_POINT('',(22.,6.6,1.));
#3470 = VECTOR('',#3471,1.);
#3471 = DIRECTION('',(0.,1.,0.));
#3472 = PLANE('',#3473);
#3473 = AXIS2_PLACEMENT_3D('',#3474,#3475,#3476);
#3474 = CARTESIAN_POINT('',(24.983843525608,12.962013070216,1.));
#3475 = DIRECTION('',(0.,0.,1.));
#3476 = DIRECTION('',(1.,0.,0.));
#3477 = ADVANCED_FACE('',(#3478),#3489,.F.);
#3478 = FACE_BOUND('',#3479,.F.);
#3479 = EDGE_LOOP('',(#3480,#3486,#3487,#3488));
#3480 = ORIENTED_EDGE('',*,*,#3481,.T.);
#3481 = EDGE_CURVE('',#2853,#3423,#3482,.T.);
#3482 = LINE('',#3483,#3484);
#3483 = CARTESIAN_POINT('',(22.,6.6,12.));
#3484 = VECTOR('',#3485,1.);
#3485 = DIRECTION('',(-0.,-0.,-1.));
#3486 = ORIENTED_EDGE('',*,*,#3422,.T.);
#3487 = ORIENTED_EDGE('',*,*,#2823,.F.);
#3488 = ORIENTED_EDGE('',*,*,#2852,.F.);
#3489 = CYLINDRICAL_SURFACE('',#3490,1.6);
#3490 = AXIS2_PLACEMENT_3D('',#3491,#3492,#3493);
#3491 = CARTESIAN_POINT('',(23.6,6.6,12.));
#3492 = DIRECTION('',(0.,0.,1.));
#3493 = DIRECTION('',(1.,0.,0.));
#3494 = ADVANCED_FACE('',(#3495),#3506,.F.);
#3495 = FACE_BOUND('',#3496,.F.);
#3496 = EDGE_LOOP('',(#3497,#3498,#3499,#3505));
#3497 = ORIENTED_EDGE('',*,*,#3407,.T.);
#3498 = ORIENTED_EDGE('',*,*,#3433,.T.);
#3499 = ORIENTED_EDGE('',*,*,#3500,.F.);
#3500 = EDGE_CURVE('',#2887,#3434,#3501,.T.);
#3501 = LINE('',#3502,#3503);
#3502 = CARTESIAN_POINT('',(28.,19.,12.));
#3503 = VECTOR('',#3504,1.);
#3504 = DIRECTION('',(-0.,-0.,-1.));
#3505 = ORIENTED_EDGE('',*,*,#2895,.F.);
#3506 = PLANE('',#3507);
#3507 = AXIS2_PLACEMENT_3D('',#3508,#3509,#3510);
#3508 = CARTESIAN_POINT('',(28.,6.6,12.));
#3509 = DIRECTION('',(1.,0.,0.));
#3510 = DIRECTION('',(0.,1.,0.));
#3511 = ADVANCED_FACE('',(#3512),#3523,.F.);
#3512 = FACE_BOUND('',#3513,.F.);
#3513 = EDGE_LOOP('',(#3514,#3515,#3516,#3522));
#3514 = ORIENTED_EDGE('',*,*,#3500,.T.);
#3515 = ORIENTED_EDGE('',*,*,#3441,.T.);
#3516 = ORIENTED_EDGE('',*,*,#3517,.F.);
#3517 = EDGE_CURVE('',#2879,#3442,#3518,.T.);
#3518 = LINE('',#3519,#3520);
#3519 = CARTESIAN_POINT('',(26.,21.,12.));
#3520 = VECTOR('',#3521,1.);
#3521 = DIRECTION('',(-0.,-0.,-1.));
#3522 = ORIENTED_EDGE('',*,*,#2886,.F.);
#3523 = CYLINDRICAL_SURFACE('',#3524,2.);
#3524 = AXIS2_PLACEMENT_3D('',#3525,#3526,#3527);
#3525 = CARTESIAN_POINT('',(26.,19.,12.));
#3526 = DIRECTION('',(0.,0.,1.));
#3527 = DIRECTION('',(1.,0.,0.));
#3528 = ADVANCED_FACE('',(#3529),#3540,.F.);
#3529 = FACE_BOUND('',#3530,.F.);
#3530 = EDGE_LOOP('',(#3531,#3532,#3533,#3539));
#3531 = ORIENTED_EDGE('',*,*,#3517,.T.);
#3532 = ORIENTED_EDGE('',*,*,#3450,.T.);
#3533 = ORIENTED_EDGE('',*,*,#3534,.F.);
#3534 = EDGE_CURVE('',#2870,#3451,#3535,.T.);
#3535 = LINE('',#3536,#3537);
#3536 = CARTESIAN_POINT('',(23.6,21.,12.));
#3537 = VECTOR('',#3538,1.);
#3538 = DIRECTION('',(-0.,-0.,-1.));
#3539 = ORIENTED_EDGE('',*,*,#2878,.F.);
#3540 = PLANE('',#3541);
#3541 = AXIS2_PLACEMENT_3D('',#3542,#3543,#3544);
#3542 = CARTESIAN_POINT('',(26.,21.,12.));
#3543 = DIRECTION('',(0.,1.,0.));
#3544 = DIRECTION('',(-1.,0.,0.));
#3545 = ADVANCED_FACE('',(#3546),#3557,.F.);
#3546 = FACE_BOUND('',#3547,.F.);
#3547 = EDGE_LOOP('',(#3548,#3549,#3550,#3556));
#3548 = ORIENTED_EDGE('',*,*,#3534,.T.);
#3549 = ORIENTED_EDGE('',*,*,#3458,.T.);
#3550 = ORIENTED_EDGE('',*,*,#3551,.F.);
#3551 = EDGE_CURVE('',#2862,#3459,#3552,.T.);
#3552 = LINE('',#3553,#3554);
#3553 = CARTESIAN_POINT('',(22.,19.4,12.));
#3554 = VECTOR('',#3555,1.);
#3555 = DIRECTION('',(-0.,-0.,-1.));
#3556 = ORIENTED_EDGE('',*,*,#2869,.F.);
#3557 = CYLINDRICAL_SURFACE('',#3558,1.6);
#3558 = AXIS2_PLACEMENT_3D('',#3559,#3560,#3561);
#3559 = CARTESIAN_POINT('',(23.6,19.4,12.));
#3560 = DIRECTION('',(0.,0.,1.));
#3561 = DIRECTION('',(1.,0.,0.));
#3562 = ADVANCED_FACE('',(#3563),#3569,.T.);
#3563 = FACE_BOUND('',#3564,.T.);
#3564 = EDGE_LOOP('',(#3565,#3566,#3567,#3568));
#3565 = ORIENTED_EDGE('',*,*,#3481,.T.);
#3566 = ORIENTED_EDGE('',*,*,#3467,.T.);
#3567 = ORIENTED_EDGE('',*,*,#3551,.F.);
#3568 = ORIENTED_EDGE('',*,*,#2861,.F.);
#3569 = PLANE('',#3570);
#3570 = AXIS2_PLACEMENT_3D('',#3571,#3572,#3573);
#3571 = CARTESIAN_POINT('',(22.,6.6,12.));
#3572 = DIRECTION('',(1.,0.,0.));
#3573 = DIRECTION('',(0.,1.,0.));
#3574 = ADVANCED_FACE('',(#3575),#3594,.F.);
#3575 = FACE_BOUND('',#3576,.F.);
#3576 = EDGE_LOOP('',(#3577,#3578,#3587,#3593));
#3577 = ORIENTED_EDGE('',*,*,#2936,.T.);
#3578 = ORIENTED_EDGE('',*,*,#3579,.T.);
#3579 = EDGE_CURVE('',#2937,#3580,#3582,.T.);
#3580 = VERTEX_POINT('',#3581);
#3581 = CARTESIAN_POINT('',(13.,6.6,1.));
#3582 = CIRCLE('',#3583,1.6);
#3583 = AXIS2_PLACEMENT_3D('',#3584,#3585,#3586);
#3584 = CARTESIAN_POINT('',(11.4,6.6,1.));
#3585 = DIRECTION('',(0.,0.,1.));
#3586 = DIRECTION('',(1.,0.,0.));
#3587 = ORIENTED_EDGE('',*,*,#3588,.F.);
#3588 = EDGE_CURVE('',#3025,#3580,#3589,.T.);
#3589 = LINE('',#3590,#3591);
#3590 = CARTESIAN_POINT('',(13.,6.6,12.));
#3591 = VECTOR('',#3592,1.);
#3592 = DIRECTION('',(-0.,-0.,-1.));
#3593 = ORIENTED_EDGE('',*,*,#3032,.F.);
#3594 = CYLINDRICAL_SURFACE('',#3595,1.6);
#3595 = AXIS2_PLACEMENT_3D('',#3596,#3597,#3598);
#3596 = CARTESIAN_POINT('',(11.4,6.6,12.));
#3597 = DIRECTION('',(0.,0.,1.));
#3598 = DIRECTION('',(1.,0.,0.));
#3599 = ADVANCED_FACE('',(#3600),#3653,.T.);
#3600 = FACE_BOUND('',#3601,.T.);
#3601 = EDGE_LOOP('',(#3602,#3611,#3612,#3613,#3621,#3630,#3638,#3647));
#3602 = ORIENTED_EDGE('',*,*,#3603,.T.);
#3603 = EDGE_CURVE('',#3604,#2945,#3606,.T.);
#3604 = VERTEX_POINT('',#3605);
#3605 = CARTESIAN_POINT('',(7.,6.6,1.));
#3606 = CIRCLE('',#3607,1.6);
#3607 = AXIS2_PLACEMENT_3D('',#3608,#3609,#3610);
#3608 = CARTESIAN_POINT('',(8.6,6.6,1.));
#3609 = DIRECTION('',(0.,0.,1.));
#3610 = DIRECTION('',(1.,0.,0.));
#3611 = ORIENTED_EDGE('',*,*,#2944,.T.);
#3612 = ORIENTED_EDGE('',*,*,#3579,.T.);
#3613 = ORIENTED_EDGE('',*,*,#3614,.T.);
#3614 = EDGE_CURVE('',#3580,#3615,#3617,.T.);
#3615 = VERTEX_POINT('',#3616);
#3616 = CARTESIAN_POINT('',(13.,19.,1.));
#3617 = LINE('',#3618,#3619);
#3618 = CARTESIAN_POINT('',(13.,6.6,1.));
#3619 = VECTOR('',#3620,1.);
#3620 = DIRECTION('',(0.,1.,0.));
#3621 = ORIENTED_EDGE('',*,*,#3622,.T.);
#3622 = EDGE_CURVE('',#3615,#3623,#3625,.T.);
#3623 = VERTEX_POINT('',#3624);
#3624 = CARTESIAN_POINT('',(11.,21.,1.));
#3625 = CIRCLE('',#3626,2.);
#3626 = AXIS2_PLACEMENT_3D('',#3627,#3628,#3629);
#3627 = CARTESIAN_POINT('',(11.,19.,1.));
#3628 = DIRECTION('',(0.,0.,1.));
#3629 = DIRECTION('',(1.,0.,0.));
#3630 = ORIENTED_EDGE('',*,*,#3631,.T.);
#3631 = EDGE_CURVE('',#3623,#3632,#3634,.T.);
#3632 = VERTEX_POINT('',#3633);
#3633 = CARTESIAN_POINT('',(8.6,21.,1.));
#3634 = LINE('',#3635,#3636);
#3635 = CARTESIAN_POINT('',(11.,21.,1.));
#3636 = VECTOR('',#3637,1.);
#3637 = DIRECTION('',(-1.,0.,0.));
#3638 = ORIENTED_EDGE('',*,*,#3639,.T.);
#3639 = EDGE_CURVE('',#3632,#3640,#3642,.T.);
#3640 = VERTEX_POINT('',#3641);
#3641 = CARTESIAN_POINT('',(7.,19.4,1.));
#3642 = CIRCLE('',#3643,1.6);
#3643 = AXIS2_PLACEMENT_3D('',#3644,#3645,#3646);
#3644 = CARTESIAN_POINT('',(8.6,19.4,1.));
#3645 = DIRECTION('',(0.,0.,1.));
#3646 = DIRECTION('',(1.,0.,0.));
#3647 = ORIENTED_EDGE('',*,*,#3648,.F.);
#3648 = EDGE_CURVE('',#3604,#3640,#3649,.T.);
#3649 = LINE('',#3650,#3651);
#3650 = CARTESIAN_POINT('',(7.,6.6,1.));
#3651 = VECTOR('',#3652,1.);
#3652 = DIRECTION('',(0.,1.,0.));
#3653 = PLANE('',#3654);
#3654 = AXIS2_PLACEMENT_3D('',#3655,#3656,#3657);
#3655 = CARTESIAN_POINT('',(9.983843525608,12.962013070216,1.));
#3656 = DIRECTION('',(0.,0.,1.));
#3657 = DIRECTION('',(1.,0.,0.));
#3658 = ADVANCED_FACE('',(#3659),#3670,.F.);
#3659 = FACE_BOUND('',#3660,.F.);
#3660 = EDGE_LOOP('',(#3661,#3667,#3668,#3669));
#3661 = ORIENTED_EDGE('',*,*,#3662,.T.);
#3662 = EDGE_CURVE('',#2982,#3604,#3663,.T.);
#3663 = LINE('',#3664,#3665);
#3664 = CARTESIAN_POINT('',(7.,6.6,12.));
#3665 = VECTOR('',#3666,1.);
#3666 = DIRECTION('',(-0.,-0.,-1.));
#3667 = ORIENTED_EDGE('',*,*,#3603,.T.);
#3668 = ORIENTED_EDGE('',*,*,#2952,.F.);
#3669 = ORIENTED_EDGE('',*,*,#2981,.F.);
#3670 = CYLINDRICAL_SURFACE('',#3671,1.6);
#3671 = AXIS2_PLACEMENT_3D('',#3672,#3673,#3674);
#3672 = CARTESIAN_POINT('',(8.6,6.6,12.));
#3673 = DIRECTION('',(0.,0.,1.));
#3674 = DIRECTION('',(1.,0.,0.));
#3675 = ADVANCED_FACE('',(#3676),#3687,.F.);
#3676 = FACE_BOUND('',#3677,.F.);
#3677 = EDGE_LOOP('',(#3678,#3679,#3680,#3686));
#3678 = ORIENTED_EDGE('',*,*,#3588,.T.);
#3679 = ORIENTED_EDGE('',*,*,#3614,.T.);
#3680 = ORIENTED_EDGE('',*,*,#3681,.F.);
#3681 = EDGE_CURVE('',#3016,#3615,#3682,.T.);
#3682 = LINE('',#3683,#3684);
#3683 = CARTESIAN_POINT('',(13.,19.,12.));
#3684 = VECTOR('',#3685,1.);
#3685 = DIRECTION('',(-0.,-0.,-1.));
#3686 = ORIENTED_EDGE('',*,*,#3024,.F.);
#3687 = PLANE('',#3688);
#3688 = AXIS2_PLACEMENT_3D('',#3689,#3690,#3691);
#3689 = CARTESIAN_POINT('',(13.,6.6,12.));
#3690 = DIRECTION('',(1.,0.,0.));
#3691 = DIRECTION('',(0.,1.,0.));
#3692 = ADVANCED_FACE('',(#3693),#3704,.F.);
#3693 = FACE_BOUND('',#3694,.F.);
#3694 = EDGE_LOOP('',(#3695,#3696,#3697,#3703));
#3695 = ORIENTED_EDGE('',*,*,#3681,.T.);
#3696 = ORIENTED_EDGE('',*,*,#3622,.T.);
#3697 = ORIENTED_EDGE('',*,*,#3698,.F.);
#3698 = EDGE_CURVE('',#3008,#3623,#3699,.T.);
#3699 = LINE('',#3700,#3701);
#3700 = CARTESIAN_POINT('',(11.,21.,12.));
#3701 = VECTOR('',#3702,1.);
#3702 = DIRECTION('',(-0.,-0.,-1.));
#3703 = ORIENTED_EDGE('',*,*,#3015,.F.);
#3704 = CYLINDRICAL_SURFACE('',#3705,2.);
#3705 = AXIS2_PLACEMENT_3D('',#3706,#3707,#3708);
#3706 = CARTESIAN_POINT('',(11.,19.,12.));
#3707 = DIRECTION('',(0.,0.,1.));
#3708 = DIRECTION('',(1.,0.,0.));
#3709 = ADVANCED_FACE('',(#3710),#3721,.F.);
#3710 = FACE_BOUND('',#3711,.F.);
#3711 = EDGE_LOOP('',(#3712,#3713,#3714,#3720));
#3712 = ORIENTED_EDGE('',*,*,#3698,.T.);
#3713 = ORIENTED_EDGE('',*,*,#3631,.T.);
#3714 = ORIENTED_EDGE('',*,*,#3715,.F.);
#3715 = EDGE_CURVE('',#2999,#3632,#3716,.T.);
#3716 = LINE('',#3717,#3718);
#3717 = CARTESIAN_POINT('',(8.6,21.,12.));
#3718 = VECTOR('',#3719,1.);
#3719 = DIRECTION('',(-0.,-0.,-1.));
#3720 = ORIENTED_EDGE('',*,*,#3007,.F.);
#3721 = PLANE('',#3722);
#3722 = AXIS2_PLACEMENT_3D('',#3723,#3724,#3725);
#3723 = CARTESIAN_POINT('',(11.,21.,12.));
#3724 = DIRECTION('',(0.,1.,0.));
#3725 = DIRECTION('',(-1.,0.,0.));
#3726 = ADVANCED_FACE('',(#3727),#3738,.F.);
#3727 = FACE_BOUND('',#3728,.F.);
#3728 = EDGE_LOOP('',(#3729,#3730,#3731,#3737));
#3729 = ORIENTED_EDGE('',*,*,#3715,.T.);
#3730 = ORIENTED_EDGE('',*,*,#3639,.T.);
#3731 = ORIENTED_EDGE('',*,*,#3732,.F.);
#3732 = EDGE_CURVE('',#2991,#3640,#3733,.T.);
#3733 = LINE('',#3734,#3735);
#3734 = CARTESIAN_POINT('',(7.,19.4,12.));
#3735 = VECTOR('',#3736,1.);
#3736 = DIRECTION('',(-0.,-0.,-1.));
#3737 = ORIENTED_EDGE('',*,*,#2998,.F.);
#3738 = CYLINDRICAL_SURFACE('',#3739,1.6);
#3739 = AXIS2_PLACEMENT_3D('',#3740,#3741,#3742);
#3740 = CARTESIAN_POINT('',(8.6,19.4,12.));
#3741 = DIRECTION('',(0.,0.,1.));
#3742 = DIRECTION('',(1.,0.,0.));
#3743 = ADVANCED_FACE('',(#3744),#3750,.T.);
#3744 = FACE_BOUND('',#3745,.T.);
#3745 = EDGE_LOOP('',(#3746,#3747,#3748,#3749));
#3746 = ORIENTED_EDGE('',*,*,#3662,.T.);
#3747 = ORIENTED_EDGE('',*,*,#3648,.T.);
#3748 = ORIENTED_EDGE('',*,*,#3732,.F.);
#3749 = ORIENTED_EDGE('',*,*,#2990,.F.);
#3750 = PLANE('',#3751);
#3751 = AXIS2_PLACEMENT_3D('',#3752,#3753,#3754);
#3752 = CARTESIAN_POINT('',(7.,6.6,12.));
#3753 = DIRECTION('',(1.,0.,0.));
#3754 = DIRECTION('',(0.,1.,0.));
#3755 = ADVANCED_FACE('',(#3756),#3764,.T.);
#3756 = FACE_BOUND('',#3757,.T.);
#3757 = EDGE_LOOP('',(#3758,#3759,#3760,#3761,#3762,#3763));
#3758 = ORIENTED_EDGE('',*,*,#948,.T.);
#3759 = ORIENTED_EDGE('',*,*,#506,.F.);
#3760 = ORIENTED_EDGE('',*,*,#1049,.T.);
#3761 = ORIENTED_EDGE('',*,*,#726,.T.);
#3762 = ORIENTED_EDGE('',*,*,#2353,.T.);
#3763 = ORIENTED_EDGE('',*,*,#2781,.F.);
#3764 = PLANE('',#3765);
#3765 = AXIS2_PLACEMENT_3D('',#3766,#3767,#3768);
#3766 = CARTESIAN_POINT('',(45.,7.,7.));
#3767 = DIRECTION('',(1.,0.,0.));
#3768 = DIRECTION('',(0.,0.,1.));
#3769 = ( GEOMETRIC_REPRESENTATION_CONTEXT(3) 
GLOBAL_UNCERTAINTY_ASSIGNED_CONTEXT((#3773)) 
GLOBAL_UNIT_ASSIGNED_CONTEXT((#3770,#3771,#3772)) REPRESENTATION_CONTEXT
('Context #1','3D Context with UNIT and UNCERTAINTY') );
#3770 = ( LENGTH_UNIT() NAMED_UNIT(*) SI_UNIT(.MILLI.,.METRE.) );
#3771 = ( NAMED_UNIT(*) PLANE_ANGLE_UNIT() SI_UNIT($,.RADIAN.) );
#3772 = ( NAMED_UNIT(*) SI_UNIT($,.STERADIAN.) SOLID_ANGLE_UNIT() );
#3773 = UNCERTAINTY_MEASURE_WITH_UNIT(LENGTH_MEASURE(5.E-05),#3770,
  'distance_accuracy_value','confusion accuracy');
#3774 = PRODUCT_RELATED_PRODUCT_CATEGORY('part',$,(#7));
#3775 = MECHANICAL_DESIGN_GEOMETRIC_PRESENTATION_REPRESENTATION('',(
    #3776),#3769);
#3776 = STYLED_ITEM('color',(#3777),#15);
#3777 = PRESENTATION_STYLE_ASSIGNMENT((#3778,#3784));
#3778 = SURFACE_STYLE_USAGE(.BOTH.,#3779);
#3779 = SURFACE_SIDE_STYLE('',(#3780));
#3780 = SURFACE_STYLE_FILL_AREA(#3781);
#3781 = FILL_AREA_STYLE('',(#3782));
#3782 = FILL_AREA_STYLE_COLOUR('',#3783);
#3783 = COLOUR_RGB('',0.800000010877,0.800000010877,0.901960800373);
#3784 = CURVE_STYLE('',#3785,POSITIVE_LENGTH_MEASURE(0.1),#3786);
#3785 = DRAUGHTING_PRE_DEFINED_CURVE_FONT('continuous');
#3786 = COLOUR_RGB('',9.803921802644E-02,9.803921802644E-02,
  9.803921802644E-02);
ENDSEC;
END-ISO-10303-21;
