ISO-10303-21;
HEADER;
FILE_DESCRIPTION(('FreeCAD Model'),'2;1');
FILE_NAME('Open CASCADE Shape Model','2025-05-23T22:53:51',(''),(''),
  'Open CASCADE STEP processor 7.8','FreeCAD','Unknown');
FILE_SCHEMA(('AUTOMOTIVE_DESIGN { 1 0 10303 214 1 1 1 1 }'));
ENDSEC;
DATA;
#1 = APPLICATION_PROTOCOL_DEFINITION('international standard',
  'automotive_design',2000,#2);
#2 = APPLICATION_CONTEXT(
  'core data for automotive mechanical design processes');
#3 = SHAPE_DEFINITION_REPRESENTATION(#4,#10);
#4 = PRODUCT_DEFINITION_SHAPE('','',#5);
#5 = PRODUCT_DEFINITION('design','',#6,#9);
#6 = PRODUCT_DEFINITION_FORMATION('','',#7);
#7 = PRODUCT('电机座','电机座','',(#8));
#8 = PRODUCT_CONTEXT('',#2,'mechanical');
#9 = PRODUCT_DEFINITION_CONTEXT('part definition',#2,'design');
#10 = ADVANCED_BREP_SHAPE_REPRESENTATION('',(#11,#15),#2740);
#11 = AXIS2_PLACEMENT_3D('',#12,#13,#14);
#12 = CARTESIAN_POINT('',(0.,0.,0.));
#13 = DIRECTION('',(0.,0.,1.));
#14 = DIRECTION('',(1.,0.,-0.));
#15 = MANIFOLD_SOLID_BREP('',#16);
#16 = CLOSED_SHELL('',(#17,#57,#421,#445,#469,#819,#836,#853,#870,#887,
    #899,#924,#949,#974,#999,#1024,#1049,#1074,#1099,#1124,#1156,#1180,
    #1205,#1222,#1247,#1272,#1304,#1328,#1353,#1370,#1402,#1426,#1451,
    #1468,#1500,#1524,#1548,#1566,#1598,#1622,#1647,#1664,#1689,#1714,
    #1739,#1764,#1789,#1814,#1839,#1864,#1889,#1921,#1945,#1970,#1987,
    #2012,#2037,#2069,#2093,#2118,#2135,#2167,#2191,#2216,#2233,#2265,
    #2289,#2313,#2331,#2363,#2387,#2412,#2429,#2441,#2453,#2465,#2477,
    #2497,#2509,#2521,#2533,#2545,#2563,#2575,#2587,#2605,#2623,#2641,
    #2659,#2679,#2703,#2728));
#17 = ADVANCED_FACE('',(#18),#52,.F.);
#18 = FACE_BOUND('',#19,.F.);
#19 = EDGE_LOOP('',(#20,#30,#38,#46));
#20 = ORIENTED_EDGE('',*,*,#21,.F.);
#21 = EDGE_CURVE('',#22,#24,#26,.T.);
#22 = VERTEX_POINT('',#23);
#23 = CARTESIAN_POINT('',(-18.,42.464466094067,-6.278140540665E-33));
#24 = VERTEX_POINT('',#25);
#25 = CARTESIAN_POINT('',(-18.,-38.46446609406,1.151647186258E-34));
#26 = LINE('',#27,#28);
#27 = CARTESIAN_POINT('',(-18.,46.,0.));
#28 = VECTOR('',#29,1.);
#29 = DIRECTION('',(0.,-1.,0.));
#30 = ORIENTED_EDGE('',*,*,#31,.T.);
#31 = EDGE_CURVE('',#22,#32,#34,.T.);
#32 = VERTEX_POINT('',#33);
#33 = CARTESIAN_POINT('',(-18.,42.464466094067,6.8));
#34 = LINE('',#35,#36);
#35 = CARTESIAN_POINT('',(-18.,42.464466094067,0.));
#36 = VECTOR('',#37,1.);
#37 = DIRECTION('',(0.,0.,1.));
#38 = ORIENTED_EDGE('',*,*,#39,.T.);
#39 = EDGE_CURVE('',#32,#40,#42,.T.);
#40 = VERTEX_POINT('',#41);
#41 = CARTESIAN_POINT('',(-18.,-38.46446609406,6.8));
#42 = LINE('',#43,#44);
#43 = CARTESIAN_POINT('',(-18.,46.,6.8));
#44 = VECTOR('',#45,1.);
#45 = DIRECTION('',(0.,-1.,0.));
#46 = ORIENTED_EDGE('',*,*,#47,.F.);
#47 = EDGE_CURVE('',#24,#40,#48,.T.);
#48 = LINE('',#49,#50);
#49 = CARTESIAN_POINT('',(-18.,-38.46446609406,0.));
#50 = VECTOR('',#51,1.);
#51 = DIRECTION('',(0.,0.,1.));
#52 = PLANE('',#53);
#53 = AXIS2_PLACEMENT_3D('',#54,#55,#56);
#54 = CARTESIAN_POINT('',(-18.,46.,0.));
#55 = DIRECTION('',(1.,0.,0.));
#56 = DIRECTION('',(0.,-1.,0.));
#57 = ADVANCED_FACE('',(#58,#115,#126,#137,#148,#159,#170,#181,#192,#203
    ,#214,#250,#261,#272,#308,#344,#380),#416,.F.);
#58 = FACE_BOUND('',#59,.F.);
#59 = EDGE_LOOP('',(#60,#61,#69,#77,#85,#93,#101,#109));
#60 = ORIENTED_EDGE('',*,*,#21,.T.);
#61 = ORIENTED_EDGE('',*,*,#62,.T.);
#62 = EDGE_CURVE('',#24,#63,#65,.T.);
#63 = VERTEX_POINT('',#64);
#64 = CARTESIAN_POINT('',(-14.46446609406,-42.,-1.151647186258E-34));
#65 = LINE('',#66,#67);
#66 = CARTESIAN_POINT('',(-19.73223304703,-36.73223304703,0.));
#67 = VECTOR('',#68,1.);
#68 = DIRECTION('',(0.707106781187,-0.707106781187,0.));
#69 = ORIENTED_EDGE('',*,*,#70,.T.);
#70 = EDGE_CURVE('',#63,#71,#73,.T.);
#71 = VERTEX_POINT('',#72);
#72 = CARTESIAN_POINT('',(38.464466094067,-42.,1.151647186258E-34));
#73 = LINE('',#74,#75);
#74 = CARTESIAN_POINT('',(-18.,-42.,0.));
#75 = VECTOR('',#76,1.);
#76 = DIRECTION('',(1.,0.,0.));
#77 = ORIENTED_EDGE('',*,*,#78,.T.);
#78 = EDGE_CURVE('',#71,#79,#81,.T.);
#79 = VERTEX_POINT('',#80);
#80 = CARTESIAN_POINT('',(42.,-38.46446609406,-1.151647186258E-34));
#81 = LINE('',#82,#83);
#82 = CARTESIAN_POINT('',(43.732233047034,-36.73223304703,0.));
#83 = VECTOR('',#84,1.);
#84 = DIRECTION('',(0.707106781187,0.707106781187,0.));
#85 = ORIENTED_EDGE('',*,*,#86,.T.);
#86 = EDGE_CURVE('',#79,#87,#89,.T.);
#87 = VERTEX_POINT('',#88);
#88 = CARTESIAN_POINT('',(42.,42.464466094067,1.24411163627E-32));
#89 = LINE('',#90,#91);
#90 = CARTESIAN_POINT('',(42.,-42.,0.));
#91 = VECTOR('',#92,1.);
#92 = DIRECTION('',(0.,1.,0.));
#93 = ORIENTED_EDGE('',*,*,#94,.F.);
#94 = EDGE_CURVE('',#95,#87,#97,.T.);
#95 = VERTEX_POINT('',#96);
#96 = CARTESIAN_POINT('',(38.464466094067,46.,1.221078692545E-32));
#97 = LINE('',#98,#99);
#98 = CARTESIAN_POINT('',(43.732233047034,40.732233047034,0.));
#99 = VECTOR('',#100,1.);
#100 = DIRECTION('',(0.707106781187,-0.707106781187,0.));
#101 = ORIENTED_EDGE('',*,*,#102,.T.);
#102 = EDGE_CURVE('',#95,#103,#105,.T.);
#103 = VERTEX_POINT('',#104);
#104 = CARTESIAN_POINT('',(-14.46446609406,46.,-6.047811103413E-33));
#105 = LINE('',#106,#107);
#106 = CARTESIAN_POINT('',(42.,46.,0.));
#107 = VECTOR('',#108,1.);
#108 = DIRECTION('',(-1.,0.,0.));
#109 = ORIENTED_EDGE('',*,*,#110,.F.);
#110 = EDGE_CURVE('',#22,#103,#111,.T.);
#111 = LINE('',#112,#113);
#112 = CARTESIAN_POINT('',(-19.73223304703,40.732233047034,0.));
#113 = VECTOR('',#114,1.);
#114 = DIRECTION('',(0.707106781187,0.707106781187,0.));
#115 = FACE_BOUND('',#116,.F.);
#116 = EDGE_LOOP('',(#117));
#117 = ORIENTED_EDGE('',*,*,#118,.T.);
#118 = EDGE_CURVE('',#119,#119,#121,.T.);
#119 = VERTEX_POINT('',#120);
#120 = CARTESIAN_POINT('',(-11.8,-36.,0.));
#121 = CIRCLE('',#122,1.7);
#122 = AXIS2_PLACEMENT_3D('',#123,#124,#125);
#123 = CARTESIAN_POINT('',(-13.5,-36.,0.));
#124 = DIRECTION('',(0.,0.,-1.));
#125 = DIRECTION('',(1.,0.,0.));
#126 = FACE_BOUND('',#127,.F.);
#127 = EDGE_LOOP('',(#128));
#128 = ORIENTED_EDGE('',*,*,#129,.T.);
#129 = EDGE_CURVE('',#130,#130,#132,.T.);
#130 = VERTEX_POINT('',#131);
#131 = CARTESIAN_POINT('',(-2.8,-36.,0.));
#132 = CIRCLE('',#133,1.7);
#133 = AXIS2_PLACEMENT_3D('',#134,#135,#136);
#134 = CARTESIAN_POINT('',(-4.5,-36.,0.));
#135 = DIRECTION('',(0.,0.,-1.));
#136 = DIRECTION('',(1.,0.,0.));
#137 = FACE_BOUND('',#138,.F.);
#138 = EDGE_LOOP('',(#139));
#139 = ORIENTED_EDGE('',*,*,#140,.T.);
#140 = EDGE_CURVE('',#141,#141,#143,.T.);
#141 = VERTEX_POINT('',#142);
#142 = CARTESIAN_POINT('',(7.2,-36.5,0.));
#143 = CIRCLE('',#144,1.7);
#144 = AXIS2_PLACEMENT_3D('',#145,#146,#147);
#145 = CARTESIAN_POINT('',(5.5,-36.5,0.));
#146 = DIRECTION('',(0.,0.,-1.));
#147 = DIRECTION('',(1.,0.,0.));
#148 = FACE_BOUND('',#149,.F.);
#149 = EDGE_LOOP('',(#150));
#150 = ORIENTED_EDGE('',*,*,#151,.T.);
#151 = EDGE_CURVE('',#152,#152,#154,.T.);
#152 = VERTEX_POINT('',#153);
#153 = CARTESIAN_POINT('',(7.2,-5.5,0.));
#154 = CIRCLE('',#155,1.7);
#155 = AXIS2_PLACEMENT_3D('',#156,#157,#158);
#156 = CARTESIAN_POINT('',(5.5,-5.5,0.));
#157 = DIRECTION('',(0.,0.,-1.));
#158 = DIRECTION('',(1.,0.,0.));
#159 = FACE_BOUND('',#160,.F.);
#160 = EDGE_LOOP('',(#161));
#161 = ORIENTED_EDGE('',*,*,#162,.F.);
#162 = EDGE_CURVE('',#163,#163,#165,.T.);
#163 = VERTEX_POINT('',#164);
#164 = CARTESIAN_POINT('',(32.05,-21.,0.));
#165 = CIRCLE('',#166,11.05);
#166 = AXIS2_PLACEMENT_3D('',#167,#168,#169);
#167 = CARTESIAN_POINT('',(21.,-21.,0.));
#168 = DIRECTION('',(0.,0.,1.));
#169 = DIRECTION('',(1.,0.,0.));
#170 = FACE_BOUND('',#171,.F.);
#171 = EDGE_LOOP('',(#172));
#172 = ORIENTED_EDGE('',*,*,#173,.T.);
#173 = EDGE_CURVE('',#174,#174,#176,.T.);
#174 = VERTEX_POINT('',#175);
#175 = CARTESIAN_POINT('',(38.2,-36.5,0.));
#176 = CIRCLE('',#177,1.7);
#177 = AXIS2_PLACEMENT_3D('',#178,#179,#180);
#178 = CARTESIAN_POINT('',(36.5,-36.5,0.));
#179 = DIRECTION('',(0.,0.,-1.));
#180 = DIRECTION('',(1.,0.,0.));
#181 = FACE_BOUND('',#182,.F.);
#182 = EDGE_LOOP('',(#183));
#183 = ORIENTED_EDGE('',*,*,#184,.T.);
#184 = EDGE_CURVE('',#185,#185,#187,.T.);
#185 = VERTEX_POINT('',#186);
#186 = CARTESIAN_POINT('',(38.2,-5.5,0.));
#187 = CIRCLE('',#188,1.7);
#188 = AXIS2_PLACEMENT_3D('',#189,#190,#191);
#189 = CARTESIAN_POINT('',(36.5,-5.5,0.));
#190 = DIRECTION('',(0.,0.,-1.));
#191 = DIRECTION('',(1.,0.,0.));
#192 = FACE_BOUND('',#193,.F.);
#193 = EDGE_LOOP('',(#194));
#194 = ORIENTED_EDGE('',*,*,#195,.T.);
#195 = EDGE_CURVE('',#196,#196,#198,.T.);
#196 = VERTEX_POINT('',#197);
#197 = CARTESIAN_POINT('',(-11.8,2.,0.));
#198 = CIRCLE('',#199,1.7);
#199 = AXIS2_PLACEMENT_3D('',#200,#201,#202);
#200 = CARTESIAN_POINT('',(-13.5,2.,0.));
#201 = DIRECTION('',(0.,0.,-1.));
#202 = DIRECTION('',(1.,0.,0.));
#203 = FACE_BOUND('',#204,.F.);
#204 = EDGE_LOOP('',(#205));
#205 = ORIENTED_EDGE('',*,*,#206,.T.);
#206 = EDGE_CURVE('',#207,#207,#209,.T.);
#207 = VERTEX_POINT('',#208);
#208 = CARTESIAN_POINT('',(-2.8,2.,0.));
#209 = CIRCLE('',#210,1.7);
#210 = AXIS2_PLACEMENT_3D('',#211,#212,#213);
#211 = CARTESIAN_POINT('',(-4.5,2.,0.));
#212 = DIRECTION('',(0.,0.,-1.));
#213 = DIRECTION('',(1.,0.,0.));
#214 = FACE_BOUND('',#215,.F.);
#215 = EDGE_LOOP('',(#216,#227,#235,#244));
#216 = ORIENTED_EDGE('',*,*,#217,.F.);
#217 = EDGE_CURVE('',#218,#220,#222,.T.);
#218 = VERTEX_POINT('',#219);
#219 = CARTESIAN_POINT('',(3.8,5.5,0.));
#220 = VERTEX_POINT('',#221);
#221 = CARTESIAN_POINT('',(7.2,5.5,0.));
#222 = CIRCLE('',#223,1.7);
#223 = AXIS2_PLACEMENT_3D('',#224,#225,#226);
#224 = CARTESIAN_POINT('',(5.5,5.5,0.));
#225 = DIRECTION('',(0.,0.,1.));
#226 = DIRECTION('',(1.,0.,0.));
#227 = ORIENTED_EDGE('',*,*,#228,.T.);
#228 = EDGE_CURVE('',#218,#229,#231,.T.);
#229 = VERTEX_POINT('',#230);
#230 = CARTESIAN_POINT('',(3.8,9.5,0.));
#231 = LINE('',#232,#233);
#232 = CARTESIAN_POINT('',(3.8,3.75,0.));
#233 = VECTOR('',#234,1.);
#234 = DIRECTION('',(0.,1.,0.));
#235 = ORIENTED_EDGE('',*,*,#236,.F.);
#236 = EDGE_CURVE('',#237,#229,#239,.T.);
#237 = VERTEX_POINT('',#238);
#238 = CARTESIAN_POINT('',(7.2,9.5,0.));
#239 = CIRCLE('',#240,1.7);
#240 = AXIS2_PLACEMENT_3D('',#241,#242,#243);
#241 = CARTESIAN_POINT('',(5.5,9.5,0.));
#242 = DIRECTION('',(0.,0.,1.));
#243 = DIRECTION('',(1.,0.,0.));
#244 = ORIENTED_EDGE('',*,*,#245,.F.);
#245 = EDGE_CURVE('',#220,#237,#246,.T.);
#246 = LINE('',#247,#248);
#247 = CARTESIAN_POINT('',(7.2,3.75,0.));
#248 = VECTOR('',#249,1.);
#249 = DIRECTION('',(0.,1.,0.));
#250 = FACE_BOUND('',#251,.F.);
#251 = EDGE_LOOP('',(#252));
#252 = ORIENTED_EDGE('',*,*,#253,.T.);
#253 = EDGE_CURVE('',#254,#254,#256,.T.);
#254 = VERTEX_POINT('',#255);
#255 = CARTESIAN_POINT('',(-11.8,40.,0.));
#256 = CIRCLE('',#257,1.7);
#257 = AXIS2_PLACEMENT_3D('',#258,#259,#260);
#258 = CARTESIAN_POINT('',(-13.5,40.,0.));
#259 = DIRECTION('',(0.,0.,-1.));
#260 = DIRECTION('',(1.,0.,0.));
#261 = FACE_BOUND('',#262,.F.);
#262 = EDGE_LOOP('',(#263));
#263 = ORIENTED_EDGE('',*,*,#264,.T.);
#264 = EDGE_CURVE('',#265,#265,#267,.T.);
#265 = VERTEX_POINT('',#266);
#266 = CARTESIAN_POINT('',(-2.8,40.,0.));
#267 = CIRCLE('',#268,1.7);
#268 = AXIS2_PLACEMENT_3D('',#269,#270,#271);
#269 = CARTESIAN_POINT('',(-4.5,40.,0.));
#270 = DIRECTION('',(0.,0.,-1.));
#271 = DIRECTION('',(1.,0.,0.));
#272 = FACE_BOUND('',#273,.F.);
#273 = EDGE_LOOP('',(#274,#285,#293,#302));
#274 = ORIENTED_EDGE('',*,*,#275,.F.);
#275 = EDGE_CURVE('',#276,#278,#280,.T.);
#276 = VERTEX_POINT('',#277);
#277 = CARTESIAN_POINT('',(3.8,36.5,0.));
#278 = VERTEX_POINT('',#279);
#279 = CARTESIAN_POINT('',(7.2,36.5,0.));
#280 = CIRCLE('',#281,1.7);
#281 = AXIS2_PLACEMENT_3D('',#282,#283,#284);
#282 = CARTESIAN_POINT('',(5.5,36.5,0.));
#283 = DIRECTION('',(0.,0.,1.));
#284 = DIRECTION('',(1.,0.,0.));
#285 = ORIENTED_EDGE('',*,*,#286,.T.);
#286 = EDGE_CURVE('',#276,#287,#289,.T.);
#287 = VERTEX_POINT('',#288);
#288 = CARTESIAN_POINT('',(3.8,40.5,0.));
#289 = LINE('',#290,#291);
#290 = CARTESIAN_POINT('',(3.8,19.25,0.));
#291 = VECTOR('',#292,1.);
#292 = DIRECTION('',(1.976196983833E-14,1.,0.));
#293 = ORIENTED_EDGE('',*,*,#294,.F.);
#294 = EDGE_CURVE('',#295,#287,#297,.T.);
#295 = VERTEX_POINT('',#296);
#296 = CARTESIAN_POINT('',(7.2,40.5,0.));
#297 = CIRCLE('',#298,1.7);
#298 = AXIS2_PLACEMENT_3D('',#299,#300,#301);
#299 = CARTESIAN_POINT('',(5.5,40.5,0.));
#300 = DIRECTION('',(0.,0.,1.));
#301 = DIRECTION('',(1.,0.,0.));
#302 = ORIENTED_EDGE('',*,*,#303,.F.);
#303 = EDGE_CURVE('',#278,#295,#304,.T.);
#304 = LINE('',#305,#306);
#305 = CARTESIAN_POINT('',(7.2,19.25,0.));
#306 = VECTOR('',#307,1.);
#307 = DIRECTION('',(0.,1.,0.));
#308 = FACE_BOUND('',#309,.F.);
#309 = EDGE_LOOP('',(#310,#321,#329,#338));
#310 = ORIENTED_EDGE('',*,*,#311,.F.);
#311 = EDGE_CURVE('',#312,#314,#316,.T.);
#312 = VERTEX_POINT('',#313);
#313 = CARTESIAN_POINT('',(34.8,5.5,0.));
#314 = VERTEX_POINT('',#315);
#315 = CARTESIAN_POINT('',(38.2,5.5,0.));
#316 = CIRCLE('',#317,1.7);
#317 = AXIS2_PLACEMENT_3D('',#318,#319,#320);
#318 = CARTESIAN_POINT('',(36.5,5.5,0.));
#319 = DIRECTION('',(0.,0.,1.));
#320 = DIRECTION('',(1.,0.,0.));
#321 = ORIENTED_EDGE('',*,*,#322,.T.);
#322 = EDGE_CURVE('',#312,#323,#325,.T.);
#323 = VERTEX_POINT('',#324);
#324 = CARTESIAN_POINT('',(34.8,9.5,0.));
#325 = LINE('',#326,#327);
#326 = CARTESIAN_POINT('',(34.8,3.75,0.));
#327 = VECTOR('',#328,1.);
#328 = DIRECTION('',(0.,1.,0.));
#329 = ORIENTED_EDGE('',*,*,#330,.F.);
#330 = EDGE_CURVE('',#331,#323,#333,.T.);
#331 = VERTEX_POINT('',#332);
#332 = CARTESIAN_POINT('',(38.2,9.5,0.));
#333 = CIRCLE('',#334,1.7);
#334 = AXIS2_PLACEMENT_3D('',#335,#336,#337);
#335 = CARTESIAN_POINT('',(36.5,9.5,0.));
#336 = DIRECTION('',(0.,0.,1.));
#337 = DIRECTION('',(1.,0.,0.));
#338 = ORIENTED_EDGE('',*,*,#339,.F.);
#339 = EDGE_CURVE('',#314,#331,#340,.T.);
#340 = LINE('',#341,#342);
#341 = CARTESIAN_POINT('',(38.2,3.75,0.));
#342 = VECTOR('',#343,1.);
#343 = DIRECTION('',(0.,1.,0.));
#344 = FACE_BOUND('',#345,.F.);
#345 = EDGE_LOOP('',(#346,#357,#365,#374));
#346 = ORIENTED_EDGE('',*,*,#347,.F.);
#347 = EDGE_CURVE('',#348,#350,#352,.T.);
#348 = VERTEX_POINT('',#349);
#349 = CARTESIAN_POINT('',(9.95,21.,0.));
#350 = VERTEX_POINT('',#351);
#351 = CARTESIAN_POINT('',(32.05,21.,0.));
#352 = CIRCLE('',#353,11.05);
#353 = AXIS2_PLACEMENT_3D('',#354,#355,#356);
#354 = CARTESIAN_POINT('',(21.,21.,0.));
#355 = DIRECTION('',(0.,0.,1.));
#356 = DIRECTION('',(1.,0.,0.));
#357 = ORIENTED_EDGE('',*,*,#358,.T.);
#358 = EDGE_CURVE('',#348,#359,#361,.T.);
#359 = VERTEX_POINT('',#360);
#360 = CARTESIAN_POINT('',(9.95,25.,0.));
#361 = LINE('',#362,#363);
#362 = CARTESIAN_POINT('',(9.95,21.,0.));
#363 = VECTOR('',#364,1.);
#364 = DIRECTION('',(0.,1.,0.));
#365 = ORIENTED_EDGE('',*,*,#366,.F.);
#366 = EDGE_CURVE('',#367,#359,#369,.T.);
#367 = VERTEX_POINT('',#368);
#368 = CARTESIAN_POINT('',(32.05,25.,0.));
#369 = CIRCLE('',#370,11.05);
#370 = AXIS2_PLACEMENT_3D('',#371,#372,#373);
#371 = CARTESIAN_POINT('',(21.,25.,0.));
#372 = DIRECTION('',(0.,0.,1.));
#373 = DIRECTION('',(1.,0.,0.));
#374 = ORIENTED_EDGE('',*,*,#375,.F.);
#375 = EDGE_CURVE('',#350,#367,#376,.T.);
#376 = LINE('',#377,#378);
#377 = CARTESIAN_POINT('',(32.05,21.,0.));
#378 = VECTOR('',#379,1.);
#379 = DIRECTION('',(2.842E-14,1.,0.));
#380 = FACE_BOUND('',#381,.F.);
#381 = EDGE_LOOP('',(#382,#393,#401,#410));
#382 = ORIENTED_EDGE('',*,*,#383,.F.);
#383 = EDGE_CURVE('',#384,#386,#388,.T.);
#384 = VERTEX_POINT('',#385);
#385 = CARTESIAN_POINT('',(34.8,36.5,0.));
#386 = VERTEX_POINT('',#387);
#387 = CARTESIAN_POINT('',(38.2,36.5,0.));
#388 = CIRCLE('',#389,1.7);
#389 = AXIS2_PLACEMENT_3D('',#390,#391,#392);
#390 = CARTESIAN_POINT('',(36.5,36.5,0.));
#391 = DIRECTION('',(0.,0.,1.));
#392 = DIRECTION('',(1.,0.,0.));
#393 = ORIENTED_EDGE('',*,*,#394,.T.);
#394 = EDGE_CURVE('',#384,#395,#397,.T.);
#395 = VERTEX_POINT('',#396);
#396 = CARTESIAN_POINT('',(34.8,40.5,0.));
#397 = LINE('',#398,#399);
#398 = CARTESIAN_POINT('',(34.8,19.25,0.));
#399 = VECTOR('',#400,1.);
#400 = DIRECTION('',(1.7763568394E-14,1.,0.));
#401 = ORIENTED_EDGE('',*,*,#402,.F.);
#402 = EDGE_CURVE('',#403,#395,#405,.T.);
#403 = VERTEX_POINT('',#404);
#404 = CARTESIAN_POINT('',(38.2,40.5,0.));
#405 = CIRCLE('',#406,1.7);
#406 = AXIS2_PLACEMENT_3D('',#407,#408,#409);
#407 = CARTESIAN_POINT('',(36.5,40.5,0.));
#408 = DIRECTION('',(0.,0.,1.));
#409 = DIRECTION('',(1.,0.,0.));
#410 = ORIENTED_EDGE('',*,*,#411,.F.);
#411 = EDGE_CURVE('',#386,#403,#412,.T.);
#412 = LINE('',#413,#414);
#413 = CARTESIAN_POINT('',(38.2,19.25,0.));
#414 = VECTOR('',#415,1.);
#415 = DIRECTION('',(0.,1.,0.));
#416 = PLANE('',#417);
#417 = AXIS2_PLACEMENT_3D('',#418,#419,#420);
#418 = CARTESIAN_POINT('',(12.,2.,0.));
#419 = DIRECTION('',(0.,0.,1.));
#420 = DIRECTION('',(1.,0.,0.));
#421 = ADVANCED_FACE('',(#422),#440,.T.);
#422 = FACE_BOUND('',#423,.T.);
#423 = EDGE_LOOP('',(#424,#425,#426,#434));
#424 = ORIENTED_EDGE('',*,*,#110,.F.);
#425 = ORIENTED_EDGE('',*,*,#31,.T.);
#426 = ORIENTED_EDGE('',*,*,#427,.T.);
#427 = EDGE_CURVE('',#32,#428,#430,.T.);
#428 = VERTEX_POINT('',#429);
#429 = CARTESIAN_POINT('',(-14.46446609406,46.,6.8));
#430 = LINE('',#431,#432);
#431 = CARTESIAN_POINT('',(-19.73223304703,40.732233047034,6.8));
#432 = VECTOR('',#433,1.);
#433 = DIRECTION('',(0.707106781187,0.707106781187,0.));
#434 = ORIENTED_EDGE('',*,*,#435,.F.);
#435 = EDGE_CURVE('',#103,#428,#436,.T.);
#436 = LINE('',#437,#438);
#437 = CARTESIAN_POINT('',(-14.46446609406,46.,0.));
#438 = VECTOR('',#439,1.);
#439 = DIRECTION('',(0.,0.,1.));
#440 = PLANE('',#441);
#441 = AXIS2_PLACEMENT_3D('',#442,#443,#444);
#442 = CARTESIAN_POINT('',(-16.23223304703,44.232233047034,0.));
#443 = DIRECTION('',(-0.707106781187,0.707106781187,-1.163682478333E-18)
  );
#444 = DIRECTION('',(-8.228477715772E-19,8.228477715772E-19,1.));
#445 = ADVANCED_FACE('',(#446),#464,.T.);
#446 = FACE_BOUND('',#447,.F.);
#447 = EDGE_LOOP('',(#448,#449,#450,#458));
#448 = ORIENTED_EDGE('',*,*,#62,.F.);
#449 = ORIENTED_EDGE('',*,*,#47,.T.);
#450 = ORIENTED_EDGE('',*,*,#451,.T.);
#451 = EDGE_CURVE('',#40,#452,#454,.T.);
#452 = VERTEX_POINT('',#453);
#453 = CARTESIAN_POINT('',(-14.46446609406,-42.,6.8));
#454 = LINE('',#455,#456);
#455 = CARTESIAN_POINT('',(-19.73223304703,-36.73223304703,6.8));
#456 = VECTOR('',#457,1.);
#457 = DIRECTION('',(0.707106781187,-0.707106781187,0.));
#458 = ORIENTED_EDGE('',*,*,#459,.F.);
#459 = EDGE_CURVE('',#63,#452,#460,.T.);
#460 = LINE('',#461,#462);
#461 = CARTESIAN_POINT('',(-14.46446609406,-42.,0.));
#462 = VECTOR('',#463,1.);
#463 = DIRECTION('',(0.,0.,1.));
#464 = PLANE('',#465);
#465 = AXIS2_PLACEMENT_3D('',#466,#467,#468);
#466 = CARTESIAN_POINT('',(-16.23223304703,-40.23223304703,0.));
#467 = DIRECTION('',(-0.707106781187,-0.707106781187,1.163682478333E-18)
  );
#468 = DIRECTION('',(-8.228477715772E-19,-8.228477715772E-19,-1.));
#469 = ADVANCED_FACE('',(#470,#513,#524,#535,#546,#557,#568,#579,#590,
    #601,#612,#648,#659,#670,#706,#742,#778),#814,.T.);
#470 = FACE_BOUND('',#471,.T.);
#471 = EDGE_LOOP('',(#472,#473,#474,#482,#490,#498,#506,#512));
#472 = ORIENTED_EDGE('',*,*,#39,.T.);
#473 = ORIENTED_EDGE('',*,*,#451,.T.);
#474 = ORIENTED_EDGE('',*,*,#475,.T.);
#475 = EDGE_CURVE('',#452,#476,#478,.T.);
#476 = VERTEX_POINT('',#477);
#477 = CARTESIAN_POINT('',(38.464466094067,-42.,6.8));
#478 = LINE('',#479,#480);
#479 = CARTESIAN_POINT('',(-18.,-42.,6.8));
#480 = VECTOR('',#481,1.);
#481 = DIRECTION('',(1.,0.,0.));
#482 = ORIENTED_EDGE('',*,*,#483,.T.);
#483 = EDGE_CURVE('',#476,#484,#486,.T.);
#484 = VERTEX_POINT('',#485);
#485 = CARTESIAN_POINT('',(42.,-38.46446609406,6.8));
#486 = LINE('',#487,#488);
#487 = CARTESIAN_POINT('',(43.732233047034,-36.73223304703,6.8));
#488 = VECTOR('',#489,1.);
#489 = DIRECTION('',(0.707106781187,0.707106781187,0.));
#490 = ORIENTED_EDGE('',*,*,#491,.T.);
#491 = EDGE_CURVE('',#484,#492,#494,.T.);
#492 = VERTEX_POINT('',#493);
#493 = CARTESIAN_POINT('',(42.,42.464466094067,6.8));
#494 = LINE('',#495,#496);
#495 = CARTESIAN_POINT('',(42.,-42.,6.8));
#496 = VECTOR('',#497,1.);
#497 = DIRECTION('',(0.,1.,0.));
#498 = ORIENTED_EDGE('',*,*,#499,.F.);
#499 = EDGE_CURVE('',#500,#492,#502,.T.);
#500 = VERTEX_POINT('',#501);
#501 = CARTESIAN_POINT('',(38.464466094067,46.,6.8));
#502 = LINE('',#503,#504);
#503 = CARTESIAN_POINT('',(43.732233047034,40.732233047034,6.8));
#504 = VECTOR('',#505,1.);
#505 = DIRECTION('',(0.707106781187,-0.707106781187,0.));
#506 = ORIENTED_EDGE('',*,*,#507,.T.);
#507 = EDGE_CURVE('',#500,#428,#508,.T.);
#508 = LINE('',#509,#510);
#509 = CARTESIAN_POINT('',(42.,46.,6.8));
#510 = VECTOR('',#511,1.);
#511 = DIRECTION('',(-1.,0.,0.));
#512 = ORIENTED_EDGE('',*,*,#427,.F.);
#513 = FACE_BOUND('',#514,.T.);
#514 = EDGE_LOOP('',(#515));
#515 = ORIENTED_EDGE('',*,*,#516,.F.);
#516 = EDGE_CURVE('',#517,#517,#519,.T.);
#517 = VERTEX_POINT('',#518);
#518 = CARTESIAN_POINT('',(-10.5,-36.,6.8));
#519 = CIRCLE('',#520,3.);
#520 = AXIS2_PLACEMENT_3D('',#521,#522,#523);
#521 = CARTESIAN_POINT('',(-13.5,-36.,6.8));
#522 = DIRECTION('',(0.,0.,1.));
#523 = DIRECTION('',(1.,0.,0.));
#524 = FACE_BOUND('',#525,.T.);
#525 = EDGE_LOOP('',(#526));
#526 = ORIENTED_EDGE('',*,*,#527,.F.);
#527 = EDGE_CURVE('',#528,#528,#530,.T.);
#528 = VERTEX_POINT('',#529);
#529 = CARTESIAN_POINT('',(-1.5,-36.,6.8));
#530 = CIRCLE('',#531,3.);
#531 = AXIS2_PLACEMENT_3D('',#532,#533,#534);
#532 = CARTESIAN_POINT('',(-4.5,-36.,6.8));
#533 = DIRECTION('',(0.,0.,1.));
#534 = DIRECTION('',(1.,0.,0.));
#535 = FACE_BOUND('',#536,.T.);
#536 = EDGE_LOOP('',(#537));
#537 = ORIENTED_EDGE('',*,*,#538,.F.);
#538 = EDGE_CURVE('',#539,#539,#541,.T.);
#539 = VERTEX_POINT('',#540);
#540 = CARTESIAN_POINT('',(8.5,-36.5,6.8));
#541 = CIRCLE('',#542,3.);
#542 = AXIS2_PLACEMENT_3D('',#543,#544,#545);
#543 = CARTESIAN_POINT('',(5.5,-36.5,6.8));
#544 = DIRECTION('',(0.,0.,1.));
#545 = DIRECTION('',(1.,0.,0.));
#546 = FACE_BOUND('',#547,.T.);
#547 = EDGE_LOOP('',(#548));
#548 = ORIENTED_EDGE('',*,*,#549,.F.);
#549 = EDGE_CURVE('',#550,#550,#552,.T.);
#550 = VERTEX_POINT('',#551);
#551 = CARTESIAN_POINT('',(8.5,-5.5,6.8));
#552 = CIRCLE('',#553,3.);
#553 = AXIS2_PLACEMENT_3D('',#554,#555,#556);
#554 = CARTESIAN_POINT('',(5.5,-5.5,6.8));
#555 = DIRECTION('',(0.,0.,1.));
#556 = DIRECTION('',(1.,0.,0.));
#557 = FACE_BOUND('',#558,.T.);
#558 = EDGE_LOOP('',(#559));
#559 = ORIENTED_EDGE('',*,*,#560,.F.);
#560 = EDGE_CURVE('',#561,#561,#563,.T.);
#561 = VERTEX_POINT('',#562);
#562 = CARTESIAN_POINT('',(27.,-21.,6.8));
#563 = CIRCLE('',#564,6.);
#564 = AXIS2_PLACEMENT_3D('',#565,#566,#567);
#565 = CARTESIAN_POINT('',(21.,-21.,6.8));
#566 = DIRECTION('',(0.,0.,1.));
#567 = DIRECTION('',(1.,0.,0.));
#568 = FACE_BOUND('',#569,.T.);
#569 = EDGE_LOOP('',(#570));
#570 = ORIENTED_EDGE('',*,*,#571,.F.);
#571 = EDGE_CURVE('',#572,#572,#574,.T.);
#572 = VERTEX_POINT('',#573);
#573 = CARTESIAN_POINT('',(39.5,-36.5,6.8));
#574 = CIRCLE('',#575,3.);
#575 = AXIS2_PLACEMENT_3D('',#576,#577,#578);
#576 = CARTESIAN_POINT('',(36.5,-36.5,6.8));
#577 = DIRECTION('',(0.,0.,1.));
#578 = DIRECTION('',(1.,0.,0.));
#579 = FACE_BOUND('',#580,.T.);
#580 = EDGE_LOOP('',(#581));
#581 = ORIENTED_EDGE('',*,*,#582,.F.);
#582 = EDGE_CURVE('',#583,#583,#585,.T.);
#583 = VERTEX_POINT('',#584);
#584 = CARTESIAN_POINT('',(39.5,-5.5,6.8));
#585 = CIRCLE('',#586,3.);
#586 = AXIS2_PLACEMENT_3D('',#587,#588,#589);
#587 = CARTESIAN_POINT('',(36.5,-5.5,6.8));
#588 = DIRECTION('',(0.,0.,1.));
#589 = DIRECTION('',(1.,0.,0.));
#590 = FACE_BOUND('',#591,.T.);
#591 = EDGE_LOOP('',(#592));
#592 = ORIENTED_EDGE('',*,*,#593,.F.);
#593 = EDGE_CURVE('',#594,#594,#596,.T.);
#594 = VERTEX_POINT('',#595);
#595 = CARTESIAN_POINT('',(-10.5,2.,6.8));
#596 = CIRCLE('',#597,3.);
#597 = AXIS2_PLACEMENT_3D('',#598,#599,#600);
#598 = CARTESIAN_POINT('',(-13.5,2.,6.8));
#599 = DIRECTION('',(0.,0.,1.));
#600 = DIRECTION('',(1.,0.,0.));
#601 = FACE_BOUND('',#602,.T.);
#602 = EDGE_LOOP('',(#603));
#603 = ORIENTED_EDGE('',*,*,#604,.F.);
#604 = EDGE_CURVE('',#605,#605,#607,.T.);
#605 = VERTEX_POINT('',#606);
#606 = CARTESIAN_POINT('',(-1.5,2.,6.8));
#607 = CIRCLE('',#608,3.);
#608 = AXIS2_PLACEMENT_3D('',#609,#610,#611);
#609 = CARTESIAN_POINT('',(-4.5,2.,6.8));
#610 = DIRECTION('',(0.,0.,1.));
#611 = DIRECTION('',(1.,0.,0.));
#612 = FACE_BOUND('',#613,.T.);
#613 = EDGE_LOOP('',(#614,#625,#633,#642));
#614 = ORIENTED_EDGE('',*,*,#615,.F.);
#615 = EDGE_CURVE('',#616,#618,#620,.T.);
#616 = VERTEX_POINT('',#617);
#617 = CARTESIAN_POINT('',(2.5,5.5,6.8));
#618 = VERTEX_POINT('',#619);
#619 = CARTESIAN_POINT('',(8.5,5.5,6.8));
#620 = CIRCLE('',#621,3.);
#621 = AXIS2_PLACEMENT_3D('',#622,#623,#624);
#622 = CARTESIAN_POINT('',(5.5,5.5,6.8));
#623 = DIRECTION('',(0.,0.,1.));
#624 = DIRECTION('',(1.,0.,0.));
#625 = ORIENTED_EDGE('',*,*,#626,.T.);
#626 = EDGE_CURVE('',#616,#627,#629,.T.);
#627 = VERTEX_POINT('',#628);
#628 = CARTESIAN_POINT('',(2.5,9.5,6.8));
#629 = LINE('',#630,#631);
#630 = CARTESIAN_POINT('',(2.5,5.5,6.8));
#631 = VECTOR('',#632,1.);
#632 = DIRECTION('',(0.,1.,0.));
#633 = ORIENTED_EDGE('',*,*,#634,.F.);
#634 = EDGE_CURVE('',#635,#627,#637,.T.);
#635 = VERTEX_POINT('',#636);
#636 = CARTESIAN_POINT('',(8.5,9.5,6.8));
#637 = CIRCLE('',#638,3.);
#638 = AXIS2_PLACEMENT_3D('',#639,#640,#641);
#639 = CARTESIAN_POINT('',(5.5,9.5,6.8));
#640 = DIRECTION('',(0.,0.,1.));
#641 = DIRECTION('',(1.,0.,0.));
#642 = ORIENTED_EDGE('',*,*,#643,.F.);
#643 = EDGE_CURVE('',#618,#635,#644,.T.);
#644 = LINE('',#645,#646);
#645 = CARTESIAN_POINT('',(8.5,5.5,6.8));
#646 = VECTOR('',#647,1.);
#647 = DIRECTION('',(0.,1.,0.));
#648 = FACE_BOUND('',#649,.T.);
#649 = EDGE_LOOP('',(#650));
#650 = ORIENTED_EDGE('',*,*,#651,.F.);
#651 = EDGE_CURVE('',#652,#652,#654,.T.);
#652 = VERTEX_POINT('',#653);
#653 = CARTESIAN_POINT('',(-10.5,40.,6.8));
#654 = CIRCLE('',#655,3.);
#655 = AXIS2_PLACEMENT_3D('',#656,#657,#658);
#656 = CARTESIAN_POINT('',(-13.5,40.,6.8));
#657 = DIRECTION('',(0.,0.,1.));
#658 = DIRECTION('',(1.,0.,0.));
#659 = FACE_BOUND('',#660,.T.);
#660 = EDGE_LOOP('',(#661));
#661 = ORIENTED_EDGE('',*,*,#662,.F.);
#662 = EDGE_CURVE('',#663,#663,#665,.T.);
#663 = VERTEX_POINT('',#664);
#664 = CARTESIAN_POINT('',(-1.5,40.,6.8));
#665 = CIRCLE('',#666,3.);
#666 = AXIS2_PLACEMENT_3D('',#667,#668,#669);
#667 = CARTESIAN_POINT('',(-4.5,40.,6.8));
#668 = DIRECTION('',(0.,0.,1.));
#669 = DIRECTION('',(1.,0.,0.));
#670 = FACE_BOUND('',#671,.T.);
#671 = EDGE_LOOP('',(#672,#683,#691,#700));
#672 = ORIENTED_EDGE('',*,*,#673,.F.);
#673 = EDGE_CURVE('',#674,#676,#678,.T.);
#674 = VERTEX_POINT('',#675);
#675 = CARTESIAN_POINT('',(2.5,36.5,6.8));
#676 = VERTEX_POINT('',#677);
#677 = CARTESIAN_POINT('',(8.5,36.5,6.8));
#678 = CIRCLE('',#679,3.);
#679 = AXIS2_PLACEMENT_3D('',#680,#681,#682);
#680 = CARTESIAN_POINT('',(5.5,36.5,6.8));
#681 = DIRECTION('',(0.,0.,1.));
#682 = DIRECTION('',(1.,0.,0.));
#683 = ORIENTED_EDGE('',*,*,#684,.T.);
#684 = EDGE_CURVE('',#674,#685,#687,.T.);
#685 = VERTEX_POINT('',#686);
#686 = CARTESIAN_POINT('',(2.5,40.5,6.8));
#687 = LINE('',#688,#689);
#688 = CARTESIAN_POINT('',(2.5,36.5,6.8));
#689 = VECTOR('',#690,1.);
#690 = DIRECTION('',(0.,1.,0.));
#691 = ORIENTED_EDGE('',*,*,#692,.F.);
#692 = EDGE_CURVE('',#693,#685,#695,.T.);
#693 = VERTEX_POINT('',#694);
#694 = CARTESIAN_POINT('',(8.5,40.5,6.8));
#695 = CIRCLE('',#696,3.);
#696 = AXIS2_PLACEMENT_3D('',#697,#698,#699);
#697 = CARTESIAN_POINT('',(5.5,40.5,6.8));
#698 = DIRECTION('',(0.,0.,1.));
#699 = DIRECTION('',(1.,0.,0.));
#700 = ORIENTED_EDGE('',*,*,#701,.F.);
#701 = EDGE_CURVE('',#676,#693,#702,.T.);
#702 = LINE('',#703,#704);
#703 = CARTESIAN_POINT('',(8.5,36.5,6.8));
#704 = VECTOR('',#705,1.);
#705 = DIRECTION('',(0.,1.,0.));
#706 = FACE_BOUND('',#707,.T.);
#707 = EDGE_LOOP('',(#708,#719,#727,#736));
#708 = ORIENTED_EDGE('',*,*,#709,.F.);
#709 = EDGE_CURVE('',#710,#712,#714,.T.);
#710 = VERTEX_POINT('',#711);
#711 = CARTESIAN_POINT('',(33.5,5.5,6.8));
#712 = VERTEX_POINT('',#713);
#713 = CARTESIAN_POINT('',(39.5,5.5,6.8));
#714 = CIRCLE('',#715,3.);
#715 = AXIS2_PLACEMENT_3D('',#716,#717,#718);
#716 = CARTESIAN_POINT('',(36.5,5.5,6.8));
#717 = DIRECTION('',(0.,0.,1.));
#718 = DIRECTION('',(1.,0.,0.));
#719 = ORIENTED_EDGE('',*,*,#720,.T.);
#720 = EDGE_CURVE('',#710,#721,#723,.T.);
#721 = VERTEX_POINT('',#722);
#722 = CARTESIAN_POINT('',(33.5,9.5,6.8));
#723 = LINE('',#724,#725);
#724 = CARTESIAN_POINT('',(33.5,5.5,6.8));
#725 = VECTOR('',#726,1.);
#726 = DIRECTION('',(0.,1.,0.));
#727 = ORIENTED_EDGE('',*,*,#728,.F.);
#728 = EDGE_CURVE('',#729,#721,#731,.T.);
#729 = VERTEX_POINT('',#730);
#730 = CARTESIAN_POINT('',(39.5,9.5,6.8));
#731 = CIRCLE('',#732,3.);
#732 = AXIS2_PLACEMENT_3D('',#733,#734,#735);
#733 = CARTESIAN_POINT('',(36.5,9.5,6.8));
#734 = DIRECTION('',(0.,0.,1.));
#735 = DIRECTION('',(1.,0.,0.));
#736 = ORIENTED_EDGE('',*,*,#737,.F.);
#737 = EDGE_CURVE('',#712,#729,#738,.T.);
#738 = LINE('',#739,#740);
#739 = CARTESIAN_POINT('',(39.5,5.5,6.8));
#740 = VECTOR('',#741,1.);
#741 = DIRECTION('',(0.,1.,0.));
#742 = FACE_BOUND('',#743,.T.);
#743 = EDGE_LOOP('',(#744,#755,#763,#772));
#744 = ORIENTED_EDGE('',*,*,#745,.F.);
#745 = EDGE_CURVE('',#746,#748,#750,.T.);
#746 = VERTEX_POINT('',#747);
#747 = CARTESIAN_POINT('',(18.25,21.,6.8));
#748 = VERTEX_POINT('',#749);
#749 = CARTESIAN_POINT('',(23.75,20.99999999998,6.8));
#750 = CIRCLE('',#751,2.75);
#751 = AXIS2_PLACEMENT_3D('',#752,#753,#754);
#752 = CARTESIAN_POINT('',(21.,21.,6.8));
#753 = DIRECTION('',(0.,0.,1.));
#754 = DIRECTION('',(1.,0.,0.));
#755 = ORIENTED_EDGE('',*,*,#756,.T.);
#756 = EDGE_CURVE('',#746,#757,#759,.T.);
#757 = VERTEX_POINT('',#758);
#758 = CARTESIAN_POINT('',(18.25,25.000000000001,6.8));
#759 = LINE('',#760,#761);
#760 = CARTESIAN_POINT('',(18.25,11.5,6.8));
#761 = VECTOR('',#762,1.);
#762 = DIRECTION('',(0.,1.,0.));
#763 = ORIENTED_EDGE('',*,*,#764,.F.);
#764 = EDGE_CURVE('',#765,#757,#767,.T.);
#765 = VERTEX_POINT('',#766);
#766 = CARTESIAN_POINT('',(23.75,25.000000000021,6.8));
#767 = CIRCLE('',#768,2.75);
#768 = AXIS2_PLACEMENT_3D('',#769,#770,#771);
#769 = CARTESIAN_POINT('',(21.,25.,6.8));
#770 = DIRECTION('',(0.,0.,1.));
#771 = DIRECTION('',(1.,0.,0.));
#772 = ORIENTED_EDGE('',*,*,#773,.F.);
#773 = EDGE_CURVE('',#748,#765,#774,.T.);
#774 = LINE('',#775,#776);
#775 = CARTESIAN_POINT('',(23.75,11.49999999999,6.8));
#776 = VECTOR('',#777,1.);
#777 = DIRECTION('',(0.,1.,0.));
#778 = FACE_BOUND('',#779,.T.);
#779 = EDGE_LOOP('',(#780,#791,#799,#808));
#780 = ORIENTED_EDGE('',*,*,#781,.F.);
#781 = EDGE_CURVE('',#782,#784,#786,.T.);
#782 = VERTEX_POINT('',#783);
#783 = CARTESIAN_POINT('',(33.5,36.5,6.8));
#784 = VERTEX_POINT('',#785);
#785 = CARTESIAN_POINT('',(39.5,36.5,6.8));
#786 = CIRCLE('',#787,3.);
#787 = AXIS2_PLACEMENT_3D('',#788,#789,#790);
#788 = CARTESIAN_POINT('',(36.5,36.5,6.8));
#789 = DIRECTION('',(0.,0.,1.));
#790 = DIRECTION('',(1.,0.,0.));
#791 = ORIENTED_EDGE('',*,*,#792,.T.);
#792 = EDGE_CURVE('',#782,#793,#795,.T.);
#793 = VERTEX_POINT('',#794);
#794 = CARTESIAN_POINT('',(33.5,40.5,6.8));
#795 = LINE('',#796,#797);
#796 = CARTESIAN_POINT('',(33.5,36.5,6.8));
#797 = VECTOR('',#798,1.);
#798 = DIRECTION('',(0.,1.,0.));
#799 = ORIENTED_EDGE('',*,*,#800,.F.);
#800 = EDGE_CURVE('',#801,#793,#803,.T.);
#801 = VERTEX_POINT('',#802);
#802 = CARTESIAN_POINT('',(39.5,40.5,6.8));
#803 = CIRCLE('',#804,3.);
#804 = AXIS2_PLACEMENT_3D('',#805,#806,#807);
#805 = CARTESIAN_POINT('',(36.5,40.5,6.8));
#806 = DIRECTION('',(0.,0.,1.));
#807 = DIRECTION('',(1.,0.,0.));
#808 = ORIENTED_EDGE('',*,*,#809,.F.);
#809 = EDGE_CURVE('',#784,#801,#810,.T.);
#810 = LINE('',#811,#812);
#811 = CARTESIAN_POINT('',(39.5,36.5,6.8));
#812 = VECTOR('',#813,1.);
#813 = DIRECTION('',(0.,1.,0.));
#814 = PLANE('',#815);
#815 = AXIS2_PLACEMENT_3D('',#816,#817,#818);
#816 = CARTESIAN_POINT('',(12.,2.,6.8));
#817 = DIRECTION('',(0.,0.,1.));
#818 = DIRECTION('',(1.,0.,0.));
#819 = ADVANCED_FACE('',(#820),#831,.F.);
#820 = FACE_BOUND('',#821,.F.);
#821 = EDGE_LOOP('',(#822,#823,#829,#830));
#822 = ORIENTED_EDGE('',*,*,#102,.F.);
#823 = ORIENTED_EDGE('',*,*,#824,.T.);
#824 = EDGE_CURVE('',#95,#500,#825,.T.);
#825 = LINE('',#826,#827);
#826 = CARTESIAN_POINT('',(38.464466094067,46.,0.));
#827 = VECTOR('',#828,1.);
#828 = DIRECTION('',(0.,0.,1.));
#829 = ORIENTED_EDGE('',*,*,#507,.T.);
#830 = ORIENTED_EDGE('',*,*,#435,.F.);
#831 = PLANE('',#832);
#832 = AXIS2_PLACEMENT_3D('',#833,#834,#835);
#833 = CARTESIAN_POINT('',(42.,46.,0.));
#834 = DIRECTION('',(0.,-1.,0.));
#835 = DIRECTION('',(-1.,0.,0.));
#836 = ADVANCED_FACE('',(#837),#848,.F.);
#837 = FACE_BOUND('',#838,.F.);
#838 = EDGE_LOOP('',(#839,#840,#841,#842));
#839 = ORIENTED_EDGE('',*,*,#70,.F.);
#840 = ORIENTED_EDGE('',*,*,#459,.T.);
#841 = ORIENTED_EDGE('',*,*,#475,.T.);
#842 = ORIENTED_EDGE('',*,*,#843,.F.);
#843 = EDGE_CURVE('',#71,#476,#844,.T.);
#844 = LINE('',#845,#846);
#845 = CARTESIAN_POINT('',(38.464466094067,-42.,0.));
#846 = VECTOR('',#847,1.);
#847 = DIRECTION('',(0.,0.,1.));
#848 = PLANE('',#849);
#849 = AXIS2_PLACEMENT_3D('',#850,#851,#852);
#850 = CARTESIAN_POINT('',(-18.,-42.,0.));
#851 = DIRECTION('',(0.,1.,0.));
#852 = DIRECTION('',(1.,0.,0.));
#853 = ADVANCED_FACE('',(#854),#865,.T.);
#854 = FACE_BOUND('',#855,.T.);
#855 = EDGE_LOOP('',(#856,#857,#858,#859));
#856 = ORIENTED_EDGE('',*,*,#94,.F.);
#857 = ORIENTED_EDGE('',*,*,#824,.T.);
#858 = ORIENTED_EDGE('',*,*,#499,.T.);
#859 = ORIENTED_EDGE('',*,*,#860,.F.);
#860 = EDGE_CURVE('',#87,#492,#861,.T.);
#861 = LINE('',#862,#863);
#862 = CARTESIAN_POINT('',(42.,42.464466094067,0.));
#863 = VECTOR('',#864,1.);
#864 = DIRECTION('',(0.,0.,1.));
#865 = PLANE('',#866);
#866 = AXIS2_PLACEMENT_3D('',#867,#868,#869);
#867 = CARTESIAN_POINT('',(40.232233047034,44.232233047034,0.));
#868 = DIRECTION('',(0.707106781187,0.707106781187,1.163682478333E-18));
#869 = DIRECTION('',(-8.228477715772E-19,-8.228477715772E-19,1.));
#870 = ADVANCED_FACE('',(#871),#882,.T.);
#871 = FACE_BOUND('',#872,.F.);
#872 = EDGE_LOOP('',(#873,#874,#875,#876));
#873 = ORIENTED_EDGE('',*,*,#78,.F.);
#874 = ORIENTED_EDGE('',*,*,#843,.T.);
#875 = ORIENTED_EDGE('',*,*,#483,.T.);
#876 = ORIENTED_EDGE('',*,*,#877,.F.);
#877 = EDGE_CURVE('',#79,#484,#878,.T.);
#878 = LINE('',#879,#880);
#879 = CARTESIAN_POINT('',(42.,-38.46446609406,0.));
#880 = VECTOR('',#881,1.);
#881 = DIRECTION('',(0.,0.,1.));
#882 = PLANE('',#883);
#883 = AXIS2_PLACEMENT_3D('',#884,#885,#886);
#884 = CARTESIAN_POINT('',(40.232233047034,-40.23223304703,0.));
#885 = DIRECTION('',(0.707106781187,-0.707106781187,-1.163682478333E-18)
  );
#886 = DIRECTION('',(-8.228477715772E-19,8.228477715772E-19,-1.));
#887 = ADVANCED_FACE('',(#888),#894,.F.);
#888 = FACE_BOUND('',#889,.F.);
#889 = EDGE_LOOP('',(#890,#891,#892,#893));
#890 = ORIENTED_EDGE('',*,*,#86,.F.);
#891 = ORIENTED_EDGE('',*,*,#877,.T.);
#892 = ORIENTED_EDGE('',*,*,#491,.T.);
#893 = ORIENTED_EDGE('',*,*,#860,.F.);
#894 = PLANE('',#895);
#895 = AXIS2_PLACEMENT_3D('',#896,#897,#898);
#896 = CARTESIAN_POINT('',(42.,-42.,0.));
#897 = DIRECTION('',(-1.,0.,0.));
#898 = DIRECTION('',(0.,1.,0.));
#899 = ADVANCED_FACE('',(#900),#919,.F.);
#900 = FACE_BOUND('',#901,.T.);
#901 = EDGE_LOOP('',(#902,#910,#917,#918));
#902 = ORIENTED_EDGE('',*,*,#903,.F.);
#903 = EDGE_CURVE('',#904,#119,#906,.T.);
#904 = VERTEX_POINT('',#905);
#905 = CARTESIAN_POINT('',(-11.8,-36.,3.4));
#906 = LINE('',#907,#908);
#907 = CARTESIAN_POINT('',(-11.8,-36.,3.4));
#908 = VECTOR('',#909,1.);
#909 = DIRECTION('',(-6.167905692362E-17,0.,-1.));
#910 = ORIENTED_EDGE('',*,*,#911,.T.);
#911 = EDGE_CURVE('',#904,#904,#912,.T.);
#912 = CIRCLE('',#913,1.7);
#913 = AXIS2_PLACEMENT_3D('',#914,#915,#916);
#914 = CARTESIAN_POINT('',(-13.5,-36.,3.4));
#915 = DIRECTION('',(0.,0.,1.));
#916 = DIRECTION('',(1.,0.,0.));
#917 = ORIENTED_EDGE('',*,*,#903,.T.);
#918 = ORIENTED_EDGE('',*,*,#118,.T.);
#919 = CYLINDRICAL_SURFACE('',#920,1.7);
#920 = AXIS2_PLACEMENT_3D('',#921,#922,#923);
#921 = CARTESIAN_POINT('',(-13.5,-36.,3.4));
#922 = DIRECTION('',(-0.,-0.,-1.));
#923 = DIRECTION('',(1.,0.,0.));
#924 = ADVANCED_FACE('',(#925),#944,.F.);
#925 = FACE_BOUND('',#926,.T.);
#926 = EDGE_LOOP('',(#927,#935,#942,#943));
#927 = ORIENTED_EDGE('',*,*,#928,.F.);
#928 = EDGE_CURVE('',#929,#130,#931,.T.);
#929 = VERTEX_POINT('',#930);
#930 = CARTESIAN_POINT('',(-2.8,-36.,3.4));
#931 = LINE('',#932,#933);
#932 = CARTESIAN_POINT('',(-2.8,-36.,3.4));
#933 = VECTOR('',#934,1.);
#934 = DIRECTION('',(-6.167905692362E-17,0.,-1.));
#935 = ORIENTED_EDGE('',*,*,#936,.T.);
#936 = EDGE_CURVE('',#929,#929,#937,.T.);
#937 = CIRCLE('',#938,1.7);
#938 = AXIS2_PLACEMENT_3D('',#939,#940,#941);
#939 = CARTESIAN_POINT('',(-4.5,-36.,3.4));
#940 = DIRECTION('',(0.,0.,1.));
#941 = DIRECTION('',(1.,0.,0.));
#942 = ORIENTED_EDGE('',*,*,#928,.T.);
#943 = ORIENTED_EDGE('',*,*,#129,.T.);
#944 = CYLINDRICAL_SURFACE('',#945,1.7);
#945 = AXIS2_PLACEMENT_3D('',#946,#947,#948);
#946 = CARTESIAN_POINT('',(-4.5,-36.,3.4));
#947 = DIRECTION('',(-0.,-0.,-1.));
#948 = DIRECTION('',(1.,0.,0.));
#949 = ADVANCED_FACE('',(#950),#969,.F.);
#950 = FACE_BOUND('',#951,.T.);
#951 = EDGE_LOOP('',(#952,#960,#967,#968));
#952 = ORIENTED_EDGE('',*,*,#953,.F.);
#953 = EDGE_CURVE('',#954,#141,#956,.T.);
#954 = VERTEX_POINT('',#955);
#955 = CARTESIAN_POINT('',(7.2,-36.5,3.4));
#956 = LINE('',#957,#958);
#957 = CARTESIAN_POINT('',(7.2,-36.5,3.4));
#958 = VECTOR('',#959,1.);
#959 = DIRECTION('',(-6.167905692362E-17,0.,-1.));
#960 = ORIENTED_EDGE('',*,*,#961,.T.);
#961 = EDGE_CURVE('',#954,#954,#962,.T.);
#962 = CIRCLE('',#963,1.7);
#963 = AXIS2_PLACEMENT_3D('',#964,#965,#966);
#964 = CARTESIAN_POINT('',(5.5,-36.5,3.4));
#965 = DIRECTION('',(0.,0.,1.));
#966 = DIRECTION('',(1.,0.,0.));
#967 = ORIENTED_EDGE('',*,*,#953,.T.);
#968 = ORIENTED_EDGE('',*,*,#140,.T.);
#969 = CYLINDRICAL_SURFACE('',#970,1.7);
#970 = AXIS2_PLACEMENT_3D('',#971,#972,#973);
#971 = CARTESIAN_POINT('',(5.5,-36.5,3.4));
#972 = DIRECTION('',(-0.,-0.,-1.));
#973 = DIRECTION('',(1.,0.,0.));
#974 = ADVANCED_FACE('',(#975),#994,.F.);
#975 = FACE_BOUND('',#976,.T.);
#976 = EDGE_LOOP('',(#977,#985,#992,#993));
#977 = ORIENTED_EDGE('',*,*,#978,.F.);
#978 = EDGE_CURVE('',#979,#152,#981,.T.);
#979 = VERTEX_POINT('',#980);
#980 = CARTESIAN_POINT('',(7.2,-5.5,3.4));
#981 = LINE('',#982,#983);
#982 = CARTESIAN_POINT('',(7.2,-5.5,3.4));
#983 = VECTOR('',#984,1.);
#984 = DIRECTION('',(-6.167905692362E-17,0.,-1.));
#985 = ORIENTED_EDGE('',*,*,#986,.T.);
#986 = EDGE_CURVE('',#979,#979,#987,.T.);
#987 = CIRCLE('',#988,1.7);
#988 = AXIS2_PLACEMENT_3D('',#989,#990,#991);
#989 = CARTESIAN_POINT('',(5.5,-5.5,3.4));
#990 = DIRECTION('',(0.,0.,1.));
#991 = DIRECTION('',(1.,0.,0.));
#992 = ORIENTED_EDGE('',*,*,#978,.T.);
#993 = ORIENTED_EDGE('',*,*,#151,.T.);
#994 = CYLINDRICAL_SURFACE('',#995,1.7);
#995 = AXIS2_PLACEMENT_3D('',#996,#997,#998);
#996 = CARTESIAN_POINT('',(5.5,-5.5,3.4));
#997 = DIRECTION('',(-0.,-0.,-1.));
#998 = DIRECTION('',(1.,0.,0.));
#999 = ADVANCED_FACE('',(#1000),#1019,.F.);
#1000 = FACE_BOUND('',#1001,.T.);
#1001 = EDGE_LOOP('',(#1002,#1010,#1017,#1018));
#1002 = ORIENTED_EDGE('',*,*,#1003,.T.);
#1003 = EDGE_CURVE('',#163,#1004,#1006,.T.);
#1004 = VERTEX_POINT('',#1005);
#1005 = CARTESIAN_POINT('',(32.05,-21.,3.2));
#1006 = LINE('',#1007,#1008);
#1007 = CARTESIAN_POINT('',(32.05,-21.,0.));
#1008 = VECTOR('',#1009,1.);
#1009 = DIRECTION('',(0.,0.,1.));
#1010 = ORIENTED_EDGE('',*,*,#1011,.T.);
#1011 = EDGE_CURVE('',#1004,#1004,#1012,.T.);
#1012 = CIRCLE('',#1013,11.05);
#1013 = AXIS2_PLACEMENT_3D('',#1014,#1015,#1016);
#1014 = CARTESIAN_POINT('',(21.,-21.,3.2));
#1015 = DIRECTION('',(0.,0.,1.));
#1016 = DIRECTION('',(1.,0.,0.));
#1017 = ORIENTED_EDGE('',*,*,#1003,.F.);
#1018 = ORIENTED_EDGE('',*,*,#162,.F.);
#1019 = CYLINDRICAL_SURFACE('',#1020,11.05);
#1020 = AXIS2_PLACEMENT_3D('',#1021,#1022,#1023);
#1021 = CARTESIAN_POINT('',(21.,-21.,0.));
#1022 = DIRECTION('',(-0.,-0.,-1.));
#1023 = DIRECTION('',(1.,0.,0.));
#1024 = ADVANCED_FACE('',(#1025),#1044,.F.);
#1025 = FACE_BOUND('',#1026,.T.);
#1026 = EDGE_LOOP('',(#1027,#1035,#1042,#1043));
#1027 = ORIENTED_EDGE('',*,*,#1028,.F.);
#1028 = EDGE_CURVE('',#1029,#174,#1031,.T.);
#1029 = VERTEX_POINT('',#1030);
#1030 = CARTESIAN_POINT('',(38.2,-36.5,3.4));
#1031 = LINE('',#1032,#1033);
#1032 = CARTESIAN_POINT('',(38.2,-36.5,3.4));
#1033 = VECTOR('',#1034,1.);
#1034 = DIRECTION('',(-6.167905692362E-17,0.,-1.));
#1035 = ORIENTED_EDGE('',*,*,#1036,.T.);
#1036 = EDGE_CURVE('',#1029,#1029,#1037,.T.);
#1037 = CIRCLE('',#1038,1.7);
#1038 = AXIS2_PLACEMENT_3D('',#1039,#1040,#1041);
#1039 = CARTESIAN_POINT('',(36.5,-36.5,3.4));
#1040 = DIRECTION('',(0.,0.,1.));
#1041 = DIRECTION('',(1.,0.,0.));
#1042 = ORIENTED_EDGE('',*,*,#1028,.T.);
#1043 = ORIENTED_EDGE('',*,*,#173,.T.);
#1044 = CYLINDRICAL_SURFACE('',#1045,1.7);
#1045 = AXIS2_PLACEMENT_3D('',#1046,#1047,#1048);
#1046 = CARTESIAN_POINT('',(36.5,-36.5,3.4));
#1047 = DIRECTION('',(-0.,-0.,-1.));
#1048 = DIRECTION('',(1.,0.,0.));
#1049 = ADVANCED_FACE('',(#1050),#1069,.F.);
#1050 = FACE_BOUND('',#1051,.T.);
#1051 = EDGE_LOOP('',(#1052,#1060,#1067,#1068));
#1052 = ORIENTED_EDGE('',*,*,#1053,.F.);
#1053 = EDGE_CURVE('',#1054,#185,#1056,.T.);
#1054 = VERTEX_POINT('',#1055);
#1055 = CARTESIAN_POINT('',(38.2,-5.5,3.4));
#1056 = LINE('',#1057,#1058);
#1057 = CARTESIAN_POINT('',(38.2,-5.5,3.4));
#1058 = VECTOR('',#1059,1.);
#1059 = DIRECTION('',(-6.167905692362E-17,0.,-1.));
#1060 = ORIENTED_EDGE('',*,*,#1061,.T.);
#1061 = EDGE_CURVE('',#1054,#1054,#1062,.T.);
#1062 = CIRCLE('',#1063,1.7);
#1063 = AXIS2_PLACEMENT_3D('',#1064,#1065,#1066);
#1064 = CARTESIAN_POINT('',(36.5,-5.5,3.4));
#1065 = DIRECTION('',(0.,0.,1.));
#1066 = DIRECTION('',(1.,0.,0.));
#1067 = ORIENTED_EDGE('',*,*,#1053,.T.);
#1068 = ORIENTED_EDGE('',*,*,#184,.T.);
#1069 = CYLINDRICAL_SURFACE('',#1070,1.7);
#1070 = AXIS2_PLACEMENT_3D('',#1071,#1072,#1073);
#1071 = CARTESIAN_POINT('',(36.5,-5.5,3.4));
#1072 = DIRECTION('',(-0.,-0.,-1.));
#1073 = DIRECTION('',(1.,0.,0.));
#1074 = ADVANCED_FACE('',(#1075),#1094,.F.);
#1075 = FACE_BOUND('',#1076,.T.);
#1076 = EDGE_LOOP('',(#1077,#1085,#1092,#1093));
#1077 = ORIENTED_EDGE('',*,*,#1078,.F.);
#1078 = EDGE_CURVE('',#1079,#196,#1081,.T.);
#1079 = VERTEX_POINT('',#1080);
#1080 = CARTESIAN_POINT('',(-11.8,2.,3.4));
#1081 = LINE('',#1082,#1083);
#1082 = CARTESIAN_POINT('',(-11.8,2.,3.4));
#1083 = VECTOR('',#1084,1.);
#1084 = DIRECTION('',(-6.167905692362E-17,0.,-1.));
#1085 = ORIENTED_EDGE('',*,*,#1086,.T.);
#1086 = EDGE_CURVE('',#1079,#1079,#1087,.T.);
#1087 = CIRCLE('',#1088,1.7);
#1088 = AXIS2_PLACEMENT_3D('',#1089,#1090,#1091);
#1089 = CARTESIAN_POINT('',(-13.5,2.,3.4));
#1090 = DIRECTION('',(0.,0.,1.));
#1091 = DIRECTION('',(1.,0.,0.));
#1092 = ORIENTED_EDGE('',*,*,#1078,.T.);
#1093 = ORIENTED_EDGE('',*,*,#195,.T.);
#1094 = CYLINDRICAL_SURFACE('',#1095,1.7);
#1095 = AXIS2_PLACEMENT_3D('',#1096,#1097,#1098);
#1096 = CARTESIAN_POINT('',(-13.5,2.,3.4));
#1097 = DIRECTION('',(-0.,-0.,-1.));
#1098 = DIRECTION('',(1.,0.,0.));
#1099 = ADVANCED_FACE('',(#1100),#1119,.F.);
#1100 = FACE_BOUND('',#1101,.T.);
#1101 = EDGE_LOOP('',(#1102,#1110,#1117,#1118));
#1102 = ORIENTED_EDGE('',*,*,#1103,.F.);
#1103 = EDGE_CURVE('',#1104,#207,#1106,.T.);
#1104 = VERTEX_POINT('',#1105);
#1105 = CARTESIAN_POINT('',(-2.8,2.,3.4));
#1106 = LINE('',#1107,#1108);
#1107 = CARTESIAN_POINT('',(-2.8,2.,3.4));
#1108 = VECTOR('',#1109,1.);
#1109 = DIRECTION('',(-6.167905692362E-17,0.,-1.));
#1110 = ORIENTED_EDGE('',*,*,#1111,.T.);
#1111 = EDGE_CURVE('',#1104,#1104,#1112,.T.);
#1112 = CIRCLE('',#1113,1.7);
#1113 = AXIS2_PLACEMENT_3D('',#1114,#1115,#1116);
#1114 = CARTESIAN_POINT('',(-4.5,2.,3.4));
#1115 = DIRECTION('',(0.,0.,1.));
#1116 = DIRECTION('',(1.,0.,0.));
#1117 = ORIENTED_EDGE('',*,*,#1103,.T.);
#1118 = ORIENTED_EDGE('',*,*,#206,.T.);
#1119 = CYLINDRICAL_SURFACE('',#1120,1.7);
#1120 = AXIS2_PLACEMENT_3D('',#1121,#1122,#1123);
#1121 = CARTESIAN_POINT('',(-4.5,2.,3.4));
#1122 = DIRECTION('',(-0.,-0.,-1.));
#1123 = DIRECTION('',(1.,0.,0.));
#1124 = ADVANCED_FACE('',(#1125),#1151,.F.);
#1125 = FACE_BOUND('',#1126,.F.);
#1126 = EDGE_LOOP('',(#1127,#1138,#1144,#1145));
#1127 = ORIENTED_EDGE('',*,*,#1128,.F.);
#1128 = EDGE_CURVE('',#1129,#1131,#1133,.T.);
#1129 = VERTEX_POINT('',#1130);
#1130 = CARTESIAN_POINT('',(3.8,5.5,3.4));
#1131 = VERTEX_POINT('',#1132);
#1132 = CARTESIAN_POINT('',(7.2,5.5,3.4));
#1133 = CIRCLE('',#1134,1.7);
#1134 = AXIS2_PLACEMENT_3D('',#1135,#1136,#1137);
#1135 = CARTESIAN_POINT('',(5.5,5.5,3.4));
#1136 = DIRECTION('',(0.,0.,1.));
#1137 = DIRECTION('',(1.,0.,0.));
#1138 = ORIENTED_EDGE('',*,*,#1139,.T.);
#1139 = EDGE_CURVE('',#1129,#218,#1140,.T.);
#1140 = LINE('',#1141,#1142);
#1141 = CARTESIAN_POINT('',(3.8,5.5,6.8));
#1142 = VECTOR('',#1143,1.);
#1143 = DIRECTION('',(-0.,-0.,-1.));
#1144 = ORIENTED_EDGE('',*,*,#217,.T.);
#1145 = ORIENTED_EDGE('',*,*,#1146,.F.);
#1146 = EDGE_CURVE('',#1131,#220,#1147,.T.);
#1147 = LINE('',#1148,#1149);
#1148 = CARTESIAN_POINT('',(7.2,5.5,6.8));
#1149 = VECTOR('',#1150,1.);
#1150 = DIRECTION('',(-0.,-0.,-1.));
#1151 = CYLINDRICAL_SURFACE('',#1152,1.7);
#1152 = AXIS2_PLACEMENT_3D('',#1153,#1154,#1155);
#1153 = CARTESIAN_POINT('',(5.5,5.5,6.8));
#1154 = DIRECTION('',(0.,0.,1.));
#1155 = DIRECTION('',(1.,0.,0.));
#1156 = ADVANCED_FACE('',(#1157),#1175,.F.);
#1157 = FACE_BOUND('',#1158,.F.);
#1158 = EDGE_LOOP('',(#1159,#1167,#1168,#1169));
#1159 = ORIENTED_EDGE('',*,*,#1160,.T.);
#1160 = EDGE_CURVE('',#1161,#1131,#1163,.T.);
#1161 = VERTEX_POINT('',#1162);
#1162 = CARTESIAN_POINT('',(7.2,9.5,3.4));
#1163 = LINE('',#1164,#1165);
#1164 = CARTESIAN_POINT('',(7.2,14.25,3.4));
#1165 = VECTOR('',#1166,1.);
#1166 = DIRECTION('',(0.,-1.,0.));
#1167 = ORIENTED_EDGE('',*,*,#1146,.T.);
#1168 = ORIENTED_EDGE('',*,*,#245,.T.);
#1169 = ORIENTED_EDGE('',*,*,#1170,.F.);
#1170 = EDGE_CURVE('',#1161,#237,#1171,.T.);
#1171 = LINE('',#1172,#1173);
#1172 = CARTESIAN_POINT('',(7.2,9.5,6.8));
#1173 = VECTOR('',#1174,1.);
#1174 = DIRECTION('',(-0.,-0.,-1.));
#1175 = PLANE('',#1176);
#1176 = AXIS2_PLACEMENT_3D('',#1177,#1178,#1179);
#1177 = CARTESIAN_POINT('',(7.2,5.5,6.8));
#1178 = DIRECTION('',(1.,0.,0.));
#1179 = DIRECTION('',(0.,1.,0.));
#1180 = ADVANCED_FACE('',(#1181),#1200,.F.);
#1181 = FACE_BOUND('',#1182,.F.);
#1182 = EDGE_LOOP('',(#1183,#1192,#1193,#1194));
#1183 = ORIENTED_EDGE('',*,*,#1184,.F.);
#1184 = EDGE_CURVE('',#1161,#1185,#1187,.T.);
#1185 = VERTEX_POINT('',#1186);
#1186 = CARTESIAN_POINT('',(3.8,9.5,3.4));
#1187 = CIRCLE('',#1188,1.7);
#1188 = AXIS2_PLACEMENT_3D('',#1189,#1190,#1191);
#1189 = CARTESIAN_POINT('',(5.5,9.5,3.4));
#1190 = DIRECTION('',(0.,0.,1.));
#1191 = DIRECTION('',(1.,0.,0.));
#1192 = ORIENTED_EDGE('',*,*,#1170,.T.);
#1193 = ORIENTED_EDGE('',*,*,#236,.T.);
#1194 = ORIENTED_EDGE('',*,*,#1195,.F.);
#1195 = EDGE_CURVE('',#1185,#229,#1196,.T.);
#1196 = LINE('',#1197,#1198);
#1197 = CARTESIAN_POINT('',(3.8,9.5,6.8));
#1198 = VECTOR('',#1199,1.);
#1199 = DIRECTION('',(-0.,-0.,-1.));
#1200 = CYLINDRICAL_SURFACE('',#1201,1.7);
#1201 = AXIS2_PLACEMENT_3D('',#1202,#1203,#1204);
#1202 = CARTESIAN_POINT('',(5.5,9.5,6.8));
#1203 = DIRECTION('',(0.,0.,1.));
#1204 = DIRECTION('',(1.,0.,0.));
#1205 = ADVANCED_FACE('',(#1206),#1217,.T.);
#1206 = FACE_BOUND('',#1207,.T.);
#1207 = EDGE_LOOP('',(#1208,#1214,#1215,#1216));
#1208 = ORIENTED_EDGE('',*,*,#1209,.T.);
#1209 = EDGE_CURVE('',#1185,#1129,#1210,.T.);
#1210 = LINE('',#1211,#1212);
#1211 = CARTESIAN_POINT('',(3.8,14.25,3.4));
#1212 = VECTOR('',#1213,1.);
#1213 = DIRECTION('',(0.,-1.,0.));
#1214 = ORIENTED_EDGE('',*,*,#1139,.T.);
#1215 = ORIENTED_EDGE('',*,*,#228,.T.);
#1216 = ORIENTED_EDGE('',*,*,#1195,.F.);
#1217 = PLANE('',#1218);
#1218 = AXIS2_PLACEMENT_3D('',#1219,#1220,#1221);
#1219 = CARTESIAN_POINT('',(3.8,5.5,6.8));
#1220 = DIRECTION('',(1.,0.,0.));
#1221 = DIRECTION('',(0.,1.,0.));
#1222 = ADVANCED_FACE('',(#1223),#1242,.F.);
#1223 = FACE_BOUND('',#1224,.T.);
#1224 = EDGE_LOOP('',(#1225,#1233,#1240,#1241));
#1225 = ORIENTED_EDGE('',*,*,#1226,.F.);
#1226 = EDGE_CURVE('',#1227,#254,#1229,.T.);
#1227 = VERTEX_POINT('',#1228);
#1228 = CARTESIAN_POINT('',(-11.8,40.,3.4));
#1229 = LINE('',#1230,#1231);
#1230 = CARTESIAN_POINT('',(-11.8,40.,3.4));
#1231 = VECTOR('',#1232,1.);
#1232 = DIRECTION('',(-6.167905692362E-17,0.,-1.));
#1233 = ORIENTED_EDGE('',*,*,#1234,.T.);
#1234 = EDGE_CURVE('',#1227,#1227,#1235,.T.);
#1235 = CIRCLE('',#1236,1.7);
#1236 = AXIS2_PLACEMENT_3D('',#1237,#1238,#1239);
#1237 = CARTESIAN_POINT('',(-13.5,40.,3.4));
#1238 = DIRECTION('',(0.,0.,1.));
#1239 = DIRECTION('',(1.,0.,0.));
#1240 = ORIENTED_EDGE('',*,*,#1226,.T.);
#1241 = ORIENTED_EDGE('',*,*,#253,.T.);
#1242 = CYLINDRICAL_SURFACE('',#1243,1.7);
#1243 = AXIS2_PLACEMENT_3D('',#1244,#1245,#1246);
#1244 = CARTESIAN_POINT('',(-13.5,40.,3.4));
#1245 = DIRECTION('',(-0.,-0.,-1.));
#1246 = DIRECTION('',(1.,0.,0.));
#1247 = ADVANCED_FACE('',(#1248),#1267,.F.);
#1248 = FACE_BOUND('',#1249,.T.);
#1249 = EDGE_LOOP('',(#1250,#1258,#1265,#1266));
#1250 = ORIENTED_EDGE('',*,*,#1251,.F.);
#1251 = EDGE_CURVE('',#1252,#265,#1254,.T.);
#1252 = VERTEX_POINT('',#1253);
#1253 = CARTESIAN_POINT('',(-2.8,40.,3.4));
#1254 = LINE('',#1255,#1256);
#1255 = CARTESIAN_POINT('',(-2.8,40.,3.4));
#1256 = VECTOR('',#1257,1.);
#1257 = DIRECTION('',(-6.167905692362E-17,0.,-1.));
#1258 = ORIENTED_EDGE('',*,*,#1259,.T.);
#1259 = EDGE_CURVE('',#1252,#1252,#1260,.T.);
#1260 = CIRCLE('',#1261,1.7);
#1261 = AXIS2_PLACEMENT_3D('',#1262,#1263,#1264);
#1262 = CARTESIAN_POINT('',(-4.5,40.,3.4));
#1263 = DIRECTION('',(0.,0.,1.));
#1264 = DIRECTION('',(1.,0.,0.));
#1265 = ORIENTED_EDGE('',*,*,#1251,.T.);
#1266 = ORIENTED_EDGE('',*,*,#264,.T.);
#1267 = CYLINDRICAL_SURFACE('',#1268,1.7);
#1268 = AXIS2_PLACEMENT_3D('',#1269,#1270,#1271);
#1269 = CARTESIAN_POINT('',(-4.5,40.,3.4));
#1270 = DIRECTION('',(-0.,-0.,-1.));
#1271 = DIRECTION('',(1.,0.,0.));
#1272 = ADVANCED_FACE('',(#1273),#1299,.F.);
#1273 = FACE_BOUND('',#1274,.F.);
#1274 = EDGE_LOOP('',(#1275,#1286,#1292,#1293));
#1275 = ORIENTED_EDGE('',*,*,#1276,.F.);
#1276 = EDGE_CURVE('',#1277,#1279,#1281,.T.);
#1277 = VERTEX_POINT('',#1278);
#1278 = CARTESIAN_POINT('',(3.8,36.5,3.4));
#1279 = VERTEX_POINT('',#1280);
#1280 = CARTESIAN_POINT('',(7.2,36.5,3.4));
#1281 = CIRCLE('',#1282,1.7);
#1282 = AXIS2_PLACEMENT_3D('',#1283,#1284,#1285);
#1283 = CARTESIAN_POINT('',(5.5,36.5,3.4));
#1284 = DIRECTION('',(0.,0.,1.));
#1285 = DIRECTION('',(1.,0.,0.));
#1286 = ORIENTED_EDGE('',*,*,#1287,.T.);
#1287 = EDGE_CURVE('',#1277,#276,#1288,.T.);
#1288 = LINE('',#1289,#1290);
#1289 = CARTESIAN_POINT('',(3.8,36.5,6.8));
#1290 = VECTOR('',#1291,1.);
#1291 = DIRECTION('',(-0.,-0.,-1.));
#1292 = ORIENTED_EDGE('',*,*,#275,.T.);
#1293 = ORIENTED_EDGE('',*,*,#1294,.F.);
#1294 = EDGE_CURVE('',#1279,#278,#1295,.T.);
#1295 = LINE('',#1296,#1297);
#1296 = CARTESIAN_POINT('',(7.2,36.5,6.8));
#1297 = VECTOR('',#1298,1.);
#1298 = DIRECTION('',(-0.,-0.,-1.));
#1299 = CYLINDRICAL_SURFACE('',#1300,1.7);
#1300 = AXIS2_PLACEMENT_3D('',#1301,#1302,#1303);
#1301 = CARTESIAN_POINT('',(5.5,36.5,6.8));
#1302 = DIRECTION('',(0.,0.,1.));
#1303 = DIRECTION('',(1.,0.,0.));
#1304 = ADVANCED_FACE('',(#1305),#1323,.F.);
#1305 = FACE_BOUND('',#1306,.F.);
#1306 = EDGE_LOOP('',(#1307,#1315,#1316,#1317));
#1307 = ORIENTED_EDGE('',*,*,#1308,.T.);
#1308 = EDGE_CURVE('',#1309,#1279,#1311,.T.);
#1309 = VERTEX_POINT('',#1310);
#1310 = CARTESIAN_POINT('',(7.2,40.5,3.4));
#1311 = LINE('',#1312,#1313);
#1312 = CARTESIAN_POINT('',(7.2,29.75,3.4));
#1313 = VECTOR('',#1314,1.);
#1314 = DIRECTION('',(0.,-1.,0.));
#1315 = ORIENTED_EDGE('',*,*,#1294,.T.);
#1316 = ORIENTED_EDGE('',*,*,#303,.T.);
#1317 = ORIENTED_EDGE('',*,*,#1318,.F.);
#1318 = EDGE_CURVE('',#1309,#295,#1319,.T.);
#1319 = LINE('',#1320,#1321);
#1320 = CARTESIAN_POINT('',(7.2,40.5,6.8));
#1321 = VECTOR('',#1322,1.);
#1322 = DIRECTION('',(-0.,-0.,-1.));
#1323 = PLANE('',#1324);
#1324 = AXIS2_PLACEMENT_3D('',#1325,#1326,#1327);
#1325 = CARTESIAN_POINT('',(7.2,36.5,6.8));
#1326 = DIRECTION('',(1.,0.,0.));
#1327 = DIRECTION('',(0.,1.,0.));
#1328 = ADVANCED_FACE('',(#1329),#1348,.F.);
#1329 = FACE_BOUND('',#1330,.F.);
#1330 = EDGE_LOOP('',(#1331,#1340,#1341,#1342));
#1331 = ORIENTED_EDGE('',*,*,#1332,.F.);
#1332 = EDGE_CURVE('',#1309,#1333,#1335,.T.);
#1333 = VERTEX_POINT('',#1334);
#1334 = CARTESIAN_POINT('',(3.8,40.5,3.4));
#1335 = CIRCLE('',#1336,1.7);
#1336 = AXIS2_PLACEMENT_3D('',#1337,#1338,#1339);
#1337 = CARTESIAN_POINT('',(5.5,40.5,3.4));
#1338 = DIRECTION('',(0.,0.,1.));
#1339 = DIRECTION('',(1.,0.,0.));
#1340 = ORIENTED_EDGE('',*,*,#1318,.T.);
#1341 = ORIENTED_EDGE('',*,*,#294,.T.);
#1342 = ORIENTED_EDGE('',*,*,#1343,.F.);
#1343 = EDGE_CURVE('',#1333,#287,#1344,.T.);
#1344 = LINE('',#1345,#1346);
#1345 = CARTESIAN_POINT('',(3.8,40.5,6.8));
#1346 = VECTOR('',#1347,1.);
#1347 = DIRECTION('',(-0.,-0.,-1.));
#1348 = CYLINDRICAL_SURFACE('',#1349,1.7);
#1349 = AXIS2_PLACEMENT_3D('',#1350,#1351,#1352);
#1350 = CARTESIAN_POINT('',(5.5,40.5,6.8));
#1351 = DIRECTION('',(0.,0.,1.));
#1352 = DIRECTION('',(1.,0.,0.));
#1353 = ADVANCED_FACE('',(#1354),#1365,.T.);
#1354 = FACE_BOUND('',#1355,.T.);
#1355 = EDGE_LOOP('',(#1356,#1362,#1363,#1364));
#1356 = ORIENTED_EDGE('',*,*,#1357,.T.);
#1357 = EDGE_CURVE('',#1333,#1277,#1358,.T.);
#1358 = LINE('',#1359,#1360);
#1359 = CARTESIAN_POINT('',(3.8,29.75,3.4));
#1360 = VECTOR('',#1361,1.);
#1361 = DIRECTION('',(-1.976196983833E-14,-1.,0.));
#1362 = ORIENTED_EDGE('',*,*,#1287,.T.);
#1363 = ORIENTED_EDGE('',*,*,#286,.T.);
#1364 = ORIENTED_EDGE('',*,*,#1343,.F.);
#1365 = PLANE('',#1366);
#1366 = AXIS2_PLACEMENT_3D('',#1367,#1368,#1369);
#1367 = CARTESIAN_POINT('',(3.8,36.5,6.8));
#1368 = DIRECTION('',(1.,-1.976196983833E-14,0.));
#1369 = DIRECTION('',(1.976196983833E-14,1.,0.));
#1370 = ADVANCED_FACE('',(#1371),#1397,.F.);
#1371 = FACE_BOUND('',#1372,.F.);
#1372 = EDGE_LOOP('',(#1373,#1384,#1390,#1391));
#1373 = ORIENTED_EDGE('',*,*,#1374,.F.);
#1374 = EDGE_CURVE('',#1375,#1377,#1379,.T.);
#1375 = VERTEX_POINT('',#1376);
#1376 = CARTESIAN_POINT('',(34.8,5.5,3.4));
#1377 = VERTEX_POINT('',#1378);
#1378 = CARTESIAN_POINT('',(38.2,5.5,3.4));
#1379 = CIRCLE('',#1380,1.7);
#1380 = AXIS2_PLACEMENT_3D('',#1381,#1382,#1383);
#1381 = CARTESIAN_POINT('',(36.5,5.5,3.4));
#1382 = DIRECTION('',(0.,0.,1.));
#1383 = DIRECTION('',(1.,0.,0.));
#1384 = ORIENTED_EDGE('',*,*,#1385,.T.);
#1385 = EDGE_CURVE('',#1375,#312,#1386,.T.);
#1386 = LINE('',#1387,#1388);
#1387 = CARTESIAN_POINT('',(34.8,5.5,6.8));
#1388 = VECTOR('',#1389,1.);
#1389 = DIRECTION('',(-0.,-0.,-1.));
#1390 = ORIENTED_EDGE('',*,*,#311,.T.);
#1391 = ORIENTED_EDGE('',*,*,#1392,.F.);
#1392 = EDGE_CURVE('',#1377,#314,#1393,.T.);
#1393 = LINE('',#1394,#1395);
#1394 = CARTESIAN_POINT('',(38.2,5.5,6.8));
#1395 = VECTOR('',#1396,1.);
#1396 = DIRECTION('',(-0.,-0.,-1.));
#1397 = CYLINDRICAL_SURFACE('',#1398,1.7);
#1398 = AXIS2_PLACEMENT_3D('',#1399,#1400,#1401);
#1399 = CARTESIAN_POINT('',(36.5,5.5,6.8));
#1400 = DIRECTION('',(0.,0.,1.));
#1401 = DIRECTION('',(1.,0.,0.));
#1402 = ADVANCED_FACE('',(#1403),#1421,.F.);
#1403 = FACE_BOUND('',#1404,.F.);
#1404 = EDGE_LOOP('',(#1405,#1413,#1414,#1415));
#1405 = ORIENTED_EDGE('',*,*,#1406,.T.);
#1406 = EDGE_CURVE('',#1407,#1377,#1409,.T.);
#1407 = VERTEX_POINT('',#1408);
#1408 = CARTESIAN_POINT('',(38.2,9.5,3.4));
#1409 = LINE('',#1410,#1411);
#1410 = CARTESIAN_POINT('',(38.2,14.25,3.4));
#1411 = VECTOR('',#1412,1.);
#1412 = DIRECTION('',(0.,-1.,0.));
#1413 = ORIENTED_EDGE('',*,*,#1392,.T.);
#1414 = ORIENTED_EDGE('',*,*,#339,.T.);
#1415 = ORIENTED_EDGE('',*,*,#1416,.F.);
#1416 = EDGE_CURVE('',#1407,#331,#1417,.T.);
#1417 = LINE('',#1418,#1419);
#1418 = CARTESIAN_POINT('',(38.2,9.5,6.8));
#1419 = VECTOR('',#1420,1.);
#1420 = DIRECTION('',(-0.,-0.,-1.));
#1421 = PLANE('',#1422);
#1422 = AXIS2_PLACEMENT_3D('',#1423,#1424,#1425);
#1423 = CARTESIAN_POINT('',(38.2,5.5,6.8));
#1424 = DIRECTION('',(1.,0.,0.));
#1425 = DIRECTION('',(0.,1.,0.));
#1426 = ADVANCED_FACE('',(#1427),#1446,.F.);
#1427 = FACE_BOUND('',#1428,.F.);
#1428 = EDGE_LOOP('',(#1429,#1438,#1439,#1440));
#1429 = ORIENTED_EDGE('',*,*,#1430,.F.);
#1430 = EDGE_CURVE('',#1407,#1431,#1433,.T.);
#1431 = VERTEX_POINT('',#1432);
#1432 = CARTESIAN_POINT('',(34.8,9.5,3.4));
#1433 = CIRCLE('',#1434,1.7);
#1434 = AXIS2_PLACEMENT_3D('',#1435,#1436,#1437);
#1435 = CARTESIAN_POINT('',(36.5,9.5,3.4));
#1436 = DIRECTION('',(0.,0.,1.));
#1437 = DIRECTION('',(1.,0.,0.));
#1438 = ORIENTED_EDGE('',*,*,#1416,.T.);
#1439 = ORIENTED_EDGE('',*,*,#330,.T.);
#1440 = ORIENTED_EDGE('',*,*,#1441,.F.);
#1441 = EDGE_CURVE('',#1431,#323,#1442,.T.);
#1442 = LINE('',#1443,#1444);
#1443 = CARTESIAN_POINT('',(34.8,9.5,6.8));
#1444 = VECTOR('',#1445,1.);
#1445 = DIRECTION('',(-0.,-0.,-1.));
#1446 = CYLINDRICAL_SURFACE('',#1447,1.7);
#1447 = AXIS2_PLACEMENT_3D('',#1448,#1449,#1450);
#1448 = CARTESIAN_POINT('',(36.5,9.5,6.8));
#1449 = DIRECTION('',(0.,0.,1.));
#1450 = DIRECTION('',(1.,0.,0.));
#1451 = ADVANCED_FACE('',(#1452),#1463,.T.);
#1452 = FACE_BOUND('',#1453,.T.);
#1453 = EDGE_LOOP('',(#1454,#1460,#1461,#1462));
#1454 = ORIENTED_EDGE('',*,*,#1455,.T.);
#1455 = EDGE_CURVE('',#1431,#1375,#1456,.T.);
#1456 = LINE('',#1457,#1458);
#1457 = CARTESIAN_POINT('',(34.8,14.25,3.4));
#1458 = VECTOR('',#1459,1.);
#1459 = DIRECTION('',(0.,-1.,0.));
#1460 = ORIENTED_EDGE('',*,*,#1385,.T.);
#1461 = ORIENTED_EDGE('',*,*,#322,.T.);
#1462 = ORIENTED_EDGE('',*,*,#1441,.F.);
#1463 = PLANE('',#1464);
#1464 = AXIS2_PLACEMENT_3D('',#1465,#1466,#1467);
#1465 = CARTESIAN_POINT('',(34.8,5.5,6.8));
#1466 = DIRECTION('',(1.,0.,0.));
#1467 = DIRECTION('',(0.,1.,0.));
#1468 = ADVANCED_FACE('',(#1469),#1495,.F.);
#1469 = FACE_BOUND('',#1470,.T.);
#1470 = EDGE_LOOP('',(#1471,#1479,#1488,#1494));
#1471 = ORIENTED_EDGE('',*,*,#1472,.T.);
#1472 = EDGE_CURVE('',#348,#1473,#1475,.T.);
#1473 = VERTEX_POINT('',#1474);
#1474 = CARTESIAN_POINT('',(9.95,21.,3.2));
#1475 = LINE('',#1476,#1477);
#1476 = CARTESIAN_POINT('',(9.95,21.,0.));
#1477 = VECTOR('',#1478,1.);
#1478 = DIRECTION('',(0.,0.,1.));
#1479 = ORIENTED_EDGE('',*,*,#1480,.T.);
#1480 = EDGE_CURVE('',#1473,#1481,#1483,.T.);
#1481 = VERTEX_POINT('',#1482);
#1482 = CARTESIAN_POINT('',(32.05,21.,3.2));
#1483 = CIRCLE('',#1484,11.05);
#1484 = AXIS2_PLACEMENT_3D('',#1485,#1486,#1487);
#1485 = CARTESIAN_POINT('',(21.,21.,3.2));
#1486 = DIRECTION('',(0.,0.,1.));
#1487 = DIRECTION('',(1.,0.,0.));
#1488 = ORIENTED_EDGE('',*,*,#1489,.F.);
#1489 = EDGE_CURVE('',#350,#1481,#1490,.T.);
#1490 = LINE('',#1491,#1492);
#1491 = CARTESIAN_POINT('',(32.05,21.,0.));
#1492 = VECTOR('',#1493,1.);
#1493 = DIRECTION('',(0.,0.,1.));
#1494 = ORIENTED_EDGE('',*,*,#347,.F.);
#1495 = CYLINDRICAL_SURFACE('',#1496,11.05);
#1496 = AXIS2_PLACEMENT_3D('',#1497,#1498,#1499);
#1497 = CARTESIAN_POINT('',(21.,21.,0.));
#1498 = DIRECTION('',(-0.,-0.,-1.));
#1499 = DIRECTION('',(1.,0.,0.));
#1500 = ADVANCED_FACE('',(#1501),#1519,.F.);
#1501 = FACE_BOUND('',#1502,.F.);
#1502 = EDGE_LOOP('',(#1503,#1504,#1512,#1518));
#1503 = ORIENTED_EDGE('',*,*,#1472,.T.);
#1504 = ORIENTED_EDGE('',*,*,#1505,.T.);
#1505 = EDGE_CURVE('',#1473,#1506,#1508,.T.);
#1506 = VERTEX_POINT('',#1507);
#1507 = CARTESIAN_POINT('',(9.95,25.,3.2));
#1508 = LINE('',#1509,#1510);
#1509 = CARTESIAN_POINT('',(9.95,21.,3.2));
#1510 = VECTOR('',#1511,1.);
#1511 = DIRECTION('',(0.,1.,0.));
#1512 = ORIENTED_EDGE('',*,*,#1513,.F.);
#1513 = EDGE_CURVE('',#359,#1506,#1514,.T.);
#1514 = LINE('',#1515,#1516);
#1515 = CARTESIAN_POINT('',(9.95,25.,0.));
#1516 = VECTOR('',#1517,1.);
#1517 = DIRECTION('',(0.,0.,1.));
#1518 = ORIENTED_EDGE('',*,*,#358,.F.);
#1519 = PLANE('',#1520);
#1520 = AXIS2_PLACEMENT_3D('',#1521,#1522,#1523);
#1521 = CARTESIAN_POINT('',(9.95,21.,0.));
#1522 = DIRECTION('',(-1.,0.,0.));
#1523 = DIRECTION('',(0.,1.,0.));
#1524 = ADVANCED_FACE('',(#1525),#1543,.T.);
#1525 = FACE_BOUND('',#1526,.T.);
#1526 = EDGE_LOOP('',(#1527,#1528,#1536,#1542));
#1527 = ORIENTED_EDGE('',*,*,#1489,.T.);
#1528 = ORIENTED_EDGE('',*,*,#1529,.T.);
#1529 = EDGE_CURVE('',#1481,#1530,#1532,.T.);
#1530 = VERTEX_POINT('',#1531);
#1531 = CARTESIAN_POINT('',(32.05,25.,3.2));
#1532 = LINE('',#1533,#1534);
#1533 = CARTESIAN_POINT('',(32.05,21.,3.2));
#1534 = VECTOR('',#1535,1.);
#1535 = DIRECTION('',(2.842E-14,1.,0.));
#1536 = ORIENTED_EDGE('',*,*,#1537,.F.);
#1537 = EDGE_CURVE('',#367,#1530,#1538,.T.);
#1538 = LINE('',#1539,#1540);
#1539 = CARTESIAN_POINT('',(32.05,25.,0.));
#1540 = VECTOR('',#1541,1.);
#1541 = DIRECTION('',(0.,0.,1.));
#1542 = ORIENTED_EDGE('',*,*,#375,.F.);
#1543 = PLANE('',#1544);
#1544 = AXIS2_PLACEMENT_3D('',#1545,#1546,#1547);
#1545 = CARTESIAN_POINT('',(32.05,21.,0.));
#1546 = DIRECTION('',(-1.,2.842E-14,0.));
#1547 = DIRECTION('',(2.842E-14,1.,0.));
#1548 = ADVANCED_FACE('',(#1549),#1561,.F.);
#1549 = FACE_BOUND('',#1550,.T.);
#1550 = EDGE_LOOP('',(#1551,#1552,#1559,#1560));
#1551 = ORIENTED_EDGE('',*,*,#1537,.T.);
#1552 = ORIENTED_EDGE('',*,*,#1553,.T.);
#1553 = EDGE_CURVE('',#1530,#1506,#1554,.T.);
#1554 = CIRCLE('',#1555,11.05);
#1555 = AXIS2_PLACEMENT_3D('',#1556,#1557,#1558);
#1556 = CARTESIAN_POINT('',(21.,25.,3.2));
#1557 = DIRECTION('',(0.,0.,1.));
#1558 = DIRECTION('',(1.,0.,0.));
#1559 = ORIENTED_EDGE('',*,*,#1513,.F.);
#1560 = ORIENTED_EDGE('',*,*,#366,.F.);
#1561 = CYLINDRICAL_SURFACE('',#1562,11.05);
#1562 = AXIS2_PLACEMENT_3D('',#1563,#1564,#1565);
#1563 = CARTESIAN_POINT('',(21.,25.,0.));
#1564 = DIRECTION('',(-0.,-0.,-1.));
#1565 = DIRECTION('',(1.,0.,0.));
#1566 = ADVANCED_FACE('',(#1567),#1593,.F.);
#1567 = FACE_BOUND('',#1568,.F.);
#1568 = EDGE_LOOP('',(#1569,#1580,#1586,#1587));
#1569 = ORIENTED_EDGE('',*,*,#1570,.F.);
#1570 = EDGE_CURVE('',#1571,#1573,#1575,.T.);
#1571 = VERTEX_POINT('',#1572);
#1572 = CARTESIAN_POINT('',(34.8,36.5,3.4));
#1573 = VERTEX_POINT('',#1574);
#1574 = CARTESIAN_POINT('',(38.2,36.5,3.4));
#1575 = CIRCLE('',#1576,1.7);
#1576 = AXIS2_PLACEMENT_3D('',#1577,#1578,#1579);
#1577 = CARTESIAN_POINT('',(36.5,36.5,3.4));
#1578 = DIRECTION('',(0.,0.,1.));
#1579 = DIRECTION('',(1.,0.,0.));
#1580 = ORIENTED_EDGE('',*,*,#1581,.T.);
#1581 = EDGE_CURVE('',#1571,#384,#1582,.T.);
#1582 = LINE('',#1583,#1584);
#1583 = CARTESIAN_POINT('',(34.8,36.5,6.8));
#1584 = VECTOR('',#1585,1.);
#1585 = DIRECTION('',(-0.,-0.,-1.));
#1586 = ORIENTED_EDGE('',*,*,#383,.T.);
#1587 = ORIENTED_EDGE('',*,*,#1588,.F.);
#1588 = EDGE_CURVE('',#1573,#386,#1589,.T.);
#1589 = LINE('',#1590,#1591);
#1590 = CARTESIAN_POINT('',(38.2,36.5,6.8));
#1591 = VECTOR('',#1592,1.);
#1592 = DIRECTION('',(-0.,-0.,-1.));
#1593 = CYLINDRICAL_SURFACE('',#1594,1.7);
#1594 = AXIS2_PLACEMENT_3D('',#1595,#1596,#1597);
#1595 = CARTESIAN_POINT('',(36.5,36.5,6.8));
#1596 = DIRECTION('',(0.,0.,1.));
#1597 = DIRECTION('',(1.,0.,0.));
#1598 = ADVANCED_FACE('',(#1599),#1617,.F.);
#1599 = FACE_BOUND('',#1600,.F.);
#1600 = EDGE_LOOP('',(#1601,#1609,#1610,#1611));
#1601 = ORIENTED_EDGE('',*,*,#1602,.T.);
#1602 = EDGE_CURVE('',#1603,#1573,#1605,.T.);
#1603 = VERTEX_POINT('',#1604);
#1604 = CARTESIAN_POINT('',(38.2,40.5,3.4));
#1605 = LINE('',#1606,#1607);
#1606 = CARTESIAN_POINT('',(38.2,29.75,3.4));
#1607 = VECTOR('',#1608,1.);
#1608 = DIRECTION('',(0.,-1.,0.));
#1609 = ORIENTED_EDGE('',*,*,#1588,.T.);
#1610 = ORIENTED_EDGE('',*,*,#411,.T.);
#1611 = ORIENTED_EDGE('',*,*,#1612,.F.);
#1612 = EDGE_CURVE('',#1603,#403,#1613,.T.);
#1613 = LINE('',#1614,#1615);
#1614 = CARTESIAN_POINT('',(38.2,40.5,6.8));
#1615 = VECTOR('',#1616,1.);
#1616 = DIRECTION('',(-0.,-0.,-1.));
#1617 = PLANE('',#1618);
#1618 = AXIS2_PLACEMENT_3D('',#1619,#1620,#1621);
#1619 = CARTESIAN_POINT('',(38.2,36.5,6.8));
#1620 = DIRECTION('',(1.,0.,0.));
#1621 = DIRECTION('',(0.,1.,0.));
#1622 = ADVANCED_FACE('',(#1623),#1642,.F.);
#1623 = FACE_BOUND('',#1624,.F.);
#1624 = EDGE_LOOP('',(#1625,#1634,#1635,#1636));
#1625 = ORIENTED_EDGE('',*,*,#1626,.F.);
#1626 = EDGE_CURVE('',#1603,#1627,#1629,.T.);
#1627 = VERTEX_POINT('',#1628);
#1628 = CARTESIAN_POINT('',(34.8,40.5,3.4));
#1629 = CIRCLE('',#1630,1.7);
#1630 = AXIS2_PLACEMENT_3D('',#1631,#1632,#1633);
#1631 = CARTESIAN_POINT('',(36.5,40.5,3.4));
#1632 = DIRECTION('',(0.,0.,1.));
#1633 = DIRECTION('',(1.,0.,0.));
#1634 = ORIENTED_EDGE('',*,*,#1612,.T.);
#1635 = ORIENTED_EDGE('',*,*,#402,.T.);
#1636 = ORIENTED_EDGE('',*,*,#1637,.F.);
#1637 = EDGE_CURVE('',#1627,#395,#1638,.T.);
#1638 = LINE('',#1639,#1640);
#1639 = CARTESIAN_POINT('',(34.8,40.5,6.8));
#1640 = VECTOR('',#1641,1.);
#1641 = DIRECTION('',(-0.,-0.,-1.));
#1642 = CYLINDRICAL_SURFACE('',#1643,1.7);
#1643 = AXIS2_PLACEMENT_3D('',#1644,#1645,#1646);
#1644 = CARTESIAN_POINT('',(36.5,40.5,6.8));
#1645 = DIRECTION('',(0.,0.,1.));
#1646 = DIRECTION('',(1.,0.,0.));
#1647 = ADVANCED_FACE('',(#1648),#1659,.T.);
#1648 = FACE_BOUND('',#1649,.T.);
#1649 = EDGE_LOOP('',(#1650,#1656,#1657,#1658));
#1650 = ORIENTED_EDGE('',*,*,#1651,.T.);
#1651 = EDGE_CURVE('',#1627,#1571,#1652,.T.);
#1652 = LINE('',#1653,#1654);
#1653 = CARTESIAN_POINT('',(34.8,29.75,3.4));
#1654 = VECTOR('',#1655,1.);
#1655 = DIRECTION('',(-1.7763568394E-14,-1.,0.));
#1656 = ORIENTED_EDGE('',*,*,#1581,.T.);
#1657 = ORIENTED_EDGE('',*,*,#394,.T.);
#1658 = ORIENTED_EDGE('',*,*,#1637,.F.);
#1659 = PLANE('',#1660);
#1660 = AXIS2_PLACEMENT_3D('',#1661,#1662,#1663);
#1661 = CARTESIAN_POINT('',(34.8,36.5,6.8));
#1662 = DIRECTION('',(1.,-1.7763568394E-14,0.));
#1663 = DIRECTION('',(1.7763568394E-14,1.,0.));
#1664 = ADVANCED_FACE('',(#1665),#1684,.F.);
#1665 = FACE_BOUND('',#1666,.T.);
#1666 = EDGE_LOOP('',(#1667,#1675,#1676,#1677));
#1667 = ORIENTED_EDGE('',*,*,#1668,.F.);
#1668 = EDGE_CURVE('',#517,#1669,#1671,.T.);
#1669 = VERTEX_POINT('',#1670);
#1670 = CARTESIAN_POINT('',(-10.5,-36.,3.4));
#1671 = LINE('',#1672,#1673);
#1672 = CARTESIAN_POINT('',(-10.5,-36.,6.8));
#1673 = VECTOR('',#1674,1.);
#1674 = DIRECTION('',(0.,0.,-1.));
#1675 = ORIENTED_EDGE('',*,*,#516,.T.);
#1676 = ORIENTED_EDGE('',*,*,#1668,.T.);
#1677 = ORIENTED_EDGE('',*,*,#1678,.F.);
#1678 = EDGE_CURVE('',#1669,#1669,#1679,.T.);
#1679 = CIRCLE('',#1680,3.);
#1680 = AXIS2_PLACEMENT_3D('',#1681,#1682,#1683);
#1681 = CARTESIAN_POINT('',(-13.5,-36.,3.4));
#1682 = DIRECTION('',(0.,0.,1.));
#1683 = DIRECTION('',(1.,0.,0.));
#1684 = CYLINDRICAL_SURFACE('',#1685,3.);
#1685 = AXIS2_PLACEMENT_3D('',#1686,#1687,#1688);
#1686 = CARTESIAN_POINT('',(-13.5,-36.,6.8));
#1687 = DIRECTION('',(-0.,-0.,-1.));
#1688 = DIRECTION('',(1.,0.,0.));
#1689 = ADVANCED_FACE('',(#1690),#1709,.F.);
#1690 = FACE_BOUND('',#1691,.T.);
#1691 = EDGE_LOOP('',(#1692,#1700,#1701,#1702));
#1692 = ORIENTED_EDGE('',*,*,#1693,.F.);
#1693 = EDGE_CURVE('',#528,#1694,#1696,.T.);
#1694 = VERTEX_POINT('',#1695);
#1695 = CARTESIAN_POINT('',(-1.5,-36.,3.4));
#1696 = LINE('',#1697,#1698);
#1697 = CARTESIAN_POINT('',(-1.5,-36.,6.8));
#1698 = VECTOR('',#1699,1.);
#1699 = DIRECTION('',(0.,0.,-1.));
#1700 = ORIENTED_EDGE('',*,*,#527,.T.);
#1701 = ORIENTED_EDGE('',*,*,#1693,.T.);
#1702 = ORIENTED_EDGE('',*,*,#1703,.F.);
#1703 = EDGE_CURVE('',#1694,#1694,#1704,.T.);
#1704 = CIRCLE('',#1705,3.);
#1705 = AXIS2_PLACEMENT_3D('',#1706,#1707,#1708);
#1706 = CARTESIAN_POINT('',(-4.5,-36.,3.4));
#1707 = DIRECTION('',(0.,0.,1.));
#1708 = DIRECTION('',(1.,0.,0.));
#1709 = CYLINDRICAL_SURFACE('',#1710,3.);
#1710 = AXIS2_PLACEMENT_3D('',#1711,#1712,#1713);
#1711 = CARTESIAN_POINT('',(-4.5,-36.,6.8));
#1712 = DIRECTION('',(-0.,-0.,-1.));
#1713 = DIRECTION('',(1.,0.,0.));
#1714 = ADVANCED_FACE('',(#1715),#1734,.F.);
#1715 = FACE_BOUND('',#1716,.T.);
#1716 = EDGE_LOOP('',(#1717,#1725,#1726,#1727));
#1717 = ORIENTED_EDGE('',*,*,#1718,.F.);
#1718 = EDGE_CURVE('',#539,#1719,#1721,.T.);
#1719 = VERTEX_POINT('',#1720);
#1720 = CARTESIAN_POINT('',(8.5,-36.5,3.4));
#1721 = LINE('',#1722,#1723);
#1722 = CARTESIAN_POINT('',(8.5,-36.5,6.8));
#1723 = VECTOR('',#1724,1.);
#1724 = DIRECTION('',(0.,0.,-1.));
#1725 = ORIENTED_EDGE('',*,*,#538,.T.);
#1726 = ORIENTED_EDGE('',*,*,#1718,.T.);
#1727 = ORIENTED_EDGE('',*,*,#1728,.F.);
#1728 = EDGE_CURVE('',#1719,#1719,#1729,.T.);
#1729 = CIRCLE('',#1730,3.);
#1730 = AXIS2_PLACEMENT_3D('',#1731,#1732,#1733);
#1731 = CARTESIAN_POINT('',(5.5,-36.5,3.4));
#1732 = DIRECTION('',(0.,0.,1.));
#1733 = DIRECTION('',(1.,0.,0.));
#1734 = CYLINDRICAL_SURFACE('',#1735,3.);
#1735 = AXIS2_PLACEMENT_3D('',#1736,#1737,#1738);
#1736 = CARTESIAN_POINT('',(5.5,-36.5,6.8));
#1737 = DIRECTION('',(-0.,-0.,-1.));
#1738 = DIRECTION('',(1.,0.,0.));
#1739 = ADVANCED_FACE('',(#1740),#1759,.F.);
#1740 = FACE_BOUND('',#1741,.T.);
#1741 = EDGE_LOOP('',(#1742,#1750,#1751,#1752));
#1742 = ORIENTED_EDGE('',*,*,#1743,.F.);
#1743 = EDGE_CURVE('',#550,#1744,#1746,.T.);
#1744 = VERTEX_POINT('',#1745);
#1745 = CARTESIAN_POINT('',(8.5,-5.5,3.4));
#1746 = LINE('',#1747,#1748);
#1747 = CARTESIAN_POINT('',(8.5,-5.5,6.8));
#1748 = VECTOR('',#1749,1.);
#1749 = DIRECTION('',(0.,0.,-1.));
#1750 = ORIENTED_EDGE('',*,*,#549,.T.);
#1751 = ORIENTED_EDGE('',*,*,#1743,.T.);
#1752 = ORIENTED_EDGE('',*,*,#1753,.F.);
#1753 = EDGE_CURVE('',#1744,#1744,#1754,.T.);
#1754 = CIRCLE('',#1755,3.);
#1755 = AXIS2_PLACEMENT_3D('',#1756,#1757,#1758);
#1756 = CARTESIAN_POINT('',(5.5,-5.5,3.4));
#1757 = DIRECTION('',(0.,0.,1.));
#1758 = DIRECTION('',(1.,0.,0.));
#1759 = CYLINDRICAL_SURFACE('',#1760,3.);
#1760 = AXIS2_PLACEMENT_3D('',#1761,#1762,#1763);
#1761 = CARTESIAN_POINT('',(5.5,-5.5,6.8));
#1762 = DIRECTION('',(-0.,-0.,-1.));
#1763 = DIRECTION('',(1.,0.,0.));
#1764 = ADVANCED_FACE('',(#1765),#1784,.T.);
#1765 = FACE_BOUND('',#1766,.F.);
#1766 = EDGE_LOOP('',(#1767,#1775,#1782,#1783));
#1767 = ORIENTED_EDGE('',*,*,#1768,.T.);
#1768 = EDGE_CURVE('',#561,#1769,#1771,.T.);
#1769 = VERTEX_POINT('',#1770);
#1770 = CARTESIAN_POINT('',(27.,-21.,7.));
#1771 = LINE('',#1772,#1773);
#1772 = CARTESIAN_POINT('',(27.,-21.,6.8));
#1773 = VECTOR('',#1774,1.);
#1774 = DIRECTION('',(0.,0.,1.));
#1775 = ORIENTED_EDGE('',*,*,#1776,.T.);
#1776 = EDGE_CURVE('',#1769,#1769,#1777,.T.);
#1777 = CIRCLE('',#1778,6.);
#1778 = AXIS2_PLACEMENT_3D('',#1779,#1780,#1781);
#1779 = CARTESIAN_POINT('',(21.,-21.,7.));
#1780 = DIRECTION('',(0.,0.,1.));
#1781 = DIRECTION('',(1.,0.,0.));
#1782 = ORIENTED_EDGE('',*,*,#1768,.F.);
#1783 = ORIENTED_EDGE('',*,*,#560,.F.);
#1784 = CYLINDRICAL_SURFACE('',#1785,6.);
#1785 = AXIS2_PLACEMENT_3D('',#1786,#1787,#1788);
#1786 = CARTESIAN_POINT('',(21.,-21.,6.8));
#1787 = DIRECTION('',(-0.,-0.,-1.));
#1788 = DIRECTION('',(1.,0.,0.));
#1789 = ADVANCED_FACE('',(#1790),#1809,.F.);
#1790 = FACE_BOUND('',#1791,.T.);
#1791 = EDGE_LOOP('',(#1792,#1800,#1801,#1802));
#1792 = ORIENTED_EDGE('',*,*,#1793,.F.);
#1793 = EDGE_CURVE('',#572,#1794,#1796,.T.);
#1794 = VERTEX_POINT('',#1795);
#1795 = CARTESIAN_POINT('',(39.5,-36.5,3.4));
#1796 = LINE('',#1797,#1798);
#1797 = CARTESIAN_POINT('',(39.5,-36.5,6.8));
#1798 = VECTOR('',#1799,1.);
#1799 = DIRECTION('',(0.,0.,-1.));
#1800 = ORIENTED_EDGE('',*,*,#571,.T.);
#1801 = ORIENTED_EDGE('',*,*,#1793,.T.);
#1802 = ORIENTED_EDGE('',*,*,#1803,.F.);
#1803 = EDGE_CURVE('',#1794,#1794,#1804,.T.);
#1804 = CIRCLE('',#1805,3.);
#1805 = AXIS2_PLACEMENT_3D('',#1806,#1807,#1808);
#1806 = CARTESIAN_POINT('',(36.5,-36.5,3.4));
#1807 = DIRECTION('',(0.,0.,1.));
#1808 = DIRECTION('',(1.,0.,0.));
#1809 = CYLINDRICAL_SURFACE('',#1810,3.);
#1810 = AXIS2_PLACEMENT_3D('',#1811,#1812,#1813);
#1811 = CARTESIAN_POINT('',(36.5,-36.5,6.8));
#1812 = DIRECTION('',(-0.,-0.,-1.));
#1813 = DIRECTION('',(1.,0.,0.));
#1814 = ADVANCED_FACE('',(#1815),#1834,.F.);
#1815 = FACE_BOUND('',#1816,.T.);
#1816 = EDGE_LOOP('',(#1817,#1825,#1826,#1827));
#1817 = ORIENTED_EDGE('',*,*,#1818,.F.);
#1818 = EDGE_CURVE('',#583,#1819,#1821,.T.);
#1819 = VERTEX_POINT('',#1820);
#1820 = CARTESIAN_POINT('',(39.5,-5.5,3.4));
#1821 = LINE('',#1822,#1823);
#1822 = CARTESIAN_POINT('',(39.5,-5.5,6.8));
#1823 = VECTOR('',#1824,1.);
#1824 = DIRECTION('',(0.,0.,-1.));
#1825 = ORIENTED_EDGE('',*,*,#582,.T.);
#1826 = ORIENTED_EDGE('',*,*,#1818,.T.);
#1827 = ORIENTED_EDGE('',*,*,#1828,.F.);
#1828 = EDGE_CURVE('',#1819,#1819,#1829,.T.);
#1829 = CIRCLE('',#1830,3.);
#1830 = AXIS2_PLACEMENT_3D('',#1831,#1832,#1833);
#1831 = CARTESIAN_POINT('',(36.5,-5.5,3.4));
#1832 = DIRECTION('',(0.,0.,1.));
#1833 = DIRECTION('',(1.,0.,0.));
#1834 = CYLINDRICAL_SURFACE('',#1835,3.);
#1835 = AXIS2_PLACEMENT_3D('',#1836,#1837,#1838);
#1836 = CARTESIAN_POINT('',(36.5,-5.5,6.8));
#1837 = DIRECTION('',(-0.,-0.,-1.));
#1838 = DIRECTION('',(1.,0.,0.));
#1839 = ADVANCED_FACE('',(#1840),#1859,.F.);
#1840 = FACE_BOUND('',#1841,.T.);
#1841 = EDGE_LOOP('',(#1842,#1850,#1851,#1852));
#1842 = ORIENTED_EDGE('',*,*,#1843,.F.);
#1843 = EDGE_CURVE('',#594,#1844,#1846,.T.);
#1844 = VERTEX_POINT('',#1845);
#1845 = CARTESIAN_POINT('',(-10.5,2.,3.4));
#1846 = LINE('',#1847,#1848);
#1847 = CARTESIAN_POINT('',(-10.5,2.,6.8));
#1848 = VECTOR('',#1849,1.);
#1849 = DIRECTION('',(0.,0.,-1.));
#1850 = ORIENTED_EDGE('',*,*,#593,.T.);
#1851 = ORIENTED_EDGE('',*,*,#1843,.T.);
#1852 = ORIENTED_EDGE('',*,*,#1853,.F.);
#1853 = EDGE_CURVE('',#1844,#1844,#1854,.T.);
#1854 = CIRCLE('',#1855,3.);
#1855 = AXIS2_PLACEMENT_3D('',#1856,#1857,#1858);
#1856 = CARTESIAN_POINT('',(-13.5,2.,3.4));
#1857 = DIRECTION('',(0.,0.,1.));
#1858 = DIRECTION('',(1.,0.,0.));
#1859 = CYLINDRICAL_SURFACE('',#1860,3.);
#1860 = AXIS2_PLACEMENT_3D('',#1861,#1862,#1863);
#1861 = CARTESIAN_POINT('',(-13.5,2.,6.8));
#1862 = DIRECTION('',(-0.,-0.,-1.));
#1863 = DIRECTION('',(1.,0.,0.));
#1864 = ADVANCED_FACE('',(#1865),#1884,.F.);
#1865 = FACE_BOUND('',#1866,.T.);
#1866 = EDGE_LOOP('',(#1867,#1875,#1876,#1877));
#1867 = ORIENTED_EDGE('',*,*,#1868,.F.);
#1868 = EDGE_CURVE('',#605,#1869,#1871,.T.);
#1869 = VERTEX_POINT('',#1870);
#1870 = CARTESIAN_POINT('',(-1.5,2.,3.4));
#1871 = LINE('',#1872,#1873);
#1872 = CARTESIAN_POINT('',(-1.5,2.,6.8));
#1873 = VECTOR('',#1874,1.);
#1874 = DIRECTION('',(0.,0.,-1.));
#1875 = ORIENTED_EDGE('',*,*,#604,.T.);
#1876 = ORIENTED_EDGE('',*,*,#1868,.T.);
#1877 = ORIENTED_EDGE('',*,*,#1878,.F.);
#1878 = EDGE_CURVE('',#1869,#1869,#1879,.T.);
#1879 = CIRCLE('',#1880,3.);
#1880 = AXIS2_PLACEMENT_3D('',#1881,#1882,#1883);
#1881 = CARTESIAN_POINT('',(-4.5,2.,3.4));
#1882 = DIRECTION('',(0.,0.,1.));
#1883 = DIRECTION('',(1.,0.,0.));
#1884 = CYLINDRICAL_SURFACE('',#1885,3.);
#1885 = AXIS2_PLACEMENT_3D('',#1886,#1887,#1888);
#1886 = CARTESIAN_POINT('',(-4.5,2.,6.8));
#1887 = DIRECTION('',(-0.,-0.,-1.));
#1888 = DIRECTION('',(1.,0.,0.));
#1889 = ADVANCED_FACE('',(#1890),#1916,.F.);
#1890 = FACE_BOUND('',#1891,.F.);
#1891 = EDGE_LOOP('',(#1892,#1900,#1909,#1915));
#1892 = ORIENTED_EDGE('',*,*,#1893,.T.);
#1893 = EDGE_CURVE('',#616,#1894,#1896,.T.);
#1894 = VERTEX_POINT('',#1895);
#1895 = CARTESIAN_POINT('',(2.5,5.5,3.4));
#1896 = LINE('',#1897,#1898);
#1897 = CARTESIAN_POINT('',(2.5,5.5,6.8));
#1898 = VECTOR('',#1899,1.);
#1899 = DIRECTION('',(-0.,-0.,-1.));
#1900 = ORIENTED_EDGE('',*,*,#1901,.T.);
#1901 = EDGE_CURVE('',#1894,#1902,#1904,.T.);
#1902 = VERTEX_POINT('',#1903);
#1903 = CARTESIAN_POINT('',(8.5,5.5,3.4));
#1904 = CIRCLE('',#1905,3.);
#1905 = AXIS2_PLACEMENT_3D('',#1906,#1907,#1908);
#1906 = CARTESIAN_POINT('',(5.5,5.5,3.4));
#1907 = DIRECTION('',(0.,0.,1.));
#1908 = DIRECTION('',(1.,0.,0.));
#1909 = ORIENTED_EDGE('',*,*,#1910,.F.);
#1910 = EDGE_CURVE('',#618,#1902,#1911,.T.);
#1911 = LINE('',#1912,#1913);
#1912 = CARTESIAN_POINT('',(8.5,5.5,6.8));
#1913 = VECTOR('',#1914,1.);
#1914 = DIRECTION('',(-0.,-0.,-1.));
#1915 = ORIENTED_EDGE('',*,*,#615,.F.);
#1916 = CYLINDRICAL_SURFACE('',#1917,3.);
#1917 = AXIS2_PLACEMENT_3D('',#1918,#1919,#1920);
#1918 = CARTESIAN_POINT('',(5.5,5.5,6.8));
#1919 = DIRECTION('',(0.,0.,1.));
#1920 = DIRECTION('',(1.,0.,0.));
#1921 = ADVANCED_FACE('',(#1922),#1940,.F.);
#1922 = FACE_BOUND('',#1923,.F.);
#1923 = EDGE_LOOP('',(#1924,#1925,#1933,#1939));
#1924 = ORIENTED_EDGE('',*,*,#1910,.T.);
#1925 = ORIENTED_EDGE('',*,*,#1926,.T.);
#1926 = EDGE_CURVE('',#1902,#1927,#1929,.T.);
#1927 = VERTEX_POINT('',#1928);
#1928 = CARTESIAN_POINT('',(8.5,9.5,3.4));
#1929 = LINE('',#1930,#1931);
#1930 = CARTESIAN_POINT('',(8.5,5.5,3.4));
#1931 = VECTOR('',#1932,1.);
#1932 = DIRECTION('',(0.,1.,0.));
#1933 = ORIENTED_EDGE('',*,*,#1934,.F.);
#1934 = EDGE_CURVE('',#635,#1927,#1935,.T.);
#1935 = LINE('',#1936,#1937);
#1936 = CARTESIAN_POINT('',(8.5,9.5,6.8));
#1937 = VECTOR('',#1938,1.);
#1938 = DIRECTION('',(-0.,-0.,-1.));
#1939 = ORIENTED_EDGE('',*,*,#643,.F.);
#1940 = PLANE('',#1941);
#1941 = AXIS2_PLACEMENT_3D('',#1942,#1943,#1944);
#1942 = CARTESIAN_POINT('',(8.5,5.5,6.8));
#1943 = DIRECTION('',(1.,0.,0.));
#1944 = DIRECTION('',(0.,1.,0.));
#1945 = ADVANCED_FACE('',(#1946),#1965,.F.);
#1946 = FACE_BOUND('',#1947,.F.);
#1947 = EDGE_LOOP('',(#1948,#1949,#1958,#1964));
#1948 = ORIENTED_EDGE('',*,*,#1934,.T.);
#1949 = ORIENTED_EDGE('',*,*,#1950,.T.);
#1950 = EDGE_CURVE('',#1927,#1951,#1953,.T.);
#1951 = VERTEX_POINT('',#1952);
#1952 = CARTESIAN_POINT('',(2.5,9.5,3.4));
#1953 = CIRCLE('',#1954,3.);
#1954 = AXIS2_PLACEMENT_3D('',#1955,#1956,#1957);
#1955 = CARTESIAN_POINT('',(5.5,9.5,3.4));
#1956 = DIRECTION('',(0.,0.,1.));
#1957 = DIRECTION('',(1.,0.,0.));
#1958 = ORIENTED_EDGE('',*,*,#1959,.F.);
#1959 = EDGE_CURVE('',#627,#1951,#1960,.T.);
#1960 = LINE('',#1961,#1962);
#1961 = CARTESIAN_POINT('',(2.5,9.5,6.8));
#1962 = VECTOR('',#1963,1.);
#1963 = DIRECTION('',(-0.,-0.,-1.));
#1964 = ORIENTED_EDGE('',*,*,#634,.F.);
#1965 = CYLINDRICAL_SURFACE('',#1966,3.);
#1966 = AXIS2_PLACEMENT_3D('',#1967,#1968,#1969);
#1967 = CARTESIAN_POINT('',(5.5,9.5,6.8));
#1968 = DIRECTION('',(0.,0.,1.));
#1969 = DIRECTION('',(1.,0.,0.));
#1970 = ADVANCED_FACE('',(#1971),#1982,.T.);
#1971 = FACE_BOUND('',#1972,.T.);
#1972 = EDGE_LOOP('',(#1973,#1974,#1980,#1981));
#1973 = ORIENTED_EDGE('',*,*,#1893,.T.);
#1974 = ORIENTED_EDGE('',*,*,#1975,.T.);
#1975 = EDGE_CURVE('',#1894,#1951,#1976,.T.);
#1976 = LINE('',#1977,#1978);
#1977 = CARTESIAN_POINT('',(2.5,5.5,3.4));
#1978 = VECTOR('',#1979,1.);
#1979 = DIRECTION('',(0.,1.,0.));
#1980 = ORIENTED_EDGE('',*,*,#1959,.F.);
#1981 = ORIENTED_EDGE('',*,*,#626,.F.);
#1982 = PLANE('',#1983);
#1983 = AXIS2_PLACEMENT_3D('',#1984,#1985,#1986);
#1984 = CARTESIAN_POINT('',(2.5,5.5,6.8));
#1985 = DIRECTION('',(1.,0.,0.));
#1986 = DIRECTION('',(0.,1.,0.));
#1987 = ADVANCED_FACE('',(#1988),#2007,.F.);
#1988 = FACE_BOUND('',#1989,.T.);
#1989 = EDGE_LOOP('',(#1990,#1998,#1999,#2000));
#1990 = ORIENTED_EDGE('',*,*,#1991,.F.);
#1991 = EDGE_CURVE('',#652,#1992,#1994,.T.);
#1992 = VERTEX_POINT('',#1993);
#1993 = CARTESIAN_POINT('',(-10.5,40.,3.4));
#1994 = LINE('',#1995,#1996);
#1995 = CARTESIAN_POINT('',(-10.5,40.,6.8));
#1996 = VECTOR('',#1997,1.);
#1997 = DIRECTION('',(0.,0.,-1.));
#1998 = ORIENTED_EDGE('',*,*,#651,.T.);
#1999 = ORIENTED_EDGE('',*,*,#1991,.T.);
#2000 = ORIENTED_EDGE('',*,*,#2001,.F.);
#2001 = EDGE_CURVE('',#1992,#1992,#2002,.T.);
#2002 = CIRCLE('',#2003,3.);
#2003 = AXIS2_PLACEMENT_3D('',#2004,#2005,#2006);
#2004 = CARTESIAN_POINT('',(-13.5,40.,3.4));
#2005 = DIRECTION('',(0.,0.,1.));
#2006 = DIRECTION('',(1.,0.,0.));
#2007 = CYLINDRICAL_SURFACE('',#2008,3.);
#2008 = AXIS2_PLACEMENT_3D('',#2009,#2010,#2011);
#2009 = CARTESIAN_POINT('',(-13.5,40.,6.8));
#2010 = DIRECTION('',(-0.,-0.,-1.));
#2011 = DIRECTION('',(1.,0.,0.));
#2012 = ADVANCED_FACE('',(#2013),#2032,.F.);
#2013 = FACE_BOUND('',#2014,.T.);
#2014 = EDGE_LOOP('',(#2015,#2023,#2024,#2025));
#2015 = ORIENTED_EDGE('',*,*,#2016,.F.);
#2016 = EDGE_CURVE('',#663,#2017,#2019,.T.);
#2017 = VERTEX_POINT('',#2018);
#2018 = CARTESIAN_POINT('',(-1.5,40.,3.4));
#2019 = LINE('',#2020,#2021);
#2020 = CARTESIAN_POINT('',(-1.5,40.,6.8));
#2021 = VECTOR('',#2022,1.);
#2022 = DIRECTION('',(0.,0.,-1.));
#2023 = ORIENTED_EDGE('',*,*,#662,.T.);
#2024 = ORIENTED_EDGE('',*,*,#2016,.T.);
#2025 = ORIENTED_EDGE('',*,*,#2026,.F.);
#2026 = EDGE_CURVE('',#2017,#2017,#2027,.T.);
#2027 = CIRCLE('',#2028,3.);
#2028 = AXIS2_PLACEMENT_3D('',#2029,#2030,#2031);
#2029 = CARTESIAN_POINT('',(-4.5,40.,3.4));
#2030 = DIRECTION('',(0.,0.,1.));
#2031 = DIRECTION('',(1.,0.,0.));
#2032 = CYLINDRICAL_SURFACE('',#2033,3.);
#2033 = AXIS2_PLACEMENT_3D('',#2034,#2035,#2036);
#2034 = CARTESIAN_POINT('',(-4.5,40.,6.8));
#2035 = DIRECTION('',(-0.,-0.,-1.));
#2036 = DIRECTION('',(1.,0.,0.));
#2037 = ADVANCED_FACE('',(#2038),#2064,.F.);
#2038 = FACE_BOUND('',#2039,.F.);
#2039 = EDGE_LOOP('',(#2040,#2048,#2057,#2063));
#2040 = ORIENTED_EDGE('',*,*,#2041,.T.);
#2041 = EDGE_CURVE('',#674,#2042,#2044,.T.);
#2042 = VERTEX_POINT('',#2043);
#2043 = CARTESIAN_POINT('',(2.5,36.5,3.4));
#2044 = LINE('',#2045,#2046);
#2045 = CARTESIAN_POINT('',(2.5,36.5,6.8));
#2046 = VECTOR('',#2047,1.);
#2047 = DIRECTION('',(-0.,-0.,-1.));
#2048 = ORIENTED_EDGE('',*,*,#2049,.T.);
#2049 = EDGE_CURVE('',#2042,#2050,#2052,.T.);
#2050 = VERTEX_POINT('',#2051);
#2051 = CARTESIAN_POINT('',(8.5,36.5,3.4));
#2052 = CIRCLE('',#2053,3.);
#2053 = AXIS2_PLACEMENT_3D('',#2054,#2055,#2056);
#2054 = CARTESIAN_POINT('',(5.5,36.5,3.4));
#2055 = DIRECTION('',(0.,0.,1.));
#2056 = DIRECTION('',(1.,0.,0.));
#2057 = ORIENTED_EDGE('',*,*,#2058,.F.);
#2058 = EDGE_CURVE('',#676,#2050,#2059,.T.);
#2059 = LINE('',#2060,#2061);
#2060 = CARTESIAN_POINT('',(8.5,36.5,6.8));
#2061 = VECTOR('',#2062,1.);
#2062 = DIRECTION('',(-0.,-0.,-1.));
#2063 = ORIENTED_EDGE('',*,*,#673,.F.);
#2064 = CYLINDRICAL_SURFACE('',#2065,3.);
#2065 = AXIS2_PLACEMENT_3D('',#2066,#2067,#2068);
#2066 = CARTESIAN_POINT('',(5.5,36.5,6.8));
#2067 = DIRECTION('',(0.,0.,1.));
#2068 = DIRECTION('',(1.,0.,0.));
#2069 = ADVANCED_FACE('',(#2070),#2088,.F.);
#2070 = FACE_BOUND('',#2071,.F.);
#2071 = EDGE_LOOP('',(#2072,#2073,#2081,#2087));
#2072 = ORIENTED_EDGE('',*,*,#2058,.T.);
#2073 = ORIENTED_EDGE('',*,*,#2074,.T.);
#2074 = EDGE_CURVE('',#2050,#2075,#2077,.T.);
#2075 = VERTEX_POINT('',#2076);
#2076 = CARTESIAN_POINT('',(8.5,40.5,3.4));
#2077 = LINE('',#2078,#2079);
#2078 = CARTESIAN_POINT('',(8.5,36.5,3.4));
#2079 = VECTOR('',#2080,1.);
#2080 = DIRECTION('',(0.,1.,0.));
#2081 = ORIENTED_EDGE('',*,*,#2082,.F.);
#2082 = EDGE_CURVE('',#693,#2075,#2083,.T.);
#2083 = LINE('',#2084,#2085);
#2084 = CARTESIAN_POINT('',(8.5,40.5,6.8));
#2085 = VECTOR('',#2086,1.);
#2086 = DIRECTION('',(-0.,-0.,-1.));
#2087 = ORIENTED_EDGE('',*,*,#701,.F.);
#2088 = PLANE('',#2089);
#2089 = AXIS2_PLACEMENT_3D('',#2090,#2091,#2092);
#2090 = CARTESIAN_POINT('',(8.5,36.5,6.8));
#2091 = DIRECTION('',(1.,0.,0.));
#2092 = DIRECTION('',(0.,1.,0.));
#2093 = ADVANCED_FACE('',(#2094),#2113,.F.);
#2094 = FACE_BOUND('',#2095,.F.);
#2095 = EDGE_LOOP('',(#2096,#2097,#2106,#2112));
#2096 = ORIENTED_EDGE('',*,*,#2082,.T.);
#2097 = ORIENTED_EDGE('',*,*,#2098,.T.);
#2098 = EDGE_CURVE('',#2075,#2099,#2101,.T.);
#2099 = VERTEX_POINT('',#2100);
#2100 = CARTESIAN_POINT('',(2.5,40.5,3.4));
#2101 = CIRCLE('',#2102,3.);
#2102 = AXIS2_PLACEMENT_3D('',#2103,#2104,#2105);
#2103 = CARTESIAN_POINT('',(5.5,40.5,3.4));
#2104 = DIRECTION('',(0.,0.,1.));
#2105 = DIRECTION('',(1.,0.,0.));
#2106 = ORIENTED_EDGE('',*,*,#2107,.F.);
#2107 = EDGE_CURVE('',#685,#2099,#2108,.T.);
#2108 = LINE('',#2109,#2110);
#2109 = CARTESIAN_POINT('',(2.5,40.5,6.8));
#2110 = VECTOR('',#2111,1.);
#2111 = DIRECTION('',(-0.,-0.,-1.));
#2112 = ORIENTED_EDGE('',*,*,#692,.F.);
#2113 = CYLINDRICAL_SURFACE('',#2114,3.);
#2114 = AXIS2_PLACEMENT_3D('',#2115,#2116,#2117);
#2115 = CARTESIAN_POINT('',(5.5,40.5,6.8));
#2116 = DIRECTION('',(0.,0.,1.));
#2117 = DIRECTION('',(1.,0.,0.));
#2118 = ADVANCED_FACE('',(#2119),#2130,.T.);
#2119 = FACE_BOUND('',#2120,.T.);
#2120 = EDGE_LOOP('',(#2121,#2122,#2128,#2129));
#2121 = ORIENTED_EDGE('',*,*,#2041,.T.);
#2122 = ORIENTED_EDGE('',*,*,#2123,.T.);
#2123 = EDGE_CURVE('',#2042,#2099,#2124,.T.);
#2124 = LINE('',#2125,#2126);
#2125 = CARTESIAN_POINT('',(2.5,36.5,3.4));
#2126 = VECTOR('',#2127,1.);
#2127 = DIRECTION('',(0.,1.,0.));
#2128 = ORIENTED_EDGE('',*,*,#2107,.F.);
#2129 = ORIENTED_EDGE('',*,*,#684,.F.);
#2130 = PLANE('',#2131);
#2131 = AXIS2_PLACEMENT_3D('',#2132,#2133,#2134);
#2132 = CARTESIAN_POINT('',(2.5,36.5,6.8));
#2133 = DIRECTION('',(1.,0.,0.));
#2134 = DIRECTION('',(0.,1.,0.));
#2135 = ADVANCED_FACE('',(#2136),#2162,.F.);
#2136 = FACE_BOUND('',#2137,.F.);
#2137 = EDGE_LOOP('',(#2138,#2146,#2155,#2161));
#2138 = ORIENTED_EDGE('',*,*,#2139,.T.);
#2139 = EDGE_CURVE('',#710,#2140,#2142,.T.);
#2140 = VERTEX_POINT('',#2141);
#2141 = CARTESIAN_POINT('',(33.5,5.5,3.4));
#2142 = LINE('',#2143,#2144);
#2143 = CARTESIAN_POINT('',(33.5,5.5,6.8));
#2144 = VECTOR('',#2145,1.);
#2145 = DIRECTION('',(-0.,-0.,-1.));
#2146 = ORIENTED_EDGE('',*,*,#2147,.T.);
#2147 = EDGE_CURVE('',#2140,#2148,#2150,.T.);
#2148 = VERTEX_POINT('',#2149);
#2149 = CARTESIAN_POINT('',(39.5,5.5,3.4));
#2150 = CIRCLE('',#2151,3.);
#2151 = AXIS2_PLACEMENT_3D('',#2152,#2153,#2154);
#2152 = CARTESIAN_POINT('',(36.5,5.5,3.4));
#2153 = DIRECTION('',(0.,0.,1.));
#2154 = DIRECTION('',(1.,0.,0.));
#2155 = ORIENTED_EDGE('',*,*,#2156,.F.);
#2156 = EDGE_CURVE('',#712,#2148,#2157,.T.);
#2157 = LINE('',#2158,#2159);
#2158 = CARTESIAN_POINT('',(39.5,5.5,6.8));
#2159 = VECTOR('',#2160,1.);
#2160 = DIRECTION('',(-0.,-0.,-1.));
#2161 = ORIENTED_EDGE('',*,*,#709,.F.);
#2162 = CYLINDRICAL_SURFACE('',#2163,3.);
#2163 = AXIS2_PLACEMENT_3D('',#2164,#2165,#2166);
#2164 = CARTESIAN_POINT('',(36.5,5.5,6.8));
#2165 = DIRECTION('',(0.,0.,1.));
#2166 = DIRECTION('',(1.,0.,0.));
#2167 = ADVANCED_FACE('',(#2168),#2186,.F.);
#2168 = FACE_BOUND('',#2169,.F.);
#2169 = EDGE_LOOP('',(#2170,#2171,#2179,#2185));
#2170 = ORIENTED_EDGE('',*,*,#2156,.T.);
#2171 = ORIENTED_EDGE('',*,*,#2172,.T.);
#2172 = EDGE_CURVE('',#2148,#2173,#2175,.T.);
#2173 = VERTEX_POINT('',#2174);
#2174 = CARTESIAN_POINT('',(39.5,9.5,3.4));
#2175 = LINE('',#2176,#2177);
#2176 = CARTESIAN_POINT('',(39.5,5.5,3.4));
#2177 = VECTOR('',#2178,1.);
#2178 = DIRECTION('',(0.,1.,0.));
#2179 = ORIENTED_EDGE('',*,*,#2180,.F.);
#2180 = EDGE_CURVE('',#729,#2173,#2181,.T.);
#2181 = LINE('',#2182,#2183);
#2182 = CARTESIAN_POINT('',(39.5,9.5,6.8));
#2183 = VECTOR('',#2184,1.);
#2184 = DIRECTION('',(-0.,-0.,-1.));
#2185 = ORIENTED_EDGE('',*,*,#737,.F.);
#2186 = PLANE('',#2187);
#2187 = AXIS2_PLACEMENT_3D('',#2188,#2189,#2190);
#2188 = CARTESIAN_POINT('',(39.5,5.5,6.8));
#2189 = DIRECTION('',(1.,0.,0.));
#2190 = DIRECTION('',(0.,1.,0.));
#2191 = ADVANCED_FACE('',(#2192),#2211,.F.);
#2192 = FACE_BOUND('',#2193,.F.);
#2193 = EDGE_LOOP('',(#2194,#2195,#2204,#2210));
#2194 = ORIENTED_EDGE('',*,*,#2180,.T.);
#2195 = ORIENTED_EDGE('',*,*,#2196,.T.);
#2196 = EDGE_CURVE('',#2173,#2197,#2199,.T.);
#2197 = VERTEX_POINT('',#2198);
#2198 = CARTESIAN_POINT('',(33.5,9.5,3.4));
#2199 = CIRCLE('',#2200,3.);
#2200 = AXIS2_PLACEMENT_3D('',#2201,#2202,#2203);
#2201 = CARTESIAN_POINT('',(36.5,9.5,3.4));
#2202 = DIRECTION('',(0.,0.,1.));
#2203 = DIRECTION('',(1.,0.,0.));
#2204 = ORIENTED_EDGE('',*,*,#2205,.F.);
#2205 = EDGE_CURVE('',#721,#2197,#2206,.T.);
#2206 = LINE('',#2207,#2208);
#2207 = CARTESIAN_POINT('',(33.5,9.5,6.8));
#2208 = VECTOR('',#2209,1.);
#2209 = DIRECTION('',(-0.,-0.,-1.));
#2210 = ORIENTED_EDGE('',*,*,#728,.F.);
#2211 = CYLINDRICAL_SURFACE('',#2212,3.);
#2212 = AXIS2_PLACEMENT_3D('',#2213,#2214,#2215);
#2213 = CARTESIAN_POINT('',(36.5,9.5,6.8));
#2214 = DIRECTION('',(0.,0.,1.));
#2215 = DIRECTION('',(1.,0.,0.));
#2216 = ADVANCED_FACE('',(#2217),#2228,.T.);
#2217 = FACE_BOUND('',#2218,.T.);
#2218 = EDGE_LOOP('',(#2219,#2220,#2226,#2227));
#2219 = ORIENTED_EDGE('',*,*,#2139,.T.);
#2220 = ORIENTED_EDGE('',*,*,#2221,.T.);
#2221 = EDGE_CURVE('',#2140,#2197,#2222,.T.);
#2222 = LINE('',#2223,#2224);
#2223 = CARTESIAN_POINT('',(33.5,5.5,3.4));
#2224 = VECTOR('',#2225,1.);
#2225 = DIRECTION('',(0.,1.,0.));
#2226 = ORIENTED_EDGE('',*,*,#2205,.F.);
#2227 = ORIENTED_EDGE('',*,*,#720,.F.);
#2228 = PLANE('',#2229);
#2229 = AXIS2_PLACEMENT_3D('',#2230,#2231,#2232);
#2230 = CARTESIAN_POINT('',(33.5,5.5,6.8));
#2231 = DIRECTION('',(1.,0.,0.));
#2232 = DIRECTION('',(0.,1.,0.));
#2233 = ADVANCED_FACE('',(#2234),#2260,.F.);
#2234 = FACE_BOUND('',#2235,.F.);
#2235 = EDGE_LOOP('',(#2236,#2237,#2245,#2254));
#2236 = ORIENTED_EDGE('',*,*,#745,.F.);
#2237 = ORIENTED_EDGE('',*,*,#2238,.T.);
#2238 = EDGE_CURVE('',#746,#2239,#2241,.T.);
#2239 = VERTEX_POINT('',#2240);
#2240 = CARTESIAN_POINT('',(18.25,21.,3.2));
#2241 = LINE('',#2242,#2243);
#2242 = CARTESIAN_POINT('',(18.25,21.,107.79231801942));
#2243 = VECTOR('',#2244,1.);
#2244 = DIRECTION('',(-0.,-0.,-1.));
#2245 = ORIENTED_EDGE('',*,*,#2246,.T.);
#2246 = EDGE_CURVE('',#2239,#2247,#2249,.T.);
#2247 = VERTEX_POINT('',#2248);
#2248 = CARTESIAN_POINT('',(23.75,20.99999999998,3.2));
#2249 = CIRCLE('',#2250,2.75);
#2250 = AXIS2_PLACEMENT_3D('',#2251,#2252,#2253);
#2251 = CARTESIAN_POINT('',(21.,21.,3.2));
#2252 = DIRECTION('',(0.,0.,1.));
#2253 = DIRECTION('',(1.,0.,0.));
#2254 = ORIENTED_EDGE('',*,*,#2255,.F.);
#2255 = EDGE_CURVE('',#748,#2247,#2256,.T.);
#2256 = LINE('',#2257,#2258);
#2257 = CARTESIAN_POINT('',(23.75,20.99999999998,107.79231801942));
#2258 = VECTOR('',#2259,1.);
#2259 = DIRECTION('',(-0.,-0.,-1.));
#2260 = CYLINDRICAL_SURFACE('',#2261,2.75);
#2261 = AXIS2_PLACEMENT_3D('',#2262,#2263,#2264);
#2262 = CARTESIAN_POINT('',(21.,21.,107.79231801942));
#2263 = DIRECTION('',(0.,0.,1.));
#2264 = DIRECTION('',(1.,0.,0.));
#2265 = ADVANCED_FACE('',(#2266),#2284,.T.);
#2266 = FACE_BOUND('',#2267,.T.);
#2267 = EDGE_LOOP('',(#2268,#2269,#2270,#2278));
#2268 = ORIENTED_EDGE('',*,*,#756,.F.);
#2269 = ORIENTED_EDGE('',*,*,#2238,.T.);
#2270 = ORIENTED_EDGE('',*,*,#2271,.F.);
#2271 = EDGE_CURVE('',#2272,#2239,#2274,.T.);
#2272 = VERTEX_POINT('',#2273);
#2273 = CARTESIAN_POINT('',(18.25,25.000000000001,3.2));
#2274 = LINE('',#2275,#2276);
#2275 = CARTESIAN_POINT('',(18.25,12.409893865252,3.2));
#2276 = VECTOR('',#2277,1.);
#2277 = DIRECTION('',(0.,-1.,0.));
#2278 = ORIENTED_EDGE('',*,*,#2279,.F.);
#2279 = EDGE_CURVE('',#757,#2272,#2280,.T.);
#2280 = LINE('',#2281,#2282);
#2281 = CARTESIAN_POINT('',(18.25,25.000000000001,107.79231801942));
#2282 = VECTOR('',#2283,1.);
#2283 = DIRECTION('',(-0.,-0.,-1.));
#2284 = PLANE('',#2285);
#2285 = AXIS2_PLACEMENT_3D('',#2286,#2287,#2288);
#2286 = CARTESIAN_POINT('',(18.25,20.999999999999,107.79231801942));
#2287 = DIRECTION('',(1.,0.,0.));
#2288 = DIRECTION('',(0.,1.,0.));
#2289 = ADVANCED_FACE('',(#2290),#2308,.F.);
#2290 = FACE_BOUND('',#2291,.F.);
#2291 = EDGE_LOOP('',(#2292,#2293,#2294,#2302));
#2292 = ORIENTED_EDGE('',*,*,#773,.F.);
#2293 = ORIENTED_EDGE('',*,*,#2255,.T.);
#2294 = ORIENTED_EDGE('',*,*,#2295,.F.);
#2295 = EDGE_CURVE('',#2296,#2247,#2298,.T.);
#2296 = VERTEX_POINT('',#2297);
#2297 = CARTESIAN_POINT('',(23.75,25.000000000021,3.2));
#2298 = LINE('',#2299,#2300);
#2299 = CARTESIAN_POINT('',(23.75,12.409893865242,3.2));
#2300 = VECTOR('',#2301,1.);
#2301 = DIRECTION('',(0.,-1.,0.));
#2302 = ORIENTED_EDGE('',*,*,#2303,.F.);
#2303 = EDGE_CURVE('',#765,#2296,#2304,.T.);
#2304 = LINE('',#2305,#2306);
#2305 = CARTESIAN_POINT('',(23.75,25.000000000021,107.79231801942));
#2306 = VECTOR('',#2307,1.);
#2307 = DIRECTION('',(-0.,-0.,-1.));
#2308 = PLANE('',#2309);
#2309 = AXIS2_PLACEMENT_3D('',#2310,#2311,#2312);
#2310 = CARTESIAN_POINT('',(23.75,20.99999999998,107.79231801942));
#2311 = DIRECTION('',(1.,0.,0.));
#2312 = DIRECTION('',(0.,1.,0.));
#2313 = ADVANCED_FACE('',(#2314),#2326,.F.);
#2314 = FACE_BOUND('',#2315,.F.);
#2315 = EDGE_LOOP('',(#2316,#2317,#2318,#2325));
#2316 = ORIENTED_EDGE('',*,*,#764,.F.);
#2317 = ORIENTED_EDGE('',*,*,#2303,.T.);
#2318 = ORIENTED_EDGE('',*,*,#2319,.T.);
#2319 = EDGE_CURVE('',#2296,#2272,#2320,.T.);
#2320 = CIRCLE('',#2321,2.75);
#2321 = AXIS2_PLACEMENT_3D('',#2322,#2323,#2324);
#2322 = CARTESIAN_POINT('',(21.,25.,3.2));
#2323 = DIRECTION('',(0.,0.,1.));
#2324 = DIRECTION('',(1.,0.,0.));
#2325 = ORIENTED_EDGE('',*,*,#2279,.F.);
#2326 = CYLINDRICAL_SURFACE('',#2327,2.75);
#2327 = AXIS2_PLACEMENT_3D('',#2328,#2329,#2330);
#2328 = CARTESIAN_POINT('',(21.,25.,107.79231801942));
#2329 = DIRECTION('',(0.,0.,1.));
#2330 = DIRECTION('',(1.,0.,0.));
#2331 = ADVANCED_FACE('',(#2332),#2358,.F.);
#2332 = FACE_BOUND('',#2333,.F.);
#2333 = EDGE_LOOP('',(#2334,#2342,#2351,#2357));
#2334 = ORIENTED_EDGE('',*,*,#2335,.T.);
#2335 = EDGE_CURVE('',#782,#2336,#2338,.T.);
#2336 = VERTEX_POINT('',#2337);
#2337 = CARTESIAN_POINT('',(33.5,36.5,3.4));
#2338 = LINE('',#2339,#2340);
#2339 = CARTESIAN_POINT('',(33.5,36.5,6.8));
#2340 = VECTOR('',#2341,1.);
#2341 = DIRECTION('',(-0.,-0.,-1.));
#2342 = ORIENTED_EDGE('',*,*,#2343,.T.);
#2343 = EDGE_CURVE('',#2336,#2344,#2346,.T.);
#2344 = VERTEX_POINT('',#2345);
#2345 = CARTESIAN_POINT('',(39.5,36.5,3.4));
#2346 = CIRCLE('',#2347,3.);
#2347 = AXIS2_PLACEMENT_3D('',#2348,#2349,#2350);
#2348 = CARTESIAN_POINT('',(36.5,36.5,3.4));
#2349 = DIRECTION('',(0.,0.,1.));
#2350 = DIRECTION('',(1.,0.,0.));
#2351 = ORIENTED_EDGE('',*,*,#2352,.F.);
#2352 = EDGE_CURVE('',#784,#2344,#2353,.T.);
#2353 = LINE('',#2354,#2355);
#2354 = CARTESIAN_POINT('',(39.5,36.5,6.8));
#2355 = VECTOR('',#2356,1.);
#2356 = DIRECTION('',(-0.,-0.,-1.));
#2357 = ORIENTED_EDGE('',*,*,#781,.F.);
#2358 = CYLINDRICAL_SURFACE('',#2359,3.);
#2359 = AXIS2_PLACEMENT_3D('',#2360,#2361,#2362);
#2360 = CARTESIAN_POINT('',(36.5,36.5,6.8));
#2361 = DIRECTION('',(0.,0.,1.));
#2362 = DIRECTION('',(1.,0.,0.));
#2363 = ADVANCED_FACE('',(#2364),#2382,.F.);
#2364 = FACE_BOUND('',#2365,.F.);
#2365 = EDGE_LOOP('',(#2366,#2367,#2375,#2381));
#2366 = ORIENTED_EDGE('',*,*,#2352,.T.);
#2367 = ORIENTED_EDGE('',*,*,#2368,.T.);
#2368 = EDGE_CURVE('',#2344,#2369,#2371,.T.);
#2369 = VERTEX_POINT('',#2370);
#2370 = CARTESIAN_POINT('',(39.5,40.5,3.4));
#2371 = LINE('',#2372,#2373);
#2372 = CARTESIAN_POINT('',(39.5,36.5,3.4));
#2373 = VECTOR('',#2374,1.);
#2374 = DIRECTION('',(0.,1.,0.));
#2375 = ORIENTED_EDGE('',*,*,#2376,.F.);
#2376 = EDGE_CURVE('',#801,#2369,#2377,.T.);
#2377 = LINE('',#2378,#2379);
#2378 = CARTESIAN_POINT('',(39.5,40.5,6.8));
#2379 = VECTOR('',#2380,1.);
#2380 = DIRECTION('',(-0.,-0.,-1.));
#2381 = ORIENTED_EDGE('',*,*,#809,.F.);
#2382 = PLANE('',#2383);
#2383 = AXIS2_PLACEMENT_3D('',#2384,#2385,#2386);
#2384 = CARTESIAN_POINT('',(39.5,36.5,6.8));
#2385 = DIRECTION('',(1.,0.,0.));
#2386 = DIRECTION('',(0.,1.,0.));
#2387 = ADVANCED_FACE('',(#2388),#2407,.F.);
#2388 = FACE_BOUND('',#2389,.F.);
#2389 = EDGE_LOOP('',(#2390,#2391,#2400,#2406));
#2390 = ORIENTED_EDGE('',*,*,#2376,.T.);
#2391 = ORIENTED_EDGE('',*,*,#2392,.T.);
#2392 = EDGE_CURVE('',#2369,#2393,#2395,.T.);
#2393 = VERTEX_POINT('',#2394);
#2394 = CARTESIAN_POINT('',(33.5,40.5,3.4));
#2395 = CIRCLE('',#2396,3.);
#2396 = AXIS2_PLACEMENT_3D('',#2397,#2398,#2399);
#2397 = CARTESIAN_POINT('',(36.5,40.5,3.4));
#2398 = DIRECTION('',(0.,0.,1.));
#2399 = DIRECTION('',(1.,0.,0.));
#2400 = ORIENTED_EDGE('',*,*,#2401,.F.);
#2401 = EDGE_CURVE('',#793,#2393,#2402,.T.);
#2402 = LINE('',#2403,#2404);
#2403 = CARTESIAN_POINT('',(33.5,40.5,6.8));
#2404 = VECTOR('',#2405,1.);
#2405 = DIRECTION('',(-0.,-0.,-1.));
#2406 = ORIENTED_EDGE('',*,*,#800,.F.);
#2407 = CYLINDRICAL_SURFACE('',#2408,3.);
#2408 = AXIS2_PLACEMENT_3D('',#2409,#2410,#2411);
#2409 = CARTESIAN_POINT('',(36.5,40.5,6.8));
#2410 = DIRECTION('',(0.,0.,1.));
#2411 = DIRECTION('',(1.,0.,0.));
#2412 = ADVANCED_FACE('',(#2413),#2424,.T.);
#2413 = FACE_BOUND('',#2414,.T.);
#2414 = EDGE_LOOP('',(#2415,#2416,#2422,#2423));
#2415 = ORIENTED_EDGE('',*,*,#2335,.T.);
#2416 = ORIENTED_EDGE('',*,*,#2417,.T.);
#2417 = EDGE_CURVE('',#2336,#2393,#2418,.T.);
#2418 = LINE('',#2419,#2420);
#2419 = CARTESIAN_POINT('',(33.5,36.5,3.4));
#2420 = VECTOR('',#2421,1.);
#2421 = DIRECTION('',(0.,1.,0.));
#2422 = ORIENTED_EDGE('',*,*,#2401,.F.);
#2423 = ORIENTED_EDGE('',*,*,#792,.F.);
#2424 = PLANE('',#2425);
#2425 = AXIS2_PLACEMENT_3D('',#2426,#2427,#2428);
#2426 = CARTESIAN_POINT('',(33.5,36.5,6.8));
#2427 = DIRECTION('',(1.,0.,0.));
#2428 = DIRECTION('',(0.,1.,0.));
#2429 = ADVANCED_FACE('',(#2430,#2433),#2436,.T.);
#2430 = FACE_BOUND('',#2431,.T.);
#2431 = EDGE_LOOP('',(#2432));
#2432 = ORIENTED_EDGE('',*,*,#1678,.T.);
#2433 = FACE_BOUND('',#2434,.T.);
#2434 = EDGE_LOOP('',(#2435));
#2435 = ORIENTED_EDGE('',*,*,#911,.F.);
#2436 = PLANE('',#2437);
#2437 = AXIS2_PLACEMENT_3D('',#2438,#2439,#2440);
#2438 = CARTESIAN_POINT('',(-13.5,-36.,3.4));
#2439 = DIRECTION('',(0.,0.,1.));
#2440 = DIRECTION('',(1.,0.,0.));
#2441 = ADVANCED_FACE('',(#2442,#2445),#2448,.T.);
#2442 = FACE_BOUND('',#2443,.T.);
#2443 = EDGE_LOOP('',(#2444));
#2444 = ORIENTED_EDGE('',*,*,#1703,.T.);
#2445 = FACE_BOUND('',#2446,.T.);
#2446 = EDGE_LOOP('',(#2447));
#2447 = ORIENTED_EDGE('',*,*,#936,.F.);
#2448 = PLANE('',#2449);
#2449 = AXIS2_PLACEMENT_3D('',#2450,#2451,#2452);
#2450 = CARTESIAN_POINT('',(-4.5,-36.,3.4));
#2451 = DIRECTION('',(0.,0.,1.));
#2452 = DIRECTION('',(1.,0.,0.));
#2453 = ADVANCED_FACE('',(#2454,#2457),#2460,.T.);
#2454 = FACE_BOUND('',#2455,.T.);
#2455 = EDGE_LOOP('',(#2456));
#2456 = ORIENTED_EDGE('',*,*,#1728,.T.);
#2457 = FACE_BOUND('',#2458,.T.);
#2458 = EDGE_LOOP('',(#2459));
#2459 = ORIENTED_EDGE('',*,*,#961,.F.);
#2460 = PLANE('',#2461);
#2461 = AXIS2_PLACEMENT_3D('',#2462,#2463,#2464);
#2462 = CARTESIAN_POINT('',(5.5,-36.5,3.4));
#2463 = DIRECTION('',(0.,0.,1.));
#2464 = DIRECTION('',(1.,0.,0.));
#2465 = ADVANCED_FACE('',(#2466,#2469),#2472,.T.);
#2466 = FACE_BOUND('',#2467,.T.);
#2467 = EDGE_LOOP('',(#2468));
#2468 = ORIENTED_EDGE('',*,*,#1753,.T.);
#2469 = FACE_BOUND('',#2470,.T.);
#2470 = EDGE_LOOP('',(#2471));
#2471 = ORIENTED_EDGE('',*,*,#986,.F.);
#2472 = PLANE('',#2473);
#2473 = AXIS2_PLACEMENT_3D('',#2474,#2475,#2476);
#2474 = CARTESIAN_POINT('',(5.5,-5.5,3.4));
#2475 = DIRECTION('',(0.,0.,1.));
#2476 = DIRECTION('',(1.,0.,0.));
#2477 = ADVANCED_FACE('',(#2478,#2481),#2492,.F.);
#2478 = FACE_BOUND('',#2479,.F.);
#2479 = EDGE_LOOP('',(#2480));
#2480 = ORIENTED_EDGE('',*,*,#1011,.T.);
#2481 = FACE_BOUND('',#2482,.F.);
#2482 = EDGE_LOOP('',(#2483));
#2483 = ORIENTED_EDGE('',*,*,#2484,.F.);
#2484 = EDGE_CURVE('',#2485,#2485,#2487,.T.);
#2485 = VERTEX_POINT('',#2486);
#2486 = CARTESIAN_POINT('',(23.75,-21.,3.2));
#2487 = CIRCLE('',#2488,2.75);
#2488 = AXIS2_PLACEMENT_3D('',#2489,#2490,#2491);
#2489 = CARTESIAN_POINT('',(21.,-21.,3.2));
#2490 = DIRECTION('',(0.,0.,1.));
#2491 = DIRECTION('',(1.,0.,0.));
#2492 = PLANE('',#2493);
#2493 = AXIS2_PLACEMENT_3D('',#2494,#2495,#2496);
#2494 = CARTESIAN_POINT('',(21.,3.819787730504,3.2));
#2495 = DIRECTION('',(0.,0.,1.));
#2496 = DIRECTION('',(1.,0.,0.));
#2497 = ADVANCED_FACE('',(#2498,#2501),#2504,.T.);
#2498 = FACE_BOUND('',#2499,.T.);
#2499 = EDGE_LOOP('',(#2500));
#2500 = ORIENTED_EDGE('',*,*,#1803,.T.);
#2501 = FACE_BOUND('',#2502,.T.);
#2502 = EDGE_LOOP('',(#2503));
#2503 = ORIENTED_EDGE('',*,*,#1036,.F.);
#2504 = PLANE('',#2505);
#2505 = AXIS2_PLACEMENT_3D('',#2506,#2507,#2508);
#2506 = CARTESIAN_POINT('',(36.5,-36.5,3.4));
#2507 = DIRECTION('',(0.,0.,1.));
#2508 = DIRECTION('',(1.,0.,0.));
#2509 = ADVANCED_FACE('',(#2510,#2513),#2516,.T.);
#2510 = FACE_BOUND('',#2511,.T.);
#2511 = EDGE_LOOP('',(#2512));
#2512 = ORIENTED_EDGE('',*,*,#1828,.T.);
#2513 = FACE_BOUND('',#2514,.T.);
#2514 = EDGE_LOOP('',(#2515));
#2515 = ORIENTED_EDGE('',*,*,#1061,.F.);
#2516 = PLANE('',#2517);
#2517 = AXIS2_PLACEMENT_3D('',#2518,#2519,#2520);
#2518 = CARTESIAN_POINT('',(36.5,-5.5,3.4));
#2519 = DIRECTION('',(0.,0.,1.));
#2520 = DIRECTION('',(1.,0.,0.));
#2521 = ADVANCED_FACE('',(#2522,#2525),#2528,.T.);
#2522 = FACE_BOUND('',#2523,.T.);
#2523 = EDGE_LOOP('',(#2524));
#2524 = ORIENTED_EDGE('',*,*,#1853,.T.);
#2525 = FACE_BOUND('',#2526,.T.);
#2526 = EDGE_LOOP('',(#2527));
#2527 = ORIENTED_EDGE('',*,*,#1086,.F.);
#2528 = PLANE('',#2529);
#2529 = AXIS2_PLACEMENT_3D('',#2530,#2531,#2532);
#2530 = CARTESIAN_POINT('',(-13.5,2.,3.4));
#2531 = DIRECTION('',(0.,0.,1.));
#2532 = DIRECTION('',(1.,0.,0.));
#2533 = ADVANCED_FACE('',(#2534,#2537),#2540,.T.);
#2534 = FACE_BOUND('',#2535,.T.);
#2535 = EDGE_LOOP('',(#2536));
#2536 = ORIENTED_EDGE('',*,*,#1878,.T.);
#2537 = FACE_BOUND('',#2538,.T.);
#2538 = EDGE_LOOP('',(#2539));
#2539 = ORIENTED_EDGE('',*,*,#1111,.F.);
#2540 = PLANE('',#2541);
#2541 = AXIS2_PLACEMENT_3D('',#2542,#2543,#2544);
#2542 = CARTESIAN_POINT('',(-4.5,2.,3.4));
#2543 = DIRECTION('',(0.,0.,1.));
#2544 = DIRECTION('',(1.,0.,0.));
#2545 = ADVANCED_FACE('',(#2546,#2552),#2558,.T.);
#2546 = FACE_BOUND('',#2547,.T.);
#2547 = EDGE_LOOP('',(#2548,#2549,#2550,#2551));
#2548 = ORIENTED_EDGE('',*,*,#1901,.T.);
#2549 = ORIENTED_EDGE('',*,*,#1926,.T.);
#2550 = ORIENTED_EDGE('',*,*,#1950,.T.);
#2551 = ORIENTED_EDGE('',*,*,#1975,.F.);
#2552 = FACE_BOUND('',#2553,.T.);
#2553 = EDGE_LOOP('',(#2554,#2555,#2556,#2557));
#2554 = ORIENTED_EDGE('',*,*,#1128,.F.);
#2555 = ORIENTED_EDGE('',*,*,#1209,.F.);
#2556 = ORIENTED_EDGE('',*,*,#1184,.F.);
#2557 = ORIENTED_EDGE('',*,*,#1160,.T.);
#2558 = PLANE('',#2559);
#2559 = AXIS2_PLACEMENT_3D('',#2560,#2561,#2562);
#2560 = CARTESIAN_POINT('',(21.,23.,3.4));
#2561 = DIRECTION('',(0.,0.,1.));
#2562 = DIRECTION('',(1.,0.,0.));
#2563 = ADVANCED_FACE('',(#2564,#2567),#2570,.T.);
#2564 = FACE_BOUND('',#2565,.T.);
#2565 = EDGE_LOOP('',(#2566));
#2566 = ORIENTED_EDGE('',*,*,#2001,.T.);
#2567 = FACE_BOUND('',#2568,.T.);
#2568 = EDGE_LOOP('',(#2569));
#2569 = ORIENTED_EDGE('',*,*,#1234,.F.);
#2570 = PLANE('',#2571);
#2571 = AXIS2_PLACEMENT_3D('',#2572,#2573,#2574);
#2572 = CARTESIAN_POINT('',(-13.5,40.,3.4));
#2573 = DIRECTION('',(0.,0.,1.));
#2574 = DIRECTION('',(1.,0.,0.));
#2575 = ADVANCED_FACE('',(#2576,#2579),#2582,.T.);
#2576 = FACE_BOUND('',#2577,.T.);
#2577 = EDGE_LOOP('',(#2578));
#2578 = ORIENTED_EDGE('',*,*,#2026,.T.);
#2579 = FACE_BOUND('',#2580,.T.);
#2580 = EDGE_LOOP('',(#2581));
#2581 = ORIENTED_EDGE('',*,*,#1259,.F.);
#2582 = PLANE('',#2583);
#2583 = AXIS2_PLACEMENT_3D('',#2584,#2585,#2586);
#2584 = CARTESIAN_POINT('',(-4.5,40.,3.4));
#2585 = DIRECTION('',(0.,0.,1.));
#2586 = DIRECTION('',(1.,0.,0.));
#2587 = ADVANCED_FACE('',(#2588,#2594),#2600,.T.);
#2588 = FACE_BOUND('',#2589,.T.);
#2589 = EDGE_LOOP('',(#2590,#2591,#2592,#2593));
#2590 = ORIENTED_EDGE('',*,*,#2049,.T.);
#2591 = ORIENTED_EDGE('',*,*,#2074,.T.);
#2592 = ORIENTED_EDGE('',*,*,#2098,.T.);
#2593 = ORIENTED_EDGE('',*,*,#2123,.F.);
#2594 = FACE_BOUND('',#2595,.T.);
#2595 = EDGE_LOOP('',(#2596,#2597,#2598,#2599));
#2596 = ORIENTED_EDGE('',*,*,#1276,.F.);
#2597 = ORIENTED_EDGE('',*,*,#1357,.F.);
#2598 = ORIENTED_EDGE('',*,*,#1332,.F.);
#2599 = ORIENTED_EDGE('',*,*,#1308,.T.);
#2600 = PLANE('',#2601);
#2601 = AXIS2_PLACEMENT_3D('',#2602,#2603,#2604);
#2602 = CARTESIAN_POINT('',(21.,23.,3.4));
#2603 = DIRECTION('',(0.,0.,1.));
#2604 = DIRECTION('',(1.,0.,0.));
#2605 = ADVANCED_FACE('',(#2606,#2612),#2618,.T.);
#2606 = FACE_BOUND('',#2607,.T.);
#2607 = EDGE_LOOP('',(#2608,#2609,#2610,#2611));
#2608 = ORIENTED_EDGE('',*,*,#2147,.T.);
#2609 = ORIENTED_EDGE('',*,*,#2172,.T.);
#2610 = ORIENTED_EDGE('',*,*,#2196,.T.);
#2611 = ORIENTED_EDGE('',*,*,#2221,.F.);
#2612 = FACE_BOUND('',#2613,.T.);
#2613 = EDGE_LOOP('',(#2614,#2615,#2616,#2617));
#2614 = ORIENTED_EDGE('',*,*,#1374,.F.);
#2615 = ORIENTED_EDGE('',*,*,#1455,.F.);
#2616 = ORIENTED_EDGE('',*,*,#1430,.F.);
#2617 = ORIENTED_EDGE('',*,*,#1406,.T.);
#2618 = PLANE('',#2619);
#2619 = AXIS2_PLACEMENT_3D('',#2620,#2621,#2622);
#2620 = CARTESIAN_POINT('',(21.,23.,3.4));
#2621 = DIRECTION('',(0.,0.,1.));
#2622 = DIRECTION('',(1.,0.,0.));
#2623 = ADVANCED_FACE('',(#2624,#2630),#2636,.F.);
#2624 = FACE_BOUND('',#2625,.F.);
#2625 = EDGE_LOOP('',(#2626,#2627,#2628,#2629));
#2626 = ORIENTED_EDGE('',*,*,#1480,.T.);
#2627 = ORIENTED_EDGE('',*,*,#1529,.T.);
#2628 = ORIENTED_EDGE('',*,*,#1553,.T.);
#2629 = ORIENTED_EDGE('',*,*,#1505,.F.);
#2630 = FACE_BOUND('',#2631,.F.);
#2631 = EDGE_LOOP('',(#2632,#2633,#2634,#2635));
#2632 = ORIENTED_EDGE('',*,*,#2246,.F.);
#2633 = ORIENTED_EDGE('',*,*,#2271,.F.);
#2634 = ORIENTED_EDGE('',*,*,#2319,.F.);
#2635 = ORIENTED_EDGE('',*,*,#2295,.T.);
#2636 = PLANE('',#2637);
#2637 = AXIS2_PLACEMENT_3D('',#2638,#2639,#2640);
#2638 = CARTESIAN_POINT('',(21.,3.819787730504,3.2));
#2639 = DIRECTION('',(0.,0.,1.));
#2640 = DIRECTION('',(1.,0.,0.));
#2641 = ADVANCED_FACE('',(#2642,#2648),#2654,.T.);
#2642 = FACE_BOUND('',#2643,.T.);
#2643 = EDGE_LOOP('',(#2644,#2645,#2646,#2647));
#2644 = ORIENTED_EDGE('',*,*,#2343,.T.);
#2645 = ORIENTED_EDGE('',*,*,#2368,.T.);
#2646 = ORIENTED_EDGE('',*,*,#2392,.T.);
#2647 = ORIENTED_EDGE('',*,*,#2417,.F.);
#2648 = FACE_BOUND('',#2649,.T.);
#2649 = EDGE_LOOP('',(#2650,#2651,#2652,#2653));
#2650 = ORIENTED_EDGE('',*,*,#1570,.F.);
#2651 = ORIENTED_EDGE('',*,*,#1651,.F.);
#2652 = ORIENTED_EDGE('',*,*,#1626,.F.);
#2653 = ORIENTED_EDGE('',*,*,#1602,.T.);
#2654 = PLANE('',#2655);
#2655 = AXIS2_PLACEMENT_3D('',#2656,#2657,#2658);
#2656 = CARTESIAN_POINT('',(21.,23.,3.4));
#2657 = DIRECTION('',(0.,0.,1.));
#2658 = DIRECTION('',(1.,0.,0.));
#2659 = ADVANCED_FACE('',(#2660,#2663),#2674,.T.);
#2660 = FACE_BOUND('',#2661,.T.);
#2661 = EDGE_LOOP('',(#2662));
#2662 = ORIENTED_EDGE('',*,*,#1776,.T.);
#2663 = FACE_BOUND('',#2664,.T.);
#2664 = EDGE_LOOP('',(#2665));
#2665 = ORIENTED_EDGE('',*,*,#2666,.T.);
#2666 = EDGE_CURVE('',#2667,#2667,#2669,.T.);
#2667 = VERTEX_POINT('',#2668);
#2668 = CARTESIAN_POINT('',(25.99,-21.,7.));
#2669 = CIRCLE('',#2670,4.99);
#2670 = AXIS2_PLACEMENT_3D('',#2671,#2672,#2673);
#2671 = CARTESIAN_POINT('',(21.,-21.,7.));
#2672 = DIRECTION('',(0.,0.,-1.));
#2673 = DIRECTION('',(1.,0.,0.));
#2674 = PLANE('',#2675);
#2675 = AXIS2_PLACEMENT_3D('',#2676,#2677,#2678);
#2676 = CARTESIAN_POINT('',(21.,-21.,7.));
#2677 = DIRECTION('',(0.,0.,1.));
#2678 = DIRECTION('',(1.,0.,0.));
#2679 = ADVANCED_FACE('',(#2680),#2698,.F.);
#2680 = FACE_BOUND('',#2681,.F.);
#2681 = EDGE_LOOP('',(#2682,#2683,#2690,#2697));
#2682 = ORIENTED_EDGE('',*,*,#2484,.T.);
#2683 = ORIENTED_EDGE('',*,*,#2684,.T.);
#2684 = EDGE_CURVE('',#2485,#2685,#2687,.T.);
#2685 = VERTEX_POINT('',#2686);
#2686 = CARTESIAN_POINT('',(23.75,-21.,15.));
#2687 = B_SPLINE_CURVE_WITH_KNOTS('',1,(#2688,#2689),.UNSPECIFIED.,.F.,
  .F.,(2,2),(-104.5923180194,-92.79231801942),.PIECEWISE_BEZIER_KNOTS.);
#2688 = CARTESIAN_POINT('',(23.75,-21.,3.2));
#2689 = CARTESIAN_POINT('',(23.75,-21.,15.));
#2690 = ORIENTED_EDGE('',*,*,#2691,.F.);
#2691 = EDGE_CURVE('',#2685,#2685,#2692,.T.);
#2692 = CIRCLE('',#2693,2.75);
#2693 = AXIS2_PLACEMENT_3D('',#2694,#2695,#2696);
#2694 = CARTESIAN_POINT('',(21.,-21.,15.));
#2695 = DIRECTION('',(0.,0.,1.));
#2696 = DIRECTION('',(1.,0.,0.));
#2697 = ORIENTED_EDGE('',*,*,#2684,.F.);
#2698 = CYLINDRICAL_SURFACE('',#2699,2.75);
#2699 = AXIS2_PLACEMENT_3D('',#2700,#2701,#2702);
#2700 = CARTESIAN_POINT('',(21.,-21.,107.79231801942));
#2701 = DIRECTION('',(0.,0.,1.));
#2702 = DIRECTION('',(1.,0.,0.));
#2703 = ADVANCED_FACE('',(#2704),#2723,.T.);
#2704 = FACE_BOUND('',#2705,.F.);
#2705 = EDGE_LOOP('',(#2706,#2707,#2715,#2722));
#2706 = ORIENTED_EDGE('',*,*,#2666,.T.);
#2707 = ORIENTED_EDGE('',*,*,#2708,.T.);
#2708 = EDGE_CURVE('',#2667,#2709,#2711,.T.);
#2709 = VERTEX_POINT('',#2710);
#2710 = CARTESIAN_POINT('',(25.99,-21.,15.));
#2711 = LINE('',#2712,#2713);
#2712 = CARTESIAN_POINT('',(25.99,-21.,6.8));
#2713 = VECTOR('',#2714,1.);
#2714 = DIRECTION('',(0.,0.,1.));
#2715 = ORIENTED_EDGE('',*,*,#2716,.T.);
#2716 = EDGE_CURVE('',#2709,#2709,#2717,.T.);
#2717 = CIRCLE('',#2718,4.99);
#2718 = AXIS2_PLACEMENT_3D('',#2719,#2720,#2721);
#2719 = CARTESIAN_POINT('',(21.,-21.,15.));
#2720 = DIRECTION('',(0.,0.,1.));
#2721 = DIRECTION('',(1.,0.,0.));
#2722 = ORIENTED_EDGE('',*,*,#2708,.F.);
#2723 = CYLINDRICAL_SURFACE('',#2724,4.99);
#2724 = AXIS2_PLACEMENT_3D('',#2725,#2726,#2727);
#2725 = CARTESIAN_POINT('',(21.,-21.,6.8));
#2726 = DIRECTION('',(-0.,-0.,-1.));
#2727 = DIRECTION('',(1.,0.,0.));
#2728 = ADVANCED_FACE('',(#2729,#2732),#2735,.T.);
#2729 = FACE_BOUND('',#2730,.T.);
#2730 = EDGE_LOOP('',(#2731));
#2731 = ORIENTED_EDGE('',*,*,#2716,.T.);
#2732 = FACE_BOUND('',#2733,.F.);
#2733 = EDGE_LOOP('',(#2734));
#2734 = ORIENTED_EDGE('',*,*,#2691,.T.);
#2735 = PLANE('',#2736);
#2736 = AXIS2_PLACEMENT_3D('',#2737,#2738,#2739);
#2737 = CARTESIAN_POINT('',(21.,-21.,15.));
#2738 = DIRECTION('',(0.,0.,1.));
#2739 = DIRECTION('',(1.,0.,0.));
#2740 = ( GEOMETRIC_REPRESENTATION_CONTEXT(3) 
GLOBAL_UNCERTAINTY_ASSIGNED_CONTEXT((#2744)) 
GLOBAL_UNIT_ASSIGNED_CONTEXT((#2741,#2742,#2743)) REPRESENTATION_CONTEXT
('Context #1','3D Context with UNIT and UNCERTAINTY') );
#2741 = ( LENGTH_UNIT() NAMED_UNIT(*) SI_UNIT(.MILLI.,.METRE.) );
#2742 = ( NAMED_UNIT(*) PLANE_ANGLE_UNIT() SI_UNIT($,.RADIAN.) );
#2743 = ( NAMED_UNIT(*) SI_UNIT($,.STERADIAN.) SOLID_ANGLE_UNIT() );
#2744 = UNCERTAINTY_MEASURE_WITH_UNIT(LENGTH_MEASURE(2.E-05),#2741,
  'distance_accuracy_value','confusion accuracy');
#2745 = PRODUCT_RELATED_PRODUCT_CATEGORY('part',$,(#7));
#2746 = MECHANICAL_DESIGN_GEOMETRIC_PRESENTATION_REPRESENTATION('',(
    #2747),#2740);
#2747 = STYLED_ITEM('color',(#2748),#15);
#2748 = PRESENTATION_STYLE_ASSIGNMENT((#2749,#2755));
#2749 = SURFACE_STYLE_USAGE(.BOTH.,#2750);
#2750 = SURFACE_SIDE_STYLE('',(#2751));
#2751 = SURFACE_STYLE_FILL_AREA(#2752);
#2752 = FILL_AREA_STYLE('',(#2753));
#2753 = FILL_AREA_STYLE_COLOUR('',#2754);
#2754 = COLOUR_RGB('',0.800000010877,0.800000010877,0.901960800373);
#2755 = CURVE_STYLE('',#2756,POSITIVE_LENGTH_MEASURE(0.1),#2757);
#2756 = DRAUGHTING_PRE_DEFINED_CURVE_FONT('continuous');
#2757 = COLOUR_RGB('',9.803921802644E-02,9.803921802644E-02,
  9.803921802644E-02);
ENDSEC;
END-ISO-10303-21;
