ISO-10303-21;
HEADER;

/* File generated by Shapr3D Version 5.930.9346.0 */

FILE_DESCRIPTION(('HOOPS Exchange Step'),'2;1');

FILE_NAME('C:\\Users\\admin\\AppData\\Local\\Packages\\Shapr3D.Shapr3D_j403pzjkqtqbj\\TempState\\export\\temp_export',
'2025-08-30T14:12:25+08:00',
('admin'),
('Shapr3D Limited'),
'HOOPS Exchange 2025.5',
'Shapr3D',
'Authorized');

FILE_SCHEMA( ('AP242_MANAGED_MODEL_BASED_3D_ENGINEERING_MIM_LF {1 0 10303 442 1 1 4}') );

ENDSEC;

DATA;
#3=(NAMED_UNIT(*)PLANE_ANGLE_UNIT()SI_UNIT($,.RADIAN.));
#4=PLANE_ANGLE_MEASURE_WITH_UNIT(PLANE_ANGLE_MEASURE(0.0174532925),#3);
#5=(CONVERSION_BASED_UNIT('DEGREE',#4)NAMED_UNIT(#6)PLANE_ANGLE_UNIT());
#6=DIMENSIONAL_EXPONENTS(0.,0.,0.,0.,0.,0.,0.);
#7=(NAMED_UNIT(*)SI_UNIT($,.STERADIAN.)SOLID_ANGLE_UNIT());
#8=(LENGTH_UNIT()NAMED_UNIT(*)SI_UNIT(.MILLI.,.METRE.));
#9=UNCERTAINTY_MEASURE_WITH_UNIT(LENGTH_MEASURE(1.000000E-05),#8,'DISTANCE_ACCURACY_VALUE','Maximum Tolerance applied to model');
#10=(GEOMETRIC_REPRESENTATION_CONTEXT(3)GLOBAL_UNCERTAINTY_ASSIGNED_CONTEXT((#9))GLOBAL_UNIT_ASSIGNED_CONTEXT((#8,#5,#7))REPRESENTATION_CONTEXT('','root'));
#12=CARTESIAN_POINT('',(0.,0.,0.));
#13=DIRECTION('',(0.,0.,1.));
#14=DIRECTION('',(1.,0.,0.));
#15=AXIS2_PLACEMENT_3D('',#12,#13,#14);
#27=CARTESIAN_POINT('',(0.,0.,5.));
#28=DIRECTION('',(0.,0.,1.));
#29=DIRECTION('',(1.,0.,0.));
#30=AXIS2_PLACEMENT_3D('',#27,#28,#29);
#31=PLANE('',#30);
#32=CARTESIAN_POINT('',(58.05,63.3,5.));
#33=VERTEX_POINT('',#32);
#34=CARTESIAN_POINT('',(55.55,63.3,5.));
#35=DIRECTION('',(0.,0.,1.));
#36=DIRECTION('',(1.,0.,-0.));
#37=AXIS2_PLACEMENT_3D('',#34,#35,#36);
#38=CIRCLE('',#37,2.5);
#39=EDGE_CURVE('',#33,#33,#38,.T.);
#40=ORIENTED_EDGE('',*,*,#39,.F.);
#41=EDGE_LOOP('',(#40));
#42=FACE_BOUND('',#41,.T.);
#43=CARTESIAN_POINT('',(58.05,78.,5.));
#44=VERTEX_POINT('',#43);
#45=CARTESIAN_POINT('',(55.55,78.,5.));
#46=DIRECTION('',(0.,0.,1.));
#47=DIRECTION('',(1.,0.,-0.));
#48=AXIS2_PLACEMENT_3D('',#45,#46,#47);
#49=CIRCLE('',#48,2.5);
#50=EDGE_CURVE('',#44,#44,#49,.T.);
#51=ORIENTED_EDGE('',*,*,#50,.F.);
#52=EDGE_LOOP('',(#51));
#53=FACE_BOUND('',#52,.T.);
#54=CARTESIAN_POINT('',(82.,63.3,5.));
#55=VERTEX_POINT('',#54);
#56=CARTESIAN_POINT('',(79.5,63.3,5.));
#57=DIRECTION('',(0.,0.,1.));
#58=DIRECTION('',(1.,0.,-0.));
#59=AXIS2_PLACEMENT_3D('',#56,#57,#58);
#60=CIRCLE('',#59,2.5);
#61=EDGE_CURVE('',#55,#55,#60,.T.);
#62=ORIENTED_EDGE('',*,*,#61,.F.);
#63=EDGE_LOOP('',(#62));
#64=FACE_BOUND('',#63,.T.);
#65=CARTESIAN_POINT('',(82.,78.,5.));
#66=VERTEX_POINT('',#65);
#67=CARTESIAN_POINT('',(79.5,78.,5.));
#68=DIRECTION('',(0.,0.,1.));
#69=DIRECTION('',(1.,0.,-0.));
#70=AXIS2_PLACEMENT_3D('',#67,#68,#69);
#71=CIRCLE('',#70,2.5);
#72=EDGE_CURVE('',#66,#66,#71,.T.);
#73=ORIENTED_EDGE('',*,*,#72,.F.);
#74=EDGE_LOOP('',(#73));
#75=FACE_BOUND('',#74,.T.);
#76=CARTESIAN_POINT('',(55.8,55.4,5.));
#77=VERTEX_POINT('',#76);
#78=CARTESIAN_POINT('',(55.,55.4,5.));
#79=DIRECTION('',(0.,0.,1.));
#80=DIRECTION('',(1.,0.,-0.));
#81=AXIS2_PLACEMENT_3D('',#78,#79,#80);
#82=CIRCLE('',#81,0.8);
#83=EDGE_CURVE('',#77,#77,#82,.T.);
#84=ORIENTED_EDGE('',*,*,#83,.F.);
#85=EDGE_LOOP('',(#84));
#86=FACE_BOUND('',#85,.T.);
#87=CARTESIAN_POINT('',(80.8,95.4,5.));
#88=VERTEX_POINT('',#87);
#89=CARTESIAN_POINT('',(80.,95.4,5.));
#90=DIRECTION('',(0.,0.,1.));
#91=DIRECTION('',(1.,0.,-0.));
#92=AXIS2_PLACEMENT_3D('',#89,#90,#91);
#93=CIRCLE('',#92,0.8);
#94=EDGE_CURVE('',#88,#88,#93,.T.);
#95=ORIENTED_EDGE('',*,*,#94,.F.);
#96=EDGE_LOOP('',(#95));
#97=FACE_BOUND('',#96,.T.);
#98=CARTESIAN_POINT('',(55.8,95.4,5.));
#99=VERTEX_POINT('',#98);
#100=CARTESIAN_POINT('',(55.,95.4,5.));
#101=DIRECTION('',(0.,0.,1.));
#102=DIRECTION('',(1.,0.,-0.));
#103=AXIS2_PLACEMENT_3D('',#100,#101,#102);
#104=CIRCLE('',#103,0.8);
#105=EDGE_CURVE('',#99,#99,#104,.T.);
#106=ORIENTED_EDGE('',*,*,#105,.F.);
#107=EDGE_LOOP('',(#106));
#108=FACE_BOUND('',#107,.T.);
#109=CARTESIAN_POINT('',(62.5,62.9,5.));
#110=VERTEX_POINT('',#109);
#111=CARTESIAN_POINT('',(62.5,73.9,5.));
#112=VERTEX_POINT('',#111);
#113=CARTESIAN_POINT('',(62.5,62.9,5.));
#114=DIRECTION('',(0.,1.,0.));
#115=VECTOR('',#114,11.);
#116=LINE('',#113,#115);
#117=EDGE_CURVE('',#110,#112,#116,.T.);
#118=ORIENTED_EDGE('',*,*,#117,.T.);
#119=CARTESIAN_POINT('',(72.5,73.9,5.));
#120=VERTEX_POINT('',#119);
#121=CARTESIAN_POINT('',(62.5,73.9,5.));
#122=DIRECTION('',(1.,0.,-0.));
#123=VECTOR('',#122,10.);
#124=LINE('',#121,#123);
#125=EDGE_CURVE('',#112,#120,#124,.T.);
#126=ORIENTED_EDGE('',*,*,#125,.T.);
#127=CARTESIAN_POINT('',(72.5,62.9,5.));
#128=VERTEX_POINT('',#127);
#129=CARTESIAN_POINT('',(72.5,62.9,5.));
#130=DIRECTION('',(0.,1.,0.));
#131=VECTOR('',#130,11.);
#132=LINE('',#129,#131);
#133=EDGE_CURVE('',#128,#120,#132,.T.);
#134=ORIENTED_EDGE('',*,*,#133,.F.);
#135=CARTESIAN_POINT('',(62.5,62.9,5.));
#136=DIRECTION('',(1.,0.,-0.));
#137=VECTOR('',#136,10.);
#138=LINE('',#135,#137);
#139=EDGE_CURVE('',#110,#128,#138,.T.);
#140=ORIENTED_EDGE('',*,*,#139,.F.);
#141=EDGE_LOOP('',(#118,#126,#134,#140));
#142=FACE_BOUND('',#141,.T.);
#143=CARTESIAN_POINT('',(69.4,98.5,5.));
#144=VERTEX_POINT('',#143);
#145=CARTESIAN_POINT('',(69.4,92.,5.));
#146=VERTEX_POINT('',#145);
#147=CARTESIAN_POINT('',(69.4,98.5,5.));
#148=DIRECTION('',(0.,-1.,0.));
#149=VECTOR('',#148,6.5);
#150=LINE('',#147,#149);
#151=EDGE_CURVE('',#144,#146,#150,.T.);
#152=ORIENTED_EDGE('',*,*,#151,.F.);
#153=CARTESIAN_POINT('',(51.9,98.5,5.));
#154=VERTEX_POINT('',#153);
#155=CARTESIAN_POINT('',(69.4,98.5,5.));
#156=DIRECTION('',(-1.,0.,0.));
#157=VECTOR('',#156,17.5);
#158=LINE('',#155,#157);
#159=EDGE_CURVE('',#144,#154,#158,.T.);
#160=ORIENTED_EDGE('',*,*,#159,.T.);
#161=CARTESIAN_POINT('',(51.9,82.9,5.));
#162=VERTEX_POINT('',#161);
#163=CARTESIAN_POINT('',(51.9,82.9,5.));
#164=DIRECTION('',(0.,1.,0.));
#165=VECTOR('',#164,15.6);
#166=LINE('',#163,#165);
#167=EDGE_CURVE('',#162,#154,#166,.T.);
#168=ORIENTED_EDGE('',*,*,#167,.F.);
#169=CARTESIAN_POINT('',(47.5,82.9,5.));
#170=VERTEX_POINT('',#169);
#171=CARTESIAN_POINT('',(51.9,82.9,5.));
#172=DIRECTION('',(-1.,0.,0.));
#173=VECTOR('',#172,4.4);
#174=LINE('',#171,#173);
#175=EDGE_CURVE('',#162,#170,#174,.T.);
#176=ORIENTED_EDGE('',*,*,#175,.T.);
#177=CARTESIAN_POINT('',(47.5,55.4,5.));
#178=VERTEX_POINT('',#177);
#179=CARTESIAN_POINT('',(47.5,82.9,5.));
#180=DIRECTION('',(0.,-1.,0.));
#181=VECTOR('',#180,27.5);
#182=LINE('',#179,#181);
#183=EDGE_CURVE('',#170,#178,#182,.T.);
#184=ORIENTED_EDGE('',*,*,#183,.T.);
#185=CARTESIAN_POINT('',(51.9,55.4,5.));
#186=VERTEX_POINT('',#185);
#187=CARTESIAN_POINT('',(47.5,55.4,5.));
#188=DIRECTION('',(1.,0.,-0.));
#189=VECTOR('',#188,4.4);
#190=LINE('',#187,#189);
#191=EDGE_CURVE('',#178,#186,#190,.T.);
#192=ORIENTED_EDGE('',*,*,#191,.T.);
#193=CARTESIAN_POINT('',(51.9,52.3,5.));
#194=VERTEX_POINT('',#193);
#195=CARTESIAN_POINT('',(51.9,55.4,5.));
#196=DIRECTION('',(0.,-1.,0.));
#197=VECTOR('',#196,3.1);
#198=LINE('',#195,#197);
#199=EDGE_CURVE('',#186,#194,#198,.T.);
#200=ORIENTED_EDGE('',*,*,#199,.T.);
#201=CARTESIAN_POINT('',(83.1,52.3,5.));
#202=VERTEX_POINT('',#201);
#203=CARTESIAN_POINT('',(51.9,52.3,5.));
#204=DIRECTION('',(1.,-0.,0.));
#205=VECTOR('',#204,31.2);
#206=LINE('',#203,#205);
#207=EDGE_CURVE('',#194,#202,#206,.T.);
#208=ORIENTED_EDGE('',*,*,#207,.T.);
#209=CARTESIAN_POINT('',(83.1,98.5,5.));
#210=VERTEX_POINT('',#209);
#211=CARTESIAN_POINT('',(83.1,52.3,5.));
#212=DIRECTION('',(0.,1.,0.));
#213=VECTOR('',#212,46.2);
#214=LINE('',#211,#213);
#215=EDGE_CURVE('',#202,#210,#214,.T.);
#216=ORIENTED_EDGE('',*,*,#215,.T.);
#217=CARTESIAN_POINT('',(73.6,98.5,5.));
#218=VERTEX_POINT('',#217);
#219=CARTESIAN_POINT('',(83.1,98.5,5.));
#220=DIRECTION('',(-1.,0.,0.));
#221=VECTOR('',#220,9.5);
#222=LINE('',#219,#221);
#223=EDGE_CURVE('',#210,#218,#222,.T.);
#224=ORIENTED_EDGE('',*,*,#223,.T.);
#225=CARTESIAN_POINT('',(73.6,92.,5.));
#226=VERTEX_POINT('',#225);
#227=CARTESIAN_POINT('',(73.6,98.5,5.));
#228=DIRECTION('',(0.,-1.,0.));
#229=VECTOR('',#228,6.5);
#230=LINE('',#227,#229);
#231=EDGE_CURVE('',#218,#226,#230,.T.);
#232=ORIENTED_EDGE('',*,*,#231,.T.);
#233=CARTESIAN_POINT('',(77.6,92.,5.));
#234=VERTEX_POINT('',#233);
#235=CARTESIAN_POINT('',(73.6,92.,5.));
#236=DIRECTION('',(1.,0.,-0.));
#237=VECTOR('',#236,4.);
#238=LINE('',#235,#237);
#239=EDGE_CURVE('',#226,#234,#238,.T.);
#240=ORIENTED_EDGE('',*,*,#239,.T.);
#241=CARTESIAN_POINT('',(77.6,81.000034576,5.));
#242=VERTEX_POINT('',#241);
#243=CARTESIAN_POINT('',(77.6,81.000034576,5.));
#244=DIRECTION('',(0.,1.,0.));
#245=VECTOR('',#244,10.999965424);
#246=LINE('',#243,#245);
#247=EDGE_CURVE('',#242,#234,#246,.T.);
#248=ORIENTED_EDGE('',*,*,#247,.F.);
#249=CARTESIAN_POINT('',(57.398795213,81.000034576,5.));
#250=VERTEX_POINT('',#249);
#251=CARTESIAN_POINT('',(57.398795213,81.000034576,5.));
#252=DIRECTION('',(1.,0.,-0.));
#253=VECTOR('',#252,20.201204787);
#254=LINE('',#251,#253);
#255=EDGE_CURVE('',#250,#242,#254,.T.);
#256=ORIENTED_EDGE('',*,*,#255,.F.);
#257=CARTESIAN_POINT('',(57.39398641,89.00003313,5.));
#258=VERTEX_POINT('',#257);
#259=CARTESIAN_POINT('',(57.39398641,89.00003313,5.));
#260=DIRECTION('',(0.0006011,-0.999999819,0.));
#261=VECTOR('',#260,8.);
#262=LINE('',#259,#261);
#263=EDGE_CURVE('',#258,#250,#262,.T.);
#264=ORIENTED_EDGE('',*,*,#263,.F.);
#265=CARTESIAN_POINT('',(57.39398641,92.002131045,5.));
#266=VERTEX_POINT('',#265);
#267=CARTESIAN_POINT('',(57.39398641,89.00003313,5.));
#268=DIRECTION('',(0.,1.,0.));
#269=VECTOR('',#268,3.002097914);
#270=LINE('',#267,#269);
#271=EDGE_CURVE('',#258,#266,#270,.T.);
#272=ORIENTED_EDGE('',*,*,#271,.T.);
#273=CARTESIAN_POINT('',(57.8,92.,5.));
#274=VERTEX_POINT('',#273);
#275=CARTESIAN_POINT('',(57.39398641,92.002131045,5.));
#276=DIRECTION('',(0.999986226,-0.005248631,0.));
#277=VECTOR('',#276,0.406019182);
#278=LINE('',#275,#277);
#279=EDGE_CURVE('',#266,#274,#278,.T.);
#280=ORIENTED_EDGE('',*,*,#279,.T.);
#281=CARTESIAN_POINT('',(57.8,92.,5.));
#282=DIRECTION('',(1.,0.,-0.));
#283=VECTOR('',#282,11.6);
#284=LINE('',#281,#283);
#285=EDGE_CURVE('',#274,#146,#284,.T.);
#286=ORIENTED_EDGE('',*,*,#285,.T.);
#287=EDGE_LOOP('',(#152,#160,#168,#176,#184,#192,#200,#208,#216,#224,#232,#240,#248,#256,#264,#272,#280,#286));
#288=FACE_BOUND('',#287,.T.);
#289=ADVANCED_FACE('',(#42,#53,#64,#75,#86,#97,#108,#142,#288),#31,.T.);
#290=CARTESIAN_POINT('',(0.,0.,6.));
#291=DIRECTION('',(0.,0.,1.));
#292=DIRECTION('',(1.,0.,0.));
#293=AXIS2_PLACEMENT_3D('',#290,#291,#292);
#294=PLANE('',#293);
#295=CARTESIAN_POINT('',(56.4,98.5,6.));
#296=VERTEX_POINT('',#295);
#297=CARTESIAN_POINT('',(56.4,113.,6.));
#298=VERTEX_POINT('',#297);
#299=CARTESIAN_POINT('',(56.4,98.5,6.));
#300=DIRECTION('',(0.,1.,0.));
#301=VECTOR('',#300,14.5);
#302=LINE('',#299,#301);
#303=EDGE_CURVE('',#296,#298,#302,.T.);
#304=ORIENTED_EDGE('',*,*,#303,.F.);
#305=CARTESIAN_POINT('',(72.6,98.5,6.));
#306=VERTEX_POINT('',#305);
#307=CARTESIAN_POINT('',(56.4,98.5,6.));
#308=DIRECTION('',(1.,0.,-0.));
#309=VECTOR('',#308,16.2);
#310=LINE('',#307,#309);
#311=EDGE_CURVE('',#296,#306,#310,.T.);
#312=ORIENTED_EDGE('',*,*,#311,.T.);
#313=CARTESIAN_POINT('',(72.6,113.,6.));
#314=VERTEX_POINT('',#313);
#315=CARTESIAN_POINT('',(72.6,98.5,6.));
#316=DIRECTION('',(0.,1.,0.));
#317=VECTOR('',#316,14.5);
#318=LINE('',#315,#317);
#319=EDGE_CURVE('',#306,#314,#318,.T.);
#320=ORIENTED_EDGE('',*,*,#319,.T.);
#321=CARTESIAN_POINT('',(61.4,113.,6.));
#322=VERTEX_POINT('',#321);
#323=CARTESIAN_POINT('',(61.4,113.,6.));
#324=DIRECTION('',(1.,0.,-0.));
#325=VECTOR('',#324,11.2);
#326=LINE('',#323,#325);
#327=EDGE_CURVE('',#322,#314,#326,.T.);
#328=ORIENTED_EDGE('',*,*,#327,.F.);
#329=CARTESIAN_POINT('',(61.4,129.625227292,6.));
#330=VERTEX_POINT('',#329);
#331=CARTESIAN_POINT('',(61.4,113.,6.));
#332=DIRECTION('',(0.,1.,0.));
#333=VECTOR('',#332,16.625227292);
#334=LINE('',#331,#333);
#335=EDGE_CURVE('',#322,#330,#334,.T.);
#336=ORIENTED_EDGE('',*,*,#335,.T.);
#337=CARTESIAN_POINT('',(56.475569215,129.625227292,6.));
#338=VERTEX_POINT('',#337);
#339=CARTESIAN_POINT('',(56.475569215,129.625227292,6.));
#340=DIRECTION('',(1.,-0.,-0.));
#341=VECTOR('',#340,4.924430785);
#342=LINE('',#339,#341);
#343=EDGE_CURVE('',#338,#330,#342,.T.);
#344=ORIENTED_EDGE('',*,*,#343,.F.);
#345=CARTESIAN_POINT('',(56.4,113.,6.));
#346=DIRECTION('',(0.004545408,0.99998967,0.));
#347=VECTOR('',#346,16.625399039);
#348=LINE('',#345,#347);
#349=EDGE_CURVE('',#298,#338,#348,.T.);
#350=ORIENTED_EDGE('',*,*,#349,.F.);
#351=EDGE_LOOP('',(#304,#312,#320,#328,#336,#344,#350));
#352=FACE_BOUND('',#351,.T.);
#353=ADVANCED_FACE('',(#352),#294,.T.);
#354=CARTESIAN_POINT('',(0.,0.,10.));
#355=DIRECTION('',(0.,0.,1.));
#356=DIRECTION('',(1.,0.,0.));
#357=AXIS2_PLACEMENT_3D('',#354,#355,#356);
#358=PLANE('',#357);
#359=CARTESIAN_POINT('',(50.75,125.,10.));
#360=VERTEX_POINT('',#359);
#361=CARTESIAN_POINT('',(49.95,125.,10.));
#362=DIRECTION('',(0.,0.,1.));
#363=DIRECTION('',(1.,0.,-0.));
#364=AXIS2_PLACEMENT_3D('',#361,#362,#363);
#365=CIRCLE('',#364,0.8);
#366=EDGE_CURVE('',#360,#360,#365,.T.);
#367=ORIENTED_EDGE('',*,*,#366,.F.);
#368=EDGE_LOOP('',(#367));
#369=FACE_BOUND('',#368,.T.);
#370=CARTESIAN_POINT('',(51.9,82.9,10.));
#371=VERTEX_POINT('',#370);
#372=CARTESIAN_POINT('',(51.9,98.5,10.));
#373=VERTEX_POINT('',#372);
#374=CARTESIAN_POINT('',(51.9,82.9,10.));
#375=DIRECTION('',(0.,1.,0.));
#376=VECTOR('',#375,15.6);
#377=LINE('',#374,#376);
#378=EDGE_CURVE('',#371,#373,#377,.T.);
#379=ORIENTED_EDGE('',*,*,#378,.T.);
#380=CARTESIAN_POINT('',(56.4,98.5,10.));
#381=VERTEX_POINT('',#380);
#382=CARTESIAN_POINT('',(51.9,98.5,10.));
#383=DIRECTION('',(1.,0.,-0.));
#384=VECTOR('',#383,4.5);
#385=LINE('',#382,#384);
#386=EDGE_CURVE('',#373,#381,#385,.T.);
#387=ORIENTED_EDGE('',*,*,#386,.T.);
#388=CARTESIAN_POINT('',(56.4,113.,10.));
#389=VERTEX_POINT('',#388);
#390=CARTESIAN_POINT('',(56.4,98.5,10.));
#391=DIRECTION('',(0.,1.,0.));
#392=VECTOR('',#391,14.5);
#393=LINE('',#390,#392);
#394=EDGE_CURVE('',#381,#389,#393,.T.);
#395=ORIENTED_EDGE('',*,*,#394,.T.);
#396=CARTESIAN_POINT('',(56.5,135.,10.));
#397=VERTEX_POINT('',#396);
#398=CARTESIAN_POINT('',(56.4,113.,10.));
#399=DIRECTION('',(0.004545408,0.99998967,0.));
#400=VECTOR('',#399,22.000227272);
#401=LINE('',#398,#400);
#402=EDGE_CURVE('',#389,#397,#401,.T.);
#403=ORIENTED_EDGE('',*,*,#402,.T.);
#404=CARTESIAN_POINT('',(48.5,135.,10.));
#405=VERTEX_POINT('',#404);
#406=CARTESIAN_POINT('',(56.5,135.,10.));
#407=DIRECTION('',(-1.,0.,0.));
#408=VECTOR('',#407,8.);
#409=LINE('',#406,#408);
#410=EDGE_CURVE('',#397,#405,#409,.T.);
#411=ORIENTED_EDGE('',*,*,#410,.T.);
#412=CARTESIAN_POINT('',(47.5,134.,10.));
#413=VERTEX_POINT('',#412);
#414=CARTESIAN_POINT('',(48.5,134.,10.));
#415=DIRECTION('',(0.,0.,1.));
#416=DIRECTION('',(1.,0.,-0.));
#417=AXIS2_PLACEMENT_3D('',#414,#415,#416);
#418=CIRCLE('',#417,1.);
#419=EDGE_CURVE('',#405,#413,#418,.T.);
#420=ORIENTED_EDGE('',*,*,#419,.T.);
#421=CARTESIAN_POINT('',(47.5,82.9,10.));
#422=VERTEX_POINT('',#421);
#423=CARTESIAN_POINT('',(47.5,134.,10.));
#424=DIRECTION('',(0.,-1.,0.));
#425=VECTOR('',#424,51.1);
#426=LINE('',#423,#425);
#427=EDGE_CURVE('',#413,#422,#426,.T.);
#428=ORIENTED_EDGE('',*,*,#427,.T.);
#429=CARTESIAN_POINT('',(47.5,82.9,10.));
#430=DIRECTION('',(1.,0.,-0.));
#431=VECTOR('',#430,4.4);
#432=LINE('',#429,#431);
#433=EDGE_CURVE('',#422,#371,#432,.T.);
#434=ORIENTED_EDGE('',*,*,#433,.T.);
#435=EDGE_LOOP('',(#379,#387,#395,#403,#411,#420,#428,#434));
#436=FACE_BOUND('',#435,.T.);
#437=ADVANCED_FACE('',(#369,#436),#358,.T.);
#438=CARTESIAN_POINT('',(47.5,55.4,9.));
#439=DIRECTION('',(0.,-1.,0.));
#440=DIRECTION('',(0.,0.,-1.));
#441=AXIS2_PLACEMENT_3D('',#438,#439,#440);
#442=PLANE('',#441);
#443=CARTESIAN_POINT('',(51.9,55.4,10.));
#444=VERTEX_POINT('',#443);
#445=CARTESIAN_POINT('',(51.9,55.4,5.));
#446=DIRECTION('',(0.,0.,1.));
#447=VECTOR('',#446,5.);
#448=LINE('',#445,#447);
#449=EDGE_CURVE('',#186,#444,#448,.T.);
#450=ORIENTED_EDGE('',*,*,#449,.F.);
#451=ORIENTED_EDGE('',*,*,#191,.F.);
#452=CARTESIAN_POINT('',(47.5,55.4,10.));
#453=VERTEX_POINT('',#452);
#454=CARTESIAN_POINT('',(47.5,55.4,10.));
#455=DIRECTION('',(0.,0.,-1.));
#456=VECTOR('',#455,5.);
#457=LINE('',#454,#456);
#458=EDGE_CURVE('',#453,#178,#457,.T.);
#459=ORIENTED_EDGE('',*,*,#458,.F.);
#460=CARTESIAN_POINT('',(47.5,55.4,10.));
#461=DIRECTION('',(1.,0.,-0.));
#462=VECTOR('',#461,4.4);
#463=LINE('',#460,#462);
#464=EDGE_CURVE('',#453,#444,#463,.T.);
#465=ORIENTED_EDGE('',*,*,#464,.T.);
#466=EDGE_LOOP('',(#450,#451,#459,#465));
#467=FACE_BOUND('',#466,.T.);
#468=ADVANCED_FACE('',(#467),#442,.F.);
#469=CARTESIAN_POINT('',(47.5,91.25,0.));
#470=DIRECTION('',(-1.,0.,0.));
#471=DIRECTION('',(0.,0.,1.));
#472=AXIS2_PLACEMENT_3D('',#469,#470,#471);
#473=PLANE('',#472);
#474=ORIENTED_EDGE('',*,*,#427,.F.);
#475=CARTESIAN_POINT('',(47.5,134.,5.504535195));
#476=VERTEX_POINT('',#475);
#477=CARTESIAN_POINT('',(47.5,134.,10.));
#478=DIRECTION('',(-0.,-0.,-1.));
#479=VECTOR('',#478,4.495464805);
#480=LINE('',#477,#479);
#481=EDGE_CURVE('',#413,#476,#480,.T.);
#482=ORIENTED_EDGE('',*,*,#481,.T.);
#483=CARTESIAN_POINT('',(47.5,132.644536622,7.850530145));
#484=VERTEX_POINT('',#483);
#485=CARTESIAN_POINT('',(47.5,132.644536622,7.850530145));
#486=DIRECTION('',(0.,0.500277495,-0.865865133));
#487=VECTOR('',#486,2.709423052);
#488=LINE('',#485,#487);
#489=EDGE_CURVE('',#484,#476,#488,.T.);
#490=ORIENTED_EDGE('',*,*,#489,.F.);
#491=CARTESIAN_POINT('',(47.5,129.353636791,7.849475565));
#492=VERTEX_POINT('',#491);
#493=CARTESIAN_POINT('',(47.5,129.353636791,7.849475565));
#494=DIRECTION('',(0.,0.999999949,0.000320453));
#495=VECTOR('',#494,3.2909);
#496=LINE('',#493,#495);
#497=EDGE_CURVE('',#492,#484,#496,.T.);
#498=ORIENTED_EDGE('',*,*,#497,.F.);
#499=CARTESIAN_POINT('',(47.5,127.709100169,4.99894542));
#500=VERTEX_POINT('',#499);
#501=CARTESIAN_POINT('',(47.5,127.709100169,4.99894542));
#502=DIRECTION('',(0.,0.499722453,0.866185586));
#503=VECTOR('',#502,3.2909);
#504=LINE('',#501,#503);
#505=EDGE_CURVE('',#500,#492,#504,.T.);
#506=ORIENTED_EDGE('',*,*,#505,.F.);
#507=CARTESIAN_POINT('',(47.5,129.355463378,2.149469855));
#508=VERTEX_POINT('',#507);
#509=CARTESIAN_POINT('',(47.5,129.355463378,2.149469855));
#510=DIRECTION('',(0.,-0.500277495,0.865865133));
#511=VECTOR('',#510,3.2909);
#512=LINE('',#509,#511);
#513=EDGE_CURVE('',#508,#500,#512,.T.);
#514=ORIENTED_EDGE('',*,*,#513,.F.);
#515=CARTESIAN_POINT('',(47.5,132.646363209,2.150524435));
#516=VERTEX_POINT('',#515);
#517=CARTESIAN_POINT('',(47.5,132.646363209,2.150524435));
#518=DIRECTION('',(0.,-0.999999949,-0.000320453));
#519=VECTOR('',#518,3.2909);
#520=LINE('',#517,#519);
#521=EDGE_CURVE('',#516,#508,#520,.T.);
#522=ORIENTED_EDGE('',*,*,#521,.F.);
#523=CARTESIAN_POINT('',(47.5,134.,4.496828207));
#524=VERTEX_POINT('',#523);
#525=CARTESIAN_POINT('',(47.5,134.,4.496828207));
#526=DIRECTION('',(0.,-0.499722453,-0.866185586));
#527=VECTOR('',#526,2.708777206);
#528=LINE('',#525,#527);
#529=EDGE_CURVE('',#524,#516,#528,.T.);
#530=ORIENTED_EDGE('',*,*,#529,.F.);
#531=CARTESIAN_POINT('',(47.5,134.,1.));
#532=VERTEX_POINT('',#531);
#533=CARTESIAN_POINT('',(47.5,134.,4.496828207));
#534=DIRECTION('',(-0.,-0.,-1.));
#535=VECTOR('',#534,3.496828207);
#536=LINE('',#533,#535);
#537=EDGE_CURVE('',#524,#532,#536,.T.);
#538=ORIENTED_EDGE('',*,*,#537,.T.);
#539=CARTESIAN_POINT('',(47.5,48.5,1.));
#540=VERTEX_POINT('',#539);
#541=CARTESIAN_POINT('',(47.5,134.,1.));
#542=DIRECTION('',(0.,-1.,0.));
#543=VECTOR('',#542,85.5);
#544=LINE('',#541,#543);
#545=EDGE_CURVE('',#532,#540,#544,.T.);
#546=ORIENTED_EDGE('',*,*,#545,.T.);
#547=CARTESIAN_POINT('',(47.5,48.5,10.));
#548=VERTEX_POINT('',#547);
#549=CARTESIAN_POINT('',(47.5,48.5,1.));
#550=DIRECTION('',(0.,0.,1.));
#551=VECTOR('',#550,9.);
#552=LINE('',#549,#551);
#553=EDGE_CURVE('',#540,#548,#552,.T.);
#554=ORIENTED_EDGE('',*,*,#553,.T.);
#555=CARTESIAN_POINT('',(47.5,55.4,10.));
#556=DIRECTION('',(0.,-1.,0.));
#557=VECTOR('',#556,6.9);
#558=LINE('',#555,#557);
#559=EDGE_CURVE('',#453,#548,#558,.T.);
#560=ORIENTED_EDGE('',*,*,#559,.F.);
#561=ORIENTED_EDGE('',*,*,#458,.T.);
#562=ORIENTED_EDGE('',*,*,#183,.F.);
#563=CARTESIAN_POINT('',(47.5,82.9,5.));
#564=DIRECTION('',(0.,0.,1.));
#565=VECTOR('',#564,5.);
#566=LINE('',#563,#565);
#567=EDGE_CURVE('',#170,#422,#566,.T.);
#568=ORIENTED_EDGE('',*,*,#567,.T.);
#569=EDGE_LOOP('',(#474,#482,#490,#498,#506,#514,#522,#530,#538,#546,#554,#560,#561,#562,#568));
#570=FACE_BOUND('',#569,.T.);
#571=ADVANCED_FACE('',(#570),#473,.T.);
#572=CARTESIAN_POINT('',(85.,131.,5.));
#573=DIRECTION('',(1.,0.,0.));
#574=DIRECTION('',(0.,0.,-1.));
#575=AXIS2_PLACEMENT_3D('',#572,#573,#574);
#576=CYLINDRICAL_SURFACE('',#575,1.7);
#577=CARTESIAN_POINT('',(81.5,131.,3.3));
#578=VERTEX_POINT('',#577);
#579=CARTESIAN_POINT('',(68.5,131.,3.3));
#580=VERTEX_POINT('',#579);
#581=CARTESIAN_POINT('',(81.5,131.,3.3));
#582=DIRECTION('',(-1.,-0.,0.));
#583=VECTOR('',#582,13.);
#584=LINE('',#581,#583);
#585=EDGE_CURVE('',#578,#580,#584,.T.);
#586=ORIENTED_EDGE('',*,*,#585,.F.);
#587=CARTESIAN_POINT('',(81.5,131.,5.));
#588=DIRECTION('',(1.,0.,0.));
#589=DIRECTION('',(0.,0.,-1.));
#590=AXIS2_PLACEMENT_3D('',#587,#588,#589);
#591=CIRCLE('',#590,1.7);
#592=EDGE_CURVE('',#578,#578,#591,.T.);
#593=ORIENTED_EDGE('',*,*,#592,.T.);
#594=ORIENTED_EDGE('',*,*,#585,.T.);
#595=CARTESIAN_POINT('',(68.5,131.,5.));
#596=DIRECTION('',(1.,0.,0.));
#597=DIRECTION('',(0.,0.,-1.));
#598=AXIS2_PLACEMENT_3D('',#595,#596,#597);
#599=CIRCLE('',#598,1.7);
#600=EDGE_CURVE('',#580,#580,#599,.T.);
#601=ORIENTED_EDGE('',*,*,#600,.F.);
#602=EDGE_LOOP('',(#586,#593,#594,#601));
#603=FACE_BOUND('',#602,.T.);
#604=ADVANCED_FACE('',(#603),#576,.F.);
#605=CARTESIAN_POINT('',(50.,131.,5.));
#606=DIRECTION('',(-1.,0.,0.));
#607=DIRECTION('',(0.,0.,1.));
#608=AXIS2_PLACEMENT_3D('',#605,#606,#607);
#609=CYLINDRICAL_SURFACE('',#608,1.7);
#610=CARTESIAN_POINT('',(61.4,131.,6.7));
#611=VERTEX_POINT('',#610);
#612=CARTESIAN_POINT('',(66.5,131.,6.7));
#613=VERTEX_POINT('',#612);
#614=CARTESIAN_POINT('',(61.4,131.,6.7));
#615=DIRECTION('',(1.,-0.,-0.));
#616=VECTOR('',#615,5.1);
#617=LINE('',#614,#616);
#618=EDGE_CURVE('',#611,#613,#617,.T.);
#619=ORIENTED_EDGE('',*,*,#618,.F.);
#620=CARTESIAN_POINT('',(61.4,132.374772708,6.));
#621=VERTEX_POINT('',#620);
#622=CARTESIAN_POINT('',(61.4,131.,5.));
#623=DIRECTION('',(1.,0.,0.));
#624=DIRECTION('',(0.,0.,-1.));
#625=AXIS2_PLACEMENT_3D('',#622,#623,#624);
#626=CIRCLE('',#625,1.7);
#627=EDGE_CURVE('',#621,#611,#626,.T.);
#628=ORIENTED_EDGE('',*,*,#627,.F.);
#629=CARTESIAN_POINT('',(56.488067149,132.374772708,6.));
#630=VERTEX_POINT('',#629);
#631=CARTESIAN_POINT('',(61.4,132.374772708,6.));
#632=DIRECTION('',(-1.,0.,0.));
#633=VECTOR('',#632,4.911932851);
#634=LINE('',#631,#633);
#635=EDGE_CURVE('',#621,#630,#634,.T.);
#636=ORIENTED_EDGE('',*,*,#635,.T.);
#637=CARTESIAN_POINT('',(56.481818182,131.,6.7));
#638=VERTEX_POINT('',#637);
#639=CARTESIAN_POINT('',(56.481818182,131.,5.));
#640=DIRECTION('',(0.99998967,-0.004545408,0.));
#641=DIRECTION('',(-0.004545408,-0.99998967,0.));
#642=AXIS2_PLACEMENT_3D('',#639,#640,#641);
#643=ELLIPSE('',#642,1.700017562,1.7);
#644=EDGE_CURVE('',#630,#638,#643,.T.);
#645=ORIENTED_EDGE('',*,*,#644,.T.);
#646=CARTESIAN_POINT('',(53.4,131.,6.7));
#647=VERTEX_POINT('',#646);
#648=CARTESIAN_POINT('',(53.4,131.,6.7));
#649=DIRECTION('',(1.,-0.,-0.));
#650=VECTOR('',#649,3.081818182);
#651=LINE('',#648,#650);
#652=EDGE_CURVE('',#647,#638,#651,.T.);
#653=ORIENTED_EDGE('',*,*,#652,.F.);
#654=CARTESIAN_POINT('',(53.4,131.,5.));
#655=DIRECTION('',(-1.,0.,0.));
#656=DIRECTION('',(0.,0.,1.));
#657=AXIS2_PLACEMENT_3D('',#654,#655,#656);
#658=CIRCLE('',#657,1.7);
#659=EDGE_CURVE('',#647,#647,#658,.T.);
#660=ORIENTED_EDGE('',*,*,#659,.T.);
#661=ORIENTED_EDGE('',*,*,#652,.T.);
#662=CARTESIAN_POINT('',(56.481818182,131.,5.));
#663=DIRECTION('',(0.99998967,-0.004545408,0.));
#664=DIRECTION('',(-0.004545408,-0.99998967,0.));
#665=AXIS2_PLACEMENT_3D('',#662,#663,#664);
#666=ELLIPSE('',#665,1.700017562,1.7);
#667=EDGE_CURVE('',#638,#338,#666,.T.);
#668=ORIENTED_EDGE('',*,*,#667,.T.);
#669=ORIENTED_EDGE('',*,*,#343,.T.);
#670=CARTESIAN_POINT('',(61.4,131.,5.));
#671=DIRECTION('',(1.,0.,0.));
#672=DIRECTION('',(0.,0.,-1.));
#673=AXIS2_PLACEMENT_3D('',#670,#671,#672);
#674=CIRCLE('',#673,1.7);
#675=EDGE_CURVE('',#611,#330,#674,.T.);
#676=ORIENTED_EDGE('',*,*,#675,.F.);
#677=ORIENTED_EDGE('',*,*,#618,.T.);
#678=CARTESIAN_POINT('',(66.5,131.,5.));
#679=DIRECTION('',(-1.,0.,0.));
#680=DIRECTION('',(0.,0.,1.));
#681=AXIS2_PLACEMENT_3D('',#678,#679,#680);
#682=CIRCLE('',#681,1.7);
#683=EDGE_CURVE('',#613,#613,#682,.T.);
#684=ORIENTED_EDGE('',*,*,#683,.F.);
#685=EDGE_LOOP('',(#619,#628,#636,#645,#653,#660,#661,#668,#669,#676,#677,#684));
#686=FACE_BOUND('',#685,.T.);
#687=ADVANCED_FACE('',(#686),#609,.F.);
#688=CARTESIAN_POINT('',(67.5,47.5,0.));
#689=DIRECTION('',(0.,-1.,0.));
#690=DIRECTION('',(0.,0.,-1.));
#691=AXIS2_PLACEMENT_3D('',#688,#689,#690);
#692=PLANE('',#691);
#693=CARTESIAN_POINT('',(48.5,47.5,10.));
#694=VERTEX_POINT('',#693);
#695=CARTESIAN_POINT('',(86.5,47.5,10.));
#696=VERTEX_POINT('',#695);
#697=CARTESIAN_POINT('',(48.5,47.5,10.));
#698=DIRECTION('',(1.,0.,-0.));
#699=VECTOR('',#698,38.);
#700=LINE('',#697,#699);
#701=EDGE_CURVE('',#694,#696,#700,.T.);
#702=ORIENTED_EDGE('',*,*,#701,.F.);
#703=CARTESIAN_POINT('',(48.5,47.5,1.));
#704=VERTEX_POINT('',#703);
#705=CARTESIAN_POINT('',(48.5,47.5,10.));
#706=DIRECTION('',(-0.,-0.,-1.));
#707=VECTOR('',#706,9.);
#708=LINE('',#705,#707);
#709=EDGE_CURVE('',#694,#704,#708,.T.);
#710=ORIENTED_EDGE('',*,*,#709,.T.);
#711=CARTESIAN_POINT('',(86.5,47.5,1.));
#712=VERTEX_POINT('',#711);
#713=CARTESIAN_POINT('',(48.5,47.5,1.));
#714=DIRECTION('',(1.,0.,-0.));
#715=VECTOR('',#714,38.);
#716=LINE('',#713,#715);
#717=EDGE_CURVE('',#704,#712,#716,.T.);
#718=ORIENTED_EDGE('',*,*,#717,.T.);
#719=CARTESIAN_POINT('',(86.5,47.5,1.));
#720=DIRECTION('',(0.,0.,1.));
#721=VECTOR('',#720,9.);
#722=LINE('',#719,#721);
#723=EDGE_CURVE('',#712,#696,#722,.T.);
#724=ORIENTED_EDGE('',*,*,#723,.T.);
#725=EDGE_LOOP('',(#702,#710,#718,#724));
#726=FACE_BOUND('',#725,.T.);
#727=ADVANCED_FACE('',(#726),#692,.T.);
#728=CARTESIAN_POINT('',(87.5,91.25,0.));
#729=DIRECTION('',(1.,0.,0.));
#730=DIRECTION('',(0.,0.,-1.));
#731=AXIS2_PLACEMENT_3D('',#728,#729,#730);
#732=PLANE('',#731);
#733=CARTESIAN_POINT('',(87.5,48.5,1.));
#734=VERTEX_POINT('',#733);
#735=CARTESIAN_POINT('',(87.5,134.,1.));
#736=VERTEX_POINT('',#735);
#737=CARTESIAN_POINT('',(87.5,48.5,1.));
#738=DIRECTION('',(0.,1.,0.));
#739=VECTOR('',#738,85.5);
#740=LINE('',#737,#739);
#741=EDGE_CURVE('',#734,#736,#740,.T.);
#742=ORIENTED_EDGE('',*,*,#741,.T.);
#743=CARTESIAN_POINT('',(87.5,134.,5.));
#744=VERTEX_POINT('',#743);
#745=CARTESIAN_POINT('',(87.5,134.,1.));
#746=DIRECTION('',(0.,0.,1.));
#747=VECTOR('',#746,4.);
#748=LINE('',#745,#747);
#749=EDGE_CURVE('',#736,#744,#748,.T.);
#750=ORIENTED_EDGE('',*,*,#749,.T.);
#751=CARTESIAN_POINT('',(87.5,131.,2.));
#752=VERTEX_POINT('',#751);
#753=CARTESIAN_POINT('',(87.5,131.,5.));
#754=DIRECTION('',(1.,0.,0.));
#755=DIRECTION('',(0.,0.,-1.));
#756=AXIS2_PLACEMENT_3D('',#753,#754,#755);
#757=CIRCLE('',#756,3.);
#758=EDGE_CURVE('',#752,#744,#757,.T.);
#759=ORIENTED_EDGE('',*,*,#758,.F.);
#760=CARTESIAN_POINT('',(87.5,131.,5.));
#761=DIRECTION('',(1.,0.,0.));
#762=DIRECTION('',(0.,0.,-1.));
#763=AXIS2_PLACEMENT_3D('',#760,#761,#762);
#764=CIRCLE('',#763,3.);
#765=EDGE_CURVE('',#744,#752,#764,.T.);
#766=ORIENTED_EDGE('',*,*,#765,.F.);
#767=CARTESIAN_POINT('',(87.5,134.,10.));
#768=VERTEX_POINT('',#767);
#769=CARTESIAN_POINT('',(87.5,134.,5.));
#770=DIRECTION('',(0.,0.,1.));
#771=VECTOR('',#770,5.);
#772=LINE('',#769,#771);
#773=EDGE_CURVE('',#744,#768,#772,.T.);
#774=ORIENTED_EDGE('',*,*,#773,.T.);
#775=CARTESIAN_POINT('',(87.5,48.5,10.));
#776=VERTEX_POINT('',#775);
#777=CARTESIAN_POINT('',(87.5,48.5,10.));
#778=DIRECTION('',(0.,1.,0.));
#779=VECTOR('',#778,85.5);
#780=LINE('',#777,#779);
#781=EDGE_CURVE('',#776,#768,#780,.T.);
#782=ORIENTED_EDGE('',*,*,#781,.F.);
#783=CARTESIAN_POINT('',(87.5,48.5,10.));
#784=DIRECTION('',(-0.,-0.,-1.));
#785=VECTOR('',#784,9.);
#786=LINE('',#783,#785);
#787=EDGE_CURVE('',#776,#734,#786,.T.);
#788=ORIENTED_EDGE('',*,*,#787,.T.);
#789=EDGE_LOOP('',(#742,#750,#759,#766,#774,#782,#788));
#790=FACE_BOUND('',#789,.T.);
#791=ADVANCED_FACE('',(#790),#732,.T.);
#792=CARTESIAN_POINT('',(86.25,135.,0.));
#793=DIRECTION('',(0.,1.,0.));
#794=DIRECTION('',(0.,0.,1.));
#795=AXIS2_PLACEMENT_3D('',#792,#793,#794);
#796=PLANE('',#795);
#797=CARTESIAN_POINT('',(86.5,135.,10.));
#798=VERTEX_POINT('',#797);
#799=CARTESIAN_POINT('',(68.5,135.,10.));
#800=VERTEX_POINT('',#799);
#801=CARTESIAN_POINT('',(86.5,135.,10.));
#802=DIRECTION('',(-1.,0.,0.));
#803=VECTOR('',#802,18.);
#804=LINE('',#801,#803);
#805=EDGE_CURVE('',#798,#800,#804,.T.);
#806=ORIENTED_EDGE('',*,*,#805,.F.);
#807=CARTESIAN_POINT('',(86.5,135.,1.));
#808=VERTEX_POINT('',#807);
#809=CARTESIAN_POINT('',(86.5,135.,10.));
#810=DIRECTION('',(-0.,-0.,-1.));
#811=VECTOR('',#810,9.);
#812=LINE('',#809,#811);
#813=EDGE_CURVE('',#798,#808,#812,.T.);
#814=ORIENTED_EDGE('',*,*,#813,.T.);
#815=CARTESIAN_POINT('',(68.5,135.,1.));
#816=VERTEX_POINT('',#815);
#817=CARTESIAN_POINT('',(86.5,135.,1.));
#818=DIRECTION('',(-1.,0.,0.));
#819=VECTOR('',#818,18.);
#820=LINE('',#817,#819);
#821=EDGE_CURVE('',#808,#816,#820,.T.);
#822=ORIENTED_EDGE('',*,*,#821,.T.);
#823=CARTESIAN_POINT('',(68.5,135.,1.));
#824=DIRECTION('',(0.,0.,1.));
#825=VECTOR('',#824,9.);
#826=LINE('',#823,#825);
#827=EDGE_CURVE('',#816,#800,#826,.T.);
#828=ORIENTED_EDGE('',*,*,#827,.T.);
#829=EDGE_LOOP('',(#806,#814,#822,#828));
#830=FACE_BOUND('',#829,.T.);
#831=ADVANCED_FACE('',(#830),#796,.T.);
#832=CARTESIAN_POINT('',(48.75,135.,0.));
#833=DIRECTION('',(0.,1.,0.));
#834=DIRECTION('',(0.,0.,1.));
#835=AXIS2_PLACEMENT_3D('',#832,#833,#834);
#836=PLANE('',#835);
#837=CARTESIAN_POINT('',(66.5,135.,1.));
#838=VERTEX_POINT('',#837);
#839=CARTESIAN_POINT('',(48.5,135.,1.));
#840=VERTEX_POINT('',#839);
#841=CARTESIAN_POINT('',(66.5,135.,1.));
#842=DIRECTION('',(-1.,0.,0.));
#843=VECTOR('',#842,18.);
#844=LINE('',#841,#843);
#845=EDGE_CURVE('',#838,#840,#844,.T.);
#846=ORIENTED_EDGE('',*,*,#845,.T.);
#847=CARTESIAN_POINT('',(48.5,135.,1.));
#848=DIRECTION('',(0.,0.,1.));
#849=VECTOR('',#848,9.);
#850=LINE('',#847,#849);
#851=EDGE_CURVE('',#840,#405,#850,.T.);
#852=ORIENTED_EDGE('',*,*,#851,.T.);
#853=ORIENTED_EDGE('',*,*,#410,.F.);
#854=CARTESIAN_POINT('',(56.5,135.,6.));
#855=VERTEX_POINT('',#854);
#856=CARTESIAN_POINT('',(56.5,135.,6.));
#857=DIRECTION('',(0.,0.,1.));
#858=VECTOR('',#857,4.);
#859=LINE('',#856,#858);
#860=EDGE_CURVE('',#855,#397,#859,.T.);
#861=ORIENTED_EDGE('',*,*,#860,.F.);
#862=CARTESIAN_POINT('',(61.4,135.,6.));
#863=VERTEX_POINT('',#862);
#864=CARTESIAN_POINT('',(61.4,135.,6.));
#865=DIRECTION('',(-1.,0.,0.));
#866=VECTOR('',#865,4.9);
#867=LINE('',#864,#866);
#868=EDGE_CURVE('',#863,#855,#867,.T.);
#869=ORIENTED_EDGE('',*,*,#868,.F.);
#870=CARTESIAN_POINT('',(61.4,135.,10.));
#871=VERTEX_POINT('',#870);
#872=CARTESIAN_POINT('',(61.4,135.,6.));
#873=DIRECTION('',(0.,0.,1.));
#874=VECTOR('',#873,4.);
#875=LINE('',#872,#874);
#876=EDGE_CURVE('',#863,#871,#875,.T.);
#877=ORIENTED_EDGE('',*,*,#876,.T.);
#878=CARTESIAN_POINT('',(66.5,135.,10.));
#879=VERTEX_POINT('',#878);
#880=CARTESIAN_POINT('',(61.4,135.,10.));
#881=DIRECTION('',(1.,0.,-0.));
#882=VECTOR('',#881,5.1);
#883=LINE('',#880,#882);
#884=EDGE_CURVE('',#871,#879,#883,.T.);
#885=ORIENTED_EDGE('',*,*,#884,.T.);
#886=CARTESIAN_POINT('',(66.5,135.,1.));
#887=DIRECTION('',(0.,0.,1.));
#888=VECTOR('',#887,9.);
#889=LINE('',#886,#888);
#890=EDGE_CURVE('',#838,#879,#889,.T.);
#891=ORIENTED_EDGE('',*,*,#890,.F.);
#892=EDGE_LOOP('',(#846,#852,#853,#861,#869,#877,#885,#891));
#893=FACE_BOUND('',#892,.T.);
#894=ADVANCED_FACE('',(#893),#836,.T.);
#895=CARTESIAN_POINT('',(0.,0.,0.));
#896=DIRECTION('',(0.,0.,1.));
#897=DIRECTION('',(1.,0.,0.));
#898=AXIS2_PLACEMENT_3D('',#895,#896,#897);
#899=PLANE('',#898);
#900=CARTESIAN_POINT('',(68.5,134.,0.));
#901=VERTEX_POINT('',#900);
#902=CARTESIAN_POINT('',(68.5,127.291287847,0.));
#903=VERTEX_POINT('',#902);
#904=CARTESIAN_POINT('',(68.5,134.,0.));
#905=DIRECTION('',(0.,-1.,0.));
#906=VECTOR('',#905,6.708712153);
#907=LINE('',#904,#906);
#908=EDGE_CURVE('',#901,#903,#907,.T.);
#909=ORIENTED_EDGE('',*,*,#908,.F.);
#910=CARTESIAN_POINT('',(86.5,134.,0.));
#911=VERTEX_POINT('',#910);
#912=CARTESIAN_POINT('',(68.5,134.,0.));
#913=DIRECTION('',(1.,-0.,-0.));
#914=VECTOR('',#913,18.);
#915=LINE('',#912,#914);
#916=EDGE_CURVE('',#901,#911,#915,.T.);
#917=ORIENTED_EDGE('',*,*,#916,.T.);
#918=CARTESIAN_POINT('',(86.5,48.5,0.));
#919=VERTEX_POINT('',#918);
#920=CARTESIAN_POINT('',(86.5,134.,0.));
#921=DIRECTION('',(-0.,-1.,-0.));
#922=VECTOR('',#921,85.5);
#923=LINE('',#920,#922);
#924=EDGE_CURVE('',#911,#919,#923,.T.);
#925=ORIENTED_EDGE('',*,*,#924,.T.);
#926=CARTESIAN_POINT('',(48.5,48.5,0.));
#927=VERTEX_POINT('',#926);
#928=CARTESIAN_POINT('',(86.5,48.5,0.));
#929=DIRECTION('',(-1.,-0.,0.));
#930=VECTOR('',#929,38.);
#931=LINE('',#928,#930);
#932=EDGE_CURVE('',#919,#927,#931,.T.);
#933=ORIENTED_EDGE('',*,*,#932,.T.);
#934=CARTESIAN_POINT('',(48.5,134.,0.));
#935=VERTEX_POINT('',#934);
#936=CARTESIAN_POINT('',(48.5,48.5,0.));
#937=DIRECTION('',(-0.,1.,-0.));
#938=VECTOR('',#937,85.5);
#939=LINE('',#936,#938);
#940=EDGE_CURVE('',#927,#935,#939,.T.);
#941=ORIENTED_EDGE('',*,*,#940,.T.);
#942=CARTESIAN_POINT('',(66.5,134.,0.));
#943=VERTEX_POINT('',#942);
#944=CARTESIAN_POINT('',(48.5,134.,0.));
#945=DIRECTION('',(1.,-0.,-0.));
#946=VECTOR('',#945,18.);
#947=LINE('',#944,#946);
#948=EDGE_CURVE('',#935,#943,#947,.T.);
#949=ORIENTED_EDGE('',*,*,#948,.T.);
#950=CARTESIAN_POINT('',(66.5,127.297825059,0.));
#951=VERTEX_POINT('',#950);
#952=CARTESIAN_POINT('',(66.5,134.,0.));
#953=DIRECTION('',(0.,-1.,0.));
#954=VECTOR('',#953,6.702174941);
#955=LINE('',#952,#954);
#956=EDGE_CURVE('',#943,#951,#955,.T.);
#957=ORIENTED_EDGE('',*,*,#956,.T.);
#958=CARTESIAN_POINT('',(66.494023904,127.288670377,0.));
#959=VERTEX_POINT('',#958);
#960=CARTESIAN_POINT('',(66.49,127.297825059,0.));
#961=DIRECTION('',(-0.,-0.,-1.));
#962=DIRECTION('',(1.,0.,-0.));
#963=AXIS2_PLACEMENT_3D('',#960,#961,#962);
#964=CIRCLE('',#963,0.01);
#965=EDGE_CURVE('',#951,#959,#964,.T.);
#966=ORIENTED_EDGE('',*,*,#965,.T.);
#967=CARTESIAN_POINT('',(66.494023904,122.711329623,0.));
#968=VERTEX_POINT('',#967);
#969=CARTESIAN_POINT('',(67.5,125.,0.));
#970=DIRECTION('',(0.,0.,1.));
#971=DIRECTION('',(1.,0.,-0.));
#972=AXIS2_PLACEMENT_3D('',#969,#970,#971);
#973=CIRCLE('',#972,2.5);
#974=EDGE_CURVE('',#959,#968,#973,.T.);
#975=ORIENTED_EDGE('',*,*,#974,.T.);
#976=CARTESIAN_POINT('',(66.5,122.702174941,0.));
#977=VERTEX_POINT('',#976);
#978=CARTESIAN_POINT('',(66.49,122.702174941,0.));
#979=DIRECTION('',(-0.,-0.,-1.));
#980=DIRECTION('',(1.,0.,-0.));
#981=AXIS2_PLACEMENT_3D('',#978,#979,#980);
#982=CIRCLE('',#981,0.01);
#983=EDGE_CURVE('',#968,#977,#982,.T.);
#984=ORIENTED_EDGE('',*,*,#983,.T.);
#985=CARTESIAN_POINT('',(66.5,117.,0.));
#986=VERTEX_POINT('',#985);
#987=CARTESIAN_POINT('',(66.5,122.702174941,0.));
#988=DIRECTION('',(0.,-1.,0.));
#989=VECTOR('',#988,5.702174941);
#990=LINE('',#987,#989);
#991=EDGE_CURVE('',#977,#986,#990,.T.);
#992=ORIENTED_EDGE('',*,*,#991,.T.);
#993=CARTESIAN_POINT('',(68.5,117.,0.));
#994=VERTEX_POINT('',#993);
#995=CARTESIAN_POINT('',(66.5,117.,0.));
#996=DIRECTION('',(1.,0.,-0.));
#997=VECTOR('',#996,2.);
#998=LINE('',#995,#997);
#999=EDGE_CURVE('',#986,#994,#998,.T.);
#1000=ORIENTED_EDGE('',*,*,#999,.T.);
#1001=CARTESIAN_POINT('',(68.5,122.708712153,0.));
#1002=VERTEX_POINT('',#1001);
#1003=CARTESIAN_POINT('',(68.5,122.708712153,0.));
#1004=DIRECTION('',(0.,-1.,0.));
#1005=VECTOR('',#1004,5.708712153);
#1006=LINE('',#1003,#1005);
#1007=EDGE_CURVE('',#1002,#994,#1006,.T.);
#1008=ORIENTED_EDGE('',*,*,#1007,.F.);
#1009=CARTESIAN_POINT('',(70.,125.,0.));
#1010=VERTEX_POINT('',#1009);
#1011=CARTESIAN_POINT('',(67.5,125.,0.));
#1012=DIRECTION('',(0.,0.,1.));
#1013=DIRECTION('',(1.,0.,-0.));
#1014=AXIS2_PLACEMENT_3D('',#1011,#1012,#1013);
#1015=CIRCLE('',#1014,2.5);
#1016=EDGE_CURVE('',#1002,#1010,#1015,.T.);
#1017=ORIENTED_EDGE('',*,*,#1016,.T.);
#1018=CARTESIAN_POINT('',(67.5,125.,0.));
#1019=DIRECTION('',(0.,0.,1.));
#1020=DIRECTION('',(1.,0.,-0.));
#1021=AXIS2_PLACEMENT_3D('',#1018,#1019,#1020);
#1022=CIRCLE('',#1021,2.5);
#1023=EDGE_CURVE('',#1010,#903,#1022,.T.);
#1024=ORIENTED_EDGE('',*,*,#1023,.T.);
#1025=EDGE_LOOP('',(#909,#917,#925,#933,#941,#949,#957,#966,#975,#984,#992,#1000,#1008,#1017,#1024));
#1026=FACE_BOUND('',#1025,.T.);
#1027=CARTESIAN_POINT('',(75.5,78.,0.));
#1028=VERTEX_POINT('',#1027);
#1029=CARTESIAN_POINT('',(79.5,78.,0.));
#1030=DIRECTION('',(0.,0.,-1.));
#1031=DIRECTION('',(-1.,0.,0.));
#1032=AXIS2_PLACEMENT_3D('',#1029,#1030,#1031);
#1033=CIRCLE('',#1032,4.);
#1034=EDGE_CURVE('',#1028,#1028,#1033,.T.);
#1035=ORIENTED_EDGE('',*,*,#1034,.F.);
#1036=EDGE_LOOP('',(#1035));
#1037=FACE_BOUND('',#1036,.T.);
#1038=CARTESIAN_POINT('',(51.55,78.,0.));
#1039=VERTEX_POINT('',#1038);
#1040=CARTESIAN_POINT('',(55.55,78.,0.));
#1041=DIRECTION('',(0.,0.,-1.));
#1042=DIRECTION('',(-1.,0.,0.));
#1043=AXIS2_PLACEMENT_3D('',#1040,#1041,#1042);
#1044=CIRCLE('',#1043,4.);
#1045=EDGE_CURVE('',#1039,#1039,#1044,.T.);
#1046=ORIENTED_EDGE('',*,*,#1045,.F.);
#1047=EDGE_LOOP('',(#1046));
#1048=FACE_BOUND('',#1047,.T.);
#1049=CARTESIAN_POINT('',(75.5,63.3,0.));
#1050=VERTEX_POINT('',#1049);
#1051=CARTESIAN_POINT('',(79.5,63.3,0.));
#1052=DIRECTION('',(0.,0.,-1.));
#1053=DIRECTION('',(-1.,0.,0.));
#1054=AXIS2_PLACEMENT_3D('',#1051,#1052,#1053);
#1055=CIRCLE('',#1054,4.);
#1056=EDGE_CURVE('',#1050,#1050,#1055,.T.);
#1057=ORIENTED_EDGE('',*,*,#1056,.F.);
#1058=EDGE_LOOP('',(#1057));
#1059=FACE_BOUND('',#1058,.T.);
#1060=CARTESIAN_POINT('',(51.55,63.3,0.));
#1061=VERTEX_POINT('',#1060);
#1062=CARTESIAN_POINT('',(55.55,63.3,0.));
#1063=DIRECTION('',(0.,0.,-1.));
#1064=DIRECTION('',(-1.,0.,0.));
#1065=AXIS2_PLACEMENT_3D('',#1062,#1063,#1064);
#1066=CIRCLE('',#1065,4.);
#1067=EDGE_CURVE('',#1061,#1061,#1066,.T.);
#1068=ORIENTED_EDGE('',*,*,#1067,.F.);
#1069=EDGE_LOOP('',(#1068));
#1070=FACE_BOUND('',#1069,.T.);
#1071=CARTESIAN_POINT('',(62.5,73.9,0.));
#1072=VERTEX_POINT('',#1071);
#1073=CARTESIAN_POINT('',(72.5,73.9,0.));
#1074=VERTEX_POINT('',#1073);
#1075=CARTESIAN_POINT('',(62.5,73.9,0.));
#1076=DIRECTION('',(1.,0.,-0.));
#1077=VECTOR('',#1076,10.);
#1078=LINE('',#1075,#1077);
#1079=EDGE_CURVE('',#1072,#1074,#1078,.T.);
#1080=ORIENTED_EDGE('',*,*,#1079,.F.);
#1081=CARTESIAN_POINT('',(62.5,62.9,0.));
#1082=VERTEX_POINT('',#1081);
#1083=CARTESIAN_POINT('',(62.5,62.9,0.));
#1084=DIRECTION('',(0.,1.,0.));
#1085=VECTOR('',#1084,11.);
#1086=LINE('',#1083,#1085);
#1087=EDGE_CURVE('',#1082,#1072,#1086,.T.);
#1088=ORIENTED_EDGE('',*,*,#1087,.F.);
#1089=CARTESIAN_POINT('',(72.5,62.9,0.));
#1090=VERTEX_POINT('',#1089);
#1091=CARTESIAN_POINT('',(62.5,62.9,0.));
#1092=DIRECTION('',(1.,0.,-0.));
#1093=VECTOR('',#1092,10.);
#1094=LINE('',#1091,#1093);
#1095=EDGE_CURVE('',#1082,#1090,#1094,.T.);
#1096=ORIENTED_EDGE('',*,*,#1095,.T.);
#1097=CARTESIAN_POINT('',(72.5,62.9,0.));
#1098=DIRECTION('',(0.,1.,0.));
#1099=VECTOR('',#1098,11.);
#1100=LINE('',#1097,#1099);
#1101=EDGE_CURVE('',#1090,#1074,#1100,.T.);
#1102=ORIENTED_EDGE('',*,*,#1101,.T.);
#1103=EDGE_LOOP('',(#1080,#1088,#1096,#1102));
#1104=FACE_BOUND('',#1103,.T.);
#1105=ADVANCED_FACE('',(#1026,#1037,#1048,#1059,#1070,#1104),#899,.F.);
#1106=CARTESIAN_POINT('',(0.,0.,10.));
#1107=DIRECTION('',(0.,0.,1.));
#1108=DIRECTION('',(1.,0.,0.));
#1109=AXIS2_PLACEMENT_3D('',#1106,#1107,#1108);
#1110=PLANE('',#1109);
#1111=CARTESIAN_POINT('',(51.9,52.3,10.));
#1112=VERTEX_POINT('',#1111);
#1113=CARTESIAN_POINT('',(51.9,55.4,10.));
#1114=DIRECTION('',(0.,-1.,0.));
#1115=VECTOR('',#1114,3.1);
#1116=LINE('',#1113,#1115);
#1117=EDGE_CURVE('',#444,#1112,#1116,.T.);
#1118=ORIENTED_EDGE('',*,*,#1117,.F.);
#1119=ORIENTED_EDGE('',*,*,#464,.F.);
#1120=ORIENTED_EDGE('',*,*,#559,.T.);
#1121=CARTESIAN_POINT('',(48.5,48.5,10.));
#1122=DIRECTION('',(0.,0.,1.));
#1123=DIRECTION('',(1.,0.,-0.));
#1124=AXIS2_PLACEMENT_3D('',#1121,#1122,#1123);
#1125=CIRCLE('',#1124,1.);
#1126=EDGE_CURVE('',#548,#694,#1125,.T.);
#1127=ORIENTED_EDGE('',*,*,#1126,.T.);
#1128=ORIENTED_EDGE('',*,*,#701,.T.);
#1129=CARTESIAN_POINT('',(86.5,48.5,10.));
#1130=DIRECTION('',(0.,0.,1.));
#1131=DIRECTION('',(1.,0.,-0.));
#1132=AXIS2_PLACEMENT_3D('',#1129,#1130,#1131);
#1133=CIRCLE('',#1132,1.);
#1134=EDGE_CURVE('',#696,#776,#1133,.T.);
#1135=ORIENTED_EDGE('',*,*,#1134,.T.);
#1136=ORIENTED_EDGE('',*,*,#781,.T.);
#1137=CARTESIAN_POINT('',(86.5,134.,10.));
#1138=DIRECTION('',(0.,0.,1.));
#1139=DIRECTION('',(1.,0.,-0.));
#1140=AXIS2_PLACEMENT_3D('',#1137,#1138,#1139);
#1141=CIRCLE('',#1140,1.);
#1142=EDGE_CURVE('',#768,#798,#1141,.T.);
#1143=ORIENTED_EDGE('',*,*,#1142,.T.);
#1144=ORIENTED_EDGE('',*,*,#805,.T.);
#1145=CARTESIAN_POINT('',(68.5,127.291287847,10.));
#1146=VERTEX_POINT('',#1145);
#1147=CARTESIAN_POINT('',(68.5,135.,10.));
#1148=DIRECTION('',(0.,-1.,0.));
#1149=VECTOR('',#1148,7.708712153);
#1150=LINE('',#1147,#1149);
#1151=EDGE_CURVE('',#800,#1146,#1150,.T.);
#1152=ORIENTED_EDGE('',*,*,#1151,.T.);
#1153=CARTESIAN_POINT('',(70.,125.,10.));
#1154=VERTEX_POINT('',#1153);
#1155=CARTESIAN_POINT('',(67.5,125.,10.));
#1156=DIRECTION('',(0.,0.,1.));
#1157=DIRECTION('',(1.,0.,-0.));
#1158=AXIS2_PLACEMENT_3D('',#1155,#1156,#1157);
#1159=CIRCLE('',#1158,2.5);
#1160=EDGE_CURVE('',#1154,#1146,#1159,.T.);
#1161=ORIENTED_EDGE('',*,*,#1160,.F.);
#1162=CARTESIAN_POINT('',(68.5,122.708712153,10.));
#1163=VERTEX_POINT('',#1162);
#1164=CARTESIAN_POINT('',(67.5,125.,10.));
#1165=DIRECTION('',(0.,0.,1.));
#1166=DIRECTION('',(1.,0.,-0.));
#1167=AXIS2_PLACEMENT_3D('',#1164,#1165,#1166);
#1168=CIRCLE('',#1167,2.5);
#1169=EDGE_CURVE('',#1163,#1154,#1168,.T.);
#1170=ORIENTED_EDGE('',*,*,#1169,.F.);
#1171=CARTESIAN_POINT('',(68.5,117.,10.));
#1172=VERTEX_POINT('',#1171);
#1173=CARTESIAN_POINT('',(68.5,122.708712153,10.));
#1174=DIRECTION('',(0.,-1.,0.));
#1175=VECTOR('',#1174,5.708712153);
#1176=LINE('',#1173,#1175);
#1177=EDGE_CURVE('',#1163,#1172,#1176,.T.);
#1178=ORIENTED_EDGE('',*,*,#1177,.T.);
#1179=CARTESIAN_POINT('',(66.5,117.,10.));
#1180=VERTEX_POINT('',#1179);
#1181=CARTESIAN_POINT('',(66.5,117.,10.));
#1182=DIRECTION('',(1.,0.,-0.));
#1183=VECTOR('',#1182,2.);
#1184=LINE('',#1181,#1183);
#1185=EDGE_CURVE('',#1180,#1172,#1184,.T.);
#1186=ORIENTED_EDGE('',*,*,#1185,.F.);
#1187=CARTESIAN_POINT('',(66.5,122.702174941,10.));
#1188=VERTEX_POINT('',#1187);
#1189=CARTESIAN_POINT('',(66.5,122.702174941,10.));
#1190=DIRECTION('',(0.,-1.,0.));
#1191=VECTOR('',#1190,5.702174941);
#1192=LINE('',#1189,#1191);
#1193=EDGE_CURVE('',#1188,#1180,#1192,.T.);
#1194=ORIENTED_EDGE('',*,*,#1193,.F.);
#1195=CARTESIAN_POINT('',(66.494023904,122.711329623,10.));
#1196=VERTEX_POINT('',#1195);
#1197=CARTESIAN_POINT('',(66.49,122.702174941,10.));
#1198=DIRECTION('',(0.,0.,1.));
#1199=DIRECTION('',(1.,0.,-0.));
#1200=AXIS2_PLACEMENT_3D('',#1197,#1198,#1199);
#1201=CIRCLE('',#1200,0.01);
#1202=EDGE_CURVE('',#1188,#1196,#1201,.T.);
#1203=ORIENTED_EDGE('',*,*,#1202,.T.);
#1204=CARTESIAN_POINT('',(66.494023904,127.288670377,10.));
#1205=VERTEX_POINT('',#1204);
#1206=CARTESIAN_POINT('',(67.5,125.,10.));
#1207=DIRECTION('',(0.,0.,1.));
#1208=DIRECTION('',(1.,0.,-0.));
#1209=AXIS2_PLACEMENT_3D('',#1206,#1207,#1208);
#1210=CIRCLE('',#1209,2.5);
#1211=EDGE_CURVE('',#1205,#1196,#1210,.T.);
#1212=ORIENTED_EDGE('',*,*,#1211,.F.);
#1213=CARTESIAN_POINT('',(66.5,127.297825059,10.));
#1214=VERTEX_POINT('',#1213);
#1215=CARTESIAN_POINT('',(66.49,127.297825059,10.));
#1216=DIRECTION('',(0.,0.,1.));
#1217=DIRECTION('',(1.,0.,-0.));
#1218=AXIS2_PLACEMENT_3D('',#1215,#1216,#1217);
#1219=CIRCLE('',#1218,0.01);
#1220=EDGE_CURVE('',#1205,#1214,#1219,.T.);
#1221=ORIENTED_EDGE('',*,*,#1220,.T.);
#1222=CARTESIAN_POINT('',(66.5,135.,10.));
#1223=DIRECTION('',(0.,-1.,0.));
#1224=VECTOR('',#1223,7.702174941);
#1225=LINE('',#1222,#1224);
#1226=EDGE_CURVE('',#879,#1214,#1225,.T.);
#1227=ORIENTED_EDGE('',*,*,#1226,.F.);
#1228=ORIENTED_EDGE('',*,*,#884,.F.);
#1229=CARTESIAN_POINT('',(61.4,113.,10.));
#1230=VERTEX_POINT('',#1229);
#1231=CARTESIAN_POINT('',(61.4,113.,10.));
#1232=DIRECTION('',(0.,1.,0.));
#1233=VECTOR('',#1232,22.);
#1234=LINE('',#1231,#1233);
#1235=EDGE_CURVE('',#1230,#871,#1234,.T.);
#1236=ORIENTED_EDGE('',*,*,#1235,.F.);
#1237=CARTESIAN_POINT('',(72.6,113.,10.));
#1238=VERTEX_POINT('',#1237);
#1239=CARTESIAN_POINT('',(61.4,113.,10.));
#1240=DIRECTION('',(1.,0.,-0.));
#1241=VECTOR('',#1240,11.2);
#1242=LINE('',#1239,#1241);
#1243=EDGE_CURVE('',#1230,#1238,#1242,.T.);
#1244=ORIENTED_EDGE('',*,*,#1243,.T.);
#1245=CARTESIAN_POINT('',(72.6,98.5,10.));
#1246=VERTEX_POINT('',#1245);
#1247=CARTESIAN_POINT('',(72.6,98.5,10.));
#1248=DIRECTION('',(0.,1.,0.));
#1249=VECTOR('',#1248,14.5);
#1250=LINE('',#1247,#1249);
#1251=EDGE_CURVE('',#1246,#1238,#1250,.T.);
#1252=ORIENTED_EDGE('',*,*,#1251,.F.);
#1253=CARTESIAN_POINT('',(83.1,98.5,10.));
#1254=VERTEX_POINT('',#1253);
#1255=CARTESIAN_POINT('',(83.1,98.5,10.));
#1256=DIRECTION('',(-1.,0.,0.));
#1257=VECTOR('',#1256,10.5);
#1258=LINE('',#1255,#1257);
#1259=EDGE_CURVE('',#1254,#1246,#1258,.T.);
#1260=ORIENTED_EDGE('',*,*,#1259,.F.);
#1261=CARTESIAN_POINT('',(83.1,52.3,10.));
#1262=VERTEX_POINT('',#1261);
#1263=CARTESIAN_POINT('',(83.1,52.3,10.));
#1264=DIRECTION('',(0.,1.,0.));
#1265=VECTOR('',#1264,46.2);
#1266=LINE('',#1263,#1265);
#1267=EDGE_CURVE('',#1262,#1254,#1266,.T.);
#1268=ORIENTED_EDGE('',*,*,#1267,.F.);
#1269=CARTESIAN_POINT('',(51.9,52.3,10.));
#1270=DIRECTION('',(1.,-0.,0.));
#1271=VECTOR('',#1270,31.2);
#1272=LINE('',#1269,#1271);
#1273=EDGE_CURVE('',#1112,#1262,#1272,.T.);
#1274=ORIENTED_EDGE('',*,*,#1273,.F.);
#1275=EDGE_LOOP('',(#1118,#1119,#1120,#1127,#1128,#1135,#1136,#1143,#1144,#1152,#1161,#1170,#1178,#1186,#1194,#1203,#1212,#1221,#1227,#1228,#1236,#1244,#1252,#1260,#1268,#1274));
#1276=FACE_BOUND('',#1275,.T.);
#1277=CARTESIAN_POINT('',(85.85,125.003159046,10.));
#1278=VERTEX_POINT('',#1277);
#1279=CARTESIAN_POINT('',(85.05,125.003159046,10.));
#1280=DIRECTION('',(0.,0.,1.));
#1281=DIRECTION('',(1.,0.,-0.));
#1282=AXIS2_PLACEMENT_3D('',#1279,#1280,#1281);
#1283=CIRCLE('',#1282,0.8);
#1284=EDGE_CURVE('',#1278,#1278,#1283,.T.);
#1285=ORIENTED_EDGE('',*,*,#1284,.F.);
#1286=EDGE_LOOP('',(#1285));
#1287=FACE_BOUND('',#1286,.T.);
#1288=CARTESIAN_POINT('',(85.85,50.15,10.));
#1289=VERTEX_POINT('',#1288);
#1290=CARTESIAN_POINT('',(85.05,50.15,10.));
#1291=DIRECTION('',(0.,0.,1.));
#1292=DIRECTION('',(1.,0.,-0.));
#1293=AXIS2_PLACEMENT_3D('',#1290,#1291,#1292);
#1294=CIRCLE('',#1293,0.8);
#1295=EDGE_CURVE('',#1289,#1289,#1294,.T.);
#1296=ORIENTED_EDGE('',*,*,#1295,.F.);
#1297=EDGE_LOOP('',(#1296));
#1298=FACE_BOUND('',#1297,.T.);
#1299=CARTESIAN_POINT('',(50.75,50.15,10.));
#1300=VERTEX_POINT('',#1299);
#1301=CARTESIAN_POINT('',(49.95,50.15,10.));
#1302=DIRECTION('',(0.,0.,1.));
#1303=DIRECTION('',(1.,0.,-0.));
#1304=AXIS2_PLACEMENT_3D('',#1301,#1302,#1303);
#1305=CIRCLE('',#1304,0.8);
#1306=EDGE_CURVE('',#1300,#1300,#1305,.T.);
#1307=ORIENTED_EDGE('',*,*,#1306,.F.);
#1308=EDGE_LOOP('',(#1307));
#1309=FACE_BOUND('',#1308,.T.);
#1310=ADVANCED_FACE('',(#1276,#1287,#1298,#1309),#1110,.T.);
#1311=CARTESIAN_POINT('',(47.5,82.9,9.));
#1312=DIRECTION('',(0.,1.,0.));
#1313=DIRECTION('',(0.,0.,1.));
#1314=AXIS2_PLACEMENT_3D('',#1311,#1312,#1313);
#1315=PLANE('',#1314);
#1316=ORIENTED_EDGE('',*,*,#175,.F.);
#1317=CARTESIAN_POINT('',(51.9,82.9,5.));
#1318=DIRECTION('',(0.,0.,1.));
#1319=VECTOR('',#1318,5.);
#1320=LINE('',#1317,#1319);
#1321=EDGE_CURVE('',#162,#371,#1320,.T.);
#1322=ORIENTED_EDGE('',*,*,#1321,.T.);
#1323=ORIENTED_EDGE('',*,*,#433,.F.);
#1324=ORIENTED_EDGE('',*,*,#567,.F.);
#1325=EDGE_LOOP('',(#1316,#1322,#1323,#1324));
#1326=FACE_BOUND('',#1325,.T.);
#1327=ADVANCED_FACE('',(#1326),#1315,.F.);
#1328=CARTESIAN_POINT('',(79.5,78.,0.));
#1329=DIRECTION('',(0.,0.,1.));
#1330=DIRECTION('',(1.,0.,-0.));
#1331=AXIS2_PLACEMENT_3D('',#1328,#1329,#1330);
#1332=CYLINDRICAL_SURFACE('',#1331,2.5);
#1333=CARTESIAN_POINT('',(82.,78.,3.4));
#1334=VERTEX_POINT('',#1333);
#1335=CARTESIAN_POINT('',(82.,78.,5.));
#1336=DIRECTION('',(-0.,-0.,-1.));
#1337=VECTOR('',#1336,1.6);
#1338=LINE('',#1335,#1337);
#1339=EDGE_CURVE('',#66,#1334,#1338,.T.);
#1340=ORIENTED_EDGE('',*,*,#1339,.F.);
#1341=ORIENTED_EDGE('',*,*,#72,.T.);
#1342=ORIENTED_EDGE('',*,*,#1339,.T.);
#1343=CARTESIAN_POINT('',(77.,78.,3.4));
#1344=VERTEX_POINT('',#1343);
#1345=CARTESIAN_POINT('',(79.5,78.,3.4));
#1346=DIRECTION('',(0.,0.,1.));
#1347=DIRECTION('',(-1.,0.,0.));
#1348=AXIS2_PLACEMENT_3D('',#1345,#1346,#1347);
#1349=CIRCLE('',#1348,2.5);
#1350=EDGE_CURVE('',#1344,#1334,#1349,.T.);
#1351=ORIENTED_EDGE('',*,*,#1350,.F.);
#1352=CARTESIAN_POINT('',(79.5,78.,3.4));
#1353=DIRECTION('',(0.,0.,1.));
#1354=DIRECTION('',(-1.,0.,0.));
#1355=AXIS2_PLACEMENT_3D('',#1352,#1353,#1354);
#1356=CIRCLE('',#1355,2.5);
#1357=EDGE_CURVE('',#1334,#1344,#1356,.T.);
#1358=ORIENTED_EDGE('',*,*,#1357,.F.);
#1359=EDGE_LOOP('',(#1340,#1341,#1342,#1351,#1358));
#1360=FACE_BOUND('',#1359,.T.);
#1361=ADVANCED_FACE('',(#1360),#1332,.F.);
#1362=CARTESIAN_POINT('',(55.55,78.,0.));
#1363=DIRECTION('',(0.,0.,1.));
#1364=DIRECTION('',(1.,0.,-0.));
#1365=AXIS2_PLACEMENT_3D('',#1362,#1363,#1364);
#1366=CYLINDRICAL_SURFACE('',#1365,2.5);
#1367=CARTESIAN_POINT('',(58.05,78.,3.4));
#1368=VERTEX_POINT('',#1367);
#1369=CARTESIAN_POINT('',(58.05,78.,5.));
#1370=DIRECTION('',(-0.,-0.,-1.));
#1371=VECTOR('',#1370,1.6);
#1372=LINE('',#1369,#1371);
#1373=EDGE_CURVE('',#44,#1368,#1372,.T.);
#1374=ORIENTED_EDGE('',*,*,#1373,.F.);
#1375=ORIENTED_EDGE('',*,*,#50,.T.);
#1376=ORIENTED_EDGE('',*,*,#1373,.T.);
#1377=CARTESIAN_POINT('',(53.05,78.,3.4));
#1378=VERTEX_POINT('',#1377);
#1379=CARTESIAN_POINT('',(55.55,78.,3.4));
#1380=DIRECTION('',(0.,0.,1.));
#1381=DIRECTION('',(-1.,0.,0.));
#1382=AXIS2_PLACEMENT_3D('',#1379,#1380,#1381);
#1383=CIRCLE('',#1382,2.5);
#1384=EDGE_CURVE('',#1378,#1368,#1383,.T.);
#1385=ORIENTED_EDGE('',*,*,#1384,.F.);
#1386=CARTESIAN_POINT('',(55.55,78.,3.4));
#1387=DIRECTION('',(0.,0.,1.));
#1388=DIRECTION('',(-1.,0.,0.));
#1389=AXIS2_PLACEMENT_3D('',#1386,#1387,#1388);
#1390=CIRCLE('',#1389,2.5);
#1391=EDGE_CURVE('',#1368,#1378,#1390,.T.);
#1392=ORIENTED_EDGE('',*,*,#1391,.F.);
#1393=EDGE_LOOP('',(#1374,#1375,#1376,#1385,#1392));
#1394=FACE_BOUND('',#1393,.T.);
#1395=ADVANCED_FACE('',(#1394),#1366,.F.);
#1396=CARTESIAN_POINT('',(79.5,63.3,0.));
#1397=DIRECTION('',(0.,0.,1.));
#1398=DIRECTION('',(1.,0.,-0.));
#1399=AXIS2_PLACEMENT_3D('',#1396,#1397,#1398);
#1400=CYLINDRICAL_SURFACE('',#1399,2.5);
#1401=CARTESIAN_POINT('',(82.,63.3,3.4));
#1402=VERTEX_POINT('',#1401);
#1403=CARTESIAN_POINT('',(82.,63.3,5.));
#1404=DIRECTION('',(-0.,-0.,-1.));
#1405=VECTOR('',#1404,1.6);
#1406=LINE('',#1403,#1405);
#1407=EDGE_CURVE('',#55,#1402,#1406,.T.);
#1408=ORIENTED_EDGE('',*,*,#1407,.F.);
#1409=ORIENTED_EDGE('',*,*,#61,.T.);
#1410=ORIENTED_EDGE('',*,*,#1407,.T.);
#1411=CARTESIAN_POINT('',(77.,63.3,3.4));
#1412=VERTEX_POINT('',#1411);
#1413=CARTESIAN_POINT('',(79.5,63.3,3.4));
#1414=DIRECTION('',(0.,0.,1.));
#1415=DIRECTION('',(-1.,0.,0.));
#1416=AXIS2_PLACEMENT_3D('',#1413,#1414,#1415);
#1417=CIRCLE('',#1416,2.5);
#1418=EDGE_CURVE('',#1412,#1402,#1417,.T.);
#1419=ORIENTED_EDGE('',*,*,#1418,.F.);
#1420=CARTESIAN_POINT('',(79.5,63.3,3.4));
#1421=DIRECTION('',(0.,0.,1.));
#1422=DIRECTION('',(-1.,0.,0.));
#1423=AXIS2_PLACEMENT_3D('',#1420,#1421,#1422);
#1424=CIRCLE('',#1423,2.5);
#1425=EDGE_CURVE('',#1402,#1412,#1424,.T.);
#1426=ORIENTED_EDGE('',*,*,#1425,.F.);
#1427=EDGE_LOOP('',(#1408,#1409,#1410,#1419,#1426));
#1428=FACE_BOUND('',#1427,.T.);
#1429=ADVANCED_FACE('',(#1428),#1400,.F.);
#1430=CARTESIAN_POINT('',(55.55,63.3,0.));
#1431=DIRECTION('',(0.,0.,1.));
#1432=DIRECTION('',(1.,0.,-0.));
#1433=AXIS2_PLACEMENT_3D('',#1430,#1431,#1432);
#1434=CYLINDRICAL_SURFACE('',#1433,2.5);
#1435=CARTESIAN_POINT('',(58.05,63.3,3.4));
#1436=VERTEX_POINT('',#1435);
#1437=CARTESIAN_POINT('',(58.05,63.3,5.));
#1438=DIRECTION('',(-0.,-0.,-1.));
#1439=VECTOR('',#1438,1.6);
#1440=LINE('',#1437,#1439);
#1441=EDGE_CURVE('',#33,#1436,#1440,.T.);
#1442=ORIENTED_EDGE('',*,*,#1441,.F.);
#1443=ORIENTED_EDGE('',*,*,#39,.T.);
#1444=ORIENTED_EDGE('',*,*,#1441,.T.);
#1445=CARTESIAN_POINT('',(53.05,63.3,3.4));
#1446=VERTEX_POINT('',#1445);
#1447=CARTESIAN_POINT('',(55.55,63.3,3.4));
#1448=DIRECTION('',(0.,0.,1.));
#1449=DIRECTION('',(-1.,0.,0.));
#1450=AXIS2_PLACEMENT_3D('',#1447,#1448,#1449);
#1451=CIRCLE('',#1450,2.5);
#1452=EDGE_CURVE('',#1446,#1436,#1451,.T.);
#1453=ORIENTED_EDGE('',*,*,#1452,.F.);
#1454=CARTESIAN_POINT('',(55.55,63.3,3.4));
#1455=DIRECTION('',(0.,0.,1.));
#1456=DIRECTION('',(-1.,0.,0.));
#1457=AXIS2_PLACEMENT_3D('',#1454,#1455,#1456);
#1458=CIRCLE('',#1457,2.5);
#1459=EDGE_CURVE('',#1436,#1446,#1458,.T.);
#1460=ORIENTED_EDGE('',*,*,#1459,.F.);
#1461=EDGE_LOOP('',(#1442,#1443,#1444,#1453,#1460));
#1462=FACE_BOUND('',#1461,.T.);
#1463=ADVANCED_FACE('',(#1462),#1434,.F.);
#1464=CARTESIAN_POINT('',(0.,0.,6.));
#1465=DIRECTION('',(0.,0.,1.));
#1466=DIRECTION('',(1.,0.,0.));
#1467=AXIS2_PLACEMENT_3D('',#1464,#1465,#1466);
#1468=PLANE('',#1467);
#1469=ORIENTED_EDGE('',*,*,#635,.F.);
#1470=CARTESIAN_POINT('',(61.4,132.374772708,6.));
#1471=DIRECTION('',(0.,1.,0.));
#1472=VECTOR('',#1471,2.625227292);
#1473=LINE('',#1470,#1472);
#1474=EDGE_CURVE('',#621,#863,#1473,.T.);
#1475=ORIENTED_EDGE('',*,*,#1474,.T.);
#1476=ORIENTED_EDGE('',*,*,#868,.T.);
#1477=CARTESIAN_POINT('',(56.488067149,132.374772708,6.));
#1478=DIRECTION('',(0.004545408,0.99998967,0.));
#1479=VECTOR('',#1478,2.625254411);
#1480=LINE('',#1477,#1479);
#1481=EDGE_CURVE('',#630,#855,#1480,.T.);
#1482=ORIENTED_EDGE('',*,*,#1481,.F.);
#1483=EDGE_LOOP('',(#1469,#1475,#1476,#1482));
#1484=FACE_BOUND('',#1483,.T.);
#1485=ADVANCED_FACE('',(#1484),#1468,.T.);
#1486=CARTESIAN_POINT('',(68.5,131.145643924,0.));
#1487=DIRECTION('',(-1.,0.,0.));
#1488=DIRECTION('',(0.,0.,1.));
#1489=AXIS2_PLACEMENT_3D('',#1486,#1487,#1488);
#1490=PLANE('',#1489);
#1491=ORIENTED_EDGE('',*,*,#600,.T.);
#1492=EDGE_LOOP('',(#1491));
#1493=FACE_BOUND('',#1492,.T.);
#1494=ORIENTED_EDGE('',*,*,#827,.F.);
#1495=CARTESIAN_POINT('',(68.5,134.,1.));
#1496=DIRECTION('',(-1.,0.,0.));
#1497=DIRECTION('',(0.,0.,1.));
#1498=AXIS2_PLACEMENT_3D('',#1495,#1496,#1497);
#1499=CIRCLE('',#1498,1.);
#1500=EDGE_CURVE('',#816,#901,#1499,.T.);
#1501=ORIENTED_EDGE('',*,*,#1500,.T.);
#1502=ORIENTED_EDGE('',*,*,#908,.T.);
#1503=CARTESIAN_POINT('',(68.5,127.291287847,0.));
#1504=DIRECTION('',(0.,0.,1.));
#1505=VECTOR('',#1504,10.);
#1506=LINE('',#1503,#1505);
#1507=EDGE_CURVE('',#903,#1146,#1506,.T.);
#1508=ORIENTED_EDGE('',*,*,#1507,.T.);
#1509=ORIENTED_EDGE('',*,*,#1151,.F.);
#1510=EDGE_LOOP('',(#1494,#1501,#1502,#1508,#1509));
#1511=FACE_BOUND('',#1510,.T.);
#1512=ADVANCED_FACE('',(#1493,#1511),#1490,.T.);
#1513=CARTESIAN_POINT('',(67.45,92.,2.6));
#1514=DIRECTION('',(0.,-1.,0.));
#1515=DIRECTION('',(0.,0.,-1.));
#1516=AXIS2_PLACEMENT_3D('',#1513,#1514,#1515);
#1517=PLANE('',#1516);
#1518=CARTESIAN_POINT('',(57.8,92.,2.6));
#1519=VERTEX_POINT('',#1518);
#1520=CARTESIAN_POINT('',(69.4,92.,2.6));
#1521=VERTEX_POINT('',#1520);
#1522=CARTESIAN_POINT('',(57.8,92.,2.6));
#1523=DIRECTION('',(1.,0.,-0.));
#1524=VECTOR('',#1523,11.6);
#1525=LINE('',#1522,#1524);
#1526=EDGE_CURVE('',#1519,#1521,#1525,.T.);
#1527=ORIENTED_EDGE('',*,*,#1526,.T.);
#1528=CARTESIAN_POINT('',(69.4,92.,2.6));
#1529=DIRECTION('',(0.,0.,1.));
#1530=VECTOR('',#1529,2.4);
#1531=LINE('',#1528,#1530);
#1532=EDGE_CURVE('',#1521,#146,#1531,.T.);
#1533=ORIENTED_EDGE('',*,*,#1532,.T.);
#1534=ORIENTED_EDGE('',*,*,#285,.F.);
#1535=CARTESIAN_POINT('',(57.8,92.,2.6));
#1536=DIRECTION('',(0.,0.,1.));
#1537=VECTOR('',#1536,2.4);
#1538=LINE('',#1535,#1537);
#1539=EDGE_CURVE('',#1519,#274,#1538,.T.);
#1540=ORIENTED_EDGE('',*,*,#1539,.F.);
#1541=EDGE_LOOP('',(#1527,#1533,#1534,#1540));
#1542=FACE_BOUND('',#1541,.T.);
#1543=ADVANCED_FACE('',(#1542),#1517,.T.);
#1544=CARTESIAN_POINT('',(55.,95.4,1.));
#1545=DIRECTION('',(0.,0.,1.));
#1546=DIRECTION('',(1.,0.,-0.));
#1547=AXIS2_PLACEMENT_3D('',#1544,#1545,#1546);
#1548=CYLINDRICAL_SURFACE('',#1547,0.8);
#1549=CARTESIAN_POINT('',(55.8,95.4,1.));
#1550=VERTEX_POINT('',#1549);
#1551=CARTESIAN_POINT('',(55.8,95.4,5.));
#1552=DIRECTION('',(-0.,-0.,-1.));
#1553=VECTOR('',#1552,4.);
#1554=LINE('',#1551,#1553);
#1555=EDGE_CURVE('',#99,#1550,#1554,.T.);
#1556=ORIENTED_EDGE('',*,*,#1555,.F.);
#1557=ORIENTED_EDGE('',*,*,#105,.T.);
#1558=ORIENTED_EDGE('',*,*,#1555,.T.);
#1559=CARTESIAN_POINT('',(55.,95.4,1.));
#1560=DIRECTION('',(0.,0.,1.));
#1561=DIRECTION('',(1.,0.,-0.));
#1562=AXIS2_PLACEMENT_3D('',#1559,#1560,#1561);
#1563=CIRCLE('',#1562,0.8);
#1564=EDGE_CURVE('',#1550,#1550,#1563,.T.);
#1565=ORIENTED_EDGE('',*,*,#1564,.F.);
#1566=EDGE_LOOP('',(#1556,#1557,#1558,#1565));
#1567=FACE_BOUND('',#1566,.T.);
#1568=ADVANCED_FACE('',(#1567),#1548,.F.);
#1569=CARTESIAN_POINT('',(0.,0.,1.));
#1570=DIRECTION('',(0.,0.,1.));
#1571=DIRECTION('',(1.,0.,0.));
#1572=AXIS2_PLACEMENT_3D('',#1569,#1570,#1571);
#1573=PLANE('',#1572);
#1574=ORIENTED_EDGE('',*,*,#1564,.T.);
#1575=EDGE_LOOP('',(#1574));
#1576=FACE_BOUND('',#1575,.T.);
#1577=ADVANCED_FACE('',(#1576),#1573,.T.);
#1578=CARTESIAN_POINT('',(80.,95.4,1.));
#1579=DIRECTION('',(0.,0.,1.));
#1580=DIRECTION('',(1.,0.,-0.));
#1581=AXIS2_PLACEMENT_3D('',#1578,#1579,#1580);
#1582=CYLINDRICAL_SURFACE('',#1581,0.8);
#1583=CARTESIAN_POINT('',(80.8,95.4,1.));
#1584=VERTEX_POINT('',#1583);
#1585=CARTESIAN_POINT('',(80.8,95.4,5.));
#1586=DIRECTION('',(-0.,-0.,-1.));
#1587=VECTOR('',#1586,4.);
#1588=LINE('',#1585,#1587);
#1589=EDGE_CURVE('',#88,#1584,#1588,.T.);
#1590=ORIENTED_EDGE('',*,*,#1589,.F.);
#1591=ORIENTED_EDGE('',*,*,#94,.T.);
#1592=ORIENTED_EDGE('',*,*,#1589,.T.);
#1593=CARTESIAN_POINT('',(80.,95.4,1.));
#1594=DIRECTION('',(0.,0.,1.));
#1595=DIRECTION('',(1.,0.,-0.));
#1596=AXIS2_PLACEMENT_3D('',#1593,#1594,#1595);
#1597=CIRCLE('',#1596,0.8);
#1598=EDGE_CURVE('',#1584,#1584,#1597,.T.);
#1599=ORIENTED_EDGE('',*,*,#1598,.F.);
#1600=EDGE_LOOP('',(#1590,#1591,#1592,#1599));
#1601=FACE_BOUND('',#1600,.T.);
#1602=ADVANCED_FACE('',(#1601),#1582,.F.);
#1603=CARTESIAN_POINT('',(0.,0.,1.));
#1604=DIRECTION('',(0.,0.,1.));
#1605=DIRECTION('',(1.,0.,0.));
#1606=AXIS2_PLACEMENT_3D('',#1603,#1604,#1605);
#1607=PLANE('',#1606);
#1608=ORIENTED_EDGE('',*,*,#1598,.T.);
#1609=EDGE_LOOP('',(#1608));
#1610=FACE_BOUND('',#1609,.T.);
#1611=ADVANCED_FACE('',(#1610),#1607,.T.);
#1612=CARTESIAN_POINT('',(67.45,92.,2.6));
#1613=DIRECTION('',(0.,-1.,0.));
#1614=DIRECTION('',(0.,0.,-1.));
#1615=AXIS2_PLACEMENT_3D('',#1612,#1613,#1614);
#1616=PLANE('',#1615);
#1617=CARTESIAN_POINT('',(73.6,92.,2.6));
#1618=VERTEX_POINT('',#1617);
#1619=CARTESIAN_POINT('',(73.6,92.,2.6));
#1620=DIRECTION('',(0.,0.,1.));
#1621=VECTOR('',#1620,2.4);
#1622=LINE('',#1619,#1621);
#1623=EDGE_CURVE('',#1618,#226,#1622,.T.);
#1624=ORIENTED_EDGE('',*,*,#1623,.F.);
#1625=CARTESIAN_POINT('',(77.6,92.,2.6));
#1626=VERTEX_POINT('',#1625);
#1627=CARTESIAN_POINT('',(73.6,92.,2.6));
#1628=DIRECTION('',(1.,0.,-0.));
#1629=VECTOR('',#1628,4.);
#1630=LINE('',#1627,#1629);
#1631=EDGE_CURVE('',#1618,#1626,#1630,.T.);
#1632=ORIENTED_EDGE('',*,*,#1631,.T.);
#1633=CARTESIAN_POINT('',(77.6,92.,2.6));
#1634=DIRECTION('',(0.,0.,1.));
#1635=VECTOR('',#1634,2.4);
#1636=LINE('',#1633,#1635);
#1637=EDGE_CURVE('',#1626,#234,#1636,.T.);
#1638=ORIENTED_EDGE('',*,*,#1637,.T.);
#1639=ORIENTED_EDGE('',*,*,#239,.F.);
#1640=EDGE_LOOP('',(#1624,#1632,#1638,#1639));
#1641=FACE_BOUND('',#1640,.T.);
#1642=ADVANCED_FACE('',(#1641),#1616,.T.);
#1643=CARTESIAN_POINT('',(0.,0.,2.6));
#1644=DIRECTION('',(0.,0.,1.));
#1645=DIRECTION('',(1.,0.,0.));
#1646=AXIS2_PLACEMENT_3D('',#1643,#1644,#1645);
#1647=PLANE('',#1646);
#1648=CARTESIAN_POINT('',(77.6,81.519943181,2.6));
#1649=VERTEX_POINT('',#1648);
#1650=CARTESIAN_POINT('',(76.854287895,81.000034576,2.6));
#1651=VERTEX_POINT('',#1650);
#1652=CARTESIAN_POINT('',(79.5,78.,2.6));
#1653=DIRECTION('',(0.,0.,1.));
#1654=DIRECTION('',(1.,0.,-0.));
#1655=AXIS2_PLACEMENT_3D('',#1652,#1653,#1654);
#1656=CIRCLE('',#1655,4.);
#1657=EDGE_CURVE('',#1649,#1651,#1656,.T.);
#1658=ORIENTED_EDGE('',*,*,#1657,.F.);
#1659=CARTESIAN_POINT('',(77.6,81.519943181,2.6));
#1660=DIRECTION('',(0.,1.,0.));
#1661=VECTOR('',#1660,10.480056819);
#1662=LINE('',#1659,#1661);
#1663=EDGE_CURVE('',#1649,#1626,#1662,.T.);
#1664=ORIENTED_EDGE('',*,*,#1663,.T.);
#1665=ORIENTED_EDGE('',*,*,#1631,.F.);
#1666=CARTESIAN_POINT('',(73.6,98.5,2.6));
#1667=VERTEX_POINT('',#1666);
#1668=CARTESIAN_POINT('',(73.6,98.5,2.6));
#1669=DIRECTION('',(0.,-1.,0.));
#1670=VECTOR('',#1669,6.5);
#1671=LINE('',#1668,#1670);
#1672=EDGE_CURVE('',#1667,#1618,#1671,.T.);
#1673=ORIENTED_EDGE('',*,*,#1672,.F.);
#1674=CARTESIAN_POINT('',(69.4,98.5,2.6));
#1675=VERTEX_POINT('',#1674);
#1676=CARTESIAN_POINT('',(69.4,98.5,2.6));
#1677=DIRECTION('',(1.,0.,-0.));
#1678=VECTOR('',#1677,4.2);
#1679=LINE('',#1676,#1678);
#1680=EDGE_CURVE('',#1675,#1667,#1679,.T.);
#1681=ORIENTED_EDGE('',*,*,#1680,.F.);
#1682=CARTESIAN_POINT('',(69.4,98.5,2.6));
#1683=DIRECTION('',(0.,-1.,0.));
#1684=VECTOR('',#1683,6.5);
#1685=LINE('',#1682,#1684);
#1686=EDGE_CURVE('',#1675,#1521,#1685,.T.);
#1687=ORIENTED_EDGE('',*,*,#1686,.T.);
#1688=ORIENTED_EDGE('',*,*,#1526,.F.);
#1689=CARTESIAN_POINT('',(57.39398641,92.002131045,2.6));
#1690=VERTEX_POINT('',#1689);
#1691=CARTESIAN_POINT('',(57.39398641,92.002131045,2.6));
#1692=DIRECTION('',(0.999986226,-0.005248631,0.));
#1693=VECTOR('',#1692,0.406019182);
#1694=LINE('',#1691,#1693);
#1695=EDGE_CURVE('',#1690,#1519,#1694,.T.);
#1696=ORIENTED_EDGE('',*,*,#1695,.F.);
#1697=CARTESIAN_POINT('',(57.39398641,89.00003313,2.6));
#1698=VERTEX_POINT('',#1697);
#1699=CARTESIAN_POINT('',(57.39398641,89.00003313,2.6));
#1700=DIRECTION('',(0.,1.,0.));
#1701=VECTOR('',#1700,3.002097914);
#1702=LINE('',#1699,#1701);
#1703=EDGE_CURVE('',#1698,#1690,#1702,.T.);
#1704=ORIENTED_EDGE('',*,*,#1703,.F.);
#1705=CARTESIAN_POINT('',(57.398466265,81.547276768,2.6));
#1706=VERTEX_POINT('',#1705);
#1707=CARTESIAN_POINT('',(57.39398641,89.00003313,2.6));
#1708=DIRECTION('',(0.0006011,-0.999999819,0.));
#1709=VECTOR('',#1708,7.452757709);
#1710=LINE('',#1707,#1709);
#1711=EDGE_CURVE('',#1698,#1706,#1710,.T.);
#1712=ORIENTED_EDGE('',*,*,#1711,.T.);
#1713=CARTESIAN_POINT('',(58.195712105,81.000034576,2.6));
#1714=VERTEX_POINT('',#1713);
#1715=CARTESIAN_POINT('',(55.55,78.,2.6));
#1716=DIRECTION('',(0.,0.,1.));
#1717=DIRECTION('',(1.,0.,-0.));
#1718=AXIS2_PLACEMENT_3D('',#1715,#1716,#1717);
#1719=CIRCLE('',#1718,4.);
#1720=EDGE_CURVE('',#1714,#1706,#1719,.T.);
#1721=ORIENTED_EDGE('',*,*,#1720,.F.);
#1722=CARTESIAN_POINT('',(58.195712105,81.000034576,2.6));
#1723=DIRECTION('',(1.,0.,-0.));
#1724=VECTOR('',#1723,18.658575789);
#1725=LINE('',#1722,#1724);
#1726=EDGE_CURVE('',#1714,#1651,#1725,.T.);
#1727=ORIENTED_EDGE('',*,*,#1726,.T.);
#1728=EDGE_LOOP('',(#1658,#1664,#1665,#1673,#1681,#1687,#1688,#1696,#1704,#1712,#1721,#1727));
#1729=FACE_BOUND('',#1728,.T.);
#1730=ADVANCED_FACE('',(#1729),#1647,.T.);
#1731=CARTESIAN_POINT('',(69.4,95.,2.6));
#1732=DIRECTION('',(-1.,0.,0.));
#1733=DIRECTION('',(0.,0.,1.));
#1734=AXIS2_PLACEMENT_3D('',#1731,#1732,#1733);
#1735=PLANE('',#1734);
#1736=ORIENTED_EDGE('',*,*,#151,.T.);
#1737=ORIENTED_EDGE('',*,*,#1532,.F.);
#1738=ORIENTED_EDGE('',*,*,#1686,.F.);
#1739=CARTESIAN_POINT('',(69.4,98.5,2.6));
#1740=DIRECTION('',(0.,0.,1.));
#1741=VECTOR('',#1740,2.4);
#1742=LINE('',#1739,#1741);
#1743=EDGE_CURVE('',#1675,#144,#1742,.T.);
#1744=ORIENTED_EDGE('',*,*,#1743,.T.);
#1745=EDGE_LOOP('',(#1736,#1737,#1738,#1744));
#1746=FACE_BOUND('',#1745,.T.);
#1747=ADVANCED_FACE('',(#1746),#1735,.F.);
#1748=CARTESIAN_POINT('',(73.6,95.,2.6));
#1749=DIRECTION('',(-1.,0.,0.));
#1750=DIRECTION('',(0.,0.,1.));
#1751=AXIS2_PLACEMENT_3D('',#1748,#1749,#1750);
#1752=PLANE('',#1751);
#1753=ORIENTED_EDGE('',*,*,#231,.F.);
#1754=CARTESIAN_POINT('',(73.6,98.5,2.6));
#1755=DIRECTION('',(0.,0.,1.));
#1756=VECTOR('',#1755,2.4);
#1757=LINE('',#1754,#1756);
#1758=EDGE_CURVE('',#1667,#218,#1757,.T.);
#1759=ORIENTED_EDGE('',*,*,#1758,.F.);
#1760=ORIENTED_EDGE('',*,*,#1672,.T.);
#1761=ORIENTED_EDGE('',*,*,#1623,.T.);
#1762=EDGE_LOOP('',(#1753,#1759,#1760,#1761));
#1763=FACE_BOUND('',#1762,.T.);
#1764=ADVANCED_FACE('',(#1763),#1752,.T.);
#1765=CARTESIAN_POINT('',(55.,55.4,2.));
#1766=DIRECTION('',(0.,0.,1.));
#1767=DIRECTION('',(1.,0.,-0.));
#1768=AXIS2_PLACEMENT_3D('',#1765,#1766,#1767);
#1769=CYLINDRICAL_SURFACE('',#1768,0.8);
#1770=CARTESIAN_POINT('',(55.8,55.4,1.));
#1771=VERTEX_POINT('',#1770);
#1772=CARTESIAN_POINT('',(55.8,55.4,5.));
#1773=DIRECTION('',(-0.,-0.,-1.));
#1774=VECTOR('',#1773,4.);
#1775=LINE('',#1772,#1774);
#1776=EDGE_CURVE('',#77,#1771,#1775,.T.);
#1777=ORIENTED_EDGE('',*,*,#1776,.F.);
#1778=ORIENTED_EDGE('',*,*,#83,.T.);
#1779=ORIENTED_EDGE('',*,*,#1776,.T.);
#1780=CARTESIAN_POINT('',(55.,55.4,1.));
#1781=DIRECTION('',(0.,0.,1.));
#1782=DIRECTION('',(1.,0.,-0.));
#1783=AXIS2_PLACEMENT_3D('',#1780,#1781,#1782);
#1784=CIRCLE('',#1783,0.8);
#1785=EDGE_CURVE('',#1771,#1771,#1784,.T.);
#1786=ORIENTED_EDGE('',*,*,#1785,.F.);
#1787=EDGE_LOOP('',(#1777,#1778,#1779,#1786));
#1788=FACE_BOUND('',#1787,.T.);
#1789=ADVANCED_FACE('',(#1788),#1769,.F.);
#1790=CARTESIAN_POINT('',(0.,0.,1.));
#1791=DIRECTION('',(0.,0.,1.));
#1792=DIRECTION('',(0.,1.,0.));
#1793=AXIS2_PLACEMENT_3D('',#1790,#1791,#1792);
#1794=PLANE('',#1793);
#1795=ORIENTED_EDGE('',*,*,#1785,.T.);
#1796=EDGE_LOOP('',(#1795));
#1797=FACE_BOUND('',#1796,.T.);
#1798=ADVANCED_FACE('',(#1797),#1794,.T.);
#1799=CARTESIAN_POINT('',(72.6,105.5,6.));
#1800=DIRECTION('',(1.,0.,0.));
#1801=DIRECTION('',(0.,0.,-1.));
#1802=AXIS2_PLACEMENT_3D('',#1799,#1800,#1801);
#1803=PLANE('',#1802);
#1804=ORIENTED_EDGE('',*,*,#319,.F.);
#1805=CARTESIAN_POINT('',(72.6,98.5,6.));
#1806=DIRECTION('',(0.,0.,1.));
#1807=VECTOR('',#1806,4.);
#1808=LINE('',#1805,#1807);
#1809=EDGE_CURVE('',#306,#1246,#1808,.T.);
#1810=ORIENTED_EDGE('',*,*,#1809,.T.);
#1811=ORIENTED_EDGE('',*,*,#1251,.T.);
#1812=CARTESIAN_POINT('',(72.6,113.,6.));
#1813=DIRECTION('',(0.,0.,1.));
#1814=VECTOR('',#1813,4.);
#1815=LINE('',#1812,#1814);
#1816=EDGE_CURVE('',#314,#1238,#1815,.T.);
#1817=ORIENTED_EDGE('',*,*,#1816,.F.);
#1818=EDGE_LOOP('',(#1804,#1810,#1811,#1817));
#1819=FACE_BOUND('',#1818,.T.);
#1820=ADVANCED_FACE('',(#1819),#1803,.F.);
#1821=CARTESIAN_POINT('',(64.5,113.,6.));
#1822=DIRECTION('',(0.,-1.,0.));
#1823=DIRECTION('',(0.,0.,-1.));
#1824=AXIS2_PLACEMENT_3D('',#1821,#1822,#1823);
#1825=PLANE('',#1824);
#1826=CARTESIAN_POINT('',(61.4,113.,6.));
#1827=DIRECTION('',(0.,0.,1.));
#1828=VECTOR('',#1827,4.);
#1829=LINE('',#1826,#1828);
#1830=EDGE_CURVE('',#322,#1230,#1829,.T.);
#1831=ORIENTED_EDGE('',*,*,#1830,.F.);
#1832=ORIENTED_EDGE('',*,*,#327,.T.);
#1833=ORIENTED_EDGE('',*,*,#1816,.T.);
#1834=ORIENTED_EDGE('',*,*,#1243,.F.);
#1835=EDGE_LOOP('',(#1831,#1832,#1833,#1834));
#1836=FACE_BOUND('',#1835,.T.);
#1837=ADVANCED_FACE('',(#1836),#1825,.T.);
#1838=CARTESIAN_POINT('',(56.4,105.5,6.));
#1839=DIRECTION('',(1.,0.,0.));
#1840=DIRECTION('',(0.,0.,-1.));
#1841=AXIS2_PLACEMENT_3D('',#1838,#1839,#1840);
#1842=PLANE('',#1841);
#1843=CARTESIAN_POINT('',(56.4,98.5,6.));
#1844=DIRECTION('',(0.,0.,1.));
#1845=VECTOR('',#1844,4.);
#1846=LINE('',#1843,#1845);
#1847=EDGE_CURVE('',#296,#381,#1846,.T.);
#1848=ORIENTED_EDGE('',*,*,#1847,.F.);
#1849=ORIENTED_EDGE('',*,*,#303,.T.);
#1850=CARTESIAN_POINT('',(56.4,113.,6.));
#1851=DIRECTION('',(0.,0.,1.));
#1852=VECTOR('',#1851,4.);
#1853=LINE('',#1850,#1852);
#1854=EDGE_CURVE('',#298,#389,#1853,.T.);
#1855=ORIENTED_EDGE('',*,*,#1854,.T.);
#1856=ORIENTED_EDGE('',*,*,#394,.F.);
#1857=EDGE_LOOP('',(#1848,#1849,#1855,#1856));
#1858=FACE_BOUND('',#1857,.T.);
#1859=ADVANCED_FACE('',(#1858),#1842,.T.);
#1860=CARTESIAN_POINT('',(61.4,124.,6.));
#1861=DIRECTION('',(1.,0.,0.));
#1862=DIRECTION('',(0.,0.,-1.));
#1863=AXIS2_PLACEMENT_3D('',#1860,#1861,#1862);
#1864=PLANE('',#1863);
#1865=ORIENTED_EDGE('',*,*,#1474,.F.);
#1866=ORIENTED_EDGE('',*,*,#627,.T.);
#1867=ORIENTED_EDGE('',*,*,#675,.T.);
#1868=ORIENTED_EDGE('',*,*,#335,.F.);
#1869=ORIENTED_EDGE('',*,*,#1830,.T.);
#1870=ORIENTED_EDGE('',*,*,#1235,.T.);
#1871=ORIENTED_EDGE('',*,*,#876,.F.);
#1872=EDGE_LOOP('',(#1865,#1866,#1867,#1868,#1869,#1870,#1871));
#1873=FACE_BOUND('',#1872,.T.);
#1874=ADVANCED_FACE('',(#1873),#1864,.F.);
#1875=CARTESIAN_POINT('',(56.45,124.,6.));
#1876=DIRECTION('',(0.99998967,-0.004545408,0.));
#1877=DIRECTION('',(0.004545408,0.99998967,0.));
#1878=AXIS2_PLACEMENT_3D('',#1875,#1876,#1877);
#1879=PLANE('',#1878);
#1880=ORIENTED_EDGE('',*,*,#667,.F.);
#1881=ORIENTED_EDGE('',*,*,#644,.F.);
#1882=ORIENTED_EDGE('',*,*,#1481,.T.);
#1883=ORIENTED_EDGE('',*,*,#860,.T.);
#1884=ORIENTED_EDGE('',*,*,#402,.F.);
#1885=ORIENTED_EDGE('',*,*,#1854,.F.);
#1886=ORIENTED_EDGE('',*,*,#349,.T.);
#1887=EDGE_LOOP('',(#1880,#1881,#1882,#1883,#1884,#1885,#1886));
#1888=FACE_BOUND('',#1887,.T.);
#1889=ADVANCED_FACE('',(#1888),#1879,.T.);
#1890=CARTESIAN_POINT('',(68.5,131.145643924,0.));
#1891=DIRECTION('',(-1.,0.,0.));
#1892=DIRECTION('',(0.,0.,1.));
#1893=AXIS2_PLACEMENT_3D('',#1890,#1891,#1892);
#1894=PLANE('',#1893);
#1895=CARTESIAN_POINT('',(68.5,122.708712153,0.));
#1896=DIRECTION('',(0.,0.,1.));
#1897=VECTOR('',#1896,10.);
#1898=LINE('',#1895,#1897);
#1899=EDGE_CURVE('',#1002,#1163,#1898,.T.);
#1900=ORIENTED_EDGE('',*,*,#1899,.F.);
#1901=ORIENTED_EDGE('',*,*,#1007,.T.);
#1902=CARTESIAN_POINT('',(68.5,117.,0.));
#1903=DIRECTION('',(0.,0.,1.));
#1904=VECTOR('',#1903,10.);
#1905=LINE('',#1902,#1904);
#1906=EDGE_CURVE('',#994,#1172,#1905,.T.);
#1907=ORIENTED_EDGE('',*,*,#1906,.T.);
#1908=ORIENTED_EDGE('',*,*,#1177,.F.);
#1909=EDGE_LOOP('',(#1900,#1901,#1907,#1908));
#1910=FACE_BOUND('',#1909,.T.);
#1911=ADVANCED_FACE('',(#1910),#1894,.T.);
#1912=CARTESIAN_POINT('',(66.5,131.145643924,0.));
#1913=DIRECTION('',(-1.,0.,0.));
#1914=DIRECTION('',(0.,0.,1.));
#1915=AXIS2_PLACEMENT_3D('',#1912,#1913,#1914);
#1916=PLANE('',#1915);
#1917=ORIENTED_EDGE('',*,*,#683,.T.);
#1918=EDGE_LOOP('',(#1917));
#1919=FACE_BOUND('',#1918,.T.);
#1920=ORIENTED_EDGE('',*,*,#956,.F.);
#1921=CARTESIAN_POINT('',(66.5,134.,1.));
#1922=DIRECTION('',(1.,-0.,-0.));
#1923=DIRECTION('',(0.,0.,1.));
#1924=AXIS2_PLACEMENT_3D('',#1921,#1922,#1923);
#1925=CIRCLE('',#1924,1.);
#1926=EDGE_CURVE('',#943,#838,#1925,.T.);
#1927=ORIENTED_EDGE('',*,*,#1926,.T.);
#1928=ORIENTED_EDGE('',*,*,#890,.T.);
#1929=ORIENTED_EDGE('',*,*,#1226,.T.);
#1930=CARTESIAN_POINT('',(66.5,127.297825059,10.));
#1931=DIRECTION('',(-0.,-0.,-1.));
#1932=VECTOR('',#1931,10.);
#1933=LINE('',#1930,#1932);
#1934=EDGE_CURVE('',#1214,#951,#1933,.T.);
#1935=ORIENTED_EDGE('',*,*,#1934,.T.);
#1936=EDGE_LOOP('',(#1920,#1927,#1928,#1929,#1935));
#1937=FACE_BOUND('',#1936,.T.);
#1938=ADVANCED_FACE('',(#1919,#1937),#1916,.F.);
#1939=CARTESIAN_POINT('',(66.5,119.854356076,0.));
#1940=DIRECTION('',(-1.,0.,0.));
#1941=DIRECTION('',(0.,0.,1.));
#1942=AXIS2_PLACEMENT_3D('',#1939,#1940,#1941);
#1943=PLANE('',#1942);
#1944=ORIENTED_EDGE('',*,*,#991,.F.);
#1945=CARTESIAN_POINT('',(66.5,122.702174941,0.));
#1946=DIRECTION('',(0.,0.,1.));
#1947=VECTOR('',#1946,10.);
#1948=LINE('',#1945,#1947);
#1949=EDGE_CURVE('',#977,#1188,#1948,.T.);
#1950=ORIENTED_EDGE('',*,*,#1949,.T.);
#1951=ORIENTED_EDGE('',*,*,#1193,.T.);
#1952=CARTESIAN_POINT('',(66.5,117.,0.));
#1953=DIRECTION('',(0.,0.,1.));
#1954=VECTOR('',#1953,10.);
#1955=LINE('',#1952,#1954);
#1956=EDGE_CURVE('',#986,#1180,#1955,.T.);
#1957=ORIENTED_EDGE('',*,*,#1956,.F.);
#1958=EDGE_LOOP('',(#1944,#1950,#1951,#1957));
#1959=FACE_BOUND('',#1958,.T.);
#1960=ADVANCED_FACE('',(#1959),#1943,.F.);
#1961=CARTESIAN_POINT('',(67.5,117.,0.));
#1962=DIRECTION('',(0.,-1.,0.));
#1963=DIRECTION('',(0.,0.,-1.));
#1964=AXIS2_PLACEMENT_3D('',#1961,#1962,#1963);
#1965=PLANE('',#1964);
#1966=ORIENTED_EDGE('',*,*,#1185,.T.);
#1967=ORIENTED_EDGE('',*,*,#1906,.F.);
#1968=ORIENTED_EDGE('',*,*,#999,.F.);
#1969=ORIENTED_EDGE('',*,*,#1956,.T.);
#1970=EDGE_LOOP('',(#1966,#1967,#1968,#1969));
#1971=FACE_BOUND('',#1970,.T.);
#1972=ADVANCED_FACE('',(#1971),#1965,.F.);
#1973=CARTESIAN_POINT('',(67.5,125.,0.));
#1974=DIRECTION('',(0.,0.,1.));
#1975=DIRECTION('',(1.,0.,-0.));
#1976=AXIS2_PLACEMENT_3D('',#1973,#1974,#1975);
#1977=CYLINDRICAL_SURFACE('',#1976,2.5);
#1978=ORIENTED_EDGE('',*,*,#974,.F.);
#1979=CARTESIAN_POINT('',(66.494023904,127.288670377,0.));
#1980=DIRECTION('',(0.,0.,1.));
#1981=VECTOR('',#1980,10.);
#1982=LINE('',#1979,#1981);
#1983=EDGE_CURVE('',#959,#1205,#1982,.T.);
#1984=ORIENTED_EDGE('',*,*,#1983,.T.);
#1985=ORIENTED_EDGE('',*,*,#1211,.T.);
#1986=CARTESIAN_POINT('',(66.494023904,122.711329623,10.));
#1987=DIRECTION('',(-0.,-0.,-1.));
#1988=VECTOR('',#1987,10.);
#1989=LINE('',#1986,#1988);
#1990=EDGE_CURVE('',#1196,#968,#1989,.T.);
#1991=ORIENTED_EDGE('',*,*,#1990,.T.);
#1992=EDGE_LOOP('',(#1978,#1984,#1985,#1991));
#1993=FACE_BOUND('',#1992,.T.);
#1994=ADVANCED_FACE('',(#1993),#1977,.F.);
#1995=CARTESIAN_POINT('',(66.49,127.297825059,0.));
#1996=DIRECTION('',(0.,0.,1.));
#1997=DIRECTION('',(1.,0.,-0.));
#1998=AXIS2_PLACEMENT_3D('',#1995,#1996,#1997);
#1999=CYLINDRICAL_SURFACE('',#1998,0.01);
#2000=ORIENTED_EDGE('',*,*,#965,.F.);
#2001=ORIENTED_EDGE('',*,*,#1934,.F.);
#2002=ORIENTED_EDGE('',*,*,#1220,.F.);
#2003=ORIENTED_EDGE('',*,*,#1983,.F.);
#2004=EDGE_LOOP('',(#2000,#2001,#2002,#2003));
#2005=FACE_BOUND('',#2004,.T.);
#2006=ADVANCED_FACE('',(#2005),#1999,.T.);
#2007=CARTESIAN_POINT('',(66.49,122.702174941,0.));
#2008=DIRECTION('',(0.,0.,1.));
#2009=DIRECTION('',(1.,0.,-0.));
#2010=AXIS2_PLACEMENT_3D('',#2007,#2008,#2009);
#2011=CYLINDRICAL_SURFACE('',#2010,0.01);
#2012=ORIENTED_EDGE('',*,*,#983,.F.);
#2013=ORIENTED_EDGE('',*,*,#1990,.F.);
#2014=ORIENTED_EDGE('',*,*,#1202,.F.);
#2015=ORIENTED_EDGE('',*,*,#1949,.F.);
#2016=EDGE_LOOP('',(#2012,#2013,#2014,#2015));
#2017=FACE_BOUND('',#2016,.T.);
#2018=ADVANCED_FACE('',(#2017),#2011,.T.);
#2019=CARTESIAN_POINT('',(67.5,125.,0.));
#2020=DIRECTION('',(0.,0.,1.));
#2021=DIRECTION('',(1.,0.,-0.));
#2022=AXIS2_PLACEMENT_3D('',#2019,#2020,#2021);
#2023=CYLINDRICAL_SURFACE('',#2022,2.5);
#2024=CARTESIAN_POINT('',(70.,125.,10.));
#2025=DIRECTION('',(-0.,-0.,-1.));
#2026=VECTOR('',#2025,10.);
#2027=LINE('',#2024,#2026);
#2028=EDGE_CURVE('',#1154,#1010,#2027,.T.);
#2029=ORIENTED_EDGE('',*,*,#2028,.F.);
#2030=ORIENTED_EDGE('',*,*,#1160,.T.);
#2031=ORIENTED_EDGE('',*,*,#1507,.F.);
#2032=ORIENTED_EDGE('',*,*,#1023,.F.);
#2033=EDGE_LOOP('',(#2029,#2030,#2031,#2032));
#2034=FACE_BOUND('',#2033,.T.);
#2035=ADVANCED_FACE('',(#2034),#2023,.F.);
#2036=CARTESIAN_POINT('',(57.396390812,85.000033853,2.6));
#2037=DIRECTION('',(-0.999999819,-0.0006011,0.));
#2038=DIRECTION('',(0.0006011,-0.999999819,0.));
#2039=AXIS2_PLACEMENT_3D('',#2036,#2037,#2038);
#2040=PLANE('',#2039);
#2041=CARTESIAN_POINT('',(57.398466265,81.547276768,3.4));
#2042=VERTEX_POINT('',#2041);
#2043=CARTESIAN_POINT('',(57.398795213,81.000034576,3.4));
#2044=VERTEX_POINT('',#2043);
#2045=CARTESIAN_POINT('',(57.398466265,81.547276768,3.4));
#2046=DIRECTION('',(0.0006011,-0.999999819,0.));
#2047=VECTOR('',#2046,0.547242291);
#2048=LINE('',#2045,#2047);
#2049=EDGE_CURVE('',#2042,#2044,#2048,.T.);
#2050=ORIENTED_EDGE('',*,*,#2049,.F.);
#2051=CARTESIAN_POINT('',(57.398466265,81.547276768,3.4));
#2052=DIRECTION('',(0.,0.,-1.));
#2053=VECTOR('',#2052,0.8);
#2054=LINE('',#2051,#2053);
#2055=EDGE_CURVE('',#2042,#1706,#2054,.T.);
#2056=ORIENTED_EDGE('',*,*,#2055,.T.);
#2057=ORIENTED_EDGE('',*,*,#1711,.F.);
#2058=CARTESIAN_POINT('',(57.39398641,89.00003313,2.6));
#2059=DIRECTION('',(0.,0.,1.));
#2060=VECTOR('',#2059,2.4);
#2061=LINE('',#2058,#2060);
#2062=EDGE_CURVE('',#1698,#258,#2061,.T.);
#2063=ORIENTED_EDGE('',*,*,#2062,.T.);
#2064=ORIENTED_EDGE('',*,*,#263,.T.);
#2065=CARTESIAN_POINT('',(57.398795213,81.000034576,3.4));
#2066=DIRECTION('',(0.,0.,1.));
#2067=VECTOR('',#2066,1.6);
#2068=LINE('',#2065,#2067);
#2069=EDGE_CURVE('',#2044,#250,#2068,.T.);
#2070=ORIENTED_EDGE('',*,*,#2069,.F.);
#2071=EDGE_LOOP('',(#2050,#2056,#2057,#2063,#2064,#2070));
#2072=FACE_BOUND('',#2071,.T.);
#2073=ADVANCED_FACE('',(#2072),#2040,.F.);
#2074=CARTESIAN_POINT('',(67.499397606,81.000034576,2.6));
#2075=DIRECTION('',(0.,-1.,0.));
#2076=DIRECTION('',(0.,0.,-1.));
#2077=AXIS2_PLACEMENT_3D('',#2074,#2075,#2076);
#2078=PLANE('',#2077);
#2079=CARTESIAN_POINT('',(76.854287895,81.000034576,3.4));
#2080=VERTEX_POINT('',#2079);
#2081=CARTESIAN_POINT('',(77.6,81.000034576,3.4));
#2082=VERTEX_POINT('',#2081);
#2083=CARTESIAN_POINT('',(76.854287895,81.000034576,3.4));
#2084=DIRECTION('',(1.,0.,-0.));
#2085=VECTOR('',#2084,0.745712105);
#2086=LINE('',#2083,#2085);
#2087=EDGE_CURVE('',#2080,#2082,#2086,.T.);
#2088=ORIENTED_EDGE('',*,*,#2087,.F.);
#2089=CARTESIAN_POINT('',(76.854287895,81.000034576,3.4));
#2090=DIRECTION('',(0.,0.,-1.));
#2091=VECTOR('',#2090,0.8);
#2092=LINE('',#2089,#2091);
#2093=EDGE_CURVE('',#2080,#1651,#2092,.T.);
#2094=ORIENTED_EDGE('',*,*,#2093,.T.);
#2095=ORIENTED_EDGE('',*,*,#1726,.F.);
#2096=CARTESIAN_POINT('',(58.195712105,81.000034576,3.4));
#2097=VERTEX_POINT('',#2096);
#2098=CARTESIAN_POINT('',(58.195712105,81.000034576,2.6));
#2099=DIRECTION('',(-0.,-0.,1.));
#2100=VECTOR('',#2099,0.8);
#2101=LINE('',#2098,#2100);
#2102=EDGE_CURVE('',#1714,#2097,#2101,.T.);
#2103=ORIENTED_EDGE('',*,*,#2102,.T.);
#2104=CARTESIAN_POINT('',(57.398795213,81.000034576,3.4));
#2105=DIRECTION('',(1.,0.,-0.));
#2106=VECTOR('',#2105,0.796916892);
#2107=LINE('',#2104,#2106);
#2108=EDGE_CURVE('',#2044,#2097,#2107,.T.);
#2109=ORIENTED_EDGE('',*,*,#2108,.F.);
#2110=ORIENTED_EDGE('',*,*,#2069,.T.);
#2111=ORIENTED_EDGE('',*,*,#255,.T.);
#2112=CARTESIAN_POINT('',(77.6,81.000034576,3.4));
#2113=DIRECTION('',(0.,0.,1.));
#2114=VECTOR('',#2113,1.6);
#2115=LINE('',#2112,#2114);
#2116=EDGE_CURVE('',#2082,#242,#2115,.T.);
#2117=ORIENTED_EDGE('',*,*,#2116,.F.);
#2118=EDGE_LOOP('',(#2088,#2094,#2095,#2103,#2109,#2110,#2111,#2117));
#2119=FACE_BOUND('',#2118,.T.);
#2120=ADVANCED_FACE('',(#2119),#2078,.F.);
#2121=CARTESIAN_POINT('',(77.6,85.000034757,2.6));
#2122=DIRECTION('',(1.,0.,0.));
#2123=DIRECTION('',(0.,0.,-1.));
#2124=AXIS2_PLACEMENT_3D('',#2121,#2122,#2123);
#2125=PLANE('',#2124);
#2126=ORIENTED_EDGE('',*,*,#1663,.F.);
#2127=CARTESIAN_POINT('',(77.6,81.519943181,3.4));
#2128=VERTEX_POINT('',#2127);
#2129=CARTESIAN_POINT('',(77.6,81.519943181,2.6));
#2130=DIRECTION('',(-0.,-0.,1.));
#2131=VECTOR('',#2130,0.8);
#2132=LINE('',#2129,#2131);
#2133=EDGE_CURVE('',#1649,#2128,#2132,.T.);
#2134=ORIENTED_EDGE('',*,*,#2133,.T.);
#2135=CARTESIAN_POINT('',(77.6,81.000034576,3.4));
#2136=DIRECTION('',(0.,1.,0.));
#2137=VECTOR('',#2136,0.519908606);
#2138=LINE('',#2135,#2137);
#2139=EDGE_CURVE('',#2082,#2128,#2138,.T.);
#2140=ORIENTED_EDGE('',*,*,#2139,.F.);
#2141=ORIENTED_EDGE('',*,*,#2116,.T.);
#2142=ORIENTED_EDGE('',*,*,#247,.T.);
#2143=ORIENTED_EDGE('',*,*,#1637,.F.);
#2144=EDGE_LOOP('',(#2126,#2134,#2140,#2141,#2142,#2143));
#2145=FACE_BOUND('',#2144,.T.);
#2146=ADVANCED_FACE('',(#2145),#2125,.F.);
#2147=CARTESIAN_POINT('',(57.596993205,92.001065522,2.6));
#2148=DIRECTION('',(-0.005248631,-0.999986226,0.));
#2149=DIRECTION('',(0.999986226,-0.005248631,0.));
#2150=AXIS2_PLACEMENT_3D('',#2147,#2148,#2149);
#2151=PLANE('',#2150);
#2152=ORIENTED_EDGE('',*,*,#279,.F.);
#2153=CARTESIAN_POINT('',(57.39398641,92.002131045,2.6));
#2154=DIRECTION('',(0.,0.,1.));
#2155=VECTOR('',#2154,2.4);
#2156=LINE('',#2153,#2155);
#2157=EDGE_CURVE('',#1690,#266,#2156,.T.);
#2158=ORIENTED_EDGE('',*,*,#2157,.F.);
#2159=ORIENTED_EDGE('',*,*,#1695,.T.);
#2160=ORIENTED_EDGE('',*,*,#1539,.T.);
#2161=EDGE_LOOP('',(#2152,#2158,#2159,#2160));
#2162=FACE_BOUND('',#2161,.T.);
#2163=ADVANCED_FACE('',(#2162),#2151,.T.);
#2164=CARTESIAN_POINT('',(57.39398641,90.501082088,2.6));
#2165=DIRECTION('',(1.,0.,0.));
#2166=DIRECTION('',(0.,0.,-1.));
#2167=AXIS2_PLACEMENT_3D('',#2164,#2165,#2166);
#2168=PLANE('',#2167);
#2169=ORIENTED_EDGE('',*,*,#271,.F.);
#2170=ORIENTED_EDGE('',*,*,#2062,.F.);
#2171=ORIENTED_EDGE('',*,*,#1703,.T.);
#2172=ORIENTED_EDGE('',*,*,#2157,.T.);
#2173=EDGE_LOOP('',(#2169,#2170,#2171,#2172));
#2174=FACE_BOUND('',#2173,.T.);
#2175=ADVANCED_FACE('',(#2174),#2168,.T.);
#2176=CARTESIAN_POINT('',(67.5,73.9,0.));
#2177=DIRECTION('',(0.,-1.,0.));
#2178=DIRECTION('',(0.,0.,-1.));
#2179=AXIS2_PLACEMENT_3D('',#2176,#2177,#2178);
#2180=PLANE('',#2179);
#2181=ORIENTED_EDGE('',*,*,#125,.F.);
#2182=CARTESIAN_POINT('',(62.5,73.9,0.));
#2183=DIRECTION('',(0.,0.,1.));
#2184=VECTOR('',#2183,5.);
#2185=LINE('',#2182,#2184);
#2186=EDGE_CURVE('',#1072,#112,#2185,.T.);
#2187=ORIENTED_EDGE('',*,*,#2186,.F.);
#2188=ORIENTED_EDGE('',*,*,#1079,.T.);
#2189=CARTESIAN_POINT('',(72.5,73.9,0.));
#2190=DIRECTION('',(0.,0.,1.));
#2191=VECTOR('',#2190,5.);
#2192=LINE('',#2189,#2191);
#2193=EDGE_CURVE('',#1074,#120,#2192,.T.);
#2194=ORIENTED_EDGE('',*,*,#2193,.T.);
#2195=EDGE_LOOP('',(#2181,#2187,#2188,#2194));
#2196=FACE_BOUND('',#2195,.T.);
#2197=ADVANCED_FACE('',(#2196),#2180,.T.);
#2198=CARTESIAN_POINT('',(62.5,68.4,0.));
#2199=DIRECTION('',(1.,0.,0.));
#2200=DIRECTION('',(0.,0.,-1.));
#2201=AXIS2_PLACEMENT_3D('',#2198,#2199,#2200);
#2202=PLANE('',#2201);
#2203=ORIENTED_EDGE('',*,*,#117,.F.);
#2204=CARTESIAN_POINT('',(62.5,62.9,0.));
#2205=DIRECTION('',(0.,0.,1.));
#2206=VECTOR('',#2205,5.);
#2207=LINE('',#2204,#2206);
#2208=EDGE_CURVE('',#1082,#110,#2207,.T.);
#2209=ORIENTED_EDGE('',*,*,#2208,.F.);
#2210=ORIENTED_EDGE('',*,*,#1087,.T.);
#2211=ORIENTED_EDGE('',*,*,#2186,.T.);
#2212=EDGE_LOOP('',(#2203,#2209,#2210,#2211));
#2213=FACE_BOUND('',#2212,.T.);
#2214=ADVANCED_FACE('',(#2213),#2202,.T.);
#2215=CARTESIAN_POINT('',(67.5,62.9,0.));
#2216=DIRECTION('',(0.,-1.,0.));
#2217=DIRECTION('',(0.,0.,-1.));
#2218=AXIS2_PLACEMENT_3D('',#2215,#2216,#2217);
#2219=PLANE('',#2218);
#2220=ORIENTED_EDGE('',*,*,#139,.T.);
#2221=CARTESIAN_POINT('',(72.5,62.9,0.));
#2222=DIRECTION('',(0.,0.,1.));
#2223=VECTOR('',#2222,5.);
#2224=LINE('',#2221,#2223);
#2225=EDGE_CURVE('',#1090,#128,#2224,.T.);
#2226=ORIENTED_EDGE('',*,*,#2225,.F.);
#2227=ORIENTED_EDGE('',*,*,#1095,.F.);
#2228=ORIENTED_EDGE('',*,*,#2208,.T.);
#2229=EDGE_LOOP('',(#2220,#2226,#2227,#2228));
#2230=FACE_BOUND('',#2229,.T.);
#2231=ADVANCED_FACE('',(#2230),#2219,.F.);
#2232=CARTESIAN_POINT('',(72.5,68.4,0.));
#2233=DIRECTION('',(1.,0.,0.));
#2234=DIRECTION('',(0.,0.,-1.));
#2235=AXIS2_PLACEMENT_3D('',#2232,#2233,#2234);
#2236=PLANE('',#2235);
#2237=ORIENTED_EDGE('',*,*,#133,.T.);
#2238=ORIENTED_EDGE('',*,*,#2193,.F.);
#2239=ORIENTED_EDGE('',*,*,#1101,.F.);
#2240=ORIENTED_EDGE('',*,*,#2225,.T.);
#2241=EDGE_LOOP('',(#2237,#2238,#2239,#2240));
#2242=FACE_BOUND('',#2241,.T.);
#2243=ADVANCED_FACE('',(#2242),#2236,.F.);
#2244=CARTESIAN_POINT('',(55.55,63.3,3.4));
#2245=DIRECTION('',(0.,0.,-1.));
#2246=DIRECTION('',(-1.,0.,0.));
#2247=AXIS2_PLACEMENT_3D('',#2244,#2245,#2246);
#2248=CYLINDRICAL_SURFACE('',#2247,4.);
#2249=CARTESIAN_POINT('',(51.55,63.3,3.4));
#2250=VERTEX_POINT('',#2249);
#2251=CARTESIAN_POINT('',(51.55,63.3,0.));
#2252=DIRECTION('',(-0.,-0.,1.));
#2253=VECTOR('',#2252,3.4);
#2254=LINE('',#2251,#2253);
#2255=EDGE_CURVE('',#1061,#2250,#2254,.T.);
#2256=ORIENTED_EDGE('',*,*,#2255,.F.);
#2257=ORIENTED_EDGE('',*,*,#1067,.T.);
#2258=ORIENTED_EDGE('',*,*,#2255,.T.);
#2259=CARTESIAN_POINT('',(55.55,63.3,3.4));
#2260=DIRECTION('',(0.,0.,-1.));
#2261=DIRECTION('',(-1.,0.,0.));
#2262=AXIS2_PLACEMENT_3D('',#2259,#2260,#2261);
#2263=CIRCLE('',#2262,4.);
#2264=EDGE_CURVE('',#2250,#2250,#2263,.T.);
#2265=ORIENTED_EDGE('',*,*,#2264,.F.);
#2266=EDGE_LOOP('',(#2256,#2257,#2258,#2265));
#2267=FACE_BOUND('',#2266,.T.);
#2268=ADVANCED_FACE('',(#2267),#2248,.F.);
#2269=CARTESIAN_POINT('',(0.,0.,3.4));
#2270=DIRECTION('',(0.,0.,-1.));
#2271=DIRECTION('',(0.,1.,0.));
#2272=AXIS2_PLACEMENT_3D('',#2269,#2270,#2271);
#2273=PLANE('',#2272);
#2274=ORIENTED_EDGE('',*,*,#2264,.T.);
#2275=EDGE_LOOP('',(#2274));
#2276=FACE_BOUND('',#2275,.T.);
#2277=ORIENTED_EDGE('',*,*,#1452,.T.);
#2278=ORIENTED_EDGE('',*,*,#1459,.T.);
#2279=EDGE_LOOP('',(#2277,#2278));
#2280=FACE_BOUND('',#2279,.T.);
#2281=ADVANCED_FACE('',(#2276,#2280),#2273,.T.);
#2282=CARTESIAN_POINT('',(79.5,63.3,3.4));
#2283=DIRECTION('',(0.,0.,-1.));
#2284=DIRECTION('',(-1.,0.,0.));
#2285=AXIS2_PLACEMENT_3D('',#2282,#2283,#2284);
#2286=CYLINDRICAL_SURFACE('',#2285,4.);
#2287=CARTESIAN_POINT('',(75.5,63.3,3.4));
#2288=VERTEX_POINT('',#2287);
#2289=CARTESIAN_POINT('',(75.5,63.3,0.));
#2290=DIRECTION('',(-0.,-0.,1.));
#2291=VECTOR('',#2290,3.4);
#2292=LINE('',#2289,#2291);
#2293=EDGE_CURVE('',#1050,#2288,#2292,.T.);
#2294=ORIENTED_EDGE('',*,*,#2293,.F.);
#2295=ORIENTED_EDGE('',*,*,#1056,.T.);
#2296=ORIENTED_EDGE('',*,*,#2293,.T.);
#2297=CARTESIAN_POINT('',(79.5,63.3,3.4));
#2298=DIRECTION('',(0.,0.,-1.));
#2299=DIRECTION('',(-1.,0.,0.));
#2300=AXIS2_PLACEMENT_3D('',#2297,#2298,#2299);
#2301=CIRCLE('',#2300,4.);
#2302=EDGE_CURVE('',#2288,#2288,#2301,.T.);
#2303=ORIENTED_EDGE('',*,*,#2302,.F.);
#2304=EDGE_LOOP('',(#2294,#2295,#2296,#2303));
#2305=FACE_BOUND('',#2304,.T.);
#2306=ADVANCED_FACE('',(#2305),#2286,.F.);
#2307=CARTESIAN_POINT('',(0.,0.,3.4));
#2308=DIRECTION('',(0.,0.,-1.));
#2309=DIRECTION('',(0.,1.,0.));
#2310=AXIS2_PLACEMENT_3D('',#2307,#2308,#2309);
#2311=PLANE('',#2310);
#2312=ORIENTED_EDGE('',*,*,#2302,.T.);
#2313=EDGE_LOOP('',(#2312));
#2314=FACE_BOUND('',#2313,.T.);
#2315=ORIENTED_EDGE('',*,*,#1418,.T.);
#2316=ORIENTED_EDGE('',*,*,#1425,.T.);
#2317=EDGE_LOOP('',(#2315,#2316));
#2318=FACE_BOUND('',#2317,.T.);
#2319=ADVANCED_FACE('',(#2314,#2318),#2311,.T.);
#2320=CARTESIAN_POINT('',(55.55,78.,3.4));
#2321=DIRECTION('',(0.,0.,-1.));
#2322=DIRECTION('',(-1.,0.,0.));
#2323=AXIS2_PLACEMENT_3D('',#2320,#2321,#2322);
#2324=CYLINDRICAL_SURFACE('',#2323,4.);
#2325=CARTESIAN_POINT('',(51.55,78.,3.4));
#2326=VERTEX_POINT('',#2325);
#2327=CARTESIAN_POINT('',(51.55,78.,0.));
#2328=DIRECTION('',(-0.,-0.,1.));
#2329=VECTOR('',#2328,3.4);
#2330=LINE('',#2327,#2329);
#2331=EDGE_CURVE('',#1039,#2326,#2330,.T.);
#2332=ORIENTED_EDGE('',*,*,#2331,.F.);
#2333=ORIENTED_EDGE('',*,*,#1045,.T.);
#2334=ORIENTED_EDGE('',*,*,#2331,.T.);
#2335=CARTESIAN_POINT('',(55.55,78.,3.4));
#2336=DIRECTION('',(0.,0.,-1.));
#2337=DIRECTION('',(-1.,0.,0.));
#2338=AXIS2_PLACEMENT_3D('',#2335,#2336,#2337);
#2339=CIRCLE('',#2338,4.);
#2340=EDGE_CURVE('',#2097,#2326,#2339,.T.);
#2341=ORIENTED_EDGE('',*,*,#2340,.F.);
#2342=ORIENTED_EDGE('',*,*,#2102,.F.);
#2343=ORIENTED_EDGE('',*,*,#1720,.T.);
#2344=ORIENTED_EDGE('',*,*,#2055,.F.);
#2345=CARTESIAN_POINT('',(55.55,78.,3.4));
#2346=DIRECTION('',(0.,0.,-1.));
#2347=DIRECTION('',(-1.,0.,0.));
#2348=AXIS2_PLACEMENT_3D('',#2345,#2346,#2347);
#2349=CIRCLE('',#2348,4.);
#2350=EDGE_CURVE('',#2326,#2042,#2349,.T.);
#2351=ORIENTED_EDGE('',*,*,#2350,.F.);
#2352=EDGE_LOOP('',(#2332,#2333,#2334,#2341,#2342,#2343,#2344,#2351));
#2353=FACE_BOUND('',#2352,.T.);
#2354=ADVANCED_FACE('',(#2353),#2324,.F.);
#2355=CARTESIAN_POINT('',(0.,0.,3.4));
#2356=DIRECTION('',(0.,0.,-1.));
#2357=DIRECTION('',(0.,1.,0.));
#2358=AXIS2_PLACEMENT_3D('',#2355,#2356,#2357);
#2359=PLANE('',#2358);
#2360=ORIENTED_EDGE('',*,*,#1384,.T.);
#2361=ORIENTED_EDGE('',*,*,#1391,.T.);
#2362=EDGE_LOOP('',(#2360,#2361));
#2363=FACE_BOUND('',#2362,.T.);
#2364=ORIENTED_EDGE('',*,*,#2049,.T.);
#2365=ORIENTED_EDGE('',*,*,#2108,.T.);
#2366=ORIENTED_EDGE('',*,*,#2340,.T.);
#2367=ORIENTED_EDGE('',*,*,#2350,.T.);
#2368=EDGE_LOOP('',(#2364,#2365,#2366,#2367));
#2369=FACE_BOUND('',#2368,.T.);
#2370=ADVANCED_FACE('',(#2363,#2369),#2359,.T.);
#2371=CARTESIAN_POINT('',(79.5,78.,3.4));
#2372=DIRECTION('',(0.,0.,-1.));
#2373=DIRECTION('',(-1.,0.,0.));
#2374=AXIS2_PLACEMENT_3D('',#2371,#2372,#2373);
#2375=CYLINDRICAL_SURFACE('',#2374,4.);
#2376=CARTESIAN_POINT('',(75.5,78.,3.4));
#2377=VERTEX_POINT('',#2376);
#2378=CARTESIAN_POINT('',(75.5,78.,0.));
#2379=DIRECTION('',(-0.,-0.,1.));
#2380=VECTOR('',#2379,3.4);
#2381=LINE('',#2378,#2380);
#2382=EDGE_CURVE('',#1028,#2377,#2381,.T.);
#2383=ORIENTED_EDGE('',*,*,#2382,.F.);
#2384=ORIENTED_EDGE('',*,*,#1034,.T.);
#2385=ORIENTED_EDGE('',*,*,#2382,.T.);
#2386=CARTESIAN_POINT('',(79.5,78.,3.4));
#2387=DIRECTION('',(0.,0.,-1.));
#2388=DIRECTION('',(-1.,0.,0.));
#2389=AXIS2_PLACEMENT_3D('',#2386,#2387,#2388);
#2390=CIRCLE('',#2389,4.);
#2391=EDGE_CURVE('',#2128,#2377,#2390,.T.);
#2392=ORIENTED_EDGE('',*,*,#2391,.F.);
#2393=ORIENTED_EDGE('',*,*,#2133,.F.);
#2394=ORIENTED_EDGE('',*,*,#1657,.T.);
#2395=ORIENTED_EDGE('',*,*,#2093,.F.);
#2396=CARTESIAN_POINT('',(79.5,78.,3.4));
#2397=DIRECTION('',(0.,0.,-1.));
#2398=DIRECTION('',(-1.,0.,0.));
#2399=AXIS2_PLACEMENT_3D('',#2396,#2397,#2398);
#2400=CIRCLE('',#2399,4.);
#2401=EDGE_CURVE('',#2377,#2080,#2400,.T.);
#2402=ORIENTED_EDGE('',*,*,#2401,.F.);
#2403=EDGE_LOOP('',(#2383,#2384,#2385,#2392,#2393,#2394,#2395,#2402));
#2404=FACE_BOUND('',#2403,.T.);
#2405=ADVANCED_FACE('',(#2404),#2375,.F.);
#2406=CARTESIAN_POINT('',(0.,0.,3.4));
#2407=DIRECTION('',(0.,0.,-1.));
#2408=DIRECTION('',(0.,1.,0.));
#2409=AXIS2_PLACEMENT_3D('',#2406,#2407,#2408);
#2410=PLANE('',#2409);
#2411=ORIENTED_EDGE('',*,*,#1350,.T.);
#2412=ORIENTED_EDGE('',*,*,#1357,.T.);
#2413=EDGE_LOOP('',(#2411,#2412));
#2414=FACE_BOUND('',#2413,.T.);
#2415=ORIENTED_EDGE('',*,*,#2087,.T.);
#2416=ORIENTED_EDGE('',*,*,#2139,.T.);
#2417=ORIENTED_EDGE('',*,*,#2391,.T.);
#2418=ORIENTED_EDGE('',*,*,#2401,.T.);
#2419=EDGE_LOOP('',(#2415,#2416,#2417,#2418));
#2420=FACE_BOUND('',#2419,.T.);
#2421=ADVANCED_FACE('',(#2414,#2420),#2410,.T.);
#2422=CARTESIAN_POINT('',(53.5,128.532281773,3.574207637));
#2423=DIRECTION('',(0.,-0.865865133,-0.500277495));
#2424=DIRECTION('',(0.,0.500277495,-0.865865133));
#2425=AXIS2_PLACEMENT_3D('',#2422,#2423,#2424);
#2426=PLANE('',#2425);
#2427=ORIENTED_EDGE('',*,*,#513,.T.);
#2428=CARTESIAN_POINT('',(53.4,127.709100169,4.99894542));
#2429=VERTEX_POINT('',#2428);
#2430=CARTESIAN_POINT('',(53.4,127.709100169,4.99894542));
#2431=DIRECTION('',(-1.,0.,0.));
#2432=VECTOR('',#2431,5.9);
#2433=LINE('',#2430,#2432);
#2434=EDGE_CURVE('',#2429,#500,#2433,.T.);
#2435=ORIENTED_EDGE('',*,*,#2434,.F.);
#2436=CARTESIAN_POINT('',(53.4,129.355463378,2.149469855));
#2437=VERTEX_POINT('',#2436);
#2438=CARTESIAN_POINT('',(53.4,129.355463378,2.149469855));
#2439=DIRECTION('',(0.,-0.500277495,0.865865133));
#2440=VECTOR('',#2439,3.2909);
#2441=LINE('',#2438,#2440);
#2442=EDGE_CURVE('',#2437,#2429,#2441,.T.);
#2443=ORIENTED_EDGE('',*,*,#2442,.F.);
#2444=CARTESIAN_POINT('',(53.4,129.355463378,2.149469855));
#2445=DIRECTION('',(-1.,0.,0.));
#2446=VECTOR('',#2445,5.9);
#2447=LINE('',#2444,#2446);
#2448=EDGE_CURVE('',#2437,#508,#2447,.T.);
#2449=ORIENTED_EDGE('',*,*,#2448,.T.);
#2450=EDGE_LOOP('',(#2427,#2435,#2443,#2449));
#2451=FACE_BOUND('',#2450,.T.);
#2452=ADVANCED_FACE('',(#2451),#2426,.F.);
#2453=CARTESIAN_POINT('',(53.5,128.53136848,6.424210492));
#2454=DIRECTION('',(0.,-0.866185586,0.499722453));
#2455=DIRECTION('',(0.,-0.499722453,-0.866185586));
#2456=AXIS2_PLACEMENT_3D('',#2453,#2454,#2455);
#2457=PLANE('',#2456);
#2458=ORIENTED_EDGE('',*,*,#505,.T.);
#2459=CARTESIAN_POINT('',(53.4,129.353636791,7.849475565));
#2460=VERTEX_POINT('',#2459);
#2461=CARTESIAN_POINT('',(53.4,129.353636791,7.849475565));
#2462=DIRECTION('',(-1.,0.,0.));
#2463=VECTOR('',#2462,5.9);
#2464=LINE('',#2461,#2463);
#2465=EDGE_CURVE('',#2460,#492,#2464,.T.);
#2466=ORIENTED_EDGE('',*,*,#2465,.F.);
#2467=CARTESIAN_POINT('',(53.4,127.709100169,4.99894542));
#2468=DIRECTION('',(0.,0.499722453,0.866185586));
#2469=VECTOR('',#2468,3.2909);
#2470=LINE('',#2467,#2469);
#2471=EDGE_CURVE('',#2429,#2460,#2470,.T.);
#2472=ORIENTED_EDGE('',*,*,#2471,.F.);
#2473=ORIENTED_EDGE('',*,*,#2434,.T.);
#2474=EDGE_LOOP('',(#2458,#2466,#2472,#2473));
#2475=FACE_BOUND('',#2474,.T.);
#2476=ADVANCED_FACE('',(#2475),#2457,.F.);
#2477=CARTESIAN_POINT('',(53.5,130.999086707,7.850002855));
#2478=DIRECTION('',(0.,-0.000320453,0.999999949));
#2479=DIRECTION('',(0.,-0.999999949,-0.000320453));
#2480=AXIS2_PLACEMENT_3D('',#2477,#2478,#2479);
#2481=PLANE('',#2480);
#2482=ORIENTED_EDGE('',*,*,#497,.T.);
#2483=CARTESIAN_POINT('',(53.4,132.644536622,7.850530145));
#2484=VERTEX_POINT('',#2483);
#2485=CARTESIAN_POINT('',(53.4,132.644536622,7.850530145));
#2486=DIRECTION('',(-1.,0.,0.));
#2487=VECTOR('',#2486,5.9);
#2488=LINE('',#2485,#2487);
#2489=EDGE_CURVE('',#2484,#484,#2488,.T.);
#2490=ORIENTED_EDGE('',*,*,#2489,.F.);
#2491=CARTESIAN_POINT('',(53.4,129.353636791,7.849475565));
#2492=DIRECTION('',(0.,0.999999949,0.000320453));
#2493=VECTOR('',#2492,3.2909);
#2494=LINE('',#2491,#2493);
#2495=EDGE_CURVE('',#2460,#2484,#2494,.T.);
#2496=ORIENTED_EDGE('',*,*,#2495,.F.);
#2497=ORIENTED_EDGE('',*,*,#2465,.T.);
#2498=EDGE_LOOP('',(#2482,#2490,#2496,#2497));
#2499=FACE_BOUND('',#2498,.T.);
#2500=ADVANCED_FACE('',(#2499),#2481,.F.);
#2501=CARTESIAN_POINT('',(53.5,133.467718227,6.425792363));
#2502=DIRECTION('',(0.,0.865865133,0.500277495));
#2503=DIRECTION('',(0.,-0.500277495,0.865865133));
#2504=AXIS2_PLACEMENT_3D('',#2501,#2502,#2503);
#2505=PLANE('',#2504);
#2506=ORIENTED_EDGE('',*,*,#489,.T.);
#2507=CARTESIAN_POINT('',(47.543246485,134.290899831,5.00105458));
#2508=VERTEX_POINT('',#2507);
#2509=CARTESIAN_POINT('',(48.5,134.,5.504535195));
#2510=DIRECTION('',(-0.,-0.865865133,-0.500277495));
#2511=DIRECTION('',(0.,-0.500277495,0.865865133));
#2512=AXIS2_PLACEMENT_3D('',#2509,#2510,#2511);
#2513=ELLIPSE('',#2512,1.998890635,1.);
#2514=EDGE_CURVE('',#476,#2508,#2513,.T.);
#2515=ORIENTED_EDGE('',*,*,#2514,.T.);
#2516=CARTESIAN_POINT('',(53.4,134.290899831,5.00105458));
#2517=VERTEX_POINT('',#2516);
#2518=CARTESIAN_POINT('',(53.4,134.290899831,5.00105458));
#2519=DIRECTION('',(-1.,0.,0.));
#2520=VECTOR('',#2519,5.856753515);
#2521=LINE('',#2518,#2520);
#2522=EDGE_CURVE('',#2517,#2508,#2521,.T.);
#2523=ORIENTED_EDGE('',*,*,#2522,.F.);
#2524=CARTESIAN_POINT('',(53.4,132.644536622,7.850530145));
#2525=DIRECTION('',(0.,0.500277495,-0.865865133));
#2526=VECTOR('',#2525,3.2909);
#2527=LINE('',#2524,#2526);
#2528=EDGE_CURVE('',#2484,#2517,#2527,.T.);
#2529=ORIENTED_EDGE('',*,*,#2528,.F.);
#2530=ORIENTED_EDGE('',*,*,#2489,.T.);
#2531=EDGE_LOOP('',(#2506,#2515,#2523,#2529,#2530));
#2532=FACE_BOUND('',#2531,.T.);
#2533=ADVANCED_FACE('',(#2532),#2505,.F.);
#2534=CARTESIAN_POINT('',(53.5,133.46863152,3.575789508));
#2535=DIRECTION('',(0.,0.866185586,-0.499722453));
#2536=DIRECTION('',(0.,0.499722453,0.866185586));
#2537=AXIS2_PLACEMENT_3D('',#2534,#2535,#2536);
#2538=PLANE('',#2537);
#2539=ORIENTED_EDGE('',*,*,#2522,.T.);
#2540=CARTESIAN_POINT('',(48.5,134.,4.496828207));
#2541=DIRECTION('',(-0.,-0.866185586,0.499722453));
#2542=DIRECTION('',(0.,0.499722453,0.866185586));
#2543=AXIS2_PLACEMENT_3D('',#2540,#2541,#2542);
#2544=ELLIPSE('',#2543,2.001110803,1.);
#2545=EDGE_CURVE('',#2508,#524,#2544,.T.);
#2546=ORIENTED_EDGE('',*,*,#2545,.T.);
#2547=ORIENTED_EDGE('',*,*,#529,.T.);
#2548=CARTESIAN_POINT('',(53.4,132.646363209,2.150524435));
#2549=VERTEX_POINT('',#2548);
#2550=CARTESIAN_POINT('',(53.4,132.646363209,2.150524435));
#2551=DIRECTION('',(-1.,0.,0.));
#2552=VECTOR('',#2551,5.9);
#2553=LINE('',#2550,#2552);
#2554=EDGE_CURVE('',#2549,#516,#2553,.T.);
#2555=ORIENTED_EDGE('',*,*,#2554,.F.);
#2556=CARTESIAN_POINT('',(53.4,134.290899831,5.00105458));
#2557=DIRECTION('',(0.,-0.499722453,-0.866185586));
#2558=VECTOR('',#2557,3.2909);
#2559=LINE('',#2556,#2558);
#2560=EDGE_CURVE('',#2517,#2549,#2559,.T.);
#2561=ORIENTED_EDGE('',*,*,#2560,.F.);
#2562=EDGE_LOOP('',(#2539,#2546,#2547,#2555,#2561));
#2563=FACE_BOUND('',#2562,.T.);
#2564=ADVANCED_FACE('',(#2563),#2538,.F.);
#2565=CARTESIAN_POINT('',(53.5,131.000913293,2.149997145));
#2566=DIRECTION('',(0.,0.000320453,-0.999999949));
#2567=DIRECTION('',(0.,0.999999949,0.000320453));
#2568=AXIS2_PLACEMENT_3D('',#2565,#2566,#2567);
#2569=PLANE('',#2568);
#2570=ORIENTED_EDGE('',*,*,#521,.T.);
#2571=ORIENTED_EDGE('',*,*,#2448,.F.);
#2572=CARTESIAN_POINT('',(53.4,132.646363209,2.150524435));
#2573=DIRECTION('',(0.,-0.999999949,-0.000320453));
#2574=VECTOR('',#2573,3.2909);
#2575=LINE('',#2572,#2574);
#2576=EDGE_CURVE('',#2549,#2437,#2575,.T.);
#2577=ORIENTED_EDGE('',*,*,#2576,.F.);
#2578=ORIENTED_EDGE('',*,*,#2554,.T.);
#2579=EDGE_LOOP('',(#2570,#2571,#2577,#2578));
#2580=FACE_BOUND('',#2579,.T.);
#2581=ADVANCED_FACE('',(#2580),#2569,.F.);
#2582=CARTESIAN_POINT('',(53.4,0.,0.));
#2583=DIRECTION('',(-1.,0.,0.));
#2584=DIRECTION('',(0.,-1.,0.));
#2585=AXIS2_PLACEMENT_3D('',#2582,#2583,#2584);
#2586=PLANE('',#2585);
#2587=ORIENTED_EDGE('',*,*,#659,.F.);
#2588=EDGE_LOOP('',(#2587));
#2589=FACE_BOUND('',#2588,.T.);
#2590=ORIENTED_EDGE('',*,*,#2442,.T.);
#2591=ORIENTED_EDGE('',*,*,#2471,.T.);
#2592=ORIENTED_EDGE('',*,*,#2495,.T.);
#2593=ORIENTED_EDGE('',*,*,#2528,.T.);
#2594=ORIENTED_EDGE('',*,*,#2560,.T.);
#2595=ORIENTED_EDGE('',*,*,#2576,.T.);
#2596=EDGE_LOOP('',(#2590,#2591,#2592,#2593,#2594,#2595));
#2597=FACE_BOUND('',#2596,.T.);
#2598=ADVANCED_FACE('',(#2589,#2597),#2586,.T.);
#2599=CARTESIAN_POINT('',(81.5,131.,5.));
#2600=DIRECTION('',(1.,0.,0.));
#2601=DIRECTION('',(0.,0.,-1.));
#2602=AXIS2_PLACEMENT_3D('',#2599,#2600,#2601);
#2603=CYLINDRICAL_SURFACE('',#2602,3.);
#2604=CARTESIAN_POINT('',(81.5,131.,2.));
#2605=VERTEX_POINT('',#2604);
#2606=CARTESIAN_POINT('',(87.5,131.,2.));
#2607=DIRECTION('',(-1.,-0.,0.));
#2608=VECTOR('',#2607,6.);
#2609=LINE('',#2606,#2608);
#2610=EDGE_CURVE('',#752,#2605,#2609,.T.);
#2611=ORIENTED_EDGE('',*,*,#2610,.F.);
#2612=ORIENTED_EDGE('',*,*,#758,.T.);
#2613=ORIENTED_EDGE('',*,*,#765,.T.);
#2614=ORIENTED_EDGE('',*,*,#2610,.T.);
#2615=CARTESIAN_POINT('',(81.5,131.,5.));
#2616=DIRECTION('',(1.,0.,0.));
#2617=DIRECTION('',(0.,0.,-1.));
#2618=AXIS2_PLACEMENT_3D('',#2615,#2616,#2617);
#2619=CIRCLE('',#2618,3.);
#2620=EDGE_CURVE('',#2605,#2605,#2619,.T.);
#2621=ORIENTED_EDGE('',*,*,#2620,.F.);
#2622=EDGE_LOOP('',(#2611,#2612,#2613,#2614,#2621));
#2623=FACE_BOUND('',#2622,.T.);
#2624=ADVANCED_FACE('',(#2623),#2603,.F.);
#2625=CARTESIAN_POINT('',(81.5,0.,0.));
#2626=DIRECTION('',(1.,0.,0.));
#2627=DIRECTION('',(0.,1.,0.));
#2628=AXIS2_PLACEMENT_3D('',#2625,#2626,#2627);
#2629=PLANE('',#2628);
#2630=ORIENTED_EDGE('',*,*,#592,.F.);
#2631=EDGE_LOOP('',(#2630));
#2632=FACE_BOUND('',#2631,.T.);
#2633=ORIENTED_EDGE('',*,*,#2620,.T.);
#2634=EDGE_LOOP('',(#2633));
#2635=FACE_BOUND('',#2634,.T.);
#2636=ADVANCED_FACE('',(#2632,#2635),#2629,.T.);
#2637=CARTESIAN_POINT('',(49.95,50.15,6.));
#2638=DIRECTION('',(0.,0.,1.));
#2639=DIRECTION('',(1.,0.,-0.));
#2640=AXIS2_PLACEMENT_3D('',#2637,#2638,#2639);
#2641=CYLINDRICAL_SURFACE('',#2640,0.8);
#2642=CARTESIAN_POINT('',(50.75,50.15,6.));
#2643=VERTEX_POINT('',#2642);
#2644=CARTESIAN_POINT('',(50.75,50.15,10.));
#2645=DIRECTION('',(-0.,-0.,-1.));
#2646=VECTOR('',#2645,4.);
#2647=LINE('',#2644,#2646);
#2648=EDGE_CURVE('',#1300,#2643,#2647,.T.);
#2649=ORIENTED_EDGE('',*,*,#2648,.F.);
#2650=ORIENTED_EDGE('',*,*,#1306,.T.);
#2651=ORIENTED_EDGE('',*,*,#2648,.T.);
#2652=CARTESIAN_POINT('',(49.95,50.15,6.));
#2653=DIRECTION('',(0.,0.,1.));
#2654=DIRECTION('',(1.,0.,-0.));
#2655=AXIS2_PLACEMENT_3D('',#2652,#2653,#2654);
#2656=CIRCLE('',#2655,0.8);
#2657=EDGE_CURVE('',#2643,#2643,#2656,.T.);
#2658=ORIENTED_EDGE('',*,*,#2657,.F.);
#2659=EDGE_LOOP('',(#2649,#2650,#2651,#2658));
#2660=FACE_BOUND('',#2659,.T.);
#2661=ADVANCED_FACE('',(#2660),#2641,.F.);
#2662=CARTESIAN_POINT('',(0.,0.,6.));
#2663=DIRECTION('',(0.,0.,1.));
#2664=DIRECTION('',(1.,0.,0.));
#2665=AXIS2_PLACEMENT_3D('',#2662,#2663,#2664);
#2666=PLANE('',#2665);
#2667=ORIENTED_EDGE('',*,*,#2657,.T.);
#2668=EDGE_LOOP('',(#2667));
#2669=FACE_BOUND('',#2668,.T.);
#2670=ADVANCED_FACE('',(#2669),#2666,.T.);
#2671=CARTESIAN_POINT('',(85.05,50.15,6.));
#2672=DIRECTION('',(0.,0.,1.));
#2673=DIRECTION('',(1.,0.,-0.));
#2674=AXIS2_PLACEMENT_3D('',#2671,#2672,#2673);
#2675=CYLINDRICAL_SURFACE('',#2674,0.8);
#2676=CARTESIAN_POINT('',(85.85,50.15,6.));
#2677=VERTEX_POINT('',#2676);
#2678=CARTESIAN_POINT('',(85.85,50.15,10.));
#2679=DIRECTION('',(-0.,-0.,-1.));
#2680=VECTOR('',#2679,4.);
#2681=LINE('',#2678,#2680);
#2682=EDGE_CURVE('',#1289,#2677,#2681,.T.);
#2683=ORIENTED_EDGE('',*,*,#2682,.F.);
#2684=ORIENTED_EDGE('',*,*,#1295,.T.);
#2685=ORIENTED_EDGE('',*,*,#2682,.T.);
#2686=CARTESIAN_POINT('',(85.05,50.15,6.));
#2687=DIRECTION('',(0.,0.,1.));
#2688=DIRECTION('',(1.,0.,-0.));
#2689=AXIS2_PLACEMENT_3D('',#2686,#2687,#2688);
#2690=CIRCLE('',#2689,0.8);
#2691=EDGE_CURVE('',#2677,#2677,#2690,.T.);
#2692=ORIENTED_EDGE('',*,*,#2691,.F.);
#2693=EDGE_LOOP('',(#2683,#2684,#2685,#2692));
#2694=FACE_BOUND('',#2693,.T.);
#2695=ADVANCED_FACE('',(#2694),#2675,.F.);
#2696=CARTESIAN_POINT('',(0.,0.,6.));
#2697=DIRECTION('',(0.,0.,1.));
#2698=DIRECTION('',(1.,0.,0.));
#2699=AXIS2_PLACEMENT_3D('',#2696,#2697,#2698);
#2700=PLANE('',#2699);
#2701=ORIENTED_EDGE('',*,*,#2691,.T.);
#2702=EDGE_LOOP('',(#2701));
#2703=FACE_BOUND('',#2702,.T.);
#2704=ADVANCED_FACE('',(#2703),#2700,.T.);
#2705=CARTESIAN_POINT('',(49.95,125.,6.));
#2706=DIRECTION('',(0.,0.,1.));
#2707=DIRECTION('',(1.,0.,-0.));
#2708=AXIS2_PLACEMENT_3D('',#2705,#2706,#2707);
#2709=CYLINDRICAL_SURFACE('',#2708,0.8);
#2710=CARTESIAN_POINT('',(50.75,125.,6.));
#2711=VERTEX_POINT('',#2710);
#2712=CARTESIAN_POINT('',(50.75,125.,10.));
#2713=DIRECTION('',(-0.,-0.,-1.));
#2714=VECTOR('',#2713,4.);
#2715=LINE('',#2712,#2714);
#2716=EDGE_CURVE('',#360,#2711,#2715,.T.);
#2717=ORIENTED_EDGE('',*,*,#2716,.F.);
#2718=ORIENTED_EDGE('',*,*,#366,.T.);
#2719=ORIENTED_EDGE('',*,*,#2716,.T.);
#2720=CARTESIAN_POINT('',(49.95,125.,6.));
#2721=DIRECTION('',(0.,0.,1.));
#2722=DIRECTION('',(1.,0.,-0.));
#2723=AXIS2_PLACEMENT_3D('',#2720,#2721,#2722);
#2724=CIRCLE('',#2723,0.8);
#2725=EDGE_CURVE('',#2711,#2711,#2724,.T.);
#2726=ORIENTED_EDGE('',*,*,#2725,.F.);
#2727=EDGE_LOOP('',(#2717,#2718,#2719,#2726));
#2728=FACE_BOUND('',#2727,.T.);
#2729=ADVANCED_FACE('',(#2728),#2709,.F.);
#2730=CARTESIAN_POINT('',(0.,0.,6.));
#2731=DIRECTION('',(0.,0.,1.));
#2732=DIRECTION('',(1.,0.,0.));
#2733=AXIS2_PLACEMENT_3D('',#2730,#2731,#2732);
#2734=PLANE('',#2733);
#2735=ORIENTED_EDGE('',*,*,#2725,.T.);
#2736=EDGE_LOOP('',(#2735));
#2737=FACE_BOUND('',#2736,.T.);
#2738=ADVANCED_FACE('',(#2737),#2734,.T.);
#2739=CARTESIAN_POINT('',(85.05,125.003159046,6.));
#2740=DIRECTION('',(0.,0.,1.));
#2741=DIRECTION('',(1.,0.,-0.));
#2742=AXIS2_PLACEMENT_3D('',#2739,#2740,#2741);
#2743=CYLINDRICAL_SURFACE('',#2742,0.8);
#2744=CARTESIAN_POINT('',(85.85,125.003159046,6.));
#2745=VERTEX_POINT('',#2744);
#2746=CARTESIAN_POINT('',(85.85,125.003159046,10.));
#2747=DIRECTION('',(-0.,-0.,-1.));
#2748=VECTOR('',#2747,4.);
#2749=LINE('',#2746,#2748);
#2750=EDGE_CURVE('',#1278,#2745,#2749,.T.);
#2751=ORIENTED_EDGE('',*,*,#2750,.F.);
#2752=ORIENTED_EDGE('',*,*,#1284,.T.);
#2753=ORIENTED_EDGE('',*,*,#2750,.T.);
#2754=CARTESIAN_POINT('',(85.05,125.003159046,6.));
#2755=DIRECTION('',(0.,0.,1.));
#2756=DIRECTION('',(1.,0.,-0.));
#2757=AXIS2_PLACEMENT_3D('',#2754,#2755,#2756);
#2758=CIRCLE('',#2757,0.8);
#2759=EDGE_CURVE('',#2745,#2745,#2758,.T.);
#2760=ORIENTED_EDGE('',*,*,#2759,.F.);
#2761=EDGE_LOOP('',(#2751,#2752,#2753,#2760));
#2762=FACE_BOUND('',#2761,.T.);
#2763=ADVANCED_FACE('',(#2762),#2743,.F.);
#2764=CARTESIAN_POINT('',(0.,0.,6.));
#2765=DIRECTION('',(0.,0.,1.));
#2766=DIRECTION('',(1.,0.,0.));
#2767=AXIS2_PLACEMENT_3D('',#2764,#2765,#2766);
#2768=PLANE('',#2767);
#2769=ORIENTED_EDGE('',*,*,#2759,.T.);
#2770=EDGE_LOOP('',(#2769));
#2771=FACE_BOUND('',#2770,.T.);
#2772=ADVANCED_FACE('',(#2771),#2768,.T.);
#2773=CARTESIAN_POINT('',(86.5,91.25,1.));
#2774=DIRECTION('',(0.,-1.,0.));
#2775=DIRECTION('',(0.,0.,-1.));
#2776=AXIS2_PLACEMENT_3D('',#2773,#2774,#2775);
#2777=CYLINDRICAL_SURFACE('',#2776,1.);
#2778=ORIENTED_EDGE('',*,*,#924,.F.);
#2779=CARTESIAN_POINT('',(86.5,134.,1.));
#2780=DIRECTION('',(0.,-1.,0.));
#2781=DIRECTION('',(0.,0.,-1.));
#2782=AXIS2_PLACEMENT_3D('',#2779,#2780,#2781);
#2783=CIRCLE('',#2782,1.);
#2784=EDGE_CURVE('',#911,#736,#2783,.T.);
#2785=ORIENTED_EDGE('',*,*,#2784,.T.);
#2786=ORIENTED_EDGE('',*,*,#741,.F.);
#2787=CARTESIAN_POINT('',(86.5,48.5,1.));
#2788=DIRECTION('',(-0.,1.,-0.));
#2789=DIRECTION('',(0.,0.,-1.));
#2790=AXIS2_PLACEMENT_3D('',#2787,#2788,#2789);
#2791=CIRCLE('',#2790,1.);
#2792=EDGE_CURVE('',#734,#919,#2791,.T.);
#2793=ORIENTED_EDGE('',*,*,#2792,.T.);
#2794=EDGE_LOOP('',(#2778,#2785,#2786,#2793));
#2795=FACE_BOUND('',#2794,.T.);
#2796=ADVANCED_FACE('',(#2795),#2777,.T.);
#2797=CARTESIAN_POINT('',(67.5,48.5,1.));
#2798=DIRECTION('',(-1.,0.,0.));
#2799=DIRECTION('',(0.,0.,1.));
#2800=AXIS2_PLACEMENT_3D('',#2797,#2798,#2799);
#2801=CYLINDRICAL_SURFACE('',#2800,1.);
#2802=ORIENTED_EDGE('',*,*,#717,.F.);
#2803=CARTESIAN_POINT('',(48.5,48.5,1.));
#2804=DIRECTION('',(1.,-0.,-0.));
#2805=DIRECTION('',(0.,0.,1.));
#2806=AXIS2_PLACEMENT_3D('',#2803,#2804,#2805);
#2807=CIRCLE('',#2806,1.);
#2808=EDGE_CURVE('',#704,#927,#2807,.T.);
#2809=ORIENTED_EDGE('',*,*,#2808,.T.);
#2810=ORIENTED_EDGE('',*,*,#932,.F.);
#2811=CARTESIAN_POINT('',(86.5,48.5,1.));
#2812=DIRECTION('',(1.,0.,0.));
#2813=DIRECTION('',(0.,0.,-1.));
#2814=AXIS2_PLACEMENT_3D('',#2811,#2812,#2813);
#2815=CIRCLE('',#2814,1.);
#2816=EDGE_CURVE('',#712,#919,#2815,.T.);
#2817=ORIENTED_EDGE('',*,*,#2816,.F.);
#2818=EDGE_LOOP('',(#2802,#2809,#2810,#2817));
#2819=FACE_BOUND('',#2818,.T.);
#2820=ADVANCED_FACE('',(#2819),#2801,.T.);
#2821=CARTESIAN_POINT('',(86.5,48.5,1.));
#2822=DIRECTION('',(0.,-1.,0.));
#2823=DIRECTION('',(0.,0.,-1.));
#2824=AXIS2_PLACEMENT_3D('',#2821,#2822,#2823);
#2825=SPHERICAL_SURFACE('',#2824,1.);
#2826=ORIENTED_EDGE('',*,*,#2816,.T.);
#2827=ORIENTED_EDGE('',*,*,#2792,.F.);
#2828=CARTESIAN_POINT('',(86.5,48.5,1.));
#2829=DIRECTION('',(0.,0.,1.));
#2830=DIRECTION('',(1.,0.,-0.));
#2831=AXIS2_PLACEMENT_3D('',#2828,#2829,#2830);
#2832=CIRCLE('',#2831,1.);
#2833=EDGE_CURVE('',#712,#734,#2832,.T.);
#2834=ORIENTED_EDGE('',*,*,#2833,.F.);
#2835=EDGE_LOOP('',(#2826,#2827,#2834));
#2836=FACE_BOUND('',#2835,.T.);
#2837=ADVANCED_FACE('',(#2836),#2825,.T.);
#2838=CARTESIAN_POINT('',(86.5,48.5,0.));
#2839=DIRECTION('',(0.,0.,1.));
#2840=DIRECTION('',(1.,0.,-0.));
#2841=AXIS2_PLACEMENT_3D('',#2838,#2839,#2840);
#2842=CYLINDRICAL_SURFACE('',#2841,1.);
#2843=ORIENTED_EDGE('',*,*,#2833,.T.);
#2844=ORIENTED_EDGE('',*,*,#787,.F.);
#2845=ORIENTED_EDGE('',*,*,#1134,.F.);
#2846=ORIENTED_EDGE('',*,*,#723,.F.);
#2847=EDGE_LOOP('',(#2843,#2844,#2845,#2846));
#2848=FACE_BOUND('',#2847,.T.);
#2849=ADVANCED_FACE('',(#2848),#2842,.T.);
#2850=CARTESIAN_POINT('',(48.5,91.25,1.));
#2851=DIRECTION('',(0.,1.,0.));
#2852=DIRECTION('',(0.,-0.,1.));
#2853=AXIS2_PLACEMENT_3D('',#2850,#2851,#2852);
#2854=CYLINDRICAL_SURFACE('',#2853,1.);
#2855=ORIENTED_EDGE('',*,*,#545,.F.);
#2856=CARTESIAN_POINT('',(48.5,134.,1.));
#2857=DIRECTION('',(-0.,-1.,-0.));
#2858=DIRECTION('',(0.,-0.,1.));
#2859=AXIS2_PLACEMENT_3D('',#2856,#2857,#2858);
#2860=CIRCLE('',#2859,1.);
#2861=EDGE_CURVE('',#532,#935,#2860,.T.);
#2862=ORIENTED_EDGE('',*,*,#2861,.T.);
#2863=ORIENTED_EDGE('',*,*,#940,.F.);
#2864=CARTESIAN_POINT('',(48.5,48.5,1.));
#2865=DIRECTION('',(0.,-1.,0.));
#2866=DIRECTION('',(0.,0.,-1.));
#2867=AXIS2_PLACEMENT_3D('',#2864,#2865,#2866);
#2868=CIRCLE('',#2867,1.);
#2869=EDGE_CURVE('',#540,#927,#2868,.T.);
#2870=ORIENTED_EDGE('',*,*,#2869,.F.);
#2871=EDGE_LOOP('',(#2855,#2862,#2863,#2870));
#2872=FACE_BOUND('',#2871,.T.);
#2873=ADVANCED_FACE('',(#2872),#2854,.T.);
#2874=CARTESIAN_POINT('',(48.5,48.5,1.));
#2875=DIRECTION('',(-1.,0.,0.));
#2876=DIRECTION('',(0.,0.,1.));
#2877=AXIS2_PLACEMENT_3D('',#2874,#2875,#2876);
#2878=SPHERICAL_SURFACE('',#2877,1.);
#2879=ORIENTED_EDGE('',*,*,#2869,.T.);
#2880=ORIENTED_EDGE('',*,*,#2808,.F.);
#2881=CARTESIAN_POINT('',(48.5,48.5,1.));
#2882=DIRECTION('',(0.,0.,1.));
#2883=DIRECTION('',(1.,0.,-0.));
#2884=AXIS2_PLACEMENT_3D('',#2881,#2882,#2883);
#2885=CIRCLE('',#2884,1.);
#2886=EDGE_CURVE('',#540,#704,#2885,.T.);
#2887=ORIENTED_EDGE('',*,*,#2886,.F.);
#2888=EDGE_LOOP('',(#2879,#2880,#2887));
#2889=FACE_BOUND('',#2888,.T.);
#2890=ADVANCED_FACE('',(#2889),#2878,.T.);
#2891=CARTESIAN_POINT('',(48.5,48.5,0.));
#2892=DIRECTION('',(0.,0.,1.));
#2893=DIRECTION('',(1.,0.,-0.));
#2894=AXIS2_PLACEMENT_3D('',#2891,#2892,#2893);
#2895=CYLINDRICAL_SURFACE('',#2894,1.);
#2896=ORIENTED_EDGE('',*,*,#2886,.T.);
#2897=ORIENTED_EDGE('',*,*,#709,.F.);
#2898=ORIENTED_EDGE('',*,*,#1126,.F.);
#2899=ORIENTED_EDGE('',*,*,#553,.F.);
#2900=EDGE_LOOP('',(#2896,#2897,#2898,#2899));
#2901=FACE_BOUND('',#2900,.T.);
#2902=ADVANCED_FACE('',(#2901),#2895,.T.);
#2903=CARTESIAN_POINT('',(48.75,134.,1.));
#2904=DIRECTION('',(1.,0.,0.));
#2905=DIRECTION('',(0.,0.,-1.));
#2906=AXIS2_PLACEMENT_3D('',#2903,#2904,#2905);
#2907=CYLINDRICAL_SURFACE('',#2906,1.);
#2908=ORIENTED_EDGE('',*,*,#1926,.F.);
#2909=ORIENTED_EDGE('',*,*,#948,.F.);
#2910=CARTESIAN_POINT('',(48.5,134.,1.));
#2911=DIRECTION('',(-1.,0.,0.));
#2912=DIRECTION('',(0.,0.,1.));
#2913=AXIS2_PLACEMENT_3D('',#2910,#2911,#2912);
#2914=CIRCLE('',#2913,1.);
#2915=EDGE_CURVE('',#840,#935,#2914,.T.);
#2916=ORIENTED_EDGE('',*,*,#2915,.F.);
#2917=ORIENTED_EDGE('',*,*,#845,.F.);
#2918=EDGE_LOOP('',(#2908,#2909,#2916,#2917));
#2919=FACE_BOUND('',#2918,.T.);
#2920=ADVANCED_FACE('',(#2919),#2907,.T.);
#2921=CARTESIAN_POINT('',(48.5,134.,1.));
#2922=DIRECTION('',(0.,1.,0.));
#2923=DIRECTION('',(0.,-0.,1.));
#2924=AXIS2_PLACEMENT_3D('',#2921,#2922,#2923);
#2925=SPHERICAL_SURFACE('',#2924,1.);
#2926=ORIENTED_EDGE('',*,*,#2915,.T.);
#2927=ORIENTED_EDGE('',*,*,#2861,.F.);
#2928=CARTESIAN_POINT('',(48.5,134.,1.));
#2929=DIRECTION('',(0.,0.,1.));
#2930=DIRECTION('',(1.,0.,-0.));
#2931=AXIS2_PLACEMENT_3D('',#2928,#2929,#2930);
#2932=CIRCLE('',#2931,1.);
#2933=EDGE_CURVE('',#840,#532,#2932,.T.);
#2934=ORIENTED_EDGE('',*,*,#2933,.F.);
#2935=EDGE_LOOP('',(#2926,#2927,#2934));
#2936=FACE_BOUND('',#2935,.T.);
#2937=ADVANCED_FACE('',(#2936),#2925,.T.);
#2938=CARTESIAN_POINT('',(48.5,134.,0.));
#2939=DIRECTION('',(0.,0.,1.));
#2940=DIRECTION('',(1.,0.,-0.));
#2941=AXIS2_PLACEMENT_3D('',#2938,#2939,#2940);
#2942=CYLINDRICAL_SURFACE('',#2941,1.);
#2943=ORIENTED_EDGE('',*,*,#2514,.F.);
#2944=ORIENTED_EDGE('',*,*,#481,.F.);
#2945=ORIENTED_EDGE('',*,*,#419,.F.);
#2946=ORIENTED_EDGE('',*,*,#851,.F.);
#2947=ORIENTED_EDGE('',*,*,#2933,.T.);
#2948=ORIENTED_EDGE('',*,*,#537,.F.);
#2949=ORIENTED_EDGE('',*,*,#2545,.F.);
#2950=EDGE_LOOP('',(#2943,#2944,#2945,#2946,#2947,#2948,#2949));
#2951=FACE_BOUND('',#2950,.T.);
#2952=ADVANCED_FACE('',(#2951),#2942,.T.);
#2953=CARTESIAN_POINT('',(86.25,134.,1.));
#2954=DIRECTION('',(1.,0.,0.));
#2955=DIRECTION('',(0.,0.,-1.));
#2956=AXIS2_PLACEMENT_3D('',#2953,#2954,#2955);
#2957=CYLINDRICAL_SURFACE('',#2956,1.);
#2958=CARTESIAN_POINT('',(86.5,134.,1.));
#2959=DIRECTION('',(1.,0.,0.));
#2960=DIRECTION('',(0.,0.,-1.));
#2961=AXIS2_PLACEMENT_3D('',#2958,#2959,#2960);
#2962=CIRCLE('',#2961,1.);
#2963=EDGE_CURVE('',#911,#808,#2962,.T.);
#2964=ORIENTED_EDGE('',*,*,#2963,.F.);
#2965=ORIENTED_EDGE('',*,*,#916,.F.);
#2966=ORIENTED_EDGE('',*,*,#1500,.F.);
#2967=ORIENTED_EDGE('',*,*,#821,.F.);
#2968=EDGE_LOOP('',(#2964,#2965,#2966,#2967));
#2969=FACE_BOUND('',#2968,.T.);
#2970=ADVANCED_FACE('',(#2969),#2957,.T.);
#2971=CARTESIAN_POINT('',(86.5,134.,1.));
#2972=DIRECTION('',(0.,1.,0.));
#2973=DIRECTION('',(0.,-0.,1.));
#2974=AXIS2_PLACEMENT_3D('',#2971,#2972,#2973);
#2975=SPHERICAL_SURFACE('',#2974,1.);
#2976=ORIENTED_EDGE('',*,*,#2784,.F.);
#2977=ORIENTED_EDGE('',*,*,#2963,.T.);
#2978=CARTESIAN_POINT('',(86.5,134.,1.));
#2979=DIRECTION('',(0.,0.,1.));
#2980=DIRECTION('',(1.,0.,-0.));
#2981=AXIS2_PLACEMENT_3D('',#2978,#2979,#2980);
#2982=CIRCLE('',#2981,1.);
#2983=EDGE_CURVE('',#736,#808,#2982,.T.);
#2984=ORIENTED_EDGE('',*,*,#2983,.F.);
#2985=EDGE_LOOP('',(#2976,#2977,#2984));
#2986=FACE_BOUND('',#2985,.T.);
#2987=ADVANCED_FACE('',(#2986),#2975,.T.);
#2988=CARTESIAN_POINT('',(86.5,134.,0.));
#2989=DIRECTION('',(0.,0.,1.));
#2990=DIRECTION('',(1.,0.,-0.));
#2991=AXIS2_PLACEMENT_3D('',#2988,#2989,#2990);
#2992=CYLINDRICAL_SURFACE('',#2991,1.);
#2993=ORIENTED_EDGE('',*,*,#2983,.T.);
#2994=ORIENTED_EDGE('',*,*,#813,.F.);
#2995=ORIENTED_EDGE('',*,*,#1142,.F.);
#2996=ORIENTED_EDGE('',*,*,#773,.F.);
#2997=ORIENTED_EDGE('',*,*,#749,.F.);
#2998=EDGE_LOOP('',(#2993,#2994,#2995,#2996,#2997));
#2999=FACE_BOUND('',#2998,.T.);
#3000=ADVANCED_FACE('',(#2999),#2992,.T.);
#3001=CARTESIAN_POINT('',(51.9,53.85,5.));
#3002=DIRECTION('',(-1.,0.,0.));
#3003=DIRECTION('',(0.,0.,1.));
#3004=AXIS2_PLACEMENT_3D('',#3001,#3002,#3003);
#3005=PLANE('',#3004);
#3006=ORIENTED_EDGE('',*,*,#1117,.T.);
#3007=CARTESIAN_POINT('',(51.9,52.3,5.));
#3008=DIRECTION('',(0.,0.,1.));
#3009=VECTOR('',#3008,5.);
#3010=LINE('',#3007,#3009);
#3011=EDGE_CURVE('',#194,#1112,#3010,.T.);
#3012=ORIENTED_EDGE('',*,*,#3011,.F.);
#3013=ORIENTED_EDGE('',*,*,#199,.F.);
#3014=ORIENTED_EDGE('',*,*,#449,.T.);
#3015=EDGE_LOOP('',(#3006,#3012,#3013,#3014));
#3016=FACE_BOUND('',#3015,.T.);
#3017=ADVANCED_FACE('',(#3016),#3005,.F.);
#3018=CARTESIAN_POINT('',(67.5,52.3,5.));
#3019=DIRECTION('',(-0.,-1.,0.));
#3020=DIRECTION('',(1.,-0.,0.));
#3021=AXIS2_PLACEMENT_3D('',#3018,#3019,#3020);
#3022=PLANE('',#3021);
#3023=ORIENTED_EDGE('',*,*,#1273,.T.);
#3024=CARTESIAN_POINT('',(83.1,52.3,5.));
#3025=DIRECTION('',(0.,0.,1.));
#3026=VECTOR('',#3025,5.);
#3027=LINE('',#3024,#3026);
#3028=EDGE_CURVE('',#202,#1262,#3027,.T.);
#3029=ORIENTED_EDGE('',*,*,#3028,.F.);
#3030=ORIENTED_EDGE('',*,*,#207,.F.);
#3031=ORIENTED_EDGE('',*,*,#3011,.T.);
#3032=EDGE_LOOP('',(#3023,#3029,#3030,#3031));
#3033=FACE_BOUND('',#3032,.T.);
#3034=ADVANCED_FACE('',(#3033),#3022,.F.);
#3035=CARTESIAN_POINT('',(83.1,75.4,5.));
#3036=DIRECTION('',(1.,0.,0.));
#3037=DIRECTION('',(0.,0.,-1.));
#3038=AXIS2_PLACEMENT_3D('',#3035,#3036,#3037);
#3039=PLANE('',#3038);
#3040=ORIENTED_EDGE('',*,*,#1267,.T.);
#3041=CARTESIAN_POINT('',(83.1,98.5,5.));
#3042=DIRECTION('',(0.,0.,1.));
#3043=VECTOR('',#3042,5.);
#3044=LINE('',#3041,#3043);
#3045=EDGE_CURVE('',#210,#1254,#3044,.T.);
#3046=ORIENTED_EDGE('',*,*,#3045,.F.);
#3047=ORIENTED_EDGE('',*,*,#215,.F.);
#3048=ORIENTED_EDGE('',*,*,#3028,.T.);
#3049=EDGE_LOOP('',(#3040,#3046,#3047,#3048));
#3050=FACE_BOUND('',#3049,.T.);
#3051=ADVANCED_FACE('',(#3050),#3039,.F.);
#3052=CARTESIAN_POINT('',(77.85,98.5,5.));
#3053=DIRECTION('',(0.,1.,0.));
#3054=DIRECTION('',(0.,0.,1.));
#3055=AXIS2_PLACEMENT_3D('',#3052,#3053,#3054);
#3056=PLANE('',#3055);
#3057=ORIENTED_EDGE('',*,*,#1259,.T.);
#3058=ORIENTED_EDGE('',*,*,#1809,.F.);
#3059=ORIENTED_EDGE('',*,*,#311,.F.);
#3060=ORIENTED_EDGE('',*,*,#1847,.T.);
#3061=ORIENTED_EDGE('',*,*,#386,.F.);
#3062=CARTESIAN_POINT('',(51.9,98.5,5.));
#3063=DIRECTION('',(0.,0.,1.));
#3064=VECTOR('',#3063,5.);
#3065=LINE('',#3062,#3064);
#3066=EDGE_CURVE('',#154,#373,#3065,.T.);
#3067=ORIENTED_EDGE('',*,*,#3066,.F.);
#3068=ORIENTED_EDGE('',*,*,#159,.F.);
#3069=ORIENTED_EDGE('',*,*,#1743,.F.);
#3070=ORIENTED_EDGE('',*,*,#1680,.T.);
#3071=ORIENTED_EDGE('',*,*,#1758,.T.);
#3072=ORIENTED_EDGE('',*,*,#223,.F.);
#3073=ORIENTED_EDGE('',*,*,#3045,.T.);
#3074=EDGE_LOOP('',(#3057,#3058,#3059,#3060,#3061,#3067,#3068,#3069,#3070,#3071,#3072,#3073));
#3075=FACE_BOUND('',#3074,.T.);
#3076=ADVANCED_FACE('',(#3075),#3056,.F.);
#3077=CARTESIAN_POINT('',(51.9,90.7,5.));
#3078=DIRECTION('',(1.,0.,0.));
#3079=DIRECTION('',(0.,0.,-1.));
#3080=AXIS2_PLACEMENT_3D('',#3077,#3078,#3079);
#3081=PLANE('',#3080);
#3082=ORIENTED_EDGE('',*,*,#378,.F.);
#3083=ORIENTED_EDGE('',*,*,#1321,.F.);
#3084=ORIENTED_EDGE('',*,*,#167,.T.);
#3085=ORIENTED_EDGE('',*,*,#3066,.T.);
#3086=EDGE_LOOP('',(#3082,#3083,#3084,#3085));
#3087=FACE_BOUND('',#3086,.T.);
#3088=ADVANCED_FACE('',(#3087),#3081,.T.);
#3089=CARTESIAN_POINT('',(67.5,125.,0.));
#3090=DIRECTION('',(0.,0.,1.));
#3091=DIRECTION('',(1.,0.,-0.));
#3092=AXIS2_PLACEMENT_3D('',#3089,#3090,#3091);
#3093=CYLINDRICAL_SURFACE('',#3092,2.5);
#3094=ORIENTED_EDGE('',*,*,#2028,.T.);
#3095=ORIENTED_EDGE('',*,*,#1016,.F.);
#3096=ORIENTED_EDGE('',*,*,#1899,.T.);
#3097=ORIENTED_EDGE('',*,*,#1169,.T.);
#3098=EDGE_LOOP('',(#3094,#3095,#3096,#3097));
#3099=FACE_BOUND('',#3098,.T.);
#3100=ADVANCED_FACE('',(#3099),#3093,.F.);
#3101=CLOSED_SHELL('',(#289,#353,#437,#468,#571,#604,#687,#727,#791,#831,#894,#1105,#1310,#1327,#1361,#1395,#1429,#1463,#1485,#1512,#1543,#1568,#1577,#1602,#1611,#1642,
#1730,#1747,#1764,#1789,#1798,#1820,#1837,#1859,#1874,#1889,#1911,#1938,#1960,#1972,#1994,#2006,#2018,#2035,#2073,#2120,#2146,#2163,#2175,#2197,#2214,
#2231,#2243,#2268,#2281,#2306,#2319,#2354,#2370,#2405,#2421,#2452,#2476,#2500,#2533,#2564,#2581,#2598,#2624,#2636,#2661,#2670,#2695,#2704,#2729,#2738,
#2763,#2772,#2796,#2820,#2837,#2849,#2873,#2890,#2902,#2920,#2937,#2952,#2970,#2987,#3000,#3017,#3034,#3051,#3076,#3088,#3100));
#3102=MANIFOLD_SOLID_BREP('\X2\5B9E4F53\X0\  07',#3101);
#3103=COLOUR_RGB('',0.627451003,0.627451003,0.643137276);
#3104=FILL_AREA_STYLE_COLOUR('',#3103);
#3105=FILL_AREA_STYLE('',(#3104));
#3106=SURFACE_STYLE_FILL_AREA(#3105);
#3107=SURFACE_SIDE_STYLE('',(#3106));
#3108=SURFACE_STYLE_USAGE(.BOTH.,#3107);
#3109=PRESENTATION_STYLE_ASSIGNMENT((#3108));
#26=STYLED_ITEM('',(#3109),#3102);
#3111=CARTESIAN_POINT('',(55.55,63.3,3.6));
#3112=DIRECTION('',(0.,0.,-1.));
#3113=DIRECTION('',(-1.,0.,0.));
#3114=AXIS2_PLACEMENT_3D('',#3111,#3112,#3113);
#3115=CYLINDRICAL_SURFACE('',#3114,2.5);
#3116=CARTESIAN_POINT('',(53.05,63.3,3.4));
#3117=VERTEX_POINT('',#3116);
#3118=CARTESIAN_POINT('',(53.05,63.3,3.6));
#3119=VERTEX_POINT('',#3118);
#3120=CARTESIAN_POINT('',(53.05,63.3,3.4));
#3121=DIRECTION('',(-0.,-0.,1.));
#3122=VECTOR('',#3121,0.2);
#3123=LINE('',#3120,#3122);
#3124=EDGE_CURVE('',#3117,#3119,#3123,.T.);
#3125=ORIENTED_EDGE('',*,*,#3124,.T.);
#3126=CARTESIAN_POINT('',(55.55,63.3,3.6));
#3127=DIRECTION('',(0.,0.,-1.));
#3128=DIRECTION('',(-1.,0.,0.));
#3129=AXIS2_PLACEMENT_3D('',#3126,#3127,#3128);
#3130=CIRCLE('',#3129,2.5);
#3131=EDGE_CURVE('',#3119,#3119,#3130,.T.);
#3132=ORIENTED_EDGE('',*,*,#3131,.T.);
#3133=ORIENTED_EDGE('',*,*,#3124,.F.);
#3134=CARTESIAN_POINT('',(55.55,63.3,3.4));
#3135=DIRECTION('',(0.,0.,-1.));
#3136=DIRECTION('',(-1.,0.,0.));
#3137=AXIS2_PLACEMENT_3D('',#3134,#3135,#3136);
#3138=CIRCLE('',#3137,2.5);
#3139=EDGE_CURVE('',#3117,#3117,#3138,.T.);
#3140=ORIENTED_EDGE('',*,*,#3139,.F.);
#3141=EDGE_LOOP('',(#3125,#3132,#3133,#3140));
#3142=FACE_BOUND('',#3141,.T.);
#3143=ADVANCED_FACE('',(#3142),#3115,.T.);
#3144=CARTESIAN_POINT('',(0.,0.,3.6));
#3145=DIRECTION('',(0.,0.,-1.));
#3146=DIRECTION('',(0.,1.,0.));
#3147=AXIS2_PLACEMENT_3D('',#3144,#3145,#3146);
#3148=PLANE('',#3147);
#3149=ORIENTED_EDGE('',*,*,#3131,.F.);
#3150=EDGE_LOOP('',(#3149));
#3151=FACE_BOUND('',#3150,.T.);
#3152=ADVANCED_FACE('',(#3151),#3148,.F.);
#3153=CARTESIAN_POINT('',(0.,0.,3.4));
#3154=DIRECTION('',(0.,0.,-1.));
#3155=DIRECTION('',(0.,1.,0.));
#3156=AXIS2_PLACEMENT_3D('',#3153,#3154,#3155);
#3157=PLANE('',#3156);
#3158=ORIENTED_EDGE('',*,*,#3139,.T.);
#3159=EDGE_LOOP('',(#3158));
#3160=FACE_BOUND('',#3159,.T.);
#3161=ADVANCED_FACE('',(#3160),#3157,.T.);
#3162=CLOSED_SHELL('',(#3143,#3152,#3161));
#3163=MANIFOLD_SOLID_BREP('\X2\5B9E4F53\X0\  05',#3162);
#3110=STYLED_ITEM('',(#3109),#3163);
#3165=CARTESIAN_POINT('',(55.55,78.,3.6));
#3166=DIRECTION('',(0.,0.,-1.));
#3167=DIRECTION('',(-1.,0.,0.));
#3168=AXIS2_PLACEMENT_3D('',#3165,#3166,#3167);
#3169=CYLINDRICAL_SURFACE('',#3168,2.5);
#3170=CARTESIAN_POINT('',(53.05,78.,3.4));
#3171=VERTEX_POINT('',#3170);
#3172=CARTESIAN_POINT('',(53.05,78.,3.6));
#3173=VERTEX_POINT('',#3172);
#3174=CARTESIAN_POINT('',(53.05,78.,3.4));
#3175=DIRECTION('',(-0.,-0.,1.));
#3176=VECTOR('',#3175,0.2);
#3177=LINE('',#3174,#3176);
#3178=EDGE_CURVE('',#3171,#3173,#3177,.T.);
#3179=ORIENTED_EDGE('',*,*,#3178,.T.);
#3180=CARTESIAN_POINT('',(55.55,78.,3.6));
#3181=DIRECTION('',(0.,0.,-1.));
#3182=DIRECTION('',(-1.,0.,0.));
#3183=AXIS2_PLACEMENT_3D('',#3180,#3181,#3182);
#3184=CIRCLE('',#3183,2.5);
#3185=EDGE_CURVE('',#3173,#3173,#3184,.T.);
#3186=ORIENTED_EDGE('',*,*,#3185,.T.);
#3187=ORIENTED_EDGE('',*,*,#3178,.F.);
#3188=CARTESIAN_POINT('',(55.55,78.,3.4));
#3189=DIRECTION('',(0.,0.,-1.));
#3190=DIRECTION('',(-1.,0.,0.));
#3191=AXIS2_PLACEMENT_3D('',#3188,#3189,#3190);
#3192=CIRCLE('',#3191,2.5);
#3193=EDGE_CURVE('',#3171,#3171,#3192,.T.);
#3194=ORIENTED_EDGE('',*,*,#3193,.F.);
#3195=EDGE_LOOP('',(#3179,#3186,#3187,#3194));
#3196=FACE_BOUND('',#3195,.T.);
#3197=ADVANCED_FACE('',(#3196),#3169,.T.);
#3198=CARTESIAN_POINT('',(0.,0.,3.6));
#3199=DIRECTION('',(0.,0.,-1.));
#3200=DIRECTION('',(0.,1.,0.));
#3201=AXIS2_PLACEMENT_3D('',#3198,#3199,#3200);
#3202=PLANE('',#3201);
#3203=ORIENTED_EDGE('',*,*,#3185,.F.);
#3204=EDGE_LOOP('',(#3203));
#3205=FACE_BOUND('',#3204,.T.);
#3206=ADVANCED_FACE('',(#3205),#3202,.F.);
#3207=CARTESIAN_POINT('',(0.,0.,3.4));
#3208=DIRECTION('',(0.,0.,-1.));
#3209=DIRECTION('',(0.,1.,0.));
#3210=AXIS2_PLACEMENT_3D('',#3207,#3208,#3209);
#3211=PLANE('',#3210);
#3212=ORIENTED_EDGE('',*,*,#3193,.T.);
#3213=EDGE_LOOP('',(#3212));
#3214=FACE_BOUND('',#3213,.T.);
#3215=ADVANCED_FACE('',(#3214),#3211,.T.);
#3216=CLOSED_SHELL('',(#3197,#3206,#3215));
#3217=MANIFOLD_SOLID_BREP('\X2\5B9E4F53\X0\  04',#3216);
#3164=STYLED_ITEM('',(#3109),#3217);
#3219=CARTESIAN_POINT('',(79.5,63.3,3.6));
#3220=DIRECTION('',(0.,0.,-1.));
#3221=DIRECTION('',(-1.,0.,0.));
#3222=AXIS2_PLACEMENT_3D('',#3219,#3220,#3221);
#3223=CYLINDRICAL_SURFACE('',#3222,2.5);
#3224=CARTESIAN_POINT('',(77.,63.3,3.4));
#3225=VERTEX_POINT('',#3224);
#3226=CARTESIAN_POINT('',(77.,63.3,3.6));
#3227=VERTEX_POINT('',#3226);
#3228=CARTESIAN_POINT('',(77.,63.3,3.4));
#3229=DIRECTION('',(-0.,-0.,1.));
#3230=VECTOR('',#3229,0.2);
#3231=LINE('',#3228,#3230);
#3232=EDGE_CURVE('',#3225,#3227,#3231,.T.);
#3233=ORIENTED_EDGE('',*,*,#3232,.T.);
#3234=CARTESIAN_POINT('',(79.5,63.3,3.6));
#3235=DIRECTION('',(0.,0.,-1.));
#3236=DIRECTION('',(-1.,0.,0.));
#3237=AXIS2_PLACEMENT_3D('',#3234,#3235,#3236);
#3238=CIRCLE('',#3237,2.5);
#3239=EDGE_CURVE('',#3227,#3227,#3238,.T.);
#3240=ORIENTED_EDGE('',*,*,#3239,.T.);
#3241=ORIENTED_EDGE('',*,*,#3232,.F.);
#3242=CARTESIAN_POINT('',(79.5,63.3,3.4));
#3243=DIRECTION('',(0.,0.,-1.));
#3244=DIRECTION('',(-1.,0.,0.));
#3245=AXIS2_PLACEMENT_3D('',#3242,#3243,#3244);
#3246=CIRCLE('',#3245,2.5);
#3247=EDGE_CURVE('',#3225,#3225,#3246,.T.);
#3248=ORIENTED_EDGE('',*,*,#3247,.F.);
#3249=EDGE_LOOP('',(#3233,#3240,#3241,#3248));
#3250=FACE_BOUND('',#3249,.T.);
#3251=ADVANCED_FACE('',(#3250),#3223,.T.);
#3252=CARTESIAN_POINT('',(0.,0.,3.6));
#3253=DIRECTION('',(0.,0.,-1.));
#3254=DIRECTION('',(0.,-1.,0.));
#3255=AXIS2_PLACEMENT_3D('',#3252,#3253,#3254);
#3256=PLANE('',#3255);
#3257=ORIENTED_EDGE('',*,*,#3239,.F.);
#3258=EDGE_LOOP('',(#3257));
#3259=FACE_BOUND('',#3258,.T.);
#3260=ADVANCED_FACE('',(#3259),#3256,.F.);
#3261=CARTESIAN_POINT('',(0.,0.,3.4));
#3262=DIRECTION('',(0.,0.,-1.));
#3263=DIRECTION('',(0.,-1.,0.));
#3264=AXIS2_PLACEMENT_3D('',#3261,#3262,#3263);
#3265=PLANE('',#3264);
#3266=ORIENTED_EDGE('',*,*,#3247,.T.);
#3267=EDGE_LOOP('',(#3266));
#3268=FACE_BOUND('',#3267,.T.);
#3269=ADVANCED_FACE('',(#3268),#3265,.T.);
#3270=CLOSED_SHELL('',(#3251,#3260,#3269));
#3271=MANIFOLD_SOLID_BREP('\X2\5B9E4F53\X0\  03',#3270);
#3218=STYLED_ITEM('',(#3109),#3271);
#3273=CARTESIAN_POINT('',(79.5,78.,3.6));
#3274=DIRECTION('',(0.,0.,-1.));
#3275=DIRECTION('',(-1.,0.,0.));
#3276=AXIS2_PLACEMENT_3D('',#3273,#3274,#3275);
#3277=CYLINDRICAL_SURFACE('',#3276,2.5);
#3278=CARTESIAN_POINT('',(77.,78.,3.4));
#3279=VERTEX_POINT('',#3278);
#3280=CARTESIAN_POINT('',(77.,78.,3.6));
#3281=VERTEX_POINT('',#3280);
#3282=CARTESIAN_POINT('',(77.,78.,3.4));
#3283=DIRECTION('',(-0.,-0.,1.));
#3284=VECTOR('',#3283,0.2);
#3285=LINE('',#3282,#3284);
#3286=EDGE_CURVE('',#3279,#3281,#3285,.T.);
#3287=ORIENTED_EDGE('',*,*,#3286,.T.);
#3288=CARTESIAN_POINT('',(79.5,78.,3.6));
#3289=DIRECTION('',(0.,0.,-1.));
#3290=DIRECTION('',(-1.,0.,0.));
#3291=AXIS2_PLACEMENT_3D('',#3288,#3289,#3290);
#3292=CIRCLE('',#3291,2.5);
#3293=EDGE_CURVE('',#3281,#3281,#3292,.T.);
#3294=ORIENTED_EDGE('',*,*,#3293,.T.);
#3295=ORIENTED_EDGE('',*,*,#3286,.F.);
#3296=CARTESIAN_POINT('',(79.5,78.,3.4));
#3297=DIRECTION('',(0.,0.,-1.));
#3298=DIRECTION('',(-1.,0.,0.));
#3299=AXIS2_PLACEMENT_3D('',#3296,#3297,#3298);
#3300=CIRCLE('',#3299,2.5);
#3301=EDGE_CURVE('',#3279,#3279,#3300,.T.);
#3302=ORIENTED_EDGE('',*,*,#3301,.F.);
#3303=EDGE_LOOP('',(#3287,#3294,#3295,#3302));
#3304=FACE_BOUND('',#3303,.T.);
#3305=ADVANCED_FACE('',(#3304),#3277,.T.);
#3306=CARTESIAN_POINT('',(0.,0.,3.6));
#3307=DIRECTION('',(0.,0.,-1.));
#3308=DIRECTION('',(0.,-1.,0.));
#3309=AXIS2_PLACEMENT_3D('',#3306,#3307,#3308);
#3310=PLANE('',#3309);
#3311=ORIENTED_EDGE('',*,*,#3293,.F.);
#3312=EDGE_LOOP('',(#3311));
#3313=FACE_BOUND('',#3312,.T.);
#3314=ADVANCED_FACE('',(#3313),#3310,.F.);
#3315=CARTESIAN_POINT('',(0.,0.,3.4));
#3316=DIRECTION('',(0.,0.,-1.));
#3317=DIRECTION('',(0.,-1.,0.));
#3318=AXIS2_PLACEMENT_3D('',#3315,#3316,#3317);
#3319=PLANE('',#3318);
#3320=ORIENTED_EDGE('',*,*,#3301,.T.);
#3321=EDGE_LOOP('',(#3320));
#3322=FACE_BOUND('',#3321,.T.);
#3323=ADVANCED_FACE('',(#3322),#3319,.T.);
#3324=CLOSED_SHELL('',(#3305,#3314,#3323));
#3325=MANIFOLD_SOLID_BREP('\X2\5B9E4F53\X0\  02',#3324);
#3272=STYLED_ITEM('',(#3109),#3325);
#3326=(NAMED_UNIT(*)PLANE_ANGLE_UNIT()SI_UNIT($,.RADIAN.));
#3327=PLANE_ANGLE_MEASURE_WITH_UNIT(PLANE_ANGLE_MEASURE(0.0174532925),#3326);
#3328=(CONVERSION_BASED_UNIT('DEGREE',#3327)NAMED_UNIT(#3329)PLANE_ANGLE_UNIT());
#3329=DIMENSIONAL_EXPONENTS(0.,0.,0.,0.,0.,0.,0.);
#3330=(NAMED_UNIT(*)SI_UNIT($,.STERADIAN.)SOLID_ANGLE_UNIT());
#3331=(LENGTH_UNIT()NAMED_UNIT(*)SI_UNIT(.MILLI.,.METRE.));
#3332=UNCERTAINTY_MEASURE_WITH_UNIT(LENGTH_MEASURE(1.000000E-03),#3331,'DISTANCE_ACCURACY_VALUE','Maximum Tolerance applied to model');
#3333=(GEOMETRIC_REPRESENTATION_CONTEXT(3)GLOBAL_UNCERTAINTY_ASSIGNED_CONTEXT((#3332))GLOBAL_UNIT_ASSIGNED_CONTEXT((#3331,#3328,#3330))REPRESENTATION_CONTEXT('','3D_PCB1_2025-08-29.step'));
#3345=CARTESIAN_POINT('',(0.,0.,0.));
#3346=DIRECTION('',(0.,0.,1.));
#3347=DIRECTION('',(1.,0.,-0.));
#3348=AXIS2_PLACEMENT_3D('',#3345,#3346,#3347);
#3349=ITEM_DEFINED_TRANSFORMATION('','',#3348,#15);
#3350=(REPRESENTATION_RELATIONSHIP('','',#3335,#16)REPRESENTATION_RELATIONSHIP_WITH_TRANSFORMATION(#3349)SHAPE_REPRESENTATION_RELATIONSHIP());
#3351=NEXT_ASSEMBLY_USAGE_OCCURRENCE('3D_PCB1_2025-08-29.step_1','3D_PCB1_2025-08-29.step','3D_PCB1_2025-08-29.step',#25,#3344,$);
#3352=PRODUCT_DEFINITION_SHAPE('','',#3351);
#3353=CONTEXT_DEPENDENT_SHAPE_REPRESENTATION(#3350,#3352);
#3354=(NAMED_UNIT(*)PLANE_ANGLE_UNIT()SI_UNIT($,.RADIAN.));
#3355=PLANE_ANGLE_MEASURE_WITH_UNIT(PLANE_ANGLE_MEASURE(0.0174532925),#3354);
#3356=(CONVERSION_BASED_UNIT('DEGREE',#3355)NAMED_UNIT(#3357)PLANE_ANGLE_UNIT());
#3357=DIMENSIONAL_EXPONENTS(0.,0.,0.,0.,0.,0.,0.);
#3358=(NAMED_UNIT(*)SI_UNIT($,.STERADIAN.)SOLID_ANGLE_UNIT());
#3359=(LENGTH_UNIT()NAMED_UNIT(*)SI_UNIT(.MILLI.,.METRE.));
#3360=UNCERTAINTY_MEASURE_WITH_UNIT(LENGTH_MEASURE(1.000000E-03),#3359,'DISTANCE_ACCURACY_VALUE','Maximum Tolerance applied to model');
#3361=(GEOMETRIC_REPRESENTATION_CONTEXT(3)GLOBAL_UNCERTAINTY_ASSIGNED_CONTEXT((#3360))GLOBAL_UNIT_ASSIGNED_CONTEXT((#3359,#3356,#3358))REPRESENTATION_CONTEXT('','Board~QmFs'));
#3373=CARTESIAN_POINT('',(0.,0.,0.));
#3374=DIRECTION('',(0.,0.,1.));
#3375=DIRECTION('',(1.,0.,-0.));
#3376=AXIS2_PLACEMENT_3D('',#3373,#3374,#3375);
#3377=ITEM_DEFINED_TRANSFORMATION('','',#3376,#15);
#3378=(REPRESENTATION_RELATIONSHIP('','',#3363,#3335)REPRESENTATION_RELATIONSHIP_WITH_TRANSFORMATION(#3377)SHAPE_REPRESENTATION_RELATIONSHIP());
#3379=NEXT_ASSEMBLY_USAGE_OCCURRENCE('Board~QmFs_2','Board~QmFs','Board~QmFs',#3344,#3372,$);
#3380=PRODUCT_DEFINITION_SHAPE('','',#3379);
#3381=CONTEXT_DEPENDENT_SHAPE_REPRESENTATION(#3378,#3380);
#3363=SHAPE_REPRESENTATION('Board~QmFs',(#15),#3361);
#3382=CARTESIAN_POINT('',(0.,0.,0.));
#3383=DIRECTION('',(0.,0.,1.));
#3384=DIRECTION('',(1.,0.,0.));
#3385=AXIS2_PLACEMENT_3D('',#3382,#3383,#3384);
#3387=MAPPED_ITEM('',#3386,#3385);
#3386=REPRESENTATION_MAP(#3385,#3363);
#3388=APPLICATION_CONTEXT('Managed model based 3d engineering');
#3389=APPLICATION_PROTOCOL_DEFINITION('international standard','ap242_managed_model_based_3d_engineering',2014,#3388);
#3390=PRODUCT_CONTEXT('',#3388,'mechanical');
#3391=PRODUCT_DEFINITION_CONTEXT('part definition',#3388,'design');
#3371=PRODUCT('Board~QmFs','Board~QmFs','',(#3390));
#3392=PRODUCT_RELATED_PRODUCT_CATEGORY('part','',(#3371));
#3393=PRODUCT_DEFINITION_FORMATION_WITH_SPECIFIED_SOURCE('','',#3371,.NOT_KNOWN.);
#3372=PRODUCT_DEFINITION('design','',#3393,#3391);
#3370=PRODUCT_DEFINITION_SHAPE('','',#3372);
#3394=SHAPE_DEFINITION_REPRESENTATION(#3370,#3363);
#3362=DRAUGHTING_MODEL('',(#3387),#3361);
#3395=(NAMED_UNIT(*)PLANE_ANGLE_UNIT()SI_UNIT($,.RADIAN.));
#3396=PLANE_ANGLE_MEASURE_WITH_UNIT(PLANE_ANGLE_MEASURE(0.0174532925),#3395);
#3397=(CONVERSION_BASED_UNIT('DEGREE',#3396)NAMED_UNIT(#3398)PLANE_ANGLE_UNIT());
#3398=DIMENSIONAL_EXPONENTS(0.,0.,0.,0.,0.,0.,0.);
#3399=(NAMED_UNIT(*)SI_UNIT($,.STERADIAN.)SOLID_ANGLE_UNIT());
#3400=(LENGTH_UNIT()NAMED_UNIT(*)SI_UNIT(.MILLI.,.METRE.));
#3401=UNCERTAINTY_MEASURE_WITH_UNIT(LENGTH_MEASURE(1.000000E-03),#3400,'DISTANCE_ACCURACY_VALUE','Maximum Tolerance applied to model');
#3402=(GEOMETRIC_REPRESENTATION_CONTEXT(3)GLOBAL_UNCERTAINTY_ASSIGNED_CONTEXT((#3401))GLOBAL_UNIT_ASSIGNED_CONTEXT((#3400,#3397,#3399))REPRESENTATION_CONTEXT('','TopCopper~QmFs'));
#3414=CARTESIAN_POINT('',(0.,0.,0.));
#3415=DIRECTION('',(0.,0.,1.));
#3416=DIRECTION('',(1.,0.,-0.));
#3417=AXIS2_PLACEMENT_3D('',#3414,#3415,#3416);
#3418=ITEM_DEFINED_TRANSFORMATION('','',#3417,#15);
#3419=(REPRESENTATION_RELATIONSHIP('','',#3404,#3335)REPRESENTATION_RELATIONSHIP_WITH_TRANSFORMATION(#3418)SHAPE_REPRESENTATION_RELATIONSHIP());
#3420=NEXT_ASSEMBLY_USAGE_OCCURRENCE('TopCopper~QmFs_3','TopCopper~QmFs','TopCopper~QmFs',#3344,#3413,$);
#3421=PRODUCT_DEFINITION_SHAPE('','',#3420);
#3422=CONTEXT_DEPENDENT_SHAPE_REPRESENTATION(#3419,#3421);
#3404=SHAPE_REPRESENTATION('TopCopper~QmFs',(#15),#3402);
#3423=CARTESIAN_POINT('',(0.,0.,0.));
#3424=DIRECTION('',(0.,0.,1.));
#3425=DIRECTION('',(1.,0.,0.));
#3426=AXIS2_PLACEMENT_3D('',#3423,#3424,#3425);
#3428=MAPPED_ITEM('',#3427,#3426);
#3427=REPRESENTATION_MAP(#3426,#3404);
#3412=PRODUCT('TopCopper~QmFs','TopCopper~QmFs','',(#3390));
#3429=PRODUCT_RELATED_PRODUCT_CATEGORY('part','',(#3412));
#3430=PRODUCT_DEFINITION_FORMATION_WITH_SPECIFIED_SOURCE('','',#3412,.NOT_KNOWN.);
#3413=PRODUCT_DEFINITION('design','',#3430,#3391);
#3411=PRODUCT_DEFINITION_SHAPE('','',#3413);
#3431=SHAPE_DEFINITION_REPRESENTATION(#3411,#3404);
#3403=DRAUGHTING_MODEL('',(#3428),#3402);
#3432=(NAMED_UNIT(*)PLANE_ANGLE_UNIT()SI_UNIT($,.RADIAN.));
#3433=PLANE_ANGLE_MEASURE_WITH_UNIT(PLANE_ANGLE_MEASURE(0.0174532925),#3432);
#3434=(CONVERSION_BASED_UNIT('DEGREE',#3433)NAMED_UNIT(#3435)PLANE_ANGLE_UNIT());
#3435=DIMENSIONAL_EXPONENTS(0.,0.,0.,0.,0.,0.,0.);
#3436=(NAMED_UNIT(*)SI_UNIT($,.STERADIAN.)SOLID_ANGLE_UNIT());
#3437=(LENGTH_UNIT()NAMED_UNIT(*)SI_UNIT(.MILLI.,.METRE.));
#3438=UNCERTAINTY_MEASURE_WITH_UNIT(LENGTH_MEASURE(1.000000E-03),#3437,'DISTANCE_ACCURACY_VALUE','Maximum Tolerance applied to model');
#3439=(GEOMETRIC_REPRESENTATION_CONTEXT(3)GLOBAL_UNCERTAINTY_ASSIGNED_CONTEXT((#3438))GLOBAL_UNIT_ASSIGNED_CONTEXT((#3437,#3434,#3436))REPRESENTATION_CONTEXT('','BottomCopper~QmFs'));
#3451=CARTESIAN_POINT('',(0.,0.,0.));
#3452=DIRECTION('',(0.,0.,1.));
#3453=DIRECTION('',(1.,0.,-0.));
#3454=AXIS2_PLACEMENT_3D('',#3451,#3452,#3453);
#3455=ITEM_DEFINED_TRANSFORMATION('','',#3454,#15);
#3456=(REPRESENTATION_RELATIONSHIP('','',#3441,#3335)REPRESENTATION_RELATIONSHIP_WITH_TRANSFORMATION(#3455)SHAPE_REPRESENTATION_RELATIONSHIP());
#3457=NEXT_ASSEMBLY_USAGE_OCCURRENCE('BottomCopper~QmFs_4','BottomCopper~QmFs','BottomCopper~QmFs',#3344,#3450,$);
#3458=PRODUCT_DEFINITION_SHAPE('','',#3457);
#3459=CONTEXT_DEPENDENT_SHAPE_REPRESENTATION(#3456,#3458);
#3441=SHAPE_REPRESENTATION('BottomCopper~QmFs',(#15),#3439);
#3460=CARTESIAN_POINT('',(0.,0.,0.));
#3461=DIRECTION('',(0.,0.,1.));
#3462=DIRECTION('',(1.,0.,0.));
#3463=AXIS2_PLACEMENT_3D('',#3460,#3461,#3462);
#3465=MAPPED_ITEM('',#3464,#3463);
#3464=REPRESENTATION_MAP(#3463,#3441);
#3449=PRODUCT('BottomCopper~QmFs','BottomCopper~QmFs','',(#3390));
#3466=PRODUCT_RELATED_PRODUCT_CATEGORY('part','',(#3449));
#3467=PRODUCT_DEFINITION_FORMATION_WITH_SPECIFIED_SOURCE('','',#3449,.NOT_KNOWN.);
#3450=PRODUCT_DEFINITION('design','',#3467,#3391);
#3448=PRODUCT_DEFINITION_SHAPE('','',#3450);
#3468=SHAPE_DEFINITION_REPRESENTATION(#3448,#3441);
#3440=DRAUGHTING_MODEL('',(#3465),#3439);
#3469=(NAMED_UNIT(*)PLANE_ANGLE_UNIT()SI_UNIT($,.RADIAN.));
#3470=PLANE_ANGLE_MEASURE_WITH_UNIT(PLANE_ANGLE_MEASURE(0.0174532925),#3469);
#3471=(CONVERSION_BASED_UNIT('DEGREE',#3470)NAMED_UNIT(#3472)PLANE_ANGLE_UNIT());
#3472=DIMENSIONAL_EXPONENTS(0.,0.,0.,0.,0.,0.,0.);
#3473=(NAMED_UNIT(*)SI_UNIT($,.STERADIAN.)SOLID_ANGLE_UNIT());
#3474=(LENGTH_UNIT()NAMED_UNIT(*)SI_UNIT(.MILLI.,.METRE.));
#3475=UNCERTAINTY_MEASURE_WITH_UNIT(LENGTH_MEASURE(1.000000E-03),#3474,'DISTANCE_ACCURACY_VALUE','Maximum Tolerance applied to model');
#3476=(GEOMETRIC_REPRESENTATION_CONTEXT(3)GLOBAL_UNCERTAINTY_ASSIGNED_CONTEXT((#3475))GLOBAL_UNIT_ASSIGNED_CONTEXT((#3474,#3471,#3473))REPRESENTATION_CONTEXT('','TopFpcStiffener~QmFs'));
#3488=CARTESIAN_POINT('',(0.,0.,0.));
#3489=DIRECTION('',(0.,0.,1.));
#3490=DIRECTION('',(1.,0.,-0.));
#3491=AXIS2_PLACEMENT_3D('',#3488,#3489,#3490);
#3492=ITEM_DEFINED_TRANSFORMATION('','',#3491,#15);
#3493=(REPRESENTATION_RELATIONSHIP('','',#3478,#3335)REPRESENTATION_RELATIONSHIP_WITH_TRANSFORMATION(#3492)SHAPE_REPRESENTATION_RELATIONSHIP());
#3494=NEXT_ASSEMBLY_USAGE_OCCURRENCE('TopFpcStiffener~QmFs_5','TopFpcStiffener~QmFs','TopFpcStiffener~QmFs',#3344,#3487,$);
#3495=PRODUCT_DEFINITION_SHAPE('','',#3494);
#3496=CONTEXT_DEPENDENT_SHAPE_REPRESENTATION(#3493,#3495);
#3478=SHAPE_REPRESENTATION('TopFpcStiffener~QmFs',(#15),#3476);
#3497=CARTESIAN_POINT('',(0.,0.,0.));
#3498=DIRECTION('',(0.,0.,1.));
#3499=DIRECTION('',(1.,0.,0.));
#3500=AXIS2_PLACEMENT_3D('',#3497,#3498,#3499);
#3502=MAPPED_ITEM('',#3501,#3500);
#3501=REPRESENTATION_MAP(#3500,#3478);
#3486=PRODUCT('TopFpcStiffener~QmFs','TopFpcStiffener~QmFs','',(#3390));
#3503=PRODUCT_RELATED_PRODUCT_CATEGORY('part','',(#3486));
#3504=PRODUCT_DEFINITION_FORMATION_WITH_SPECIFIED_SOURCE('','',#3486,.NOT_KNOWN.);
#3487=PRODUCT_DEFINITION('design','',#3504,#3391);
#3485=PRODUCT_DEFINITION_SHAPE('','',#3487);
#3505=SHAPE_DEFINITION_REPRESENTATION(#3485,#3478);
#3477=DRAUGHTING_MODEL('',(#3502),#3476);
#3506=(NAMED_UNIT(*)PLANE_ANGLE_UNIT()SI_UNIT($,.RADIAN.));
#3507=PLANE_ANGLE_MEASURE_WITH_UNIT(PLANE_ANGLE_MEASURE(0.0174532925),#3506);
#3508=(CONVERSION_BASED_UNIT('DEGREE',#3507)NAMED_UNIT(#3509)PLANE_ANGLE_UNIT());
#3509=DIMENSIONAL_EXPONENTS(0.,0.,0.,0.,0.,0.,0.);
#3510=(NAMED_UNIT(*)SI_UNIT($,.STERADIAN.)SOLID_ANGLE_UNIT());
#3511=(LENGTH_UNIT()NAMED_UNIT(*)SI_UNIT(.MILLI.,.METRE.));
#3512=UNCERTAINTY_MEASURE_WITH_UNIT(LENGTH_MEASURE(1.000000E-03),#3511,'DISTANCE_ACCURACY_VALUE','Maximum Tolerance applied to model');
#3513=(GEOMETRIC_REPRESENTATION_CONTEXT(3)GLOBAL_UNCERTAINTY_ASSIGNED_CONTEXT((#3512))GLOBAL_UNIT_ASSIGNED_CONTEXT((#3511,#3508,#3510))REPRESENTATION_CONTEXT('','BottomFpcStiffener~QmFs'));
#3525=CARTESIAN_POINT('',(0.,0.,0.));
#3526=DIRECTION('',(0.,0.,1.));
#3527=DIRECTION('',(1.,0.,-0.));
#3528=AXIS2_PLACEMENT_3D('',#3525,#3526,#3527);
#3529=ITEM_DEFINED_TRANSFORMATION('','',#3528,#15);
#3530=(REPRESENTATION_RELATIONSHIP('','',#3515,#3335)REPRESENTATION_RELATIONSHIP_WITH_TRANSFORMATION(#3529)SHAPE_REPRESENTATION_RELATIONSHIP());
#3531=NEXT_ASSEMBLY_USAGE_OCCURRENCE('BottomFpcStiffener~QmFs_6','BottomFpcStiffener~QmFs','BottomFpcStiffener~QmFs',#3344,#3524,$);
#3532=PRODUCT_DEFINITION_SHAPE('','',#3531);
#3533=CONTEXT_DEPENDENT_SHAPE_REPRESENTATION(#3530,#3532);
#3515=SHAPE_REPRESENTATION('BottomFpcStiffener~QmFs',(#15),#3513);
#3534=CARTESIAN_POINT('',(0.,0.,0.));
#3535=DIRECTION('',(0.,0.,1.));
#3536=DIRECTION('',(1.,0.,0.));
#3537=AXIS2_PLACEMENT_3D('',#3534,#3535,#3536);
#3539=MAPPED_ITEM('',#3538,#3537);
#3538=REPRESENTATION_MAP(#3537,#3515);
#3523=PRODUCT('BottomFpcStiffener~QmFs','BottomFpcStiffener~QmFs','',(#3390));
#3540=PRODUCT_RELATED_PRODUCT_CATEGORY('part','',(#3523));
#3541=PRODUCT_DEFINITION_FORMATION_WITH_SPECIFIED_SOURCE('','',#3523,.NOT_KNOWN.);
#3524=PRODUCT_DEFINITION('design','',#3541,#3391);
#3522=PRODUCT_DEFINITION_SHAPE('','',#3524);
#3542=SHAPE_DEFINITION_REPRESENTATION(#3522,#3515);
#3514=DRAUGHTING_MODEL('',(#3539),#3513);
#3543=(NAMED_UNIT(*)PLANE_ANGLE_UNIT()SI_UNIT($,.RADIAN.));
#3544=PLANE_ANGLE_MEASURE_WITH_UNIT(PLANE_ANGLE_MEASURE(0.0174532925),#3543);
#3545=(CONVERSION_BASED_UNIT('DEGREE',#3544)NAMED_UNIT(#3546)PLANE_ANGLE_UNIT());
#3546=DIMENSIONAL_EXPONENTS(0.,0.,0.,0.,0.,0.,0.);
#3547=(NAMED_UNIT(*)SI_UNIT($,.STERADIAN.)SOLID_ANGLE_UNIT());
#3548=(LENGTH_UNIT()NAMED_UNIT(*)SI_UNIT(.MILLI.,.METRE.));
#3549=UNCERTAINTY_MEASURE_WITH_UNIT(LENGTH_MEASURE(1.000000E-03),#3548,'DISTANCE_ACCURACY_VALUE','Maximum Tolerance applied to model');
#3550=(GEOMETRIC_REPRESENTATION_CONTEXT(3)GLOBAL_UNCERTAINTY_ASSIGNED_CONTEXT((#3549))GLOBAL_UNIT_ASSIGNED_CONTEXT((#3548,#3545,#3547))REPRESENTATION_CONTEXT('','R1~R0402~R0402_L1.0-W0.5-H0.4~QmFs'));
#3562=CARTESIAN_POINT('',(0.,0.,0.));
#3563=DIRECTION('',(0.,0.,1.));
#3564=DIRECTION('',(1.,0.,-0.));
#3565=AXIS2_PLACEMENT_3D('',#3562,#3563,#3564);
#3566=ITEM_DEFINED_TRANSFORMATION('','',#3565,#15);
#3567=(REPRESENTATION_RELATIONSHIP('','',#3552,#3335)REPRESENTATION_RELATIONSHIP_WITH_TRANSFORMATION(#3566)SHAPE_REPRESENTATION_RELATIONSHIP());
#3568=NEXT_ASSEMBLY_USAGE_OCCURRENCE('R1~R0402~R0402_L1.0-W0.5-H0.4~QmFs_7','R1~R0402~R0402_L1.0-W0.5-H0.4~QmFs','R1~R0402~R0402_L1.0-W0.5-H0.4~QmFs',#3344,#3561,$);
#3569=PRODUCT_DEFINITION_SHAPE('','',#3568);
#3570=CONTEXT_DEPENDENT_SHAPE_REPRESENTATION(#3567,#3569);
#3571=(NAMED_UNIT(*)PLANE_ANGLE_UNIT()SI_UNIT($,.RADIAN.));
#3572=PLANE_ANGLE_MEASURE_WITH_UNIT(PLANE_ANGLE_MEASURE(0.0174532925),#3571);
#3573=(CONVERSION_BASED_UNIT('DEGREE',#3572)NAMED_UNIT(#3574)PLANE_ANGLE_UNIT());
#3574=DIMENSIONAL_EXPONENTS(0.,0.,0.,0.,0.,0.,0.);
#3575=(NAMED_UNIT(*)SI_UNIT($,.STERADIAN.)SOLID_ANGLE_UNIT());
#3576=(LENGTH_UNIT()NAMED_UNIT(*)SI_UNIT(.MILLI.,.METRE.));
#3577=UNCERTAINTY_MEASURE_WITH_UNIT(LENGTH_MEASURE(1.000000E-03),#3576,'DISTANCE_ACCURACY_VALUE','Maximum Tolerance applied to model');
#3578=(GEOMETRIC_REPRESENTATION_CONTEXT(3)GLOBAL_UNCERTAINTY_ASSIGNED_CONTEXT((#3577))GLOBAL_UNIT_ASSIGNED_CONTEXT((#3576,#3573,#3575))REPRESENTATION_CONTEXT('','R0402~R0402_L1.0-W0.5-H0.4~QmFs'));
#3590=CARTESIAN_POINT('',(0.,0.,0.));
#3591=DIRECTION('',(0.,0.,1.));
#3592=DIRECTION('',(1.,0.,-0.));
#3593=AXIS2_PLACEMENT_3D('',#3590,#3591,#3592);
#3594=ITEM_DEFINED_TRANSFORMATION('','',#3593,#15);
#3595=(REPRESENTATION_RELATIONSHIP('','',#3580,#3552)REPRESENTATION_RELATIONSHIP_WITH_TRANSFORMATION(#3594)SHAPE_REPRESENTATION_RELATIONSHIP());
#3596=NEXT_ASSEMBLY_USAGE_OCCURRENCE('R0402~R0402_L1.0-W0.5-H0.4~QmFs_8','R0402~R0402_L1.0-W0.5-H0.4~QmFs','R0402~R0402_L1.0-W0.5-H0.4~QmFs',#3561,#3589,$);
#3597=PRODUCT_DEFINITION_SHAPE('','',#3596);
#3598=CONTEXT_DEPENDENT_SHAPE_REPRESENTATION(#3595,#3597);
#3580=SHAPE_REPRESENTATION('R0402~R0402_L1.0-W0.5-H0.4~QmFs',(#15),#3578);
#3599=CARTESIAN_POINT('',(0.,0.,0.));
#3600=DIRECTION('',(0.,0.,1.));
#3601=DIRECTION('',(1.,0.,0.));
#3602=AXIS2_PLACEMENT_3D('',#3599,#3600,#3601);
#3604=MAPPED_ITEM('',#3603,#3602);
#3603=REPRESENTATION_MAP(#3602,#3580);
#3588=PRODUCT('R0402~R0402_L1.0-W0.5-H0.4~QmFs','R0402~R0402_L1.0-W0.5-H0.4~QmFs','',(#3390));
#3605=PRODUCT_RELATED_PRODUCT_CATEGORY('part','',(#3588));
#3606=PRODUCT_DEFINITION_FORMATION_WITH_SPECIFIED_SOURCE('','',#3588,.NOT_KNOWN.);
#3589=PRODUCT_DEFINITION('design','',#3606,#3391);
#3587=PRODUCT_DEFINITION_SHAPE('','',#3589);
#3607=SHAPE_DEFINITION_REPRESENTATION(#3587,#3580);
#3579=DRAUGHTING_MODEL('',(#3604),#3578);
#3552=SHAPE_REPRESENTATION('R1~R0402~R0402_L1.0-W0.5-H0.4~QmFs',(#15,#3593),#3550);
#3608=CARTESIAN_POINT('',(0.,0.,0.));
#3609=DIRECTION('',(0.,0.,1.));
#3610=DIRECTION('',(1.,0.,0.));
#3611=AXIS2_PLACEMENT_3D('',#3608,#3609,#3610);
#3613=MAPPED_ITEM('',#3612,#3611);
#3612=REPRESENTATION_MAP(#3611,#3552);
#3560=PRODUCT('R1~R0402~R0402_L1.0-W0.5-H0.4~QmFs','R1~R0402~R0402_L1.0-W0.5-H0.4~QmFs','',(#3390));
#3614=PRODUCT_RELATED_PRODUCT_CATEGORY('part','',(#3560));
#3615=PRODUCT_DEFINITION_FORMATION_WITH_SPECIFIED_SOURCE('','',#3560,.NOT_KNOWN.);
#3561=PRODUCT_DEFINITION('design','',#3615,#3391);
#3559=PRODUCT_DEFINITION_SHAPE('','',#3561);
#3616=SHAPE_DEFINITION_REPRESENTATION(#3559,#3552);
#3551=DRAUGHTING_MODEL('',(#3613),#3550);
#3617=(NAMED_UNIT(*)PLANE_ANGLE_UNIT()SI_UNIT($,.RADIAN.));
#3618=PLANE_ANGLE_MEASURE_WITH_UNIT(PLANE_ANGLE_MEASURE(0.0174532925),#3617);
#3619=(CONVERSION_BASED_UNIT('DEGREE',#3618)NAMED_UNIT(#3620)PLANE_ANGLE_UNIT());
#3620=DIMENSIONAL_EXPONENTS(0.,0.,0.,0.,0.,0.,0.);
#3621=(NAMED_UNIT(*)SI_UNIT($,.STERADIAN.)SOLID_ANGLE_UNIT());
#3622=(LENGTH_UNIT()NAMED_UNIT(*)SI_UNIT(.MILLI.,.METRE.));
#3623=UNCERTAINTY_MEASURE_WITH_UNIT(LENGTH_MEASURE(1.000000E-03),#3622,'DISTANCE_ACCURACY_VALUE','Maximum Tolerance applied to model');
#3624=(GEOMETRIC_REPRESENTATION_CONTEXT(3)GLOBAL_UNCERTAINTY_ASSIGNED_CONTEXT((#3623))GLOBAL_UNIT_ASSIGNED_CONTEXT((#3622,#3619,#3621))REPRESENTATION_CONTEXT('','R1~R0402~R0402_L1.0-W0.5-H0.4~QmFs'));
#3636=CARTESIAN_POINT('',(0.,0.,0.));
#3637=DIRECTION('',(0.,0.,1.));
#3638=DIRECTION('',(1.,0.,-0.));
#3639=AXIS2_PLACEMENT_3D('',#3636,#3637,#3638);
#3640=ITEM_DEFINED_TRANSFORMATION('','',#3639,#15);
#3641=(REPRESENTATION_RELATIONSHIP('','',#3626,#3335)REPRESENTATION_RELATIONSHIP_WITH_TRANSFORMATION(#3640)SHAPE_REPRESENTATION_RELATIONSHIP());
#3642=NEXT_ASSEMBLY_USAGE_OCCURRENCE('R1~R0402~R0402_L1.0-W0.5-H0.4~QmFs_9','R1~R0402~R0402_L1.0-W0.5-H0.4~QmFs','R1~R0402~R0402_L1.0-W0.5-H0.4~QmFs',#3344,#3635,$);
#3643=PRODUCT_DEFINITION_SHAPE('','',#3642);
#3644=CONTEXT_DEPENDENT_SHAPE_REPRESENTATION(#3641,#3643);
#3645=(NAMED_UNIT(*)PLANE_ANGLE_UNIT()SI_UNIT($,.RADIAN.));
#3646=PLANE_ANGLE_MEASURE_WITH_UNIT(PLANE_ANGLE_MEASURE(0.0174532925),#3645);
#3647=(CONVERSION_BASED_UNIT('DEGREE',#3646)NAMED_UNIT(#3648)PLANE_ANGLE_UNIT());
#3648=DIMENSIONAL_EXPONENTS(0.,0.,0.,0.,0.,0.,0.);
#3649=(NAMED_UNIT(*)SI_UNIT($,.STERADIAN.)SOLID_ANGLE_UNIT());
#3650=(LENGTH_UNIT()NAMED_UNIT(*)SI_UNIT(.MILLI.,.METRE.));
#3651=UNCERTAINTY_MEASURE_WITH_UNIT(LENGTH_MEASURE(1.000000E-03),#3650,'DISTANCE_ACCURACY_VALUE','Maximum Tolerance applied to model');
#3652=(GEOMETRIC_REPRESENTATION_CONTEXT(3)GLOBAL_UNCERTAINTY_ASSIGNED_CONTEXT((#3651))GLOBAL_UNIT_ASSIGNED_CONTEXT((#3650,#3647,#3649))REPRESENTATION_CONTEXT('','R0402~R0402_L1.0-W0.5-H0.4~QmFs'));
#3664=CARTESIAN_POINT('',(0.,0.,0.));
#3665=DIRECTION('',(0.,0.,1.));
#3666=DIRECTION('',(1.,0.,-0.));
#3667=AXIS2_PLACEMENT_3D('',#3664,#3665,#3666);
#3668=ITEM_DEFINED_TRANSFORMATION('','',#3667,#15);
#3669=(REPRESENTATION_RELATIONSHIP('','',#3654,#3626)REPRESENTATION_RELATIONSHIP_WITH_TRANSFORMATION(#3668)SHAPE_REPRESENTATION_RELATIONSHIP());
#3670=NEXT_ASSEMBLY_USAGE_OCCURRENCE('R0402~R0402_L1.0-W0.5-H0.4~QmFs_10','R0402~R0402_L1.0-W0.5-H0.4~QmFs','R0402~R0402_L1.0-W0.5-H0.4~QmFs',#3635,#3663,$);
#3671=PRODUCT_DEFINITION_SHAPE('','',#3670);
#3672=CONTEXT_DEPENDENT_SHAPE_REPRESENTATION(#3669,#3671);
#3654=SHAPE_REPRESENTATION('R0402~R0402_L1.0-W0.5-H0.4~QmFs',(#15),#3652);
#3673=CARTESIAN_POINT('',(0.,0.,0.));
#3674=DIRECTION('',(0.,0.,1.));
#3675=DIRECTION('',(1.,0.,0.));
#3676=AXIS2_PLACEMENT_3D('',#3673,#3674,#3675);
#3678=MAPPED_ITEM('',#3677,#3676);
#3677=REPRESENTATION_MAP(#3676,#3654);
#3662=PRODUCT('R0402~R0402_L1.0-W0.5-H0.4~QmFs','R0402~R0402_L1.0-W0.5-H0.4~QmFs','',(#3390));
#3679=PRODUCT_RELATED_PRODUCT_CATEGORY('part','',(#3662));
#3680=PRODUCT_DEFINITION_FORMATION_WITH_SPECIFIED_SOURCE('','',#3662,.NOT_KNOWN.);
#3663=PRODUCT_DEFINITION('design','',#3680,#3391);
#3661=PRODUCT_DEFINITION_SHAPE('','',#3663);
#3681=SHAPE_DEFINITION_REPRESENTATION(#3661,#3654);
#3653=DRAUGHTING_MODEL('',(#3678),#3652);
#3626=SHAPE_REPRESENTATION('R1~R0402~R0402_L1.0-W0.5-H0.4~QmFs',(#15,#3667),#3624);
#3682=CARTESIAN_POINT('',(0.,0.,0.));
#3683=DIRECTION('',(0.,0.,1.));
#3684=DIRECTION('',(1.,0.,0.));
#3685=AXIS2_PLACEMENT_3D('',#3682,#3683,#3684);
#3687=MAPPED_ITEM('',#3686,#3685);
#3686=REPRESENTATION_MAP(#3685,#3626);
#3634=PRODUCT('R1~R0402~R0402_L1.0-W0.5-H0.4~QmFs','R1~R0402~R0402_L1.0-W0.5-H0.4~QmFs','',(#3390));
#3688=PRODUCT_RELATED_PRODUCT_CATEGORY('part','',(#3634));
#3689=PRODUCT_DEFINITION_FORMATION_WITH_SPECIFIED_SOURCE('','',#3634,.NOT_KNOWN.);
#3635=PRODUCT_DEFINITION('design','',#3689,#3391);
#3633=PRODUCT_DEFINITION_SHAPE('','',#3635);
#3690=SHAPE_DEFINITION_REPRESENTATION(#3633,#3626);
#3625=DRAUGHTING_MODEL('',(#3687),#3624);
#3691=(NAMED_UNIT(*)PLANE_ANGLE_UNIT()SI_UNIT($,.RADIAN.));
#3692=PLANE_ANGLE_MEASURE_WITH_UNIT(PLANE_ANGLE_MEASURE(0.0174532925),#3691);
#3693=(CONVERSION_BASED_UNIT('DEGREE',#3692)NAMED_UNIT(#3694)PLANE_ANGLE_UNIT());
#3694=DIMENSIONAL_EXPONENTS(0.,0.,0.,0.,0.,0.,0.);
#3695=(NAMED_UNIT(*)SI_UNIT($,.STERADIAN.)SOLID_ANGLE_UNIT());
#3696=(LENGTH_UNIT()NAMED_UNIT(*)SI_UNIT(.MILLI.,.METRE.));
#3697=UNCERTAINTY_MEASURE_WITH_UNIT(LENGTH_MEASURE(1.000000E-03),#3696,'DISTANCE_ACCURACY_VALUE','Maximum Tolerance applied to model');
#3698=(GEOMETRIC_REPRESENTATION_CONTEXT(3)GLOBAL_UNCERTAINTY_ASSIGNED_CONTEXT((#3697))GLOBAL_UNIT_ASSIGNED_CONTEXT((#3696,#3693,#3695))REPRESENTATION_CONTEXT('','USB1~usb-c-smd_type-c-6pin-2md-073~USB-C-SMD_TYPE-C-6PIN-2MD-073~QmFs'));
#3710=CARTESIAN_POINT('',(0.,0.,0.));
#3711=DIRECTION('',(0.,0.,1.));
#3712=DIRECTION('',(1.,0.,-0.));
#3713=AXIS2_PLACEMENT_3D('',#3710,#3711,#3712);
#3714=ITEM_DEFINED_TRANSFORMATION('','',#3713,#15);
#3715=(REPRESENTATION_RELATIONSHIP('','',#3700,#3335)REPRESENTATION_RELATIONSHIP_WITH_TRANSFORMATION(#3714)SHAPE_REPRESENTATION_RELATIONSHIP());
#3716=NEXT_ASSEMBLY_USAGE_OCCURRENCE('USB1~usb-c-smd_type-c-6pin-2md-073~USB-C-SMD_TYPE-C-6PIN-2MD-073~QmFs_11','USB1~usb-c-smd_type-c-6pin-2md-073~USB-C-SMD_TYPE-C-6PIN-2MD-073~QmFs','USB1~usb-c-smd_type-c-6pin-2md-073~USB-C-SMD_TYPE-C-6PIN-2MD-073~QmFs',#3344,#3709,$);
#3717=PRODUCT_DEFINITION_SHAPE('','',#3716);
#3718=CONTEXT_DEPENDENT_SHAPE_REPRESENTATION(#3715,#3717);
#3719=(NAMED_UNIT(*)PLANE_ANGLE_UNIT()SI_UNIT($,.RADIAN.));
#3720=PLANE_ANGLE_MEASURE_WITH_UNIT(PLANE_ANGLE_MEASURE(0.0174532925),#3719);
#3721=(CONVERSION_BASED_UNIT('DEGREE',#3720)NAMED_UNIT(#3722)PLANE_ANGLE_UNIT());
#3722=DIMENSIONAL_EXPONENTS(0.,0.,0.,0.,0.,0.,0.);
#3723=(NAMED_UNIT(*)SI_UNIT($,.STERADIAN.)SOLID_ANGLE_UNIT());
#3724=(LENGTH_UNIT()NAMED_UNIT(*)SI_UNIT(.MILLI.,.METRE.));
#3725=UNCERTAINTY_MEASURE_WITH_UNIT(LENGTH_MEASURE(1.000000E-03),#3724,'DISTANCE_ACCURACY_VALUE','Maximum Tolerance applied to model');
#3726=(GEOMETRIC_REPRESENTATION_CONTEXT(3)GLOBAL_UNCERTAINTY_ASSIGNED_CONTEXT((#3725))GLOBAL_UNIT_ASSIGNED_CONTEXT((#3724,#3721,#3723))REPRESENTATION_CONTEXT('','usb-c-smd_type-c-6pin-2md-073~USB-C-SMD_TYPE-C-6PIN-2MD-073~QmFs'));
#3738=CARTESIAN_POINT('',(0.,0.,0.));
#3739=DIRECTION('',(0.,0.,1.));
#3740=DIRECTION('',(1.,0.,-0.));
#3741=AXIS2_PLACEMENT_3D('',#3738,#3739,#3740);
#3742=ITEM_DEFINED_TRANSFORMATION('','',#3741,#15);
#3743=(REPRESENTATION_RELATIONSHIP('','',#3728,#3700)REPRESENTATION_RELATIONSHIP_WITH_TRANSFORMATION(#3742)SHAPE_REPRESENTATION_RELATIONSHIP());
#3744=NEXT_ASSEMBLY_USAGE_OCCURRENCE('usb-c-smd_type-c-6pin-2md-073~USB-C-SMD_TYPE-C-6PIN-2MD-073~QmFs_12','usb-c-smd_type-c-6pin-2md-073~USB-C-SMD_TYPE-C-6PIN-2MD-073~QmFs','usb-c-smd_type-c-6pin-2md-073~USB-C-SMD_TYPE-C-6PIN-2MD-073~QmFs',#3709,#3737,$);
#3745=PRODUCT_DEFINITION_SHAPE('','',#3744);
#3746=CONTEXT_DEPENDENT_SHAPE_REPRESENTATION(#3743,#3745);
#3728=SHAPE_REPRESENTATION('usb-c-smd_type-c-6pin-2md-073~USB-C-SMD_TYPE-C-6PIN-2MD-073~QmFs',(#15),#3726);
#3747=CARTESIAN_POINT('',(0.,0.,0.));
#3748=DIRECTION('',(0.,0.,1.));
#3749=DIRECTION('',(1.,0.,0.));
#3750=AXIS2_PLACEMENT_3D('',#3747,#3748,#3749);
#3752=MAPPED_ITEM('',#3751,#3750);
#3751=REPRESENTATION_MAP(#3750,#3728);
#3736=PRODUCT('usb-c-smd_type-c-6pin-2md-073~USB-C-SMD_TYPE-C-6PIN-2MD-073~QmFs','usb-c-smd_type-c-6pin-2md-073~USB-C-SMD_TYPE-C-6PIN-2MD-073~QmFs','',(#3390));
#3753=PRODUCT_RELATED_PRODUCT_CATEGORY('part','',(#3736));
#3754=PRODUCT_DEFINITION_FORMATION_WITH_SPECIFIED_SOURCE('','',#3736,.NOT_KNOWN.);
#3737=PRODUCT_DEFINITION('design','',#3754,#3391);
#3735=PRODUCT_DEFINITION_SHAPE('','',#3737);
#3755=SHAPE_DEFINITION_REPRESENTATION(#3735,#3728);
#3727=DRAUGHTING_MODEL('',(#3752),#3726);
#3700=SHAPE_REPRESENTATION('USB1~usb-c-smd_type-c-6pin-2md-073~USB-C-SMD_TYPE-C-6PIN-2MD-073~QmFs',(#15,#3741),#3698);
#3756=CARTESIAN_POINT('',(0.,0.,0.));
#3757=DIRECTION('',(0.,0.,1.));
#3758=DIRECTION('',(1.,0.,0.));
#3759=AXIS2_PLACEMENT_3D('',#3756,#3757,#3758);
#3761=MAPPED_ITEM('',#3760,#3759);
#3760=REPRESENTATION_MAP(#3759,#3700);
#3708=PRODUCT('USB1~usb-c-smd_type-c-6pin-2md-073~USB-C-SMD_TYPE-C-6PIN-2MD-073~QmFs','USB1~usb-c-smd_type-c-6pin-2md-073~USB-C-SMD_TYPE-C-6PIN-2MD-073~QmFs','',(#3390));
#3762=PRODUCT_RELATED_PRODUCT_CATEGORY('part','',(#3708));
#3763=PRODUCT_DEFINITION_FORMATION_WITH_SPECIFIED_SOURCE('','',#3708,.NOT_KNOWN.);
#3709=PRODUCT_DEFINITION('design','',#3763,#3391);
#3707=PRODUCT_DEFINITION_SHAPE('','',#3709);
#3764=SHAPE_DEFINITION_REPRESENTATION(#3707,#3700);
#3699=DRAUGHTING_MODEL('',(#3761),#3698);
#3765=(NAMED_UNIT(*)PLANE_ANGLE_UNIT()SI_UNIT($,.RADIAN.));
#3766=PLANE_ANGLE_MEASURE_WITH_UNIT(PLANE_ANGLE_MEASURE(0.0174532925),#3765);
#3767=(CONVERSION_BASED_UNIT('DEGREE',#3766)NAMED_UNIT(#3768)PLANE_ANGLE_UNIT());
#3768=DIMENSIONAL_EXPONENTS(0.,0.,0.,0.,0.,0.,0.);
#3769=(NAMED_UNIT(*)SI_UNIT($,.STERADIAN.)SOLID_ANGLE_UNIT());
#3770=(LENGTH_UNIT()NAMED_UNIT(*)SI_UNIT(.MILLI.,.METRE.));
#3771=UNCERTAINTY_MEASURE_WITH_UNIT(LENGTH_MEASURE(1.000000E-03),#3770,'DISTANCE_ACCURACY_VALUE','Maximum Tolerance applied to model');
#3772=(GEOMETRIC_REPRESENTATION_CONTEXT(3)GLOBAL_UNCERTAINTY_ASSIGNED_CONTEXT((#3771))GLOBAL_UNIT_ASSIGNED_CONTEXT((#3770,#3767,#3769))REPRESENTATION_CONTEXT('','L6~L0402~L0402_L1.0-W0.5-H0.5_BEAD~QmFs'));
#3784=CARTESIAN_POINT('',(0.,0.,0.));
#3785=DIRECTION('',(0.,0.,1.));
#3786=DIRECTION('',(1.,0.,-0.));
#3787=AXIS2_PLACEMENT_3D('',#3784,#3785,#3786);
#3788=ITEM_DEFINED_TRANSFORMATION('','',#3787,#15);
#3789=(REPRESENTATION_RELATIONSHIP('','',#3774,#3335)REPRESENTATION_RELATIONSHIP_WITH_TRANSFORMATION(#3788)SHAPE_REPRESENTATION_RELATIONSHIP());
#3790=NEXT_ASSEMBLY_USAGE_OCCURRENCE('L6~L0402~L0402_L1.0-W0.5-H0.5_BEAD~QmFs_13','L6~L0402~L0402_L1.0-W0.5-H0.5_BEAD~QmFs','L6~L0402~L0402_L1.0-W0.5-H0.5_BEAD~QmFs',#3344,#3783,$);
#3791=PRODUCT_DEFINITION_SHAPE('','',#3790);
#3792=CONTEXT_DEPENDENT_SHAPE_REPRESENTATION(#3789,#3791);
#3793=(NAMED_UNIT(*)PLANE_ANGLE_UNIT()SI_UNIT($,.RADIAN.));
#3794=PLANE_ANGLE_MEASURE_WITH_UNIT(PLANE_ANGLE_MEASURE(0.0174532925),#3793);
#3795=(CONVERSION_BASED_UNIT('DEGREE',#3794)NAMED_UNIT(#3796)PLANE_ANGLE_UNIT());
#3796=DIMENSIONAL_EXPONENTS(0.,0.,0.,0.,0.,0.,0.);
#3797=(NAMED_UNIT(*)SI_UNIT($,.STERADIAN.)SOLID_ANGLE_UNIT());
#3798=(LENGTH_UNIT()NAMED_UNIT(*)SI_UNIT(.MILLI.,.METRE.));
#3799=UNCERTAINTY_MEASURE_WITH_UNIT(LENGTH_MEASURE(1.000000E-03),#3798,'DISTANCE_ACCURACY_VALUE','Maximum Tolerance applied to model');
#3800=(GEOMETRIC_REPRESENTATION_CONTEXT(3)GLOBAL_UNCERTAINTY_ASSIGNED_CONTEXT((#3799))GLOBAL_UNIT_ASSIGNED_CONTEXT((#3798,#3795,#3797))REPRESENTATION_CONTEXT('','L0402~L0402_L1.0-W0.5-H0.5_BEAD~QmFs'));
#3812=CARTESIAN_POINT('',(0.,0.,0.));
#3813=DIRECTION('',(0.,0.,1.));
#3814=DIRECTION('',(1.,0.,-0.));
#3815=AXIS2_PLACEMENT_3D('',#3812,#3813,#3814);
#3816=ITEM_DEFINED_TRANSFORMATION('','',#3815,#15);
#3817=(REPRESENTATION_RELATIONSHIP('','',#3802,#3774)REPRESENTATION_RELATIONSHIP_WITH_TRANSFORMATION(#3816)SHAPE_REPRESENTATION_RELATIONSHIP());
#3818=NEXT_ASSEMBLY_USAGE_OCCURRENCE('L0402~L0402_L1.0-W0.5-H0.5_BEAD~QmFs_14','L0402~L0402_L1.0-W0.5-H0.5_BEAD~QmFs','L0402~L0402_L1.0-W0.5-H0.5_BEAD~QmFs',#3783,#3811,$);
#3819=PRODUCT_DEFINITION_SHAPE('','',#3818);
#3820=CONTEXT_DEPENDENT_SHAPE_REPRESENTATION(#3817,#3819);
#3802=SHAPE_REPRESENTATION('L0402~L0402_L1.0-W0.5-H0.5_BEAD~QmFs',(#15),#3800);
#3821=CARTESIAN_POINT('',(0.,0.,0.));
#3822=DIRECTION('',(0.,0.,1.));
#3823=DIRECTION('',(1.,0.,0.));
#3824=AXIS2_PLACEMENT_3D('',#3821,#3822,#3823);
#3826=MAPPED_ITEM('',#3825,#3824);
#3825=REPRESENTATION_MAP(#3824,#3802);
#3810=PRODUCT('L0402~L0402_L1.0-W0.5-H0.5_BEAD~QmFs','L0402~L0402_L1.0-W0.5-H0.5_BEAD~QmFs','',(#3390));
#3827=PRODUCT_RELATED_PRODUCT_CATEGORY('part','',(#3810));
#3828=PRODUCT_DEFINITION_FORMATION_WITH_SPECIFIED_SOURCE('','',#3810,.NOT_KNOWN.);
#3811=PRODUCT_DEFINITION('design','',#3828,#3391);
#3809=PRODUCT_DEFINITION_SHAPE('','',#3811);
#3829=SHAPE_DEFINITION_REPRESENTATION(#3809,#3802);
#3801=DRAUGHTING_MODEL('',(#3826),#3800);
#3774=SHAPE_REPRESENTATION('L6~L0402~L0402_L1.0-W0.5-H0.5_BEAD~QmFs',(#15,#3815),#3772);
#3830=CARTESIAN_POINT('',(0.,0.,0.));
#3831=DIRECTION('',(0.,0.,1.));
#3832=DIRECTION('',(1.,0.,0.));
#3833=AXIS2_PLACEMENT_3D('',#3830,#3831,#3832);
#3835=MAPPED_ITEM('',#3834,#3833);
#3834=REPRESENTATION_MAP(#3833,#3774);
#3782=PRODUCT('L6~L0402~L0402_L1.0-W0.5-H0.5_BEAD~QmFs','L6~L0402~L0402_L1.0-W0.5-H0.5_BEAD~QmFs','',(#3390));
#3836=PRODUCT_RELATED_PRODUCT_CATEGORY('part','',(#3782));
#3837=PRODUCT_DEFINITION_FORMATION_WITH_SPECIFIED_SOURCE('','',#3782,.NOT_KNOWN.);
#3783=PRODUCT_DEFINITION('design','',#3837,#3391);
#3781=PRODUCT_DEFINITION_SHAPE('','',#3783);
#3838=SHAPE_DEFINITION_REPRESENTATION(#3781,#3774);
#3773=DRAUGHTING_MODEL('',(#3835),#3772);
#3839=(NAMED_UNIT(*)PLANE_ANGLE_UNIT()SI_UNIT($,.RADIAN.));
#3840=PLANE_ANGLE_MEASURE_WITH_UNIT(PLANE_ANGLE_MEASURE(0.0174532925),#3839);
#3841=(CONVERSION_BASED_UNIT('DEGREE',#3840)NAMED_UNIT(#3842)PLANE_ANGLE_UNIT());
#3842=DIMENSIONAL_EXPONENTS(0.,0.,0.,0.,0.,0.,0.);
#3843=(NAMED_UNIT(*)SI_UNIT($,.STERADIAN.)SOLID_ANGLE_UNIT());
#3844=(LENGTH_UNIT()NAMED_UNIT(*)SI_UNIT(.MILLI.,.METRE.));
#3845=UNCERTAINTY_MEASURE_WITH_UNIT(LENGTH_MEASURE(1.000000E-03),#3844,'DISTANCE_ACCURACY_VALUE','Maximum Tolerance applied to model');
#3846=(GEOMETRIC_REPRESENTATION_CONTEXT(3)GLOBAL_UNCERTAINTY_ASSIGNED_CONTEXT((#3845))GLOBAL_UNIT_ASSIGNED_CONTEXT((#3844,#3841,#3843))REPRESENTATION_CONTEXT('','U3~SOT-23-3_L2.9-W1.6-P1.90-LS2.8-BR~SOT-23-3L_L2.9-W1.6-H1.1-LS2.8-P0.95~QmFs'));
#3858=CARTESIAN_POINT('',(0.,0.,0.));
#3859=DIRECTION('',(0.,0.,1.));
#3860=DIRECTION('',(1.,0.,-0.));
#3861=AXIS2_PLACEMENT_3D('',#3858,#3859,#3860);
#3862=ITEM_DEFINED_TRANSFORMATION('','',#3861,#15);
#3863=(REPRESENTATION_RELATIONSHIP('','',#3848,#3335)REPRESENTATION_RELATIONSHIP_WITH_TRANSFORMATION(#3862)SHAPE_REPRESENTATION_RELATIONSHIP());
#3864=NEXT_ASSEMBLY_USAGE_OCCURRENCE('U3~SOT-23-3_L2.9-W1.6-P1.90-LS2.8-BR~SOT-23-3L_L2.9-W1.6-H1.1-LS2.8-P0.95~QmFs_15','U3~SOT-23-3_L2.9-W1.6-P1.90-LS2.8-BR~SOT-23-3L_L2.9-W1.6-H1.1-LS2.8-P0.95~QmFs','U3~SOT-23-3_L2.9-W1.6-P1.90-LS2.8-BR~SOT-23-3L_L2.9-W1.6-H1.1-LS2.8-P0.95~QmFs',#3344,#3857,$);
#3865=PRODUCT_DEFINITION_SHAPE('','',#3864);
#3866=CONTEXT_DEPENDENT_SHAPE_REPRESENTATION(#3863,#3865);
#3867=(NAMED_UNIT(*)PLANE_ANGLE_UNIT()SI_UNIT($,.RADIAN.));
#3868=PLANE_ANGLE_MEASURE_WITH_UNIT(PLANE_ANGLE_MEASURE(0.0174532925),#3867);
#3869=(CONVERSION_BASED_UNIT('DEGREE',#3868)NAMED_UNIT(#3870)PLANE_ANGLE_UNIT());
#3870=DIMENSIONAL_EXPONENTS(0.,0.,0.,0.,0.,0.,0.);
#3871=(NAMED_UNIT(*)SI_UNIT($,.STERADIAN.)SOLID_ANGLE_UNIT());
#3872=(LENGTH_UNIT()NAMED_UNIT(*)SI_UNIT(.MILLI.,.METRE.));
#3873=UNCERTAINTY_MEASURE_WITH_UNIT(LENGTH_MEASURE(1.000000E-03),#3872,'DISTANCE_ACCURACY_VALUE','Maximum Tolerance applied to model');
#3874=(GEOMETRIC_REPRESENTATION_CONTEXT(3)GLOBAL_UNCERTAINTY_ASSIGNED_CONTEXT((#3873))GLOBAL_UNIT_ASSIGNED_CONTEXT((#3872,#3869,#3871))REPRESENTATION_CONTEXT('','SOT-23-3_L2.9-W1.6-P1.90-LS2.8-BR~SOT-23-3L_L2.9-W1.6-H1.1-LS2.8-P0.95~QmFs'));
#3886=CARTESIAN_POINT('',(0.,0.,0.));
#3887=DIRECTION('',(0.,0.,1.));
#3888=DIRECTION('',(1.,0.,-0.));
#3889=AXIS2_PLACEMENT_3D('',#3886,#3887,#3888);
#3890=ITEM_DEFINED_TRANSFORMATION('','',#3889,#15);
#3891=(REPRESENTATION_RELATIONSHIP('','',#3876,#3848)REPRESENTATION_RELATIONSHIP_WITH_TRANSFORMATION(#3890)SHAPE_REPRESENTATION_RELATIONSHIP());
#3892=NEXT_ASSEMBLY_USAGE_OCCURRENCE('SOT-23-3_L2.9-W1.6-P1.90-LS2.8-BR~SOT-23-3L_L2.9-W1.6-H1.1-LS2.8-P0.95~QmFs_16','SOT-23-3_L2.9-W1.6-P1.90-LS2.8-BR~SOT-23-3L_L2.9-W1.6-H1.1-LS2.8-P0.95~QmFs','SOT-23-3_L2.9-W1.6-P1.90-LS2.8-BR~SOT-23-3L_L2.9-W1.6-H1.1-LS2.8-P0.95~QmFs',#3857,#3885,$);
#3893=PRODUCT_DEFINITION_SHAPE('','',#3892);
#3894=CONTEXT_DEPENDENT_SHAPE_REPRESENTATION(#3891,#3893);
#3876=SHAPE_REPRESENTATION('SOT-23-3_L2.9-W1.6-P1.90-LS2.8-BR~SOT-23-3L_L2.9-W1.6-H1.1-LS2.8-P0.95~QmFs',(#15),#3874);
#3895=CARTESIAN_POINT('',(0.,0.,0.));
#3896=DIRECTION('',(0.,0.,1.));
#3897=DIRECTION('',(1.,0.,0.));
#3898=AXIS2_PLACEMENT_3D('',#3895,#3896,#3897);
#3900=MAPPED_ITEM('',#3899,#3898);
#3899=REPRESENTATION_MAP(#3898,#3876);
#3884=PRODUCT('SOT-23-3_L2.9-W1.6-P1.90-LS2.8-BR~SOT-23-3L_L2.9-W1.6-H1.1-LS2.8-P0.95~QmFs','SOT-23-3_L2.9-W1.6-P1.90-LS2.8-BR~SOT-23-3L_L2.9-W1.6-H1.1-LS2.8-P0.95~QmFs','',(#3390));
#3901=PRODUCT_RELATED_PRODUCT_CATEGORY('part','',(#3884));
#3902=PRODUCT_DEFINITION_FORMATION_WITH_SPECIFIED_SOURCE('','',#3884,.NOT_KNOWN.);
#3885=PRODUCT_DEFINITION('design','',#3902,#3391);
#3883=PRODUCT_DEFINITION_SHAPE('','',#3885);
#3903=SHAPE_DEFINITION_REPRESENTATION(#3883,#3876);
#3875=DRAUGHTING_MODEL('',(#3900),#3874);
#3848=SHAPE_REPRESENTATION('U3~SOT-23-3_L2.9-W1.6-P1.90-LS2.8-BR~SOT-23-3L_L2.9-W1.6-H1.1-LS2.8-P0.95~QmFs',(#15,#3889),#3846);
#3904=CARTESIAN_POINT('',(0.,0.,0.));
#3905=DIRECTION('',(0.,0.,1.));
#3906=DIRECTION('',(1.,0.,0.));
#3907=AXIS2_PLACEMENT_3D('',#3904,#3905,#3906);
#3909=MAPPED_ITEM('',#3908,#3907);
#3908=REPRESENTATION_MAP(#3907,#3848);
#3856=PRODUCT('U3~SOT-23-3_L2.9-W1.6-P1.90-LS2.8-BR~SOT-23-3L_L2.9-W1.6-H1.1-LS2.8-P0.95~QmFs','U3~SOT-23-3_L2.9-W1.6-P1.90-LS2.8-BR~SOT-23-3L_L2.9-W1.6-H1.1-LS2.8-P0.95~QmFs','',(#3390));
#3910=PRODUCT_RELATED_PRODUCT_CATEGORY('part','',(#3856));
#3911=PRODUCT_DEFINITION_FORMATION_WITH_SPECIFIED_SOURCE('','',#3856,.NOT_KNOWN.);
#3857=PRODUCT_DEFINITION('design','',#3911,#3391);
#3855=PRODUCT_DEFINITION_SHAPE('','',#3857);
#3912=SHAPE_DEFINITION_REPRESENTATION(#3855,#3848);
#3847=DRAUGHTING_MODEL('',(#3909),#3846);
#3913=(NAMED_UNIT(*)PLANE_ANGLE_UNIT()SI_UNIT($,.RADIAN.));
#3914=PLANE_ANGLE_MEASURE_WITH_UNIT(PLANE_ANGLE_MEASURE(0.0174532925),#3913);
#3915=(CONVERSION_BASED_UNIT('DEGREE',#3914)NAMED_UNIT(#3916)PLANE_ANGLE_UNIT());
#3916=DIMENSIONAL_EXPONENTS(0.,0.,0.,0.,0.,0.,0.);
#3917=(NAMED_UNIT(*)SI_UNIT($,.STERADIAN.)SOLID_ANGLE_UNIT());
#3918=(LENGTH_UNIT()NAMED_UNIT(*)SI_UNIT(.MILLI.,.METRE.));
#3919=UNCERTAINTY_MEASURE_WITH_UNIT(LENGTH_MEASURE(1.000000E-03),#3918,'DISTANCE_ACCURACY_VALUE','Maximum Tolerance applied to model');
#3920=(GEOMETRIC_REPRESENTATION_CONTEXT(3)GLOBAL_UNCERTAINTY_ASSIGNED_CONTEXT((#3919))GLOBAL_UNIT_ASSIGNED_CONTEXT((#3918,#3915,#3917))REPRESENTATION_CONTEXT('','H3~HDR-TH_6P-P2.54-V-R2-C3-S2.54_A2541WV-2X3P~HDR2.54-M-LI-2x3P~QmFs'));
#3932=CARTESIAN_POINT('',(0.,0.,0.));
#3933=DIRECTION('',(0.,0.,1.));
#3934=DIRECTION('',(1.,0.,-0.));
#3935=AXIS2_PLACEMENT_3D('',#3932,#3933,#3934);
#3936=ITEM_DEFINED_TRANSFORMATION('','',#3935,#15);
#3937=(REPRESENTATION_RELATIONSHIP('','',#3922,#3335)REPRESENTATION_RELATIONSHIP_WITH_TRANSFORMATION(#3936)SHAPE_REPRESENTATION_RELATIONSHIP());
#3938=NEXT_ASSEMBLY_USAGE_OCCURRENCE('H3~HDR-TH_6P-P2.54-V-R2-C3-S2.54_A2541WV-2X3P~HDR2.54-M-LI-2x3P~QmFs_17','H3~HDR-TH_6P-P2.54-V-R2-C3-S2.54_A2541WV-2X3P~HDR2.54-M-LI-2x3P~QmFs','H3~HDR-TH_6P-P2.54-V-R2-C3-S2.54_A2541WV-2X3P~HDR2.54-M-LI-2x3P~QmFs',#3344,#3931,$);
#3939=PRODUCT_DEFINITION_SHAPE('','',#3938);
#3940=CONTEXT_DEPENDENT_SHAPE_REPRESENTATION(#3937,#3939);
#3941=(NAMED_UNIT(*)PLANE_ANGLE_UNIT()SI_UNIT($,.RADIAN.));
#3942=PLANE_ANGLE_MEASURE_WITH_UNIT(PLANE_ANGLE_MEASURE(0.0174532925),#3941);
#3943=(CONVERSION_BASED_UNIT('DEGREE',#3942)NAMED_UNIT(#3944)PLANE_ANGLE_UNIT());
#3944=DIMENSIONAL_EXPONENTS(0.,0.,0.,0.,0.,0.,0.);
#3945=(NAMED_UNIT(*)SI_UNIT($,.STERADIAN.)SOLID_ANGLE_UNIT());
#3946=(LENGTH_UNIT()NAMED_UNIT(*)SI_UNIT(.MILLI.,.METRE.));
#3947=UNCERTAINTY_MEASURE_WITH_UNIT(LENGTH_MEASURE(1.000000E-03),#3946,'DISTANCE_ACCURACY_VALUE','Maximum Tolerance applied to model');
#3948=(GEOMETRIC_REPRESENTATION_CONTEXT(3)GLOBAL_UNCERTAINTY_ASSIGNED_CONTEXT((#3947))GLOBAL_UNIT_ASSIGNED_CONTEXT((#3946,#3943,#3945))REPRESENTATION_CONTEXT('','HDR-TH_6P-P2.54-V-R2-C3-S2.54_A2541WV-2X3P~HDR2.54-M-LI-2x3P~QmFs'));
#3960=CARTESIAN_POINT('',(0.,0.,0.));
#3961=DIRECTION('',(0.,0.,1.));
#3962=DIRECTION('',(1.,0.,-0.));
#3963=AXIS2_PLACEMENT_3D('',#3960,#3961,#3962);
#3964=ITEM_DEFINED_TRANSFORMATION('','',#3963,#15);
#3965=(REPRESENTATION_RELATIONSHIP('','',#3950,#3922)REPRESENTATION_RELATIONSHIP_WITH_TRANSFORMATION(#3964)SHAPE_REPRESENTATION_RELATIONSHIP());
#3966=NEXT_ASSEMBLY_USAGE_OCCURRENCE('HDR-TH_6P-P2.54-V-R2-C3-S2.54_A2541WV-2X3P~HDR2.54-M-LI-2x3P~QmFs_18','HDR-TH_6P-P2.54-V-R2-C3-S2.54_A2541WV-2X3P~HDR2.54-M-LI-2x3P~QmFs','HDR-TH_6P-P2.54-V-R2-C3-S2.54_A2541WV-2X3P~HDR2.54-M-LI-2x3P~QmFs',#3931,#3959,$);
#3967=PRODUCT_DEFINITION_SHAPE('','',#3966);
#3968=CONTEXT_DEPENDENT_SHAPE_REPRESENTATION(#3965,#3967);
#3950=SHAPE_REPRESENTATION('HDR-TH_6P-P2.54-V-R2-C3-S2.54_A2541WV-2X3P~HDR2.54-M-LI-2x3P~QmFs',(#15),#3948);
#3969=CARTESIAN_POINT('',(0.,0.,0.));
#3970=DIRECTION('',(0.,0.,1.));
#3971=DIRECTION('',(1.,0.,0.));
#3972=AXIS2_PLACEMENT_3D('',#3969,#3970,#3971);
#3974=MAPPED_ITEM('',#3973,#3972);
#3973=REPRESENTATION_MAP(#3972,#3950);
#3958=PRODUCT('HDR-TH_6P-P2.54-V-R2-C3-S2.54_A2541WV-2X3P~HDR2.54-M-LI-2x3P~QmFs','HDR-TH_6P-P2.54-V-R2-C3-S2.54_A2541WV-2X3P~HDR2.54-M-LI-2x3P~QmFs','',(#3390));
#3975=PRODUCT_RELATED_PRODUCT_CATEGORY('part','',(#3958));
#3976=PRODUCT_DEFINITION_FORMATION_WITH_SPECIFIED_SOURCE('','',#3958,.NOT_KNOWN.);
#3959=PRODUCT_DEFINITION('design','',#3976,#3391);
#3957=PRODUCT_DEFINITION_SHAPE('','',#3959);
#3977=SHAPE_DEFINITION_REPRESENTATION(#3957,#3950);
#3949=DRAUGHTING_MODEL('',(#3974),#3948);
#3922=SHAPE_REPRESENTATION('H3~HDR-TH_6P-P2.54-V-R2-C3-S2.54_A2541WV-2X3P~HDR2.54-M-LI-2x3P~QmFs',(#15,#3963),#3920);
#3978=CARTESIAN_POINT('',(0.,0.,0.));
#3979=DIRECTION('',(0.,0.,1.));
#3980=DIRECTION('',(1.,0.,0.));
#3981=AXIS2_PLACEMENT_3D('',#3978,#3979,#3980);
#3983=MAPPED_ITEM('',#3982,#3981);
#3982=REPRESENTATION_MAP(#3981,#3922);
#3930=PRODUCT('H3~HDR-TH_6P-P2.54-V-R2-C3-S2.54_A2541WV-2X3P~HDR2.54-M-LI-2x3P~QmFs','H3~HDR-TH_6P-P2.54-V-R2-C3-S2.54_A2541WV-2X3P~HDR2.54-M-LI-2x3P~QmFs','',(#3390));
#3984=PRODUCT_RELATED_PRODUCT_CATEGORY('part','',(#3930));
#3985=PRODUCT_DEFINITION_FORMATION_WITH_SPECIFIED_SOURCE('','',#3930,.NOT_KNOWN.);
#3931=PRODUCT_DEFINITION('design','',#3985,#3391);
#3929=PRODUCT_DEFINITION_SHAPE('','',#3931);
#3986=SHAPE_DEFINITION_REPRESENTATION(#3929,#3922);
#3921=DRAUGHTING_MODEL('',(#3983),#3920);
#3987=(NAMED_UNIT(*)PLANE_ANGLE_UNIT()SI_UNIT($,.RADIAN.));
#3988=PLANE_ANGLE_MEASURE_WITH_UNIT(PLANE_ANGLE_MEASURE(0.0174532925),#3987);
#3989=(CONVERSION_BASED_UNIT('DEGREE',#3988)NAMED_UNIT(#3990)PLANE_ANGLE_UNIT());
#3990=DIMENSIONAL_EXPONENTS(0.,0.,0.,0.,0.,0.,0.);
#3991=(NAMED_UNIT(*)SI_UNIT($,.STERADIAN.)SOLID_ANGLE_UNIT());
#3992=(LENGTH_UNIT()NAMED_UNIT(*)SI_UNIT(.MILLI.,.METRE.));
#3993=UNCERTAINTY_MEASURE_WITH_UNIT(LENGTH_MEASURE(1.000000E-03),#3992,'DISTANCE_ACCURACY_VALUE','Maximum Tolerance applied to model');
#3994=(GEOMETRIC_REPRESENTATION_CONTEXT(3)GLOBAL_UNCERTAINTY_ASSIGNED_CONTEXT((#3993))GLOBAL_UNIT_ASSIGNED_CONTEXT((#3992,#3989,#3991))REPRESENTATION_CONTEXT('','R10~R0603~R0603~QmFs'));
#4006=CARTESIAN_POINT('',(0.,0.,0.));
#4007=DIRECTION('',(0.,0.,1.));
#4008=DIRECTION('',(1.,0.,-0.));
#4009=AXIS2_PLACEMENT_3D('',#4006,#4007,#4008);
#4010=ITEM_DEFINED_TRANSFORMATION('','',#4009,#15);
#4011=(REPRESENTATION_RELATIONSHIP('','',#3996,#3335)REPRESENTATION_RELATIONSHIP_WITH_TRANSFORMATION(#4010)SHAPE_REPRESENTATION_RELATIONSHIP());
#4012=NEXT_ASSEMBLY_USAGE_OCCURRENCE('R10~R0603~R0603~QmFs_19','R10~R0603~R0603~QmFs','R10~R0603~R0603~QmFs',#3344,#4005,$);
#4013=PRODUCT_DEFINITION_SHAPE('','',#4012);
#4014=CONTEXT_DEPENDENT_SHAPE_REPRESENTATION(#4011,#4013);
#4015=(NAMED_UNIT(*)PLANE_ANGLE_UNIT()SI_UNIT($,.RADIAN.));
#4016=PLANE_ANGLE_MEASURE_WITH_UNIT(PLANE_ANGLE_MEASURE(0.0174532925),#4015);
#4017=(CONVERSION_BASED_UNIT('DEGREE',#4016)NAMED_UNIT(#4018)PLANE_ANGLE_UNIT());
#4018=DIMENSIONAL_EXPONENTS(0.,0.,0.,0.,0.,0.,0.);
#4019=(NAMED_UNIT(*)SI_UNIT($,.STERADIAN.)SOLID_ANGLE_UNIT());
#4020=(LENGTH_UNIT()NAMED_UNIT(*)SI_UNIT(.MILLI.,.METRE.));
#4021=UNCERTAINTY_MEASURE_WITH_UNIT(LENGTH_MEASURE(1.000000E-03),#4020,'DISTANCE_ACCURACY_VALUE','Maximum Tolerance applied to model');
#4022=(GEOMETRIC_REPRESENTATION_CONTEXT(3)GLOBAL_UNCERTAINTY_ASSIGNED_CONTEXT((#4021))GLOBAL_UNIT_ASSIGNED_CONTEXT((#4020,#4017,#4019))REPRESENTATION_CONTEXT('','R0603~R0603~QmFs'));
#4034=CARTESIAN_POINT('',(0.,0.,0.));
#4035=DIRECTION('',(0.,0.,1.));
#4036=DIRECTION('',(1.,0.,-0.));
#4037=AXIS2_PLACEMENT_3D('',#4034,#4035,#4036);
#4038=ITEM_DEFINED_TRANSFORMATION('','',#4037,#15);
#4039=(REPRESENTATION_RELATIONSHIP('','',#4024,#3996)REPRESENTATION_RELATIONSHIP_WITH_TRANSFORMATION(#4038)SHAPE_REPRESENTATION_RELATIONSHIP());
#4040=NEXT_ASSEMBLY_USAGE_OCCURRENCE('R0603~R0603~QmFs_20','R0603~R0603~QmFs','R0603~R0603~QmFs',#4005,#4033,$);
#4041=PRODUCT_DEFINITION_SHAPE('','',#4040);
#4042=CONTEXT_DEPENDENT_SHAPE_REPRESENTATION(#4039,#4041);
#4024=SHAPE_REPRESENTATION('R0603~R0603~QmFs',(#15),#4022);
#4043=CARTESIAN_POINT('',(0.,0.,0.));
#4044=DIRECTION('',(0.,0.,1.));
#4045=DIRECTION('',(1.,0.,0.));
#4046=AXIS2_PLACEMENT_3D('',#4043,#4044,#4045);
#4048=MAPPED_ITEM('',#4047,#4046);
#4047=REPRESENTATION_MAP(#4046,#4024);
#4032=PRODUCT('R0603~R0603~QmFs','R0603~R0603~QmFs','',(#3390));
#4049=PRODUCT_RELATED_PRODUCT_CATEGORY('part','',(#4032));
#4050=PRODUCT_DEFINITION_FORMATION_WITH_SPECIFIED_SOURCE('','',#4032,.NOT_KNOWN.);
#4033=PRODUCT_DEFINITION('design','',#4050,#3391);
#4031=PRODUCT_DEFINITION_SHAPE('','',#4033);
#4051=SHAPE_DEFINITION_REPRESENTATION(#4031,#4024);
#4023=DRAUGHTING_MODEL('',(#4048),#4022);
#3996=SHAPE_REPRESENTATION('R10~R0603~R0603~QmFs',(#15,#4037),#3994);
#4052=CARTESIAN_POINT('',(0.,0.,0.));
#4053=DIRECTION('',(0.,0.,1.));
#4054=DIRECTION('',(1.,0.,0.));
#4055=AXIS2_PLACEMENT_3D('',#4052,#4053,#4054);
#4057=MAPPED_ITEM('',#4056,#4055);
#4056=REPRESENTATION_MAP(#4055,#3996);
#4004=PRODUCT('R10~R0603~R0603~QmFs','R10~R0603~R0603~QmFs','',(#3390));
#4058=PRODUCT_RELATED_PRODUCT_CATEGORY('part','',(#4004));
#4059=PRODUCT_DEFINITION_FORMATION_WITH_SPECIFIED_SOURCE('','',#4004,.NOT_KNOWN.);
#4005=PRODUCT_DEFINITION('design','',#4059,#3391);
#4003=PRODUCT_DEFINITION_SHAPE('','',#4005);
#4060=SHAPE_DEFINITION_REPRESENTATION(#4003,#3996);
#3995=DRAUGHTING_MODEL('',(#4057),#3994);
#4061=(NAMED_UNIT(*)PLANE_ANGLE_UNIT()SI_UNIT($,.RADIAN.));
#4062=PLANE_ANGLE_MEASURE_WITH_UNIT(PLANE_ANGLE_MEASURE(0.0174532925),#4061);
#4063=(CONVERSION_BASED_UNIT('DEGREE',#4062)NAMED_UNIT(#4064)PLANE_ANGLE_UNIT());
#4064=DIMENSIONAL_EXPONENTS(0.,0.,0.,0.,0.,0.,0.);
#4065=(NAMED_UNIT(*)SI_UNIT($,.STERADIAN.)SOLID_ANGLE_UNIT());
#4066=(LENGTH_UNIT()NAMED_UNIT(*)SI_UNIT(.MILLI.,.METRE.));
#4067=UNCERTAINTY_MEASURE_WITH_UNIT(LENGTH_MEASURE(1.000000E-03),#4066,'DISTANCE_ACCURACY_VALUE','Maximum Tolerance applied to model');
#4068=(GEOMETRIC_REPRESENTATION_CONTEXT(3)GLOBAL_UNCERTAINTY_ASSIGNED_CONTEXT((#4067))GLOBAL_UNIT_ASSIGNED_CONTEXT((#4066,#4063,#4065))REPRESENTATION_CONTEXT('','R10~R0603~R0603~QmFs'));
#4080=CARTESIAN_POINT('',(0.,0.,0.));
#4081=DIRECTION('',(0.,0.,1.));
#4082=DIRECTION('',(1.,0.,-0.));
#4083=AXIS2_PLACEMENT_3D('',#4080,#4081,#4082);
#4084=ITEM_DEFINED_TRANSFORMATION('','',#4083,#15);
#4085=(REPRESENTATION_RELATIONSHIP('','',#4070,#3335)REPRESENTATION_RELATIONSHIP_WITH_TRANSFORMATION(#4084)SHAPE_REPRESENTATION_RELATIONSHIP());
#4086=NEXT_ASSEMBLY_USAGE_OCCURRENCE('R10~R0603~R0603~QmFs_21','R10~R0603~R0603~QmFs','R10~R0603~R0603~QmFs',#3344,#4079,$);
#4087=PRODUCT_DEFINITION_SHAPE('','',#4086);
#4088=CONTEXT_DEPENDENT_SHAPE_REPRESENTATION(#4085,#4087);
#4089=(NAMED_UNIT(*)PLANE_ANGLE_UNIT()SI_UNIT($,.RADIAN.));
#4090=PLANE_ANGLE_MEASURE_WITH_UNIT(PLANE_ANGLE_MEASURE(0.0174532925),#4089);
#4091=(CONVERSION_BASED_UNIT('DEGREE',#4090)NAMED_UNIT(#4092)PLANE_ANGLE_UNIT());
#4092=DIMENSIONAL_EXPONENTS(0.,0.,0.,0.,0.,0.,0.);
#4093=(NAMED_UNIT(*)SI_UNIT($,.STERADIAN.)SOLID_ANGLE_UNIT());
#4094=(LENGTH_UNIT()NAMED_UNIT(*)SI_UNIT(.MILLI.,.METRE.));
#4095=UNCERTAINTY_MEASURE_WITH_UNIT(LENGTH_MEASURE(1.000000E-03),#4094,'DISTANCE_ACCURACY_VALUE','Maximum Tolerance applied to model');
#4096=(GEOMETRIC_REPRESENTATION_CONTEXT(3)GLOBAL_UNCERTAINTY_ASSIGNED_CONTEXT((#4095))GLOBAL_UNIT_ASSIGNED_CONTEXT((#4094,#4091,#4093))REPRESENTATION_CONTEXT('','R0603~R0603~QmFs'));
#4108=CARTESIAN_POINT('',(0.,0.,0.));
#4109=DIRECTION('',(0.,0.,1.));
#4110=DIRECTION('',(1.,0.,-0.));
#4111=AXIS2_PLACEMENT_3D('',#4108,#4109,#4110);
#4112=ITEM_DEFINED_TRANSFORMATION('','',#4111,#15);
#4113=(REPRESENTATION_RELATIONSHIP('','',#4098,#4070)REPRESENTATION_RELATIONSHIP_WITH_TRANSFORMATION(#4112)SHAPE_REPRESENTATION_RELATIONSHIP());
#4114=NEXT_ASSEMBLY_USAGE_OCCURRENCE('R0603~R0603~QmFs_22','R0603~R0603~QmFs','R0603~R0603~QmFs',#4079,#4107,$);
#4115=PRODUCT_DEFINITION_SHAPE('','',#4114);
#4116=CONTEXT_DEPENDENT_SHAPE_REPRESENTATION(#4113,#4115);
#4098=SHAPE_REPRESENTATION('R0603~R0603~QmFs',(#15),#4096);
#4117=CARTESIAN_POINT('',(0.,0.,0.));
#4118=DIRECTION('',(0.,0.,1.));
#4119=DIRECTION('',(1.,0.,0.));
#4120=AXIS2_PLACEMENT_3D('',#4117,#4118,#4119);
#4122=MAPPED_ITEM('',#4121,#4120);
#4121=REPRESENTATION_MAP(#4120,#4098);
#4106=PRODUCT('R0603~R0603~QmFs','R0603~R0603~QmFs','',(#3390));
#4123=PRODUCT_RELATED_PRODUCT_CATEGORY('part','',(#4106));
#4124=PRODUCT_DEFINITION_FORMATION_WITH_SPECIFIED_SOURCE('','',#4106,.NOT_KNOWN.);
#4107=PRODUCT_DEFINITION('design','',#4124,#3391);
#4105=PRODUCT_DEFINITION_SHAPE('','',#4107);
#4125=SHAPE_DEFINITION_REPRESENTATION(#4105,#4098);
#4097=DRAUGHTING_MODEL('',(#4122),#4096);
#4070=SHAPE_REPRESENTATION('R10~R0603~R0603~QmFs',(#15,#4111),#4068);
#4126=CARTESIAN_POINT('',(0.,0.,0.));
#4127=DIRECTION('',(0.,0.,1.));
#4128=DIRECTION('',(1.,0.,0.));
#4129=AXIS2_PLACEMENT_3D('',#4126,#4127,#4128);
#4131=MAPPED_ITEM('',#4130,#4129);
#4130=REPRESENTATION_MAP(#4129,#4070);
#4078=PRODUCT('R10~R0603~R0603~QmFs','R10~R0603~R0603~QmFs','',(#3390));
#4132=PRODUCT_RELATED_PRODUCT_CATEGORY('part','',(#4078));
#4133=PRODUCT_DEFINITION_FORMATION_WITH_SPECIFIED_SOURCE('','',#4078,.NOT_KNOWN.);
#4079=PRODUCT_DEFINITION('design','',#4133,#3391);
#4077=PRODUCT_DEFINITION_SHAPE('','',#4079);
#4134=SHAPE_DEFINITION_REPRESENTATION(#4077,#4070);
#4069=DRAUGHTING_MODEL('',(#4131),#4068);
#4135=(NAMED_UNIT(*)PLANE_ANGLE_UNIT()SI_UNIT($,.RADIAN.));
#4136=PLANE_ANGLE_MEASURE_WITH_UNIT(PLANE_ANGLE_MEASURE(0.0174532925),#4135);
#4137=(CONVERSION_BASED_UNIT('DEGREE',#4136)NAMED_UNIT(#4138)PLANE_ANGLE_UNIT());
#4138=DIMENSIONAL_EXPONENTS(0.,0.,0.,0.,0.,0.,0.);
#4139=(NAMED_UNIT(*)SI_UNIT($,.STERADIAN.)SOLID_ANGLE_UNIT());
#4140=(LENGTH_UNIT()NAMED_UNIT(*)SI_UNIT(.MILLI.,.METRE.));
#4141=UNCERTAINTY_MEASURE_WITH_UNIT(LENGTH_MEASURE(1.000000E-03),#4140,'DISTANCE_ACCURACY_VALUE','Maximum Tolerance applied to model');
#4142=(GEOMETRIC_REPRESENTATION_CONTEXT(3)GLOBAL_UNCERTAINTY_ASSIGNED_CONTEXT((#4141))GLOBAL_UNIT_ASSIGNED_CONTEXT((#4140,#4137,#4139))REPRESENTATION_CONTEXT('','R10~R0603~R0603~QmFs'));
#4154=CARTESIAN_POINT('',(0.,0.,0.));
#4155=DIRECTION('',(0.,0.,1.));
#4156=DIRECTION('',(1.,0.,-0.));
#4157=AXIS2_PLACEMENT_3D('',#4154,#4155,#4156);
#4158=ITEM_DEFINED_TRANSFORMATION('','',#4157,#15);
#4159=(REPRESENTATION_RELATIONSHIP('','',#4144,#3335)REPRESENTATION_RELATIONSHIP_WITH_TRANSFORMATION(#4158)SHAPE_REPRESENTATION_RELATIONSHIP());
#4160=NEXT_ASSEMBLY_USAGE_OCCURRENCE('R10~R0603~R0603~QmFs_23','R10~R0603~R0603~QmFs','R10~R0603~R0603~QmFs',#3344,#4153,$);
#4161=PRODUCT_DEFINITION_SHAPE('','',#4160);
#4162=CONTEXT_DEPENDENT_SHAPE_REPRESENTATION(#4159,#4161);
#4163=(NAMED_UNIT(*)PLANE_ANGLE_UNIT()SI_UNIT($,.RADIAN.));
#4164=PLANE_ANGLE_MEASURE_WITH_UNIT(PLANE_ANGLE_MEASURE(0.0174532925),#4163);
#4165=(CONVERSION_BASED_UNIT('DEGREE',#4164)NAMED_UNIT(#4166)PLANE_ANGLE_UNIT());
#4166=DIMENSIONAL_EXPONENTS(0.,0.,0.,0.,0.,0.,0.);
#4167=(NAMED_UNIT(*)SI_UNIT($,.STERADIAN.)SOLID_ANGLE_UNIT());
#4168=(LENGTH_UNIT()NAMED_UNIT(*)SI_UNIT(.MILLI.,.METRE.));
#4169=UNCERTAINTY_MEASURE_WITH_UNIT(LENGTH_MEASURE(1.000000E-03),#4168,'DISTANCE_ACCURACY_VALUE','Maximum Tolerance applied to model');
#4170=(GEOMETRIC_REPRESENTATION_CONTEXT(3)GLOBAL_UNCERTAINTY_ASSIGNED_CONTEXT((#4169))GLOBAL_UNIT_ASSIGNED_CONTEXT((#4168,#4165,#4167))REPRESENTATION_CONTEXT('','R0603~R0603~QmFs'));
#4182=CARTESIAN_POINT('',(0.,0.,0.));
#4183=DIRECTION('',(0.,0.,1.));
#4184=DIRECTION('',(1.,0.,-0.));
#4185=AXIS2_PLACEMENT_3D('',#4182,#4183,#4184);
#4186=ITEM_DEFINED_TRANSFORMATION('','',#4185,#15);
#4187=(REPRESENTATION_RELATIONSHIP('','',#4172,#4144)REPRESENTATION_RELATIONSHIP_WITH_TRANSFORMATION(#4186)SHAPE_REPRESENTATION_RELATIONSHIP());
#4188=NEXT_ASSEMBLY_USAGE_OCCURRENCE('R0603~R0603~QmFs_24','R0603~R0603~QmFs','R0603~R0603~QmFs',#4153,#4181,$);
#4189=PRODUCT_DEFINITION_SHAPE('','',#4188);
#4190=CONTEXT_DEPENDENT_SHAPE_REPRESENTATION(#4187,#4189);
#4172=SHAPE_REPRESENTATION('R0603~R0603~QmFs',(#15),#4170);
#4191=CARTESIAN_POINT('',(0.,0.,0.));
#4192=DIRECTION('',(0.,0.,1.));
#4193=DIRECTION('',(1.,0.,0.));
#4194=AXIS2_PLACEMENT_3D('',#4191,#4192,#4193);
#4196=MAPPED_ITEM('',#4195,#4194);
#4195=REPRESENTATION_MAP(#4194,#4172);
#4180=PRODUCT('R0603~R0603~QmFs','R0603~R0603~QmFs','',(#3390));
#4197=PRODUCT_RELATED_PRODUCT_CATEGORY('part','',(#4180));
#4198=PRODUCT_DEFINITION_FORMATION_WITH_SPECIFIED_SOURCE('','',#4180,.NOT_KNOWN.);
#4181=PRODUCT_DEFINITION('design','',#4198,#3391);
#4179=PRODUCT_DEFINITION_SHAPE('','',#4181);
#4199=SHAPE_DEFINITION_REPRESENTATION(#4179,#4172);
#4171=DRAUGHTING_MODEL('',(#4196),#4170);
#4144=SHAPE_REPRESENTATION('R10~R0603~R0603~QmFs',(#15,#4185),#4142);
#4200=CARTESIAN_POINT('',(0.,0.,0.));
#4201=DIRECTION('',(0.,0.,1.));
#4202=DIRECTION('',(1.,0.,0.));
#4203=AXIS2_PLACEMENT_3D('',#4200,#4201,#4202);
#4205=MAPPED_ITEM('',#4204,#4203);
#4204=REPRESENTATION_MAP(#4203,#4144);
#4152=PRODUCT('R10~R0603~R0603~QmFs','R10~R0603~R0603~QmFs','',(#3390));
#4206=PRODUCT_RELATED_PRODUCT_CATEGORY('part','',(#4152));
#4207=PRODUCT_DEFINITION_FORMATION_WITH_SPECIFIED_SOURCE('','',#4152,.NOT_KNOWN.);
#4153=PRODUCT_DEFINITION('design','',#4207,#3391);
#4151=PRODUCT_DEFINITION_SHAPE('','',#4153);
#4208=SHAPE_DEFINITION_REPRESENTATION(#4151,#4144);
#4143=DRAUGHTING_MODEL('',(#4205),#4142);
#4209=(NAMED_UNIT(*)PLANE_ANGLE_UNIT()SI_UNIT($,.RADIAN.));
#4210=PLANE_ANGLE_MEASURE_WITH_UNIT(PLANE_ANGLE_MEASURE(0.0174532925),#4209);
#4211=(CONVERSION_BASED_UNIT('DEGREE',#4210)NAMED_UNIT(#4212)PLANE_ANGLE_UNIT());
#4212=DIMENSIONAL_EXPONENTS(0.,0.,0.,0.,0.,0.,0.);
#4213=(NAMED_UNIT(*)SI_UNIT($,.STERADIAN.)SOLID_ANGLE_UNIT());
#4214=(LENGTH_UNIT()NAMED_UNIT(*)SI_UNIT(.MILLI.,.METRE.));
#4215=UNCERTAINTY_MEASURE_WITH_UNIT(LENGTH_MEASURE(1.000000E-03),#4214,'DISTANCE_ACCURACY_VALUE','Maximum Tolerance applied to model');
#4216=(GEOMETRIC_REPRESENTATION_CONTEXT(3)GLOBAL_UNCERTAINTY_ASSIGNED_CONTEXT((#4215))GLOBAL_UNIT_ASSIGNED_CONTEXT((#4214,#4211,#4213))REPRESENTATION_CONTEXT('','R10~R0603~R0603~QmFs'));
#4228=CARTESIAN_POINT('',(0.,0.,0.));
#4229=DIRECTION('',(0.,0.,1.));
#4230=DIRECTION('',(1.,0.,-0.));
#4231=AXIS2_PLACEMENT_3D('',#4228,#4229,#4230);
#4232=ITEM_DEFINED_TRANSFORMATION('','',#4231,#15);
#4233=(REPRESENTATION_RELATIONSHIP('','',#4218,#3335)REPRESENTATION_RELATIONSHIP_WITH_TRANSFORMATION(#4232)SHAPE_REPRESENTATION_RELATIONSHIP());
#4234=NEXT_ASSEMBLY_USAGE_OCCURRENCE('R10~R0603~R0603~QmFs_25','R10~R0603~R0603~QmFs','R10~R0603~R0603~QmFs',#3344,#4227,$);
#4235=PRODUCT_DEFINITION_SHAPE('','',#4234);
#4236=CONTEXT_DEPENDENT_SHAPE_REPRESENTATION(#4233,#4235);
#4237=(NAMED_UNIT(*)PLANE_ANGLE_UNIT()SI_UNIT($,.RADIAN.));
#4238=PLANE_ANGLE_MEASURE_WITH_UNIT(PLANE_ANGLE_MEASURE(0.0174532925),#4237);
#4239=(CONVERSION_BASED_UNIT('DEGREE',#4238)NAMED_UNIT(#4240)PLANE_ANGLE_UNIT());
#4240=DIMENSIONAL_EXPONENTS(0.,0.,0.,0.,0.,0.,0.);
#4241=(NAMED_UNIT(*)SI_UNIT($,.STERADIAN.)SOLID_ANGLE_UNIT());
#4242=(LENGTH_UNIT()NAMED_UNIT(*)SI_UNIT(.MILLI.,.METRE.));
#4243=UNCERTAINTY_MEASURE_WITH_UNIT(LENGTH_MEASURE(1.000000E-03),#4242,'DISTANCE_ACCURACY_VALUE','Maximum Tolerance applied to model');
#4244=(GEOMETRIC_REPRESENTATION_CONTEXT(3)GLOBAL_UNCERTAINTY_ASSIGNED_CONTEXT((#4243))GLOBAL_UNIT_ASSIGNED_CONTEXT((#4242,#4239,#4241))REPRESENTATION_CONTEXT('','R0603~R0603~QmFs'));
#4256=CARTESIAN_POINT('',(0.,0.,0.));
#4257=DIRECTION('',(0.,0.,1.));
#4258=DIRECTION('',(1.,0.,-0.));
#4259=AXIS2_PLACEMENT_3D('',#4256,#4257,#4258);
#4260=ITEM_DEFINED_TRANSFORMATION('','',#4259,#15);
#4261=(REPRESENTATION_RELATIONSHIP('','',#4246,#4218)REPRESENTATION_RELATIONSHIP_WITH_TRANSFORMATION(#4260)SHAPE_REPRESENTATION_RELATIONSHIP());
#4262=NEXT_ASSEMBLY_USAGE_OCCURRENCE('R0603~R0603~QmFs_26','R0603~R0603~QmFs','R0603~R0603~QmFs',#4227,#4255,$);
#4263=PRODUCT_DEFINITION_SHAPE('','',#4262);
#4264=CONTEXT_DEPENDENT_SHAPE_REPRESENTATION(#4261,#4263);
#4246=SHAPE_REPRESENTATION('R0603~R0603~QmFs',(#15),#4244);
#4265=CARTESIAN_POINT('',(0.,0.,0.));
#4266=DIRECTION('',(0.,0.,1.));
#4267=DIRECTION('',(1.,0.,0.));
#4268=AXIS2_PLACEMENT_3D('',#4265,#4266,#4267);
#4270=MAPPED_ITEM('',#4269,#4268);
#4269=REPRESENTATION_MAP(#4268,#4246);
#4254=PRODUCT('R0603~R0603~QmFs','R0603~R0603~QmFs','',(#3390));
#4271=PRODUCT_RELATED_PRODUCT_CATEGORY('part','',(#4254));
#4272=PRODUCT_DEFINITION_FORMATION_WITH_SPECIFIED_SOURCE('','',#4254,.NOT_KNOWN.);
#4255=PRODUCT_DEFINITION('design','',#4272,#3391);
#4253=PRODUCT_DEFINITION_SHAPE('','',#4255);
#4273=SHAPE_DEFINITION_REPRESENTATION(#4253,#4246);
#4245=DRAUGHTING_MODEL('',(#4270),#4244);
#4218=SHAPE_REPRESENTATION('R10~R0603~R0603~QmFs',(#15,#4259),#4216);
#4274=CARTESIAN_POINT('',(0.,0.,0.));
#4275=DIRECTION('',(0.,0.,1.));
#4276=DIRECTION('',(1.,0.,0.));
#4277=AXIS2_PLACEMENT_3D('',#4274,#4275,#4276);
#4279=MAPPED_ITEM('',#4278,#4277);
#4278=REPRESENTATION_MAP(#4277,#4218);
#4226=PRODUCT('R10~R0603~R0603~QmFs','R10~R0603~R0603~QmFs','',(#3390));
#4280=PRODUCT_RELATED_PRODUCT_CATEGORY('part','',(#4226));
#4281=PRODUCT_DEFINITION_FORMATION_WITH_SPECIFIED_SOURCE('','',#4226,.NOT_KNOWN.);
#4227=PRODUCT_DEFINITION('design','',#4281,#3391);
#4225=PRODUCT_DEFINITION_SHAPE('','',#4227);
#4282=SHAPE_DEFINITION_REPRESENTATION(#4225,#4218);
#4217=DRAUGHTING_MODEL('',(#4279),#4216);
#4283=(NAMED_UNIT(*)PLANE_ANGLE_UNIT()SI_UNIT($,.RADIAN.));
#4284=PLANE_ANGLE_MEASURE_WITH_UNIT(PLANE_ANGLE_MEASURE(0.0174532925),#4283);
#4285=(CONVERSION_BASED_UNIT('DEGREE',#4284)NAMED_UNIT(#4286)PLANE_ANGLE_UNIT());
#4286=DIMENSIONAL_EXPONENTS(0.,0.,0.,0.,0.,0.,0.);
#4287=(NAMED_UNIT(*)SI_UNIT($,.STERADIAN.)SOLID_ANGLE_UNIT());
#4288=(LENGTH_UNIT()NAMED_UNIT(*)SI_UNIT(.MILLI.,.METRE.));
#4289=UNCERTAINTY_MEASURE_WITH_UNIT(LENGTH_MEASURE(1.000000E-03),#4288,'DISTANCE_ACCURACY_VALUE','Maximum Tolerance applied to model');
#4290=(GEOMETRIC_REPRESENTATION_CONTEXT(3)GLOBAL_UNCERTAINTY_ASSIGNED_CONTEXT((#4289))GLOBAL_UNIT_ASSIGNED_CONTEXT((#4288,#4285,#4287))REPRESENTATION_CONTEXT('','R10~R0603~R0603~QmFs'));
#4302=CARTESIAN_POINT('',(0.,0.,0.));
#4303=DIRECTION('',(0.,0.,1.));
#4304=DIRECTION('',(1.,0.,-0.));
#4305=AXIS2_PLACEMENT_3D('',#4302,#4303,#4304);
#4306=ITEM_DEFINED_TRANSFORMATION('','',#4305,#15);
#4307=(REPRESENTATION_RELATIONSHIP('','',#4292,#3335)REPRESENTATION_RELATIONSHIP_WITH_TRANSFORMATION(#4306)SHAPE_REPRESENTATION_RELATIONSHIP());
#4308=NEXT_ASSEMBLY_USAGE_OCCURRENCE('R10~R0603~R0603~QmFs_27','R10~R0603~R0603~QmFs','R10~R0603~R0603~QmFs',#3344,#4301,$);
#4309=PRODUCT_DEFINITION_SHAPE('','',#4308);
#4310=CONTEXT_DEPENDENT_SHAPE_REPRESENTATION(#4307,#4309);
#4311=(NAMED_UNIT(*)PLANE_ANGLE_UNIT()SI_UNIT($,.RADIAN.));
#4312=PLANE_ANGLE_MEASURE_WITH_UNIT(PLANE_ANGLE_MEASURE(0.0174532925),#4311);
#4313=(CONVERSION_BASED_UNIT('DEGREE',#4312)NAMED_UNIT(#4314)PLANE_ANGLE_UNIT());
#4314=DIMENSIONAL_EXPONENTS(0.,0.,0.,0.,0.,0.,0.);
#4315=(NAMED_UNIT(*)SI_UNIT($,.STERADIAN.)SOLID_ANGLE_UNIT());
#4316=(LENGTH_UNIT()NAMED_UNIT(*)SI_UNIT(.MILLI.,.METRE.));
#4317=UNCERTAINTY_MEASURE_WITH_UNIT(LENGTH_MEASURE(1.000000E-03),#4316,'DISTANCE_ACCURACY_VALUE','Maximum Tolerance applied to model');
#4318=(GEOMETRIC_REPRESENTATION_CONTEXT(3)GLOBAL_UNCERTAINTY_ASSIGNED_CONTEXT((#4317))GLOBAL_UNIT_ASSIGNED_CONTEXT((#4316,#4313,#4315))REPRESENTATION_CONTEXT('','R0603~R0603~QmFs'));
#4330=CARTESIAN_POINT('',(0.,0.,0.));
#4331=DIRECTION('',(0.,0.,1.));
#4332=DIRECTION('',(1.,0.,-0.));
#4333=AXIS2_PLACEMENT_3D('',#4330,#4331,#4332);
#4334=ITEM_DEFINED_TRANSFORMATION('','',#4333,#15);
#4335=(REPRESENTATION_RELATIONSHIP('','',#4320,#4292)REPRESENTATION_RELATIONSHIP_WITH_TRANSFORMATION(#4334)SHAPE_REPRESENTATION_RELATIONSHIP());
#4336=NEXT_ASSEMBLY_USAGE_OCCURRENCE('R0603~R0603~QmFs_28','R0603~R0603~QmFs','R0603~R0603~QmFs',#4301,#4329,$);
#4337=PRODUCT_DEFINITION_SHAPE('','',#4336);
#4338=CONTEXT_DEPENDENT_SHAPE_REPRESENTATION(#4335,#4337);
#4320=SHAPE_REPRESENTATION('R0603~R0603~QmFs',(#15),#4318);
#4339=CARTESIAN_POINT('',(0.,0.,0.));
#4340=DIRECTION('',(0.,0.,1.));
#4341=DIRECTION('',(1.,0.,0.));
#4342=AXIS2_PLACEMENT_3D('',#4339,#4340,#4341);
#4344=MAPPED_ITEM('',#4343,#4342);
#4343=REPRESENTATION_MAP(#4342,#4320);
#4328=PRODUCT('R0603~R0603~QmFs','R0603~R0603~QmFs','',(#3390));
#4345=PRODUCT_RELATED_PRODUCT_CATEGORY('part','',(#4328));
#4346=PRODUCT_DEFINITION_FORMATION_WITH_SPECIFIED_SOURCE('','',#4328,.NOT_KNOWN.);
#4329=PRODUCT_DEFINITION('design','',#4346,#3391);
#4327=PRODUCT_DEFINITION_SHAPE('','',#4329);
#4347=SHAPE_DEFINITION_REPRESENTATION(#4327,#4320);
#4319=DRAUGHTING_MODEL('',(#4344),#4318);
#4292=SHAPE_REPRESENTATION('R10~R0603~R0603~QmFs',(#15,#4333),#4290);
#4348=CARTESIAN_POINT('',(0.,0.,0.));
#4349=DIRECTION('',(0.,0.,1.));
#4350=DIRECTION('',(1.,0.,0.));
#4351=AXIS2_PLACEMENT_3D('',#4348,#4349,#4350);
#4353=MAPPED_ITEM('',#4352,#4351);
#4352=REPRESENTATION_MAP(#4351,#4292);
#4300=PRODUCT('R10~R0603~R0603~QmFs','R10~R0603~R0603~QmFs','',(#3390));
#4354=PRODUCT_RELATED_PRODUCT_CATEGORY('part','',(#4300));
#4355=PRODUCT_DEFINITION_FORMATION_WITH_SPECIFIED_SOURCE('','',#4300,.NOT_KNOWN.);
#4301=PRODUCT_DEFINITION('design','',#4355,#3391);
#4299=PRODUCT_DEFINITION_SHAPE('','',#4301);
#4356=SHAPE_DEFINITION_REPRESENTATION(#4299,#4292);
#4291=DRAUGHTING_MODEL('',(#4353),#4290);
#4357=(NAMED_UNIT(*)PLANE_ANGLE_UNIT()SI_UNIT($,.RADIAN.));
#4358=PLANE_ANGLE_MEASURE_WITH_UNIT(PLANE_ANGLE_MEASURE(0.0174532925),#4357);
#4359=(CONVERSION_BASED_UNIT('DEGREE',#4358)NAMED_UNIT(#4360)PLANE_ANGLE_UNIT());
#4360=DIMENSIONAL_EXPONENTS(0.,0.,0.,0.,0.,0.,0.);
#4361=(NAMED_UNIT(*)SI_UNIT($,.STERADIAN.)SOLID_ANGLE_UNIT());
#4362=(LENGTH_UNIT()NAMED_UNIT(*)SI_UNIT(.MILLI.,.METRE.));
#4363=UNCERTAINTY_MEASURE_WITH_UNIT(LENGTH_MEASURE(1.000000E-03),#4362,'DISTANCE_ACCURACY_VALUE','Maximum Tolerance applied to model');
#4364=(GEOMETRIC_REPRESENTATION_CONTEXT(3)GLOBAL_UNCERTAINTY_ASSIGNED_CONTEXT((#4363))GLOBAL_UNIT_ASSIGNED_CONTEXT((#4362,#4359,#4361))REPRESENTATION_CONTEXT('','R10~R0603~R0603~QmFs'));
#4376=CARTESIAN_POINT('',(0.,0.,0.));
#4377=DIRECTION('',(0.,0.,1.));
#4378=DIRECTION('',(1.,0.,-0.));
#4379=AXIS2_PLACEMENT_3D('',#4376,#4377,#4378);
#4380=ITEM_DEFINED_TRANSFORMATION('','',#4379,#15);
#4381=(REPRESENTATION_RELATIONSHIP('','',#4366,#3335)REPRESENTATION_RELATIONSHIP_WITH_TRANSFORMATION(#4380)SHAPE_REPRESENTATION_RELATIONSHIP());
#4382=NEXT_ASSEMBLY_USAGE_OCCURRENCE('R10~R0603~R0603~QmFs_29','R10~R0603~R0603~QmFs','R10~R0603~R0603~QmFs',#3344,#4375,$);
#4383=PRODUCT_DEFINITION_SHAPE('','',#4382);
#4384=CONTEXT_DEPENDENT_SHAPE_REPRESENTATION(#4381,#4383);
#4385=(NAMED_UNIT(*)PLANE_ANGLE_UNIT()SI_UNIT($,.RADIAN.));
#4386=PLANE_ANGLE_MEASURE_WITH_UNIT(PLANE_ANGLE_MEASURE(0.0174532925),#4385);
#4387=(CONVERSION_BASED_UNIT('DEGREE',#4386)NAMED_UNIT(#4388)PLANE_ANGLE_UNIT());
#4388=DIMENSIONAL_EXPONENTS(0.,0.,0.,0.,0.,0.,0.);
#4389=(NAMED_UNIT(*)SI_UNIT($,.STERADIAN.)SOLID_ANGLE_UNIT());
#4390=(LENGTH_UNIT()NAMED_UNIT(*)SI_UNIT(.MILLI.,.METRE.));
#4391=UNCERTAINTY_MEASURE_WITH_UNIT(LENGTH_MEASURE(1.000000E-03),#4390,'DISTANCE_ACCURACY_VALUE','Maximum Tolerance applied to model');
#4392=(GEOMETRIC_REPRESENTATION_CONTEXT(3)GLOBAL_UNCERTAINTY_ASSIGNED_CONTEXT((#4391))GLOBAL_UNIT_ASSIGNED_CONTEXT((#4390,#4387,#4389))REPRESENTATION_CONTEXT('','R0603~R0603~QmFs'));
#4404=CARTESIAN_POINT('',(0.,0.,0.));
#4405=DIRECTION('',(0.,0.,1.));
#4406=DIRECTION('',(1.,0.,-0.));
#4407=AXIS2_PLACEMENT_3D('',#4404,#4405,#4406);
#4408=ITEM_DEFINED_TRANSFORMATION('','',#4407,#15);
#4409=(REPRESENTATION_RELATIONSHIP('','',#4394,#4366)REPRESENTATION_RELATIONSHIP_WITH_TRANSFORMATION(#4408)SHAPE_REPRESENTATION_RELATIONSHIP());
#4410=NEXT_ASSEMBLY_USAGE_OCCURRENCE('R0603~R0603~QmFs_30','R0603~R0603~QmFs','R0603~R0603~QmFs',#4375,#4403,$);
#4411=PRODUCT_DEFINITION_SHAPE('','',#4410);
#4412=CONTEXT_DEPENDENT_SHAPE_REPRESENTATION(#4409,#4411);
#4394=SHAPE_REPRESENTATION('R0603~R0603~QmFs',(#15),#4392);
#4413=CARTESIAN_POINT('',(0.,0.,0.));
#4414=DIRECTION('',(0.,0.,1.));
#4415=DIRECTION('',(1.,0.,0.));
#4416=AXIS2_PLACEMENT_3D('',#4413,#4414,#4415);
#4418=MAPPED_ITEM('',#4417,#4416);
#4417=REPRESENTATION_MAP(#4416,#4394);
#4402=PRODUCT('R0603~R0603~QmFs','R0603~R0603~QmFs','',(#3390));
#4419=PRODUCT_RELATED_PRODUCT_CATEGORY('part','',(#4402));
#4420=PRODUCT_DEFINITION_FORMATION_WITH_SPECIFIED_SOURCE('','',#4402,.NOT_KNOWN.);
#4403=PRODUCT_DEFINITION('design','',#4420,#3391);
#4401=PRODUCT_DEFINITION_SHAPE('','',#4403);
#4421=SHAPE_DEFINITION_REPRESENTATION(#4401,#4394);
#4393=DRAUGHTING_MODEL('',(#4418),#4392);
#4366=SHAPE_REPRESENTATION('R10~R0603~R0603~QmFs',(#15,#4407),#4364);
#4422=CARTESIAN_POINT('',(0.,0.,0.));
#4423=DIRECTION('',(0.,0.,1.));
#4424=DIRECTION('',(1.,0.,0.));
#4425=AXIS2_PLACEMENT_3D('',#4422,#4423,#4424);
#4427=MAPPED_ITEM('',#4426,#4425);
#4426=REPRESENTATION_MAP(#4425,#4366);
#4374=PRODUCT('R10~R0603~R0603~QmFs','R10~R0603~R0603~QmFs','',(#3390));
#4428=PRODUCT_RELATED_PRODUCT_CATEGORY('part','',(#4374));
#4429=PRODUCT_DEFINITION_FORMATION_WITH_SPECIFIED_SOURCE('','',#4374,.NOT_KNOWN.);
#4375=PRODUCT_DEFINITION('design','',#4429,#3391);
#4373=PRODUCT_DEFINITION_SHAPE('','',#4375);
#4430=SHAPE_DEFINITION_REPRESENTATION(#4373,#4366);
#4365=DRAUGHTING_MODEL('',(#4427),#4364);
#4431=(NAMED_UNIT(*)PLANE_ANGLE_UNIT()SI_UNIT($,.RADIAN.));
#4432=PLANE_ANGLE_MEASURE_WITH_UNIT(PLANE_ANGLE_MEASURE(0.0174532925),#4431);
#4433=(CONVERSION_BASED_UNIT('DEGREE',#4432)NAMED_UNIT(#4434)PLANE_ANGLE_UNIT());
#4434=DIMENSIONAL_EXPONENTS(0.,0.,0.,0.,0.,0.,0.);
#4435=(NAMED_UNIT(*)SI_UNIT($,.STERADIAN.)SOLID_ANGLE_UNIT());
#4436=(LENGTH_UNIT()NAMED_UNIT(*)SI_UNIT(.MILLI.,.METRE.));
#4437=UNCERTAINTY_MEASURE_WITH_UNIT(LENGTH_MEASURE(1.000000E-03),#4436,'DISTANCE_ACCURACY_VALUE','Maximum Tolerance applied to model');
#4438=(GEOMETRIC_REPRESENTATION_CONTEXT(3)GLOBAL_UNCERTAINTY_ASSIGNED_CONTEXT((#4437))GLOBAL_UNIT_ASSIGNED_CONTEXT((#4436,#4433,#4435))REPRESENTATION_CONTEXT('','R10~R0603~R0603~QmFs'));
#4450=CARTESIAN_POINT('',(0.,0.,0.));
#4451=DIRECTION('',(0.,0.,1.));
#4452=DIRECTION('',(1.,0.,-0.));
#4453=AXIS2_PLACEMENT_3D('',#4450,#4451,#4452);
#4454=ITEM_DEFINED_TRANSFORMATION('','',#4453,#15);
#4455=(REPRESENTATION_RELATIONSHIP('','',#4440,#3335)REPRESENTATION_RELATIONSHIP_WITH_TRANSFORMATION(#4454)SHAPE_REPRESENTATION_RELATIONSHIP());
#4456=NEXT_ASSEMBLY_USAGE_OCCURRENCE('R10~R0603~R0603~QmFs_31','R10~R0603~R0603~QmFs','R10~R0603~R0603~QmFs',#3344,#4449,$);
#4457=PRODUCT_DEFINITION_SHAPE('','',#4456);
#4458=CONTEXT_DEPENDENT_SHAPE_REPRESENTATION(#4455,#4457);
#4459=(NAMED_UNIT(*)PLANE_ANGLE_UNIT()SI_UNIT($,.RADIAN.));
#4460=PLANE_ANGLE_MEASURE_WITH_UNIT(PLANE_ANGLE_MEASURE(0.0174532925),#4459);
#4461=(CONVERSION_BASED_UNIT('DEGREE',#4460)NAMED_UNIT(#4462)PLANE_ANGLE_UNIT());
#4462=DIMENSIONAL_EXPONENTS(0.,0.,0.,0.,0.,0.,0.);
#4463=(NAMED_UNIT(*)SI_UNIT($,.STERADIAN.)SOLID_ANGLE_UNIT());
#4464=(LENGTH_UNIT()NAMED_UNIT(*)SI_UNIT(.MILLI.,.METRE.));
#4465=UNCERTAINTY_MEASURE_WITH_UNIT(LENGTH_MEASURE(1.000000E-03),#4464,'DISTANCE_ACCURACY_VALUE','Maximum Tolerance applied to model');
#4466=(GEOMETRIC_REPRESENTATION_CONTEXT(3)GLOBAL_UNCERTAINTY_ASSIGNED_CONTEXT((#4465))GLOBAL_UNIT_ASSIGNED_CONTEXT((#4464,#4461,#4463))REPRESENTATION_CONTEXT('','R0603~R0603~QmFs'));
#4478=CARTESIAN_POINT('',(0.,0.,0.));
#4479=DIRECTION('',(0.,0.,1.));
#4480=DIRECTION('',(1.,0.,-0.));
#4481=AXIS2_PLACEMENT_3D('',#4478,#4479,#4480);
#4482=ITEM_DEFINED_TRANSFORMATION('','',#4481,#15);
#4483=(REPRESENTATION_RELATIONSHIP('','',#4468,#4440)REPRESENTATION_RELATIONSHIP_WITH_TRANSFORMATION(#4482)SHAPE_REPRESENTATION_RELATIONSHIP());
#4484=NEXT_ASSEMBLY_USAGE_OCCURRENCE('R0603~R0603~QmFs_32','R0603~R0603~QmFs','R0603~R0603~QmFs',#4449,#4477,$);
#4485=PRODUCT_DEFINITION_SHAPE('','',#4484);
#4486=CONTEXT_DEPENDENT_SHAPE_REPRESENTATION(#4483,#4485);
#4468=SHAPE_REPRESENTATION('R0603~R0603~QmFs',(#15),#4466);
#4487=CARTESIAN_POINT('',(0.,0.,0.));
#4488=DIRECTION('',(0.,0.,1.));
#4489=DIRECTION('',(1.,0.,0.));
#4490=AXIS2_PLACEMENT_3D('',#4487,#4488,#4489);
#4492=MAPPED_ITEM('',#4491,#4490);
#4491=REPRESENTATION_MAP(#4490,#4468);
#4476=PRODUCT('R0603~R0603~QmFs','R0603~R0603~QmFs','',(#3390));
#4493=PRODUCT_RELATED_PRODUCT_CATEGORY('part','',(#4476));
#4494=PRODUCT_DEFINITION_FORMATION_WITH_SPECIFIED_SOURCE('','',#4476,.NOT_KNOWN.);
#4477=PRODUCT_DEFINITION('design','',#4494,#3391);
#4475=PRODUCT_DEFINITION_SHAPE('','',#4477);
#4495=SHAPE_DEFINITION_REPRESENTATION(#4475,#4468);
#4467=DRAUGHTING_MODEL('',(#4492),#4466);
#4440=SHAPE_REPRESENTATION('R10~R0603~R0603~QmFs',(#15,#4481),#4438);
#4496=CARTESIAN_POINT('',(0.,0.,0.));
#4497=DIRECTION('',(0.,0.,1.));
#4498=DIRECTION('',(1.,0.,0.));
#4499=AXIS2_PLACEMENT_3D('',#4496,#4497,#4498);
#4501=MAPPED_ITEM('',#4500,#4499);
#4500=REPRESENTATION_MAP(#4499,#4440);
#4448=PRODUCT('R10~R0603~R0603~QmFs','R10~R0603~R0603~QmFs','',(#3390));
#4502=PRODUCT_RELATED_PRODUCT_CATEGORY('part','',(#4448));
#4503=PRODUCT_DEFINITION_FORMATION_WITH_SPECIFIED_SOURCE('','',#4448,.NOT_KNOWN.);
#4449=PRODUCT_DEFINITION('design','',#4503,#3391);
#4447=PRODUCT_DEFINITION_SHAPE('','',#4449);
#4504=SHAPE_DEFINITION_REPRESENTATION(#4447,#4440);
#4439=DRAUGHTING_MODEL('',(#4501),#4438);
#4505=(NAMED_UNIT(*)PLANE_ANGLE_UNIT()SI_UNIT($,.RADIAN.));
#4506=PLANE_ANGLE_MEASURE_WITH_UNIT(PLANE_ANGLE_MEASURE(0.0174532925),#4505);
#4507=(CONVERSION_BASED_UNIT('DEGREE',#4506)NAMED_UNIT(#4508)PLANE_ANGLE_UNIT());
#4508=DIMENSIONAL_EXPONENTS(0.,0.,0.,0.,0.,0.,0.);
#4509=(NAMED_UNIT(*)SI_UNIT($,.STERADIAN.)SOLID_ANGLE_UNIT());
#4510=(LENGTH_UNIT()NAMED_UNIT(*)SI_UNIT(.MILLI.,.METRE.));
#4511=UNCERTAINTY_MEASURE_WITH_UNIT(LENGTH_MEASURE(1.000000E-03),#4510,'DISTANCE_ACCURACY_VALUE','Maximum Tolerance applied to model');
#4512=(GEOMETRIC_REPRESENTATION_CONTEXT(3)GLOBAL_UNCERTAINTY_ASSIGNED_CONTEXT((#4511))GLOBAL_UNIT_ASSIGNED_CONTEXT((#4510,#4507,#4509))REPRESENTATION_CONTEXT('','R10~R0603~R0603~QmFs'));
#4524=CARTESIAN_POINT('',(0.,0.,0.));
#4525=DIRECTION('',(0.,0.,1.));
#4526=DIRECTION('',(1.,0.,-0.));
#4527=AXIS2_PLACEMENT_3D('',#4524,#4525,#4526);
#4528=ITEM_DEFINED_TRANSFORMATION('','',#4527,#15);
#4529=(REPRESENTATION_RELATIONSHIP('','',#4514,#3335)REPRESENTATION_RELATIONSHIP_WITH_TRANSFORMATION(#4528)SHAPE_REPRESENTATION_RELATIONSHIP());
#4530=NEXT_ASSEMBLY_USAGE_OCCURRENCE('R10~R0603~R0603~QmFs_33','R10~R0603~R0603~QmFs','R10~R0603~R0603~QmFs',#3344,#4523,$);
#4531=PRODUCT_DEFINITION_SHAPE('','',#4530);
#4532=CONTEXT_DEPENDENT_SHAPE_REPRESENTATION(#4529,#4531);
#4533=(NAMED_UNIT(*)PLANE_ANGLE_UNIT()SI_UNIT($,.RADIAN.));
#4534=PLANE_ANGLE_MEASURE_WITH_UNIT(PLANE_ANGLE_MEASURE(0.0174532925),#4533);
#4535=(CONVERSION_BASED_UNIT('DEGREE',#4534)NAMED_UNIT(#4536)PLANE_ANGLE_UNIT());
#4536=DIMENSIONAL_EXPONENTS(0.,0.,0.,0.,0.,0.,0.);
#4537=(NAMED_UNIT(*)SI_UNIT($,.STERADIAN.)SOLID_ANGLE_UNIT());
#4538=(LENGTH_UNIT()NAMED_UNIT(*)SI_UNIT(.MILLI.,.METRE.));
#4539=UNCERTAINTY_MEASURE_WITH_UNIT(LENGTH_MEASURE(1.000000E-03),#4538,'DISTANCE_ACCURACY_VALUE','Maximum Tolerance applied to model');
#4540=(GEOMETRIC_REPRESENTATION_CONTEXT(3)GLOBAL_UNCERTAINTY_ASSIGNED_CONTEXT((#4539))GLOBAL_UNIT_ASSIGNED_CONTEXT((#4538,#4535,#4537))REPRESENTATION_CONTEXT('','R0603~R0603~QmFs'));
#4552=CARTESIAN_POINT('',(0.,0.,0.));
#4553=DIRECTION('',(0.,0.,1.));
#4554=DIRECTION('',(1.,0.,-0.));
#4555=AXIS2_PLACEMENT_3D('',#4552,#4553,#4554);
#4556=ITEM_DEFINED_TRANSFORMATION('','',#4555,#15);
#4557=(REPRESENTATION_RELATIONSHIP('','',#4542,#4514)REPRESENTATION_RELATIONSHIP_WITH_TRANSFORMATION(#4556)SHAPE_REPRESENTATION_RELATIONSHIP());
#4558=NEXT_ASSEMBLY_USAGE_OCCURRENCE('R0603~R0603~QmFs_34','R0603~R0603~QmFs','R0603~R0603~QmFs',#4523,#4551,$);
#4559=PRODUCT_DEFINITION_SHAPE('','',#4558);
#4560=CONTEXT_DEPENDENT_SHAPE_REPRESENTATION(#4557,#4559);
#4542=SHAPE_REPRESENTATION('R0603~R0603~QmFs',(#15),#4540);
#4561=CARTESIAN_POINT('',(0.,0.,0.));
#4562=DIRECTION('',(0.,0.,1.));
#4563=DIRECTION('',(1.,0.,0.));
#4564=AXIS2_PLACEMENT_3D('',#4561,#4562,#4563);
#4566=MAPPED_ITEM('',#4565,#4564);
#4565=REPRESENTATION_MAP(#4564,#4542);
#4550=PRODUCT('R0603~R0603~QmFs','R0603~R0603~QmFs','',(#3390));
#4567=PRODUCT_RELATED_PRODUCT_CATEGORY('part','',(#4550));
#4568=PRODUCT_DEFINITION_FORMATION_WITH_SPECIFIED_SOURCE('','',#4550,.NOT_KNOWN.);
#4551=PRODUCT_DEFINITION('design','',#4568,#3391);
#4549=PRODUCT_DEFINITION_SHAPE('','',#4551);
#4569=SHAPE_DEFINITION_REPRESENTATION(#4549,#4542);
#4541=DRAUGHTING_MODEL('',(#4566),#4540);
#4514=SHAPE_REPRESENTATION('R10~R0603~R0603~QmFs',(#15,#4555),#4512);
#4570=CARTESIAN_POINT('',(0.,0.,0.));
#4571=DIRECTION('',(0.,0.,1.));
#4572=DIRECTION('',(1.,0.,0.));
#4573=AXIS2_PLACEMENT_3D('',#4570,#4571,#4572);
#4575=MAPPED_ITEM('',#4574,#4573);
#4574=REPRESENTATION_MAP(#4573,#4514);
#4522=PRODUCT('R10~R0603~R0603~QmFs','R10~R0603~R0603~QmFs','',(#3390));
#4576=PRODUCT_RELATED_PRODUCT_CATEGORY('part','',(#4522));
#4577=PRODUCT_DEFINITION_FORMATION_WITH_SPECIFIED_SOURCE('','',#4522,.NOT_KNOWN.);
#4523=PRODUCT_DEFINITION('design','',#4577,#3391);
#4521=PRODUCT_DEFINITION_SHAPE('','',#4523);
#4578=SHAPE_DEFINITION_REPRESENTATION(#4521,#4514);
#4513=DRAUGHTING_MODEL('',(#4575),#4512);
#4579=(NAMED_UNIT(*)PLANE_ANGLE_UNIT()SI_UNIT($,.RADIAN.));
#4580=PLANE_ANGLE_MEASURE_WITH_UNIT(PLANE_ANGLE_MEASURE(0.0174532925),#4579);
#4581=(CONVERSION_BASED_UNIT('DEGREE',#4580)NAMED_UNIT(#4582)PLANE_ANGLE_UNIT());
#4582=DIMENSIONAL_EXPONENTS(0.,0.,0.,0.,0.,0.,0.);
#4583=(NAMED_UNIT(*)SI_UNIT($,.STERADIAN.)SOLID_ANGLE_UNIT());
#4584=(LENGTH_UNIT()NAMED_UNIT(*)SI_UNIT(.MILLI.,.METRE.));
#4585=UNCERTAINTY_MEASURE_WITH_UNIT(LENGTH_MEASURE(1.000000E-03),#4584,'DISTANCE_ACCURACY_VALUE','Maximum Tolerance applied to model');
#4586=(GEOMETRIC_REPRESENTATION_CONTEXT(3)GLOBAL_UNCERTAINTY_ASSIGNED_CONTEXT((#4585))GLOBAL_UNIT_ASSIGNED_CONTEXT((#4584,#4581,#4583))REPRESENTATION_CONTEXT('','R10~R0603~R0603~QmFs'));
#4598=CARTESIAN_POINT('',(0.,0.,0.));
#4599=DIRECTION('',(0.,0.,1.));
#4600=DIRECTION('',(1.,0.,-0.));
#4601=AXIS2_PLACEMENT_3D('',#4598,#4599,#4600);
#4602=ITEM_DEFINED_TRANSFORMATION('','',#4601,#15);
#4603=(REPRESENTATION_RELATIONSHIP('','',#4588,#3335)REPRESENTATION_RELATIONSHIP_WITH_TRANSFORMATION(#4602)SHAPE_REPRESENTATION_RELATIONSHIP());
#4604=NEXT_ASSEMBLY_USAGE_OCCURRENCE('R10~R0603~R0603~QmFs_35','R10~R0603~R0603~QmFs','R10~R0603~R0603~QmFs',#3344,#4597,$);
#4605=PRODUCT_DEFINITION_SHAPE('','',#4604);
#4606=CONTEXT_DEPENDENT_SHAPE_REPRESENTATION(#4603,#4605);
#4607=(NAMED_UNIT(*)PLANE_ANGLE_UNIT()SI_UNIT($,.RADIAN.));
#4608=PLANE_ANGLE_MEASURE_WITH_UNIT(PLANE_ANGLE_MEASURE(0.0174532925),#4607);
#4609=(CONVERSION_BASED_UNIT('DEGREE',#4608)NAMED_UNIT(#4610)PLANE_ANGLE_UNIT());
#4610=DIMENSIONAL_EXPONENTS(0.,0.,0.,0.,0.,0.,0.);
#4611=(NAMED_UNIT(*)SI_UNIT($,.STERADIAN.)SOLID_ANGLE_UNIT());
#4612=(LENGTH_UNIT()NAMED_UNIT(*)SI_UNIT(.MILLI.,.METRE.));
#4613=UNCERTAINTY_MEASURE_WITH_UNIT(LENGTH_MEASURE(1.000000E-03),#4612,'DISTANCE_ACCURACY_VALUE','Maximum Tolerance applied to model');
#4614=(GEOMETRIC_REPRESENTATION_CONTEXT(3)GLOBAL_UNCERTAINTY_ASSIGNED_CONTEXT((#4613))GLOBAL_UNIT_ASSIGNED_CONTEXT((#4612,#4609,#4611))REPRESENTATION_CONTEXT('','R0603~R0603~QmFs'));
#4626=CARTESIAN_POINT('',(0.,0.,0.));
#4627=DIRECTION('',(0.,0.,1.));
#4628=DIRECTION('',(1.,0.,-0.));
#4629=AXIS2_PLACEMENT_3D('',#4626,#4627,#4628);
#4630=ITEM_DEFINED_TRANSFORMATION('','',#4629,#15);
#4631=(REPRESENTATION_RELATIONSHIP('','',#4616,#4588)REPRESENTATION_RELATIONSHIP_WITH_TRANSFORMATION(#4630)SHAPE_REPRESENTATION_RELATIONSHIP());
#4632=NEXT_ASSEMBLY_USAGE_OCCURRENCE('R0603~R0603~QmFs_36','R0603~R0603~QmFs','R0603~R0603~QmFs',#4597,#4625,$);
#4633=PRODUCT_DEFINITION_SHAPE('','',#4632);
#4634=CONTEXT_DEPENDENT_SHAPE_REPRESENTATION(#4631,#4633);
#4616=SHAPE_REPRESENTATION('R0603~R0603~QmFs',(#15),#4614);
#4635=CARTESIAN_POINT('',(0.,0.,0.));
#4636=DIRECTION('',(0.,0.,1.));
#4637=DIRECTION('',(1.,0.,0.));
#4638=AXIS2_PLACEMENT_3D('',#4635,#4636,#4637);
#4640=MAPPED_ITEM('',#4639,#4638);
#4639=REPRESENTATION_MAP(#4638,#4616);
#4624=PRODUCT('R0603~R0603~QmFs','R0603~R0603~QmFs','',(#3390));
#4641=PRODUCT_RELATED_PRODUCT_CATEGORY('part','',(#4624));
#4642=PRODUCT_DEFINITION_FORMATION_WITH_SPECIFIED_SOURCE('','',#4624,.NOT_KNOWN.);
#4625=PRODUCT_DEFINITION('design','',#4642,#3391);
#4623=PRODUCT_DEFINITION_SHAPE('','',#4625);
#4643=SHAPE_DEFINITION_REPRESENTATION(#4623,#4616);
#4615=DRAUGHTING_MODEL('',(#4640),#4614);
#4588=SHAPE_REPRESENTATION('R10~R0603~R0603~QmFs',(#15,#4629),#4586);
#4644=CARTESIAN_POINT('',(0.,0.,0.));
#4645=DIRECTION('',(0.,0.,1.));
#4646=DIRECTION('',(1.,0.,0.));
#4647=AXIS2_PLACEMENT_3D('',#4644,#4645,#4646);
#4649=MAPPED_ITEM('',#4648,#4647);
#4648=REPRESENTATION_MAP(#4647,#4588);
#4596=PRODUCT('R10~R0603~R0603~QmFs','R10~R0603~R0603~QmFs','',(#3390));
#4650=PRODUCT_RELATED_PRODUCT_CATEGORY('part','',(#4596));
#4651=PRODUCT_DEFINITION_FORMATION_WITH_SPECIFIED_SOURCE('','',#4596,.NOT_KNOWN.);
#4597=PRODUCT_DEFINITION('design','',#4651,#3391);
#4595=PRODUCT_DEFINITION_SHAPE('','',#4597);
#4652=SHAPE_DEFINITION_REPRESENTATION(#4595,#4588);
#4587=DRAUGHTING_MODEL('',(#4649),#4586);
#4653=(NAMED_UNIT(*)PLANE_ANGLE_UNIT()SI_UNIT($,.RADIAN.));
#4654=PLANE_ANGLE_MEASURE_WITH_UNIT(PLANE_ANGLE_MEASURE(0.0174532925),#4653);
#4655=(CONVERSION_BASED_UNIT('DEGREE',#4654)NAMED_UNIT(#4656)PLANE_ANGLE_UNIT());
#4656=DIMENSIONAL_EXPONENTS(0.,0.,0.,0.,0.,0.,0.);
#4657=(NAMED_UNIT(*)SI_UNIT($,.STERADIAN.)SOLID_ANGLE_UNIT());
#4658=(LENGTH_UNIT()NAMED_UNIT(*)SI_UNIT(.MILLI.,.METRE.));
#4659=UNCERTAINTY_MEASURE_WITH_UNIT(LENGTH_MEASURE(1.000000E-03),#4658,'DISTANCE_ACCURACY_VALUE','Maximum Tolerance applied to model');
#4660=(GEOMETRIC_REPRESENTATION_CONTEXT(3)GLOBAL_UNCERTAINTY_ASSIGNED_CONTEXT((#4659))GLOBAL_UNIT_ASSIGNED_CONTEXT((#4658,#4655,#4657))REPRESENTATION_CONTEXT('','R10~R0603~R0603~QmFs'));
#4672=CARTESIAN_POINT('',(0.,0.,0.));
#4673=DIRECTION('',(0.,0.,1.));
#4674=DIRECTION('',(1.,0.,-0.));
#4675=AXIS2_PLACEMENT_3D('',#4672,#4673,#4674);
#4676=ITEM_DEFINED_TRANSFORMATION('','',#4675,#15);
#4677=(REPRESENTATION_RELATIONSHIP('','',#4662,#3335)REPRESENTATION_RELATIONSHIP_WITH_TRANSFORMATION(#4676)SHAPE_REPRESENTATION_RELATIONSHIP());
#4678=NEXT_ASSEMBLY_USAGE_OCCURRENCE('R10~R0603~R0603~QmFs_37','R10~R0603~R0603~QmFs','R10~R0603~R0603~QmFs',#3344,#4671,$);
#4679=PRODUCT_DEFINITION_SHAPE('','',#4678);
#4680=CONTEXT_DEPENDENT_SHAPE_REPRESENTATION(#4677,#4679);
#4681=(NAMED_UNIT(*)PLANE_ANGLE_UNIT()SI_UNIT($,.RADIAN.));
#4682=PLANE_ANGLE_MEASURE_WITH_UNIT(PLANE_ANGLE_MEASURE(0.0174532925),#4681);
#4683=(CONVERSION_BASED_UNIT('DEGREE',#4682)NAMED_UNIT(#4684)PLANE_ANGLE_UNIT());
#4684=DIMENSIONAL_EXPONENTS(0.,0.,0.,0.,0.,0.,0.);
#4685=(NAMED_UNIT(*)SI_UNIT($,.STERADIAN.)SOLID_ANGLE_UNIT());
#4686=(LENGTH_UNIT()NAMED_UNIT(*)SI_UNIT(.MILLI.,.METRE.));
#4687=UNCERTAINTY_MEASURE_WITH_UNIT(LENGTH_MEASURE(1.000000E-03),#4686,'DISTANCE_ACCURACY_VALUE','Maximum Tolerance applied to model');
#4688=(GEOMETRIC_REPRESENTATION_CONTEXT(3)GLOBAL_UNCERTAINTY_ASSIGNED_CONTEXT((#4687))GLOBAL_UNIT_ASSIGNED_CONTEXT((#4686,#4683,#4685))REPRESENTATION_CONTEXT('','R0603~R0603~QmFs'));
#4700=CARTESIAN_POINT('',(0.,0.,0.));
#4701=DIRECTION('',(0.,0.,1.));
#4702=DIRECTION('',(1.,0.,-0.));
#4703=AXIS2_PLACEMENT_3D('',#4700,#4701,#4702);
#4704=ITEM_DEFINED_TRANSFORMATION('','',#4703,#15);
#4705=(REPRESENTATION_RELATIONSHIP('','',#4690,#4662)REPRESENTATION_RELATIONSHIP_WITH_TRANSFORMATION(#4704)SHAPE_REPRESENTATION_RELATIONSHIP());
#4706=NEXT_ASSEMBLY_USAGE_OCCURRENCE('R0603~R0603~QmFs_38','R0603~R0603~QmFs','R0603~R0603~QmFs',#4671,#4699,$);
#4707=PRODUCT_DEFINITION_SHAPE('','',#4706);
#4708=CONTEXT_DEPENDENT_SHAPE_REPRESENTATION(#4705,#4707);
#4690=SHAPE_REPRESENTATION('R0603~R0603~QmFs',(#15),#4688);
#4709=CARTESIAN_POINT('',(0.,0.,0.));
#4710=DIRECTION('',(0.,0.,1.));
#4711=DIRECTION('',(1.,0.,0.));
#4712=AXIS2_PLACEMENT_3D('',#4709,#4710,#4711);
#4714=MAPPED_ITEM('',#4713,#4712);
#4713=REPRESENTATION_MAP(#4712,#4690);
#4698=PRODUCT('R0603~R0603~QmFs','R0603~R0603~QmFs','',(#3390));
#4715=PRODUCT_RELATED_PRODUCT_CATEGORY('part','',(#4698));
#4716=PRODUCT_DEFINITION_FORMATION_WITH_SPECIFIED_SOURCE('','',#4698,.NOT_KNOWN.);
#4699=PRODUCT_DEFINITION('design','',#4716,#3391);
#4697=PRODUCT_DEFINITION_SHAPE('','',#4699);
#4717=SHAPE_DEFINITION_REPRESENTATION(#4697,#4690);
#4689=DRAUGHTING_MODEL('',(#4714),#4688);
#4662=SHAPE_REPRESENTATION('R10~R0603~R0603~QmFs',(#15,#4703),#4660);
#4718=CARTESIAN_POINT('',(0.,0.,0.));
#4719=DIRECTION('',(0.,0.,1.));
#4720=DIRECTION('',(1.,0.,0.));
#4721=AXIS2_PLACEMENT_3D('',#4718,#4719,#4720);
#4723=MAPPED_ITEM('',#4722,#4721);
#4722=REPRESENTATION_MAP(#4721,#4662);
#4670=PRODUCT('R10~R0603~R0603~QmFs','R10~R0603~R0603~QmFs','',(#3390));
#4724=PRODUCT_RELATED_PRODUCT_CATEGORY('part','',(#4670));
#4725=PRODUCT_DEFINITION_FORMATION_WITH_SPECIFIED_SOURCE('','',#4670,.NOT_KNOWN.);
#4671=PRODUCT_DEFINITION('design','',#4725,#3391);
#4669=PRODUCT_DEFINITION_SHAPE('','',#4671);
#4726=SHAPE_DEFINITION_REPRESENTATION(#4669,#4662);
#4661=DRAUGHTING_MODEL('',(#4723),#4660);
#4727=(NAMED_UNIT(*)PLANE_ANGLE_UNIT()SI_UNIT($,.RADIAN.));
#4728=PLANE_ANGLE_MEASURE_WITH_UNIT(PLANE_ANGLE_MEASURE(0.0174532925),#4727);
#4729=(CONVERSION_BASED_UNIT('DEGREE',#4728)NAMED_UNIT(#4730)PLANE_ANGLE_UNIT());
#4730=DIMENSIONAL_EXPONENTS(0.,0.,0.,0.,0.,0.,0.);
#4731=(NAMED_UNIT(*)SI_UNIT($,.STERADIAN.)SOLID_ANGLE_UNIT());
#4732=(LENGTH_UNIT()NAMED_UNIT(*)SI_UNIT(.MILLI.,.METRE.));
#4733=UNCERTAINTY_MEASURE_WITH_UNIT(LENGTH_MEASURE(1.000000E-03),#4732,'DISTANCE_ACCURACY_VALUE','Maximum Tolerance applied to model');
#4734=(GEOMETRIC_REPRESENTATION_CONTEXT(3)GLOBAL_UNCERTAINTY_ASSIGNED_CONTEXT((#4733))GLOBAL_UNIT_ASSIGNED_CONTEXT((#4732,#4729,#4731))REPRESENTATION_CONTEXT('','R10~R0603~R0603~QmFs'));
#4746=CARTESIAN_POINT('',(0.,0.,0.));
#4747=DIRECTION('',(0.,0.,1.));
#4748=DIRECTION('',(1.,0.,-0.));
#4749=AXIS2_PLACEMENT_3D('',#4746,#4747,#4748);
#4750=ITEM_DEFINED_TRANSFORMATION('','',#4749,#15);
#4751=(REPRESENTATION_RELATIONSHIP('','',#4736,#3335)REPRESENTATION_RELATIONSHIP_WITH_TRANSFORMATION(#4750)SHAPE_REPRESENTATION_RELATIONSHIP());
#4752=NEXT_ASSEMBLY_USAGE_OCCURRENCE('R10~R0603~R0603~QmFs_39','R10~R0603~R0603~QmFs','R10~R0603~R0603~QmFs',#3344,#4745,$);
#4753=PRODUCT_DEFINITION_SHAPE('','',#4752);
#4754=CONTEXT_DEPENDENT_SHAPE_REPRESENTATION(#4751,#4753);
#4755=(NAMED_UNIT(*)PLANE_ANGLE_UNIT()SI_UNIT($,.RADIAN.));
#4756=PLANE_ANGLE_MEASURE_WITH_UNIT(PLANE_ANGLE_MEASURE(0.0174532925),#4755);
#4757=(CONVERSION_BASED_UNIT('DEGREE',#4756)NAMED_UNIT(#4758)PLANE_ANGLE_UNIT());
#4758=DIMENSIONAL_EXPONENTS(0.,0.,0.,0.,0.,0.,0.);
#4759=(NAMED_UNIT(*)SI_UNIT($,.STERADIAN.)SOLID_ANGLE_UNIT());
#4760=(LENGTH_UNIT()NAMED_UNIT(*)SI_UNIT(.MILLI.,.METRE.));
#4761=UNCERTAINTY_MEASURE_WITH_UNIT(LENGTH_MEASURE(1.000000E-03),#4760,'DISTANCE_ACCURACY_VALUE','Maximum Tolerance applied to model');
#4762=(GEOMETRIC_REPRESENTATION_CONTEXT(3)GLOBAL_UNCERTAINTY_ASSIGNED_CONTEXT((#4761))GLOBAL_UNIT_ASSIGNED_CONTEXT((#4760,#4757,#4759))REPRESENTATION_CONTEXT('','R0603~R0603~QmFs'));
#4774=CARTESIAN_POINT('',(0.,0.,0.));
#4775=DIRECTION('',(0.,0.,1.));
#4776=DIRECTION('',(1.,0.,-0.));
#4777=AXIS2_PLACEMENT_3D('',#4774,#4775,#4776);
#4778=ITEM_DEFINED_TRANSFORMATION('','',#4777,#15);
#4779=(REPRESENTATION_RELATIONSHIP('','',#4764,#4736)REPRESENTATION_RELATIONSHIP_WITH_TRANSFORMATION(#4778)SHAPE_REPRESENTATION_RELATIONSHIP());
#4780=NEXT_ASSEMBLY_USAGE_OCCURRENCE('R0603~R0603~QmFs_40','R0603~R0603~QmFs','R0603~R0603~QmFs',#4745,#4773,$);
#4781=PRODUCT_DEFINITION_SHAPE('','',#4780);
#4782=CONTEXT_DEPENDENT_SHAPE_REPRESENTATION(#4779,#4781);
#4764=SHAPE_REPRESENTATION('R0603~R0603~QmFs',(#15),#4762);
#4783=CARTESIAN_POINT('',(0.,0.,0.));
#4784=DIRECTION('',(0.,0.,1.));
#4785=DIRECTION('',(1.,0.,0.));
#4786=AXIS2_PLACEMENT_3D('',#4783,#4784,#4785);
#4788=MAPPED_ITEM('',#4787,#4786);
#4787=REPRESENTATION_MAP(#4786,#4764);
#4772=PRODUCT('R0603~R0603~QmFs','R0603~R0603~QmFs','',(#3390));
#4789=PRODUCT_RELATED_PRODUCT_CATEGORY('part','',(#4772));
#4790=PRODUCT_DEFINITION_FORMATION_WITH_SPECIFIED_SOURCE('','',#4772,.NOT_KNOWN.);
#4773=PRODUCT_DEFINITION('design','',#4790,#3391);
#4771=PRODUCT_DEFINITION_SHAPE('','',#4773);
#4791=SHAPE_DEFINITION_REPRESENTATION(#4771,#4764);
#4763=DRAUGHTING_MODEL('',(#4788),#4762);
#4736=SHAPE_REPRESENTATION('R10~R0603~R0603~QmFs',(#15,#4777),#4734);
#4792=CARTESIAN_POINT('',(0.,0.,0.));
#4793=DIRECTION('',(0.,0.,1.));
#4794=DIRECTION('',(1.,0.,0.));
#4795=AXIS2_PLACEMENT_3D('',#4792,#4793,#4794);
#4797=MAPPED_ITEM('',#4796,#4795);
#4796=REPRESENTATION_MAP(#4795,#4736);
#4744=PRODUCT('R10~R0603~R0603~QmFs','R10~R0603~R0603~QmFs','',(#3390));
#4798=PRODUCT_RELATED_PRODUCT_CATEGORY('part','',(#4744));
#4799=PRODUCT_DEFINITION_FORMATION_WITH_SPECIFIED_SOURCE('','',#4744,.NOT_KNOWN.);
#4745=PRODUCT_DEFINITION('design','',#4799,#3391);
#4743=PRODUCT_DEFINITION_SHAPE('','',#4745);
#4800=SHAPE_DEFINITION_REPRESENTATION(#4743,#4736);
#4735=DRAUGHTING_MODEL('',(#4797),#4734);
#4801=(NAMED_UNIT(*)PLANE_ANGLE_UNIT()SI_UNIT($,.RADIAN.));
#4802=PLANE_ANGLE_MEASURE_WITH_UNIT(PLANE_ANGLE_MEASURE(0.0174532925),#4801);
#4803=(CONVERSION_BASED_UNIT('DEGREE',#4802)NAMED_UNIT(#4804)PLANE_ANGLE_UNIT());
#4804=DIMENSIONAL_EXPONENTS(0.,0.,0.,0.,0.,0.,0.);
#4805=(NAMED_UNIT(*)SI_UNIT($,.STERADIAN.)SOLID_ANGLE_UNIT());
#4806=(LENGTH_UNIT()NAMED_UNIT(*)SI_UNIT(.MILLI.,.METRE.));
#4807=UNCERTAINTY_MEASURE_WITH_UNIT(LENGTH_MEASURE(1.000000E-03),#4806,'DISTANCE_ACCURACY_VALUE','Maximum Tolerance applied to model');
#4808=(GEOMETRIC_REPRESENTATION_CONTEXT(3)GLOBAL_UNCERTAINTY_ASSIGNED_CONTEXT((#4807))GLOBAL_UNIT_ASSIGNED_CONTEXT((#4806,#4803,#4805))REPRESENTATION_CONTEXT('','R10~R0603~R0603~QmFs'));
#4820=CARTESIAN_POINT('',(0.,0.,0.));
#4821=DIRECTION('',(0.,0.,1.));
#4822=DIRECTION('',(1.,0.,-0.));
#4823=AXIS2_PLACEMENT_3D('',#4820,#4821,#4822);
#4824=ITEM_DEFINED_TRANSFORMATION('','',#4823,#15);
#4825=(REPRESENTATION_RELATIONSHIP('','',#4810,#3335)REPRESENTATION_RELATIONSHIP_WITH_TRANSFORMATION(#4824)SHAPE_REPRESENTATION_RELATIONSHIP());
#4826=NEXT_ASSEMBLY_USAGE_OCCURRENCE('R10~R0603~R0603~QmFs_41','R10~R0603~R0603~QmFs','R10~R0603~R0603~QmFs',#3344,#4819,$);
#4827=PRODUCT_DEFINITION_SHAPE('','',#4826);
#4828=CONTEXT_DEPENDENT_SHAPE_REPRESENTATION(#4825,#4827);
#4829=(NAMED_UNIT(*)PLANE_ANGLE_UNIT()SI_UNIT($,.RADIAN.));
#4830=PLANE_ANGLE_MEASURE_WITH_UNIT(PLANE_ANGLE_MEASURE(0.0174532925),#4829);
#4831=(CONVERSION_BASED_UNIT('DEGREE',#4830)NAMED_UNIT(#4832)PLANE_ANGLE_UNIT());
#4832=DIMENSIONAL_EXPONENTS(0.,0.,0.,0.,0.,0.,0.);
#4833=(NAMED_UNIT(*)SI_UNIT($,.STERADIAN.)SOLID_ANGLE_UNIT());
#4834=(LENGTH_UNIT()NAMED_UNIT(*)SI_UNIT(.MILLI.,.METRE.));
#4835=UNCERTAINTY_MEASURE_WITH_UNIT(LENGTH_MEASURE(1.000000E-03),#4834,'DISTANCE_ACCURACY_VALUE','Maximum Tolerance applied to model');
#4836=(GEOMETRIC_REPRESENTATION_CONTEXT(3)GLOBAL_UNCERTAINTY_ASSIGNED_CONTEXT((#4835))GLOBAL_UNIT_ASSIGNED_CONTEXT((#4834,#4831,#4833))REPRESENTATION_CONTEXT('','R0603~R0603~QmFs'));
#4848=CARTESIAN_POINT('',(0.,0.,0.));
#4849=DIRECTION('',(0.,0.,1.));
#4850=DIRECTION('',(1.,0.,-0.));
#4851=AXIS2_PLACEMENT_3D('',#4848,#4849,#4850);
#4852=ITEM_DEFINED_TRANSFORMATION('','',#4851,#15);
#4853=(REPRESENTATION_RELATIONSHIP('','',#4838,#4810)REPRESENTATION_RELATIONSHIP_WITH_TRANSFORMATION(#4852)SHAPE_REPRESENTATION_RELATIONSHIP());
#4854=NEXT_ASSEMBLY_USAGE_OCCURRENCE('R0603~R0603~QmFs_42','R0603~R0603~QmFs','R0603~R0603~QmFs',#4819,#4847,$);
#4855=PRODUCT_DEFINITION_SHAPE('','',#4854);
#4856=CONTEXT_DEPENDENT_SHAPE_REPRESENTATION(#4853,#4855);
#4838=SHAPE_REPRESENTATION('R0603~R0603~QmFs',(#15),#4836);
#4857=CARTESIAN_POINT('',(0.,0.,0.));
#4858=DIRECTION('',(0.,0.,1.));
#4859=DIRECTION('',(1.,0.,0.));
#4860=AXIS2_PLACEMENT_3D('',#4857,#4858,#4859);
#4862=MAPPED_ITEM('',#4861,#4860);
#4861=REPRESENTATION_MAP(#4860,#4838);
#4846=PRODUCT('R0603~R0603~QmFs','R0603~R0603~QmFs','',(#3390));
#4863=PRODUCT_RELATED_PRODUCT_CATEGORY('part','',(#4846));
#4864=PRODUCT_DEFINITION_FORMATION_WITH_SPECIFIED_SOURCE('','',#4846,.NOT_KNOWN.);
#4847=PRODUCT_DEFINITION('design','',#4864,#3391);
#4845=PRODUCT_DEFINITION_SHAPE('','',#4847);
#4865=SHAPE_DEFINITION_REPRESENTATION(#4845,#4838);
#4837=DRAUGHTING_MODEL('',(#4862),#4836);
#4810=SHAPE_REPRESENTATION('R10~R0603~R0603~QmFs',(#15,#4851),#4808);
#4866=CARTESIAN_POINT('',(0.,0.,0.));
#4867=DIRECTION('',(0.,0.,1.));
#4868=DIRECTION('',(1.,0.,0.));
#4869=AXIS2_PLACEMENT_3D('',#4866,#4867,#4868);
#4871=MAPPED_ITEM('',#4870,#4869);
#4870=REPRESENTATION_MAP(#4869,#4810);
#4818=PRODUCT('R10~R0603~R0603~QmFs','R10~R0603~R0603~QmFs','',(#3390));
#4872=PRODUCT_RELATED_PRODUCT_CATEGORY('part','',(#4818));
#4873=PRODUCT_DEFINITION_FORMATION_WITH_SPECIFIED_SOURCE('','',#4818,.NOT_KNOWN.);
#4819=PRODUCT_DEFINITION('design','',#4873,#3391);
#4817=PRODUCT_DEFINITION_SHAPE('','',#4819);
#4874=SHAPE_DEFINITION_REPRESENTATION(#4817,#4810);
#4809=DRAUGHTING_MODEL('',(#4871),#4808);
#4875=(NAMED_UNIT(*)PLANE_ANGLE_UNIT()SI_UNIT($,.RADIAN.));
#4876=PLANE_ANGLE_MEASURE_WITH_UNIT(PLANE_ANGLE_MEASURE(0.0174532925),#4875);
#4877=(CONVERSION_BASED_UNIT('DEGREE',#4876)NAMED_UNIT(#4878)PLANE_ANGLE_UNIT());
#4878=DIMENSIONAL_EXPONENTS(0.,0.,0.,0.,0.,0.,0.);
#4879=(NAMED_UNIT(*)SI_UNIT($,.STERADIAN.)SOLID_ANGLE_UNIT());
#4880=(LENGTH_UNIT()NAMED_UNIT(*)SI_UNIT(.MILLI.,.METRE.));
#4881=UNCERTAINTY_MEASURE_WITH_UNIT(LENGTH_MEASURE(1.000000E-03),#4880,'DISTANCE_ACCURACY_VALUE','Maximum Tolerance applied to model');
#4882=(GEOMETRIC_REPRESENTATION_CONTEXT(3)GLOBAL_UNCERTAINTY_ASSIGNED_CONTEXT((#4881))GLOBAL_UNIT_ASSIGNED_CONTEXT((#4880,#4877,#4879))REPRESENTATION_CONTEXT('','R10~R0603~R0603~QmFs'));
#4894=CARTESIAN_POINT('',(0.,0.,0.));
#4895=DIRECTION('',(0.,0.,1.));
#4896=DIRECTION('',(1.,0.,-0.));
#4897=AXIS2_PLACEMENT_3D('',#4894,#4895,#4896);
#4898=ITEM_DEFINED_TRANSFORMATION('','',#4897,#15);
#4899=(REPRESENTATION_RELATIONSHIP('','',#4884,#3335)REPRESENTATION_RELATIONSHIP_WITH_TRANSFORMATION(#4898)SHAPE_REPRESENTATION_RELATIONSHIP());
#4900=NEXT_ASSEMBLY_USAGE_OCCURRENCE('R10~R0603~R0603~QmFs_43','R10~R0603~R0603~QmFs','R10~R0603~R0603~QmFs',#3344,#4893,$);
#4901=PRODUCT_DEFINITION_SHAPE('','',#4900);
#4902=CONTEXT_DEPENDENT_SHAPE_REPRESENTATION(#4899,#4901);
#4903=(NAMED_UNIT(*)PLANE_ANGLE_UNIT()SI_UNIT($,.RADIAN.));
#4904=PLANE_ANGLE_MEASURE_WITH_UNIT(PLANE_ANGLE_MEASURE(0.0174532925),#4903);
#4905=(CONVERSION_BASED_UNIT('DEGREE',#4904)NAMED_UNIT(#4906)PLANE_ANGLE_UNIT());
#4906=DIMENSIONAL_EXPONENTS(0.,0.,0.,0.,0.,0.,0.);
#4907=(NAMED_UNIT(*)SI_UNIT($,.STERADIAN.)SOLID_ANGLE_UNIT());
#4908=(LENGTH_UNIT()NAMED_UNIT(*)SI_UNIT(.MILLI.,.METRE.));
#4909=UNCERTAINTY_MEASURE_WITH_UNIT(LENGTH_MEASURE(1.000000E-03),#4908,'DISTANCE_ACCURACY_VALUE','Maximum Tolerance applied to model');
#4910=(GEOMETRIC_REPRESENTATION_CONTEXT(3)GLOBAL_UNCERTAINTY_ASSIGNED_CONTEXT((#4909))GLOBAL_UNIT_ASSIGNED_CONTEXT((#4908,#4905,#4907))REPRESENTATION_CONTEXT('','R0603~R0603~QmFs'));
#4922=CARTESIAN_POINT('',(0.,0.,0.));
#4923=DIRECTION('',(0.,0.,1.));
#4924=DIRECTION('',(1.,0.,-0.));
#4925=AXIS2_PLACEMENT_3D('',#4922,#4923,#4924);
#4926=ITEM_DEFINED_TRANSFORMATION('','',#4925,#15);
#4927=(REPRESENTATION_RELATIONSHIP('','',#4912,#4884)REPRESENTATION_RELATIONSHIP_WITH_TRANSFORMATION(#4926)SHAPE_REPRESENTATION_RELATIONSHIP());
#4928=NEXT_ASSEMBLY_USAGE_OCCURRENCE('R0603~R0603~QmFs_44','R0603~R0603~QmFs','R0603~R0603~QmFs',#4893,#4921,$);
#4929=PRODUCT_DEFINITION_SHAPE('','',#4928);
#4930=CONTEXT_DEPENDENT_SHAPE_REPRESENTATION(#4927,#4929);
#4912=SHAPE_REPRESENTATION('R0603~R0603~QmFs',(#15),#4910);
#4931=CARTESIAN_POINT('',(0.,0.,0.));
#4932=DIRECTION('',(0.,0.,1.));
#4933=DIRECTION('',(1.,0.,0.));
#4934=AXIS2_PLACEMENT_3D('',#4931,#4932,#4933);
#4936=MAPPED_ITEM('',#4935,#4934);
#4935=REPRESENTATION_MAP(#4934,#4912);
#4920=PRODUCT('R0603~R0603~QmFs','R0603~R0603~QmFs','',(#3390));
#4937=PRODUCT_RELATED_PRODUCT_CATEGORY('part','',(#4920));
#4938=PRODUCT_DEFINITION_FORMATION_WITH_SPECIFIED_SOURCE('','',#4920,.NOT_KNOWN.);
#4921=PRODUCT_DEFINITION('design','',#4938,#3391);
#4919=PRODUCT_DEFINITION_SHAPE('','',#4921);
#4939=SHAPE_DEFINITION_REPRESENTATION(#4919,#4912);
#4911=DRAUGHTING_MODEL('',(#4936),#4910);
#4884=SHAPE_REPRESENTATION('R10~R0603~R0603~QmFs',(#15,#4925),#4882);
#4940=CARTESIAN_POINT('',(0.,0.,0.));
#4941=DIRECTION('',(0.,0.,1.));
#4942=DIRECTION('',(1.,0.,0.));
#4943=AXIS2_PLACEMENT_3D('',#4940,#4941,#4942);
#4945=MAPPED_ITEM('',#4944,#4943);
#4944=REPRESENTATION_MAP(#4943,#4884);
#4892=PRODUCT('R10~R0603~R0603~QmFs','R10~R0603~R0603~QmFs','',(#3390));
#4946=PRODUCT_RELATED_PRODUCT_CATEGORY('part','',(#4892));
#4947=PRODUCT_DEFINITION_FORMATION_WITH_SPECIFIED_SOURCE('','',#4892,.NOT_KNOWN.);
#4893=PRODUCT_DEFINITION('design','',#4947,#3391);
#4891=PRODUCT_DEFINITION_SHAPE('','',#4893);
#4948=SHAPE_DEFINITION_REPRESENTATION(#4891,#4884);
#4883=DRAUGHTING_MODEL('',(#4945),#4882);
#4949=(NAMED_UNIT(*)PLANE_ANGLE_UNIT()SI_UNIT($,.RADIAN.));
#4950=PLANE_ANGLE_MEASURE_WITH_UNIT(PLANE_ANGLE_MEASURE(0.0174532925),#4949);
#4951=(CONVERSION_BASED_UNIT('DEGREE',#4950)NAMED_UNIT(#4952)PLANE_ANGLE_UNIT());
#4952=DIMENSIONAL_EXPONENTS(0.,0.,0.,0.,0.,0.,0.);
#4953=(NAMED_UNIT(*)SI_UNIT($,.STERADIAN.)SOLID_ANGLE_UNIT());
#4954=(LENGTH_UNIT()NAMED_UNIT(*)SI_UNIT(.MILLI.,.METRE.));
#4955=UNCERTAINTY_MEASURE_WITH_UNIT(LENGTH_MEASURE(1.000000E-03),#4954,'DISTANCE_ACCURACY_VALUE','Maximum Tolerance applied to model');
#4956=(GEOMETRIC_REPRESENTATION_CONTEXT(3)GLOBAL_UNCERTAINTY_ASSIGNED_CONTEXT((#4955))GLOBAL_UNIT_ASSIGNED_CONTEXT((#4954,#4951,#4953))REPRESENTATION_CONTEXT('','R10~R0603~R0603~QmFs'));
#4968=CARTESIAN_POINT('',(0.,0.,0.));
#4969=DIRECTION('',(0.,0.,1.));
#4970=DIRECTION('',(1.,0.,-0.));
#4971=AXIS2_PLACEMENT_3D('',#4968,#4969,#4970);
#4972=ITEM_DEFINED_TRANSFORMATION('','',#4971,#15);
#4973=(REPRESENTATION_RELATIONSHIP('','',#4958,#3335)REPRESENTATION_RELATIONSHIP_WITH_TRANSFORMATION(#4972)SHAPE_REPRESENTATION_RELATIONSHIP());
#4974=NEXT_ASSEMBLY_USAGE_OCCURRENCE('R10~R0603~R0603~QmFs_45','R10~R0603~R0603~QmFs','R10~R0603~R0603~QmFs',#3344,#4967,$);
#4975=PRODUCT_DEFINITION_SHAPE('','',#4974);
#4976=CONTEXT_DEPENDENT_SHAPE_REPRESENTATION(#4973,#4975);
#4977=(NAMED_UNIT(*)PLANE_ANGLE_UNIT()SI_UNIT($,.RADIAN.));
#4978=PLANE_ANGLE_MEASURE_WITH_UNIT(PLANE_ANGLE_MEASURE(0.0174532925),#4977);
#4979=(CONVERSION_BASED_UNIT('DEGREE',#4978)NAMED_UNIT(#4980)PLANE_ANGLE_UNIT());
#4980=DIMENSIONAL_EXPONENTS(0.,0.,0.,0.,0.,0.,0.);
#4981=(NAMED_UNIT(*)SI_UNIT($,.STERADIAN.)SOLID_ANGLE_UNIT());
#4982=(LENGTH_UNIT()NAMED_UNIT(*)SI_UNIT(.MILLI.,.METRE.));
#4983=UNCERTAINTY_MEASURE_WITH_UNIT(LENGTH_MEASURE(1.000000E-03),#4982,'DISTANCE_ACCURACY_VALUE','Maximum Tolerance applied to model');
#4984=(GEOMETRIC_REPRESENTATION_CONTEXT(3)GLOBAL_UNCERTAINTY_ASSIGNED_CONTEXT((#4983))GLOBAL_UNIT_ASSIGNED_CONTEXT((#4982,#4979,#4981))REPRESENTATION_CONTEXT('','R0603~R0603~QmFs'));
#4996=CARTESIAN_POINT('',(0.,0.,0.));
#4997=DIRECTION('',(0.,0.,1.));
#4998=DIRECTION('',(1.,0.,-0.));
#4999=AXIS2_PLACEMENT_3D('',#4996,#4997,#4998);
#5000=ITEM_DEFINED_TRANSFORMATION('','',#4999,#15);
#5001=(REPRESENTATION_RELATIONSHIP('','',#4986,#4958)REPRESENTATION_RELATIONSHIP_WITH_TRANSFORMATION(#5000)SHAPE_REPRESENTATION_RELATIONSHIP());
#5002=NEXT_ASSEMBLY_USAGE_OCCURRENCE('R0603~R0603~QmFs_46','R0603~R0603~QmFs','R0603~R0603~QmFs',#4967,#4995,$);
#5003=PRODUCT_DEFINITION_SHAPE('','',#5002);
#5004=CONTEXT_DEPENDENT_SHAPE_REPRESENTATION(#5001,#5003);
#4986=SHAPE_REPRESENTATION('R0603~R0603~QmFs',(#15),#4984);
#5005=CARTESIAN_POINT('',(0.,0.,0.));
#5006=DIRECTION('',(0.,0.,1.));
#5007=DIRECTION('',(1.,0.,0.));
#5008=AXIS2_PLACEMENT_3D('',#5005,#5006,#5007);
#5010=MAPPED_ITEM('',#5009,#5008);
#5009=REPRESENTATION_MAP(#5008,#4986);
#4994=PRODUCT('R0603~R0603~QmFs','R0603~R0603~QmFs','',(#3390));
#5011=PRODUCT_RELATED_PRODUCT_CATEGORY('part','',(#4994));
#5012=PRODUCT_DEFINITION_FORMATION_WITH_SPECIFIED_SOURCE('','',#4994,.NOT_KNOWN.);
#4995=PRODUCT_DEFINITION('design','',#5012,#3391);
#4993=PRODUCT_DEFINITION_SHAPE('','',#4995);
#5013=SHAPE_DEFINITION_REPRESENTATION(#4993,#4986);
#4985=DRAUGHTING_MODEL('',(#5010),#4984);
#4958=SHAPE_REPRESENTATION('R10~R0603~R0603~QmFs',(#15,#4999),#4956);
#5014=CARTESIAN_POINT('',(0.,0.,0.));
#5015=DIRECTION('',(0.,0.,1.));
#5016=DIRECTION('',(1.,0.,0.));
#5017=AXIS2_PLACEMENT_3D('',#5014,#5015,#5016);
#5019=MAPPED_ITEM('',#5018,#5017);
#5018=REPRESENTATION_MAP(#5017,#4958);
#4966=PRODUCT('R10~R0603~R0603~QmFs','R10~R0603~R0603~QmFs','',(#3390));
#5020=PRODUCT_RELATED_PRODUCT_CATEGORY('part','',(#4966));
#5021=PRODUCT_DEFINITION_FORMATION_WITH_SPECIFIED_SOURCE('','',#4966,.NOT_KNOWN.);
#4967=PRODUCT_DEFINITION('design','',#5021,#3391);
#4965=PRODUCT_DEFINITION_SHAPE('','',#4967);
#5022=SHAPE_DEFINITION_REPRESENTATION(#4965,#4958);
#4957=DRAUGHTING_MODEL('',(#5019),#4956);
#5023=(NAMED_UNIT(*)PLANE_ANGLE_UNIT()SI_UNIT($,.RADIAN.));
#5024=PLANE_ANGLE_MEASURE_WITH_UNIT(PLANE_ANGLE_MEASURE(0.0174532925),#5023);
#5025=(CONVERSION_BASED_UNIT('DEGREE',#5024)NAMED_UNIT(#5026)PLANE_ANGLE_UNIT());
#5026=DIMENSIONAL_EXPONENTS(0.,0.,0.,0.,0.,0.,0.);
#5027=(NAMED_UNIT(*)SI_UNIT($,.STERADIAN.)SOLID_ANGLE_UNIT());
#5028=(LENGTH_UNIT()NAMED_UNIT(*)SI_UNIT(.MILLI.,.METRE.));
#5029=UNCERTAINTY_MEASURE_WITH_UNIT(LENGTH_MEASURE(1.000000E-03),#5028,'DISTANCE_ACCURACY_VALUE','Maximum Tolerance applied to model');
#5030=(GEOMETRIC_REPRESENTATION_CONTEXT(3)GLOBAL_UNCERTAINTY_ASSIGNED_CONTEXT((#5029))GLOBAL_UNIT_ASSIGNED_CONTEXT((#5028,#5025,#5027))REPRESENTATION_CONTEXT('','R10~R0603~R0603~QmFs'));
#5042=CARTESIAN_POINT('',(0.,0.,0.));
#5043=DIRECTION('',(0.,0.,1.));
#5044=DIRECTION('',(1.,0.,-0.));
#5045=AXIS2_PLACEMENT_3D('',#5042,#5043,#5044);
#5046=ITEM_DEFINED_TRANSFORMATION('','',#5045,#15);
#5047=(REPRESENTATION_RELATIONSHIP('','',#5032,#3335)REPRESENTATION_RELATIONSHIP_WITH_TRANSFORMATION(#5046)SHAPE_REPRESENTATION_RELATIONSHIP());
#5048=NEXT_ASSEMBLY_USAGE_OCCURRENCE('R10~R0603~R0603~QmFs_47','R10~R0603~R0603~QmFs','R10~R0603~R0603~QmFs',#3344,#5041,$);
#5049=PRODUCT_DEFINITION_SHAPE('','',#5048);
#5050=CONTEXT_DEPENDENT_SHAPE_REPRESENTATION(#5047,#5049);
#5051=(NAMED_UNIT(*)PLANE_ANGLE_UNIT()SI_UNIT($,.RADIAN.));
#5052=PLANE_ANGLE_MEASURE_WITH_UNIT(PLANE_ANGLE_MEASURE(0.0174532925),#5051);
#5053=(CONVERSION_BASED_UNIT('DEGREE',#5052)NAMED_UNIT(#5054)PLANE_ANGLE_UNIT());
#5054=DIMENSIONAL_EXPONENTS(0.,0.,0.,0.,0.,0.,0.);
#5055=(NAMED_UNIT(*)SI_UNIT($,.STERADIAN.)SOLID_ANGLE_UNIT());
#5056=(LENGTH_UNIT()NAMED_UNIT(*)SI_UNIT(.MILLI.,.METRE.));
#5057=UNCERTAINTY_MEASURE_WITH_UNIT(LENGTH_MEASURE(1.000000E-03),#5056,'DISTANCE_ACCURACY_VALUE','Maximum Tolerance applied to model');
#5058=(GEOMETRIC_REPRESENTATION_CONTEXT(3)GLOBAL_UNCERTAINTY_ASSIGNED_CONTEXT((#5057))GLOBAL_UNIT_ASSIGNED_CONTEXT((#5056,#5053,#5055))REPRESENTATION_CONTEXT('','R0603~R0603~QmFs'));
#5070=CARTESIAN_POINT('',(0.,0.,0.));
#5071=DIRECTION('',(0.,0.,1.));
#5072=DIRECTION('',(1.,0.,-0.));
#5073=AXIS2_PLACEMENT_3D('',#5070,#5071,#5072);
#5074=ITEM_DEFINED_TRANSFORMATION('','',#5073,#15);
#5075=(REPRESENTATION_RELATIONSHIP('','',#5060,#5032)REPRESENTATION_RELATIONSHIP_WITH_TRANSFORMATION(#5074)SHAPE_REPRESENTATION_RELATIONSHIP());
#5076=NEXT_ASSEMBLY_USAGE_OCCURRENCE('R0603~R0603~QmFs_48','R0603~R0603~QmFs','R0603~R0603~QmFs',#5041,#5069,$);
#5077=PRODUCT_DEFINITION_SHAPE('','',#5076);
#5078=CONTEXT_DEPENDENT_SHAPE_REPRESENTATION(#5075,#5077);
#5060=SHAPE_REPRESENTATION('R0603~R0603~QmFs',(#15),#5058);
#5079=CARTESIAN_POINT('',(0.,0.,0.));
#5080=DIRECTION('',(0.,0.,1.));
#5081=DIRECTION('',(1.,0.,0.));
#5082=AXIS2_PLACEMENT_3D('',#5079,#5080,#5081);
#5084=MAPPED_ITEM('',#5083,#5082);
#5083=REPRESENTATION_MAP(#5082,#5060);
#5068=PRODUCT('R0603~R0603~QmFs','R0603~R0603~QmFs','',(#3390));
#5085=PRODUCT_RELATED_PRODUCT_CATEGORY('part','',(#5068));
#5086=PRODUCT_DEFINITION_FORMATION_WITH_SPECIFIED_SOURCE('','',#5068,.NOT_KNOWN.);
#5069=PRODUCT_DEFINITION('design','',#5086,#3391);
#5067=PRODUCT_DEFINITION_SHAPE('','',#5069);
#5087=SHAPE_DEFINITION_REPRESENTATION(#5067,#5060);
#5059=DRAUGHTING_MODEL('',(#5084),#5058);
#5032=SHAPE_REPRESENTATION('R10~R0603~R0603~QmFs',(#15,#5073),#5030);
#5088=CARTESIAN_POINT('',(0.,0.,0.));
#5089=DIRECTION('',(0.,0.,1.));
#5090=DIRECTION('',(1.,0.,0.));
#5091=AXIS2_PLACEMENT_3D('',#5088,#5089,#5090);
#5093=MAPPED_ITEM('',#5092,#5091);
#5092=REPRESENTATION_MAP(#5091,#5032);
#5040=PRODUCT('R10~R0603~R0603~QmFs','R10~R0603~R0603~QmFs','',(#3390));
#5094=PRODUCT_RELATED_PRODUCT_CATEGORY('part','',(#5040));
#5095=PRODUCT_DEFINITION_FORMATION_WITH_SPECIFIED_SOURCE('','',#5040,.NOT_KNOWN.);
#5041=PRODUCT_DEFINITION('design','',#5095,#3391);
#5039=PRODUCT_DEFINITION_SHAPE('','',#5041);
#5096=SHAPE_DEFINITION_REPRESENTATION(#5039,#5032);
#5031=DRAUGHTING_MODEL('',(#5093),#5030);
#5097=(NAMED_UNIT(*)PLANE_ANGLE_UNIT()SI_UNIT($,.RADIAN.));
#5098=PLANE_ANGLE_MEASURE_WITH_UNIT(PLANE_ANGLE_MEASURE(0.0174532925),#5097);
#5099=(CONVERSION_BASED_UNIT('DEGREE',#5098)NAMED_UNIT(#5100)PLANE_ANGLE_UNIT());
#5100=DIMENSIONAL_EXPONENTS(0.,0.,0.,0.,0.,0.,0.);
#5101=(NAMED_UNIT(*)SI_UNIT($,.STERADIAN.)SOLID_ANGLE_UNIT());
#5102=(LENGTH_UNIT()NAMED_UNIT(*)SI_UNIT(.MILLI.,.METRE.));
#5103=UNCERTAINTY_MEASURE_WITH_UNIT(LENGTH_MEASURE(1.000000E-03),#5102,'DISTANCE_ACCURACY_VALUE','Maximum Tolerance applied to model');
#5104=(GEOMETRIC_REPRESENTATION_CONTEXT(3)GLOBAL_UNCERTAINTY_ASSIGNED_CONTEXT((#5103))GLOBAL_UNIT_ASSIGNED_CONTEXT((#5102,#5099,#5101))REPRESENTATION_CONTEXT('','R10~R0603~R0603~QmFs'));
#5116=CARTESIAN_POINT('',(0.,0.,0.));
#5117=DIRECTION('',(0.,0.,1.));
#5118=DIRECTION('',(1.,0.,-0.));
#5119=AXIS2_PLACEMENT_3D('',#5116,#5117,#5118);
#5120=ITEM_DEFINED_TRANSFORMATION('','',#5119,#15);
#5121=(REPRESENTATION_RELATIONSHIP('','',#5106,#3335)REPRESENTATION_RELATIONSHIP_WITH_TRANSFORMATION(#5120)SHAPE_REPRESENTATION_RELATIONSHIP());
#5122=NEXT_ASSEMBLY_USAGE_OCCURRENCE('R10~R0603~R0603~QmFs_49','R10~R0603~R0603~QmFs','R10~R0603~R0603~QmFs',#3344,#5115,$);
#5123=PRODUCT_DEFINITION_SHAPE('','',#5122);
#5124=CONTEXT_DEPENDENT_SHAPE_REPRESENTATION(#5121,#5123);
#5125=(NAMED_UNIT(*)PLANE_ANGLE_UNIT()SI_UNIT($,.RADIAN.));
#5126=PLANE_ANGLE_MEASURE_WITH_UNIT(PLANE_ANGLE_MEASURE(0.0174532925),#5125);
#5127=(CONVERSION_BASED_UNIT('DEGREE',#5126)NAMED_UNIT(#5128)PLANE_ANGLE_UNIT());
#5128=DIMENSIONAL_EXPONENTS(0.,0.,0.,0.,0.,0.,0.);
#5129=(NAMED_UNIT(*)SI_UNIT($,.STERADIAN.)SOLID_ANGLE_UNIT());
#5130=(LENGTH_UNIT()NAMED_UNIT(*)SI_UNIT(.MILLI.,.METRE.));
#5131=UNCERTAINTY_MEASURE_WITH_UNIT(LENGTH_MEASURE(1.000000E-03),#5130,'DISTANCE_ACCURACY_VALUE','Maximum Tolerance applied to model');
#5132=(GEOMETRIC_REPRESENTATION_CONTEXT(3)GLOBAL_UNCERTAINTY_ASSIGNED_CONTEXT((#5131))GLOBAL_UNIT_ASSIGNED_CONTEXT((#5130,#5127,#5129))REPRESENTATION_CONTEXT('','R0603~R0603~QmFs'));
#5144=CARTESIAN_POINT('',(0.,0.,0.));
#5145=DIRECTION('',(0.,0.,1.));
#5146=DIRECTION('',(1.,0.,-0.));
#5147=AXIS2_PLACEMENT_3D('',#5144,#5145,#5146);
#5148=ITEM_DEFINED_TRANSFORMATION('','',#5147,#15);
#5149=(REPRESENTATION_RELATIONSHIP('','',#5134,#5106)REPRESENTATION_RELATIONSHIP_WITH_TRANSFORMATION(#5148)SHAPE_REPRESENTATION_RELATIONSHIP());
#5150=NEXT_ASSEMBLY_USAGE_OCCURRENCE('R0603~R0603~QmFs_50','R0603~R0603~QmFs','R0603~R0603~QmFs',#5115,#5143,$);
#5151=PRODUCT_DEFINITION_SHAPE('','',#5150);
#5152=CONTEXT_DEPENDENT_SHAPE_REPRESENTATION(#5149,#5151);
#5134=SHAPE_REPRESENTATION('R0603~R0603~QmFs',(#15),#5132);
#5153=CARTESIAN_POINT('',(0.,0.,0.));
#5154=DIRECTION('',(0.,0.,1.));
#5155=DIRECTION('',(1.,0.,0.));
#5156=AXIS2_PLACEMENT_3D('',#5153,#5154,#5155);
#5158=MAPPED_ITEM('',#5157,#5156);
#5157=REPRESENTATION_MAP(#5156,#5134);
#5142=PRODUCT('R0603~R0603~QmFs','R0603~R0603~QmFs','',(#3390));
#5159=PRODUCT_RELATED_PRODUCT_CATEGORY('part','',(#5142));
#5160=PRODUCT_DEFINITION_FORMATION_WITH_SPECIFIED_SOURCE('','',#5142,.NOT_KNOWN.);
#5143=PRODUCT_DEFINITION('design','',#5160,#3391);
#5141=PRODUCT_DEFINITION_SHAPE('','',#5143);
#5161=SHAPE_DEFINITION_REPRESENTATION(#5141,#5134);
#5133=DRAUGHTING_MODEL('',(#5158),#5132);
#5106=SHAPE_REPRESENTATION('R10~R0603~R0603~QmFs',(#15,#5147),#5104);
#5162=CARTESIAN_POINT('',(0.,0.,0.));
#5163=DIRECTION('',(0.,0.,1.));
#5164=DIRECTION('',(1.,0.,0.));
#5165=AXIS2_PLACEMENT_3D('',#5162,#5163,#5164);
#5167=MAPPED_ITEM('',#5166,#5165);
#5166=REPRESENTATION_MAP(#5165,#5106);
#5114=PRODUCT('R10~R0603~R0603~QmFs','R10~R0603~R0603~QmFs','',(#3390));
#5168=PRODUCT_RELATED_PRODUCT_CATEGORY('part','',(#5114));
#5169=PRODUCT_DEFINITION_FORMATION_WITH_SPECIFIED_SOURCE('','',#5114,.NOT_KNOWN.);
#5115=PRODUCT_DEFINITION('design','',#5169,#3391);
#5113=PRODUCT_DEFINITION_SHAPE('','',#5115);
#5170=SHAPE_DEFINITION_REPRESENTATION(#5113,#5106);
#5105=DRAUGHTING_MODEL('',(#5167),#5104);
#5171=(NAMED_UNIT(*)PLANE_ANGLE_UNIT()SI_UNIT($,.RADIAN.));
#5172=PLANE_ANGLE_MEASURE_WITH_UNIT(PLANE_ANGLE_MEASURE(0.0174532925),#5171);
#5173=(CONVERSION_BASED_UNIT('DEGREE',#5172)NAMED_UNIT(#5174)PLANE_ANGLE_UNIT());
#5174=DIMENSIONAL_EXPONENTS(0.,0.,0.,0.,0.,0.,0.);
#5175=(NAMED_UNIT(*)SI_UNIT($,.STERADIAN.)SOLID_ANGLE_UNIT());
#5176=(LENGTH_UNIT()NAMED_UNIT(*)SI_UNIT(.MILLI.,.METRE.));
#5177=UNCERTAINTY_MEASURE_WITH_UNIT(LENGTH_MEASURE(1.000000E-03),#5176,'DISTANCE_ACCURACY_VALUE','Maximum Tolerance applied to model');
#5178=(GEOMETRIC_REPRESENTATION_CONTEXT(3)GLOBAL_UNCERTAINTY_ASSIGNED_CONTEXT((#5177))GLOBAL_UNIT_ASSIGNED_CONTEXT((#5176,#5173,#5175))REPRESENTATION_CONTEXT('','R10~R0603~R0603~QmFs'));
#5190=CARTESIAN_POINT('',(0.,0.,0.));
#5191=DIRECTION('',(0.,0.,1.));
#5192=DIRECTION('',(1.,0.,-0.));
#5193=AXIS2_PLACEMENT_3D('',#5190,#5191,#5192);
#5194=ITEM_DEFINED_TRANSFORMATION('','',#5193,#15);
#5195=(REPRESENTATION_RELATIONSHIP('','',#5180,#3335)REPRESENTATION_RELATIONSHIP_WITH_TRANSFORMATION(#5194)SHAPE_REPRESENTATION_RELATIONSHIP());
#5196=NEXT_ASSEMBLY_USAGE_OCCURRENCE('R10~R0603~R0603~QmFs_51','R10~R0603~R0603~QmFs','R10~R0603~R0603~QmFs',#3344,#5189,$);
#5197=PRODUCT_DEFINITION_SHAPE('','',#5196);
#5198=CONTEXT_DEPENDENT_SHAPE_REPRESENTATION(#5195,#5197);
#5199=(NAMED_UNIT(*)PLANE_ANGLE_UNIT()SI_UNIT($,.RADIAN.));
#5200=PLANE_ANGLE_MEASURE_WITH_UNIT(PLANE_ANGLE_MEASURE(0.0174532925),#5199);
#5201=(CONVERSION_BASED_UNIT('DEGREE',#5200)NAMED_UNIT(#5202)PLANE_ANGLE_UNIT());
#5202=DIMENSIONAL_EXPONENTS(0.,0.,0.,0.,0.,0.,0.);
#5203=(NAMED_UNIT(*)SI_UNIT($,.STERADIAN.)SOLID_ANGLE_UNIT());
#5204=(LENGTH_UNIT()NAMED_UNIT(*)SI_UNIT(.MILLI.,.METRE.));
#5205=UNCERTAINTY_MEASURE_WITH_UNIT(LENGTH_MEASURE(1.000000E-03),#5204,'DISTANCE_ACCURACY_VALUE','Maximum Tolerance applied to model');
#5206=(GEOMETRIC_REPRESENTATION_CONTEXT(3)GLOBAL_UNCERTAINTY_ASSIGNED_CONTEXT((#5205))GLOBAL_UNIT_ASSIGNED_CONTEXT((#5204,#5201,#5203))REPRESENTATION_CONTEXT('','R0603~R0603~QmFs'));
#5218=CARTESIAN_POINT('',(0.,0.,0.));
#5219=DIRECTION('',(0.,0.,1.));
#5220=DIRECTION('',(1.,0.,-0.));
#5221=AXIS2_PLACEMENT_3D('',#5218,#5219,#5220);
#5222=ITEM_DEFINED_TRANSFORMATION('','',#5221,#15);
#5223=(REPRESENTATION_RELATIONSHIP('','',#5208,#5180)REPRESENTATION_RELATIONSHIP_WITH_TRANSFORMATION(#5222)SHAPE_REPRESENTATION_RELATIONSHIP());
#5224=NEXT_ASSEMBLY_USAGE_OCCURRENCE('R0603~R0603~QmFs_52','R0603~R0603~QmFs','R0603~R0603~QmFs',#5189,#5217,$);
#5225=PRODUCT_DEFINITION_SHAPE('','',#5224);
#5226=CONTEXT_DEPENDENT_SHAPE_REPRESENTATION(#5223,#5225);
#5208=SHAPE_REPRESENTATION('R0603~R0603~QmFs',(#15),#5206);
#5227=CARTESIAN_POINT('',(0.,0.,0.));
#5228=DIRECTION('',(0.,0.,1.));
#5229=DIRECTION('',(1.,0.,0.));
#5230=AXIS2_PLACEMENT_3D('',#5227,#5228,#5229);
#5232=MAPPED_ITEM('',#5231,#5230);
#5231=REPRESENTATION_MAP(#5230,#5208);
#5216=PRODUCT('R0603~R0603~QmFs','R0603~R0603~QmFs','',(#3390));
#5233=PRODUCT_RELATED_PRODUCT_CATEGORY('part','',(#5216));
#5234=PRODUCT_DEFINITION_FORMATION_WITH_SPECIFIED_SOURCE('','',#5216,.NOT_KNOWN.);
#5217=PRODUCT_DEFINITION('design','',#5234,#3391);
#5215=PRODUCT_DEFINITION_SHAPE('','',#5217);
#5235=SHAPE_DEFINITION_REPRESENTATION(#5215,#5208);
#5207=DRAUGHTING_MODEL('',(#5232),#5206);
#5180=SHAPE_REPRESENTATION('R10~R0603~R0603~QmFs',(#15,#5221),#5178);
#5236=CARTESIAN_POINT('',(0.,0.,0.));
#5237=DIRECTION('',(0.,0.,1.));
#5238=DIRECTION('',(1.,0.,0.));
#5239=AXIS2_PLACEMENT_3D('',#5236,#5237,#5238);
#5241=MAPPED_ITEM('',#5240,#5239);
#5240=REPRESENTATION_MAP(#5239,#5180);
#5188=PRODUCT('R10~R0603~R0603~QmFs','R10~R0603~R0603~QmFs','',(#3390));
#5242=PRODUCT_RELATED_PRODUCT_CATEGORY('part','',(#5188));
#5243=PRODUCT_DEFINITION_FORMATION_WITH_SPECIFIED_SOURCE('','',#5188,.NOT_KNOWN.);
#5189=PRODUCT_DEFINITION('design','',#5243,#3391);
#5187=PRODUCT_DEFINITION_SHAPE('','',#5189);
#5244=SHAPE_DEFINITION_REPRESENTATION(#5187,#5180);
#5179=DRAUGHTING_MODEL('',(#5241),#5178);
#5245=(NAMED_UNIT(*)PLANE_ANGLE_UNIT()SI_UNIT($,.RADIAN.));
#5246=PLANE_ANGLE_MEASURE_WITH_UNIT(PLANE_ANGLE_MEASURE(0.0174532925),#5245);
#5247=(CONVERSION_BASED_UNIT('DEGREE',#5246)NAMED_UNIT(#5248)PLANE_ANGLE_UNIT());
#5248=DIMENSIONAL_EXPONENTS(0.,0.,0.,0.,0.,0.,0.);
#5249=(NAMED_UNIT(*)SI_UNIT($,.STERADIAN.)SOLID_ANGLE_UNIT());
#5250=(LENGTH_UNIT()NAMED_UNIT(*)SI_UNIT(.MILLI.,.METRE.));
#5251=UNCERTAINTY_MEASURE_WITH_UNIT(LENGTH_MEASURE(1.000000E-03),#5250,'DISTANCE_ACCURACY_VALUE','Maximum Tolerance applied to model');
#5252=(GEOMETRIC_REPRESENTATION_CONTEXT(3)GLOBAL_UNCERTAINTY_ASSIGNED_CONTEXT((#5251))GLOBAL_UNIT_ASSIGNED_CONTEXT((#5250,#5247,#5249))REPRESENTATION_CONTEXT('','R10~R0603~R0603~QmFs'));
#5264=CARTESIAN_POINT('',(0.,0.,0.));
#5265=DIRECTION('',(0.,0.,1.));
#5266=DIRECTION('',(1.,0.,-0.));
#5267=AXIS2_PLACEMENT_3D('',#5264,#5265,#5266);
#5268=ITEM_DEFINED_TRANSFORMATION('','',#5267,#15);
#5269=(REPRESENTATION_RELATIONSHIP('','',#5254,#3335)REPRESENTATION_RELATIONSHIP_WITH_TRANSFORMATION(#5268)SHAPE_REPRESENTATION_RELATIONSHIP());
#5270=NEXT_ASSEMBLY_USAGE_OCCURRENCE('R10~R0603~R0603~QmFs_53','R10~R0603~R0603~QmFs','R10~R0603~R0603~QmFs',#3344,#5263,$);
#5271=PRODUCT_DEFINITION_SHAPE('','',#5270);
#5272=CONTEXT_DEPENDENT_SHAPE_REPRESENTATION(#5269,#5271);
#5273=(NAMED_UNIT(*)PLANE_ANGLE_UNIT()SI_UNIT($,.RADIAN.));
#5274=PLANE_ANGLE_MEASURE_WITH_UNIT(PLANE_ANGLE_MEASURE(0.0174532925),#5273);
#5275=(CONVERSION_BASED_UNIT('DEGREE',#5274)NAMED_UNIT(#5276)PLANE_ANGLE_UNIT());
#5276=DIMENSIONAL_EXPONENTS(0.,0.,0.,0.,0.,0.,0.);
#5277=(NAMED_UNIT(*)SI_UNIT($,.STERADIAN.)SOLID_ANGLE_UNIT());
#5278=(LENGTH_UNIT()NAMED_UNIT(*)SI_UNIT(.MILLI.,.METRE.));
#5279=UNCERTAINTY_MEASURE_WITH_UNIT(LENGTH_MEASURE(1.000000E-03),#5278,'DISTANCE_ACCURACY_VALUE','Maximum Tolerance applied to model');
#5280=(GEOMETRIC_REPRESENTATION_CONTEXT(3)GLOBAL_UNCERTAINTY_ASSIGNED_CONTEXT((#5279))GLOBAL_UNIT_ASSIGNED_CONTEXT((#5278,#5275,#5277))REPRESENTATION_CONTEXT('','R0603~R0603~QmFs'));
#5292=CARTESIAN_POINT('',(0.,0.,0.));
#5293=DIRECTION('',(0.,0.,1.));
#5294=DIRECTION('',(1.,0.,-0.));
#5295=AXIS2_PLACEMENT_3D('',#5292,#5293,#5294);
#5296=ITEM_DEFINED_TRANSFORMATION('','',#5295,#15);
#5297=(REPRESENTATION_RELATIONSHIP('','',#5282,#5254)REPRESENTATION_RELATIONSHIP_WITH_TRANSFORMATION(#5296)SHAPE_REPRESENTATION_RELATIONSHIP());
#5298=NEXT_ASSEMBLY_USAGE_OCCURRENCE('R0603~R0603~QmFs_54','R0603~R0603~QmFs','R0603~R0603~QmFs',#5263,#5291,$);
#5299=PRODUCT_DEFINITION_SHAPE('','',#5298);
#5300=CONTEXT_DEPENDENT_SHAPE_REPRESENTATION(#5297,#5299);
#5282=SHAPE_REPRESENTATION('R0603~R0603~QmFs',(#15),#5280);
#5301=CARTESIAN_POINT('',(0.,0.,0.));
#5302=DIRECTION('',(0.,0.,1.));
#5303=DIRECTION('',(1.,0.,0.));
#5304=AXIS2_PLACEMENT_3D('',#5301,#5302,#5303);
#5306=MAPPED_ITEM('',#5305,#5304);
#5305=REPRESENTATION_MAP(#5304,#5282);
#5290=PRODUCT('R0603~R0603~QmFs','R0603~R0603~QmFs','',(#3390));
#5307=PRODUCT_RELATED_PRODUCT_CATEGORY('part','',(#5290));
#5308=PRODUCT_DEFINITION_FORMATION_WITH_SPECIFIED_SOURCE('','',#5290,.NOT_KNOWN.);
#5291=PRODUCT_DEFINITION('design','',#5308,#3391);
#5289=PRODUCT_DEFINITION_SHAPE('','',#5291);
#5309=SHAPE_DEFINITION_REPRESENTATION(#5289,#5282);
#5281=DRAUGHTING_MODEL('',(#5306),#5280);
#5254=SHAPE_REPRESENTATION('R10~R0603~R0603~QmFs',(#15,#5295),#5252);
#5310=CARTESIAN_POINT('',(0.,0.,0.));
#5311=DIRECTION('',(0.,0.,1.));
#5312=DIRECTION('',(1.,0.,0.));
#5313=AXIS2_PLACEMENT_3D('',#5310,#5311,#5312);
#5315=MAPPED_ITEM('',#5314,#5313);
#5314=REPRESENTATION_MAP(#5313,#5254);
#5262=PRODUCT('R10~R0603~R0603~QmFs','R10~R0603~R0603~QmFs','',(#3390));
#5316=PRODUCT_RELATED_PRODUCT_CATEGORY('part','',(#5262));
#5317=PRODUCT_DEFINITION_FORMATION_WITH_SPECIFIED_SOURCE('','',#5262,.NOT_KNOWN.);
#5263=PRODUCT_DEFINITION('design','',#5317,#3391);
#5261=PRODUCT_DEFINITION_SHAPE('','',#5263);
#5318=SHAPE_DEFINITION_REPRESENTATION(#5261,#5254);
#5253=DRAUGHTING_MODEL('',(#5315),#5252);
#5319=(NAMED_UNIT(*)PLANE_ANGLE_UNIT()SI_UNIT($,.RADIAN.));
#5320=PLANE_ANGLE_MEASURE_WITH_UNIT(PLANE_ANGLE_MEASURE(0.0174532925),#5319);
#5321=(CONVERSION_BASED_UNIT('DEGREE',#5320)NAMED_UNIT(#5322)PLANE_ANGLE_UNIT());
#5322=DIMENSIONAL_EXPONENTS(0.,0.,0.,0.,0.,0.,0.);
#5323=(NAMED_UNIT(*)SI_UNIT($,.STERADIAN.)SOLID_ANGLE_UNIT());
#5324=(LENGTH_UNIT()NAMED_UNIT(*)SI_UNIT(.MILLI.,.METRE.));
#5325=UNCERTAINTY_MEASURE_WITH_UNIT(LENGTH_MEASURE(1.000000E-03),#5324,'DISTANCE_ACCURACY_VALUE','Maximum Tolerance applied to model');
#5326=(GEOMETRIC_REPRESENTATION_CONTEXT(3)GLOBAL_UNCERTAINTY_ASSIGNED_CONTEXT((#5325))GLOBAL_UNIT_ASSIGNED_CONTEXT((#5324,#5321,#5323))REPRESENTATION_CONTEXT('','U1~QFN-56_L7.0-W7.0-P0.40-TL-EP4.0~QFN-56_L7.0-W7.0-P0.40-TL-EP4.0~QmFs'));
#5338=CARTESIAN_POINT('',(0.,0.,0.));
#5339=DIRECTION('',(0.,0.,1.));
#5340=DIRECTION('',(1.,0.,-0.));
#5341=AXIS2_PLACEMENT_3D('',#5338,#5339,#5340);
#5342=ITEM_DEFINED_TRANSFORMATION('','',#5341,#15);
#5343=(REPRESENTATION_RELATIONSHIP('','',#5328,#3335)REPRESENTATION_RELATIONSHIP_WITH_TRANSFORMATION(#5342)SHAPE_REPRESENTATION_RELATIONSHIP());
#5344=NEXT_ASSEMBLY_USAGE_OCCURRENCE('U1~QFN-56_L7.0-W7.0-P0.40-TL-EP4.0~QFN-56_L7.0-W7.0-P0.40-TL-EP4.0~QmFs_55','U1~QFN-56_L7.0-W7.0-P0.40-TL-EP4.0~QFN-56_L7.0-W7.0-P0.40-TL-EP4.0~QmFs','U1~QFN-56_L7.0-W7.0-P0.40-TL-EP4.0~QFN-56_L7.0-W7.0-P0.40-TL-EP4.0~QmFs',#3344,#5337,$);
#5345=PRODUCT_DEFINITION_SHAPE('','',#5344);
#5346=CONTEXT_DEPENDENT_SHAPE_REPRESENTATION(#5343,#5345);
#5347=(NAMED_UNIT(*)PLANE_ANGLE_UNIT()SI_UNIT($,.RADIAN.));
#5348=PLANE_ANGLE_MEASURE_WITH_UNIT(PLANE_ANGLE_MEASURE(0.0174532925),#5347);
#5349=(CONVERSION_BASED_UNIT('DEGREE',#5348)NAMED_UNIT(#5350)PLANE_ANGLE_UNIT());
#5350=DIMENSIONAL_EXPONENTS(0.,0.,0.,0.,0.,0.,0.);
#5351=(NAMED_UNIT(*)SI_UNIT($,.STERADIAN.)SOLID_ANGLE_UNIT());
#5352=(LENGTH_UNIT()NAMED_UNIT(*)SI_UNIT(.MILLI.,.METRE.));
#5353=UNCERTAINTY_MEASURE_WITH_UNIT(LENGTH_MEASURE(1.000000E-03),#5352,'DISTANCE_ACCURACY_VALUE','Maximum Tolerance applied to model');
#5354=(GEOMETRIC_REPRESENTATION_CONTEXT(3)GLOBAL_UNCERTAINTY_ASSIGNED_CONTEXT((#5353))GLOBAL_UNIT_ASSIGNED_CONTEXT((#5352,#5349,#5351))REPRESENTATION_CONTEXT('','QFN-56_L7.0-W7.0-P0.40-TL-EP4.0~QFN-56_L7.0-W7.0-P0.40-TL-EP4.0~QmFs'));
#5366=CARTESIAN_POINT('',(0.,0.,0.));
#5367=DIRECTION('',(0.,0.,1.));
#5368=DIRECTION('',(1.,0.,-0.));
#5369=AXIS2_PLACEMENT_3D('',#5366,#5367,#5368);
#5370=ITEM_DEFINED_TRANSFORMATION('','',#5369,#15);
#5371=(REPRESENTATION_RELATIONSHIP('','',#5356,#5328)REPRESENTATION_RELATIONSHIP_WITH_TRANSFORMATION(#5370)SHAPE_REPRESENTATION_RELATIONSHIP());
#5372=NEXT_ASSEMBLY_USAGE_OCCURRENCE('QFN-56_L7.0-W7.0-P0.40-TL-EP4.0~QFN-56_L7.0-W7.0-P0.40-TL-EP4.0~QmFs_56','QFN-56_L7.0-W7.0-P0.40-TL-EP4.0~QFN-56_L7.0-W7.0-P0.40-TL-EP4.0~QmFs','QFN-56_L7.0-W7.0-P0.40-TL-EP4.0~QFN-56_L7.0-W7.0-P0.40-TL-EP4.0~QmFs',#5337,#5365,$);
#5373=PRODUCT_DEFINITION_SHAPE('','',#5372);
#5374=CONTEXT_DEPENDENT_SHAPE_REPRESENTATION(#5371,#5373);
#5356=SHAPE_REPRESENTATION('QFN-56_L7.0-W7.0-P0.40-TL-EP4.0~QFN-56_L7.0-W7.0-P0.40-TL-EP4.0~QmFs',(#15),#5354);
#5375=CARTESIAN_POINT('',(0.,0.,0.));
#5376=DIRECTION('',(0.,0.,1.));
#5377=DIRECTION('',(1.,0.,0.));
#5378=AXIS2_PLACEMENT_3D('',#5375,#5376,#5377);
#5380=MAPPED_ITEM('',#5379,#5378);
#5379=REPRESENTATION_MAP(#5378,#5356);
#5364=PRODUCT('QFN-56_L7.0-W7.0-P0.40-TL-EP4.0~QFN-56_L7.0-W7.0-P0.40-TL-EP4.0~QmFs','QFN-56_L7.0-W7.0-P0.40-TL-EP4.0~QFN-56_L7.0-W7.0-P0.40-TL-EP4.0~QmFs','',(#3390));
#5381=PRODUCT_RELATED_PRODUCT_CATEGORY('part','',(#5364));
#5382=PRODUCT_DEFINITION_FORMATION_WITH_SPECIFIED_SOURCE('','',#5364,.NOT_KNOWN.);
#5365=PRODUCT_DEFINITION('design','',#5382,#3391);
#5363=PRODUCT_DEFINITION_SHAPE('','',#5365);
#5383=SHAPE_DEFINITION_REPRESENTATION(#5363,#5356);
#5355=DRAUGHTING_MODEL('',(#5380),#5354);
#5328=SHAPE_REPRESENTATION('U1~QFN-56_L7.0-W7.0-P0.40-TL-EP4.0~QFN-56_L7.0-W7.0-P0.40-TL-EP4.0~QmFs',(#15,#5369),#5326);
#5384=CARTESIAN_POINT('',(0.,0.,0.));
#5385=DIRECTION('',(0.,0.,1.));
#5386=DIRECTION('',(1.,0.,0.));
#5387=AXIS2_PLACEMENT_3D('',#5384,#5385,#5386);
#5389=MAPPED_ITEM('',#5388,#5387);
#5388=REPRESENTATION_MAP(#5387,#5328);
#5336=PRODUCT('U1~QFN-56_L7.0-W7.0-P0.40-TL-EP4.0~QFN-56_L7.0-W7.0-P0.40-TL-EP4.0~QmFs','U1~QFN-56_L7.0-W7.0-P0.40-TL-EP4.0~QFN-56_L7.0-W7.0-P0.40-TL-EP4.0~QmFs','',(#3390));
#5390=PRODUCT_RELATED_PRODUCT_CATEGORY('part','',(#5336));
#5391=PRODUCT_DEFINITION_FORMATION_WITH_SPECIFIED_SOURCE('','',#5336,.NOT_KNOWN.);
#5337=PRODUCT_DEFINITION('design','',#5391,#3391);
#5335=PRODUCT_DEFINITION_SHAPE('','',#5337);
#5392=SHAPE_DEFINITION_REPRESENTATION(#5335,#5328);
#5327=DRAUGHTING_MODEL('',(#5389),#5326);
#5393=(NAMED_UNIT(*)PLANE_ANGLE_UNIT()SI_UNIT($,.RADIAN.));
#5394=PLANE_ANGLE_MEASURE_WITH_UNIT(PLANE_ANGLE_MEASURE(0.0174532925),#5393);
#5395=(CONVERSION_BASED_UNIT('DEGREE',#5394)NAMED_UNIT(#5396)PLANE_ANGLE_UNIT());
#5396=DIMENSIONAL_EXPONENTS(0.,0.,0.,0.,0.,0.,0.);
#5397=(NAMED_UNIT(*)SI_UNIT($,.STERADIAN.)SOLID_ANGLE_UNIT());
#5398=(LENGTH_UNIT()NAMED_UNIT(*)SI_UNIT(.MILLI.,.METRE.));
#5399=UNCERTAINTY_MEASURE_WITH_UNIT(LENGTH_MEASURE(1.000000E-03),#5398,'DISTANCE_ACCURACY_VALUE','Maximum Tolerance applied to model');
#5400=(GEOMETRIC_REPRESENTATION_CONTEXT(3)GLOBAL_UNCERTAINTY_ASSIGNED_CONTEXT((#5399))GLOBAL_UNIT_ASSIGNED_CONTEXT((#5398,#5395,#5397))REPRESENTATION_CONTEXT('','X1~CRYSTAL-SMD_4P-L3.2-W2.5-BL_SIT8008BI~CRYSTAL-SMD_4P-L3.2-W2.5-BL_SIT8008BI~QmFs'));
#5412=CARTESIAN_POINT('',(0.,0.,0.));
#5413=DIRECTION('',(0.,0.,1.));
#5414=DIRECTION('',(1.,0.,-0.));
#5415=AXIS2_PLACEMENT_3D('',#5412,#5413,#5414);
#5416=ITEM_DEFINED_TRANSFORMATION('','',#5415,#15);
#5417=(REPRESENTATION_RELATIONSHIP('','',#5402,#3335)REPRESENTATION_RELATIONSHIP_WITH_TRANSFORMATION(#5416)SHAPE_REPRESENTATION_RELATIONSHIP());
#5418=NEXT_ASSEMBLY_USAGE_OCCURRENCE('X1~CRYSTAL-SMD_4P-L3.2-W2.5-BL_SIT8008BI~CRYSTAL-SMD_4P-L3.2-W2.5-BL_SIT8008BI~QmFs_57','X1~CRYSTAL-SMD_4P-L3.2-W2.5-BL_SIT8008BI~CRYSTAL-SMD_4P-L3.2-W2.5-BL_SIT8008BI~QmFs','X1~CRYSTAL-SMD_4P-L3.2-W2.5-BL_SIT8008BI~CRYSTAL-SMD_4P-L3.2-W2.5-BL_SIT8008BI~QmFs',#3344,#5411,$);
#5419=PRODUCT_DEFINITION_SHAPE('','',#5418);
#5420=CONTEXT_DEPENDENT_SHAPE_REPRESENTATION(#5417,#5419);
#5421=(NAMED_UNIT(*)PLANE_ANGLE_UNIT()SI_UNIT($,.RADIAN.));
#5422=PLANE_ANGLE_MEASURE_WITH_UNIT(PLANE_ANGLE_MEASURE(0.0174532925),#5421);
#5423=(CONVERSION_BASED_UNIT('DEGREE',#5422)NAMED_UNIT(#5424)PLANE_ANGLE_UNIT());
#5424=DIMENSIONAL_EXPONENTS(0.,0.,0.,0.,0.,0.,0.);
#5425=(NAMED_UNIT(*)SI_UNIT($,.STERADIAN.)SOLID_ANGLE_UNIT());
#5426=(LENGTH_UNIT()NAMED_UNIT(*)SI_UNIT(.MILLI.,.METRE.));
#5427=UNCERTAINTY_MEASURE_WITH_UNIT(LENGTH_MEASURE(1.000000E-03),#5426,'DISTANCE_ACCURACY_VALUE','Maximum Tolerance applied to model');
#5428=(GEOMETRIC_REPRESENTATION_CONTEXT(3)GLOBAL_UNCERTAINTY_ASSIGNED_CONTEXT((#5427))GLOBAL_UNIT_ASSIGNED_CONTEXT((#5426,#5423,#5425))REPRESENTATION_CONTEXT('','CRYSTAL-SMD_4P-L3.2-W2.5-BL_SIT8008BI~CRYSTAL-SMD_4P-L3.2-W2.5-BL_SIT8008BI~QmFs'));
#5440=CARTESIAN_POINT('',(0.,0.,0.));
#5441=DIRECTION('',(0.,0.,1.));
#5442=DIRECTION('',(1.,0.,-0.));
#5443=AXIS2_PLACEMENT_3D('',#5440,#5441,#5442);
#5444=ITEM_DEFINED_TRANSFORMATION('','',#5443,#15);
#5445=(REPRESENTATION_RELATIONSHIP('','',#5430,#5402)REPRESENTATION_RELATIONSHIP_WITH_TRANSFORMATION(#5444)SHAPE_REPRESENTATION_RELATIONSHIP());
#5446=NEXT_ASSEMBLY_USAGE_OCCURRENCE('CRYSTAL-SMD_4P-L3.2-W2.5-BL_SIT8008BI~CRYSTAL-SMD_4P-L3.2-W2.5-BL_SIT8008BI~QmFs_58','CRYSTAL-SMD_4P-L3.2-W2.5-BL_SIT8008BI~CRYSTAL-SMD_4P-L3.2-W2.5-BL_SIT8008BI~QmFs','CRYSTAL-SMD_4P-L3.2-W2.5-BL_SIT8008BI~CRYSTAL-SMD_4P-L3.2-W2.5-BL_SIT8008BI~QmFs',#5411,#5439,$);
#5447=PRODUCT_DEFINITION_SHAPE('','',#5446);
#5448=CONTEXT_DEPENDENT_SHAPE_REPRESENTATION(#5445,#5447);
#5430=SHAPE_REPRESENTATION('CRYSTAL-SMD_4P-L3.2-W2.5-BL_SIT8008BI~CRYSTAL-SMD_4P-L3.2-W2.5-BL_SIT8008BI~QmFs',(#15),#5428);
#5449=CARTESIAN_POINT('',(0.,0.,0.));
#5450=DIRECTION('',(0.,0.,1.));
#5451=DIRECTION('',(1.,0.,0.));
#5452=AXIS2_PLACEMENT_3D('',#5449,#5450,#5451);
#5454=MAPPED_ITEM('',#5453,#5452);
#5453=REPRESENTATION_MAP(#5452,#5430);
#5438=PRODUCT('CRYSTAL-SMD_4P-L3.2-W2.5-BL_SIT8008BI~CRYSTAL-SMD_4P-L3.2-W2.5-BL_SIT8008BI~QmFs','CRYSTAL-SMD_4P-L3.2-W2.5-BL_SIT8008BI~CRYSTAL-SMD_4P-L3.2-W2.5-BL_SIT8008BI~QmFs','',(#3390));
#5455=PRODUCT_RELATED_PRODUCT_CATEGORY('part','',(#5438));
#5456=PRODUCT_DEFINITION_FORMATION_WITH_SPECIFIED_SOURCE('','',#5438,.NOT_KNOWN.);
#5439=PRODUCT_DEFINITION('design','',#5456,#3391);
#5437=PRODUCT_DEFINITION_SHAPE('','',#5439);
#5457=SHAPE_DEFINITION_REPRESENTATION(#5437,#5430);
#5429=DRAUGHTING_MODEL('',(#5454),#5428);
#5402=SHAPE_REPRESENTATION('X1~CRYSTAL-SMD_4P-L3.2-W2.5-BL_SIT8008BI~CRYSTAL-SMD_4P-L3.2-W2.5-BL_SIT8008BI~QmFs',(#15,#5443),#5400);
#5458=CARTESIAN_POINT('',(0.,0.,0.));
#5459=DIRECTION('',(0.,0.,1.));
#5460=DIRECTION('',(1.,0.,0.));
#5461=AXIS2_PLACEMENT_3D('',#5458,#5459,#5460);
#5463=MAPPED_ITEM('',#5462,#5461);
#5462=REPRESENTATION_MAP(#5461,#5402);
#5410=PRODUCT('X1~CRYSTAL-SMD_4P-L3.2-W2.5-BL_SIT8008BI~CRYSTAL-SMD_4P-L3.2-W2.5-BL_SIT8008BI~QmFs','X1~CRYSTAL-SMD_4P-L3.2-W2.5-BL_SIT8008BI~CRYSTAL-SMD_4P-L3.2-W2.5-BL_SIT8008BI~QmFs','',(#3390));
#5464=PRODUCT_RELATED_PRODUCT_CATEGORY('part','',(#5410));
#5465=PRODUCT_DEFINITION_FORMATION_WITH_SPECIFIED_SOURCE('','',#5410,.NOT_KNOWN.);
#5411=PRODUCT_DEFINITION('design','',#5465,#3391);
#5409=PRODUCT_DEFINITION_SHAPE('','',#5411);
#5466=SHAPE_DEFINITION_REPRESENTATION(#5409,#5402);
#5401=DRAUGHTING_MODEL('',(#5463),#5400);
#5467=(NAMED_UNIT(*)PLANE_ANGLE_UNIT()SI_UNIT($,.RADIAN.));
#5468=PLANE_ANGLE_MEASURE_WITH_UNIT(PLANE_ANGLE_MEASURE(0.0174532925),#5467);
#5469=(CONVERSION_BASED_UNIT('DEGREE',#5468)NAMED_UNIT(#5470)PLANE_ANGLE_UNIT());
#5470=DIMENSIONAL_EXPONENTS(0.,0.,0.,0.,0.,0.,0.);
#5471=(NAMED_UNIT(*)SI_UNIT($,.STERADIAN.)SOLID_ANGLE_UNIT());
#5472=(LENGTH_UNIT()NAMED_UNIT(*)SI_UNIT(.MILLI.,.METRE.));
#5473=UNCERTAINTY_MEASURE_WITH_UNIT(LENGTH_MEASURE(1.000000E-03),#5472,'DISTANCE_ACCURACY_VALUE','Maximum Tolerance applied to model');
#5474=(GEOMETRIC_REPRESENTATION_CONTEXT(3)GLOBAL_UNCERTAINTY_ASSIGNED_CONTEXT((#5473))GLOBAL_UNIT_ASSIGNED_CONTEXT((#5472,#5469,#5471))REPRESENTATION_CONTEXT('','D1~SOD-123_L2.7-W1.6-LS3.7-RD~SOD-123_L2.7-W1.6-H1.4-LS3.7~QmFs'));
#5486=CARTESIAN_POINT('',(0.,0.,0.));
#5487=DIRECTION('',(0.,0.,1.));
#5488=DIRECTION('',(1.,0.,-0.));
#5489=AXIS2_PLACEMENT_3D('',#5486,#5487,#5488);
#5490=ITEM_DEFINED_TRANSFORMATION('','',#5489,#15);
#5491=(REPRESENTATION_RELATIONSHIP('','',#5476,#3335)REPRESENTATION_RELATIONSHIP_WITH_TRANSFORMATION(#5490)SHAPE_REPRESENTATION_RELATIONSHIP());
#5492=NEXT_ASSEMBLY_USAGE_OCCURRENCE('D1~SOD-123_L2.7-W1.6-LS3.7-RD~SOD-123_L2.7-W1.6-H1.4-LS3.7~QmFs_59','D1~SOD-123_L2.7-W1.6-LS3.7-RD~SOD-123_L2.7-W1.6-H1.4-LS3.7~QmFs','D1~SOD-123_L2.7-W1.6-LS3.7-RD~SOD-123_L2.7-W1.6-H1.4-LS3.7~QmFs',#3344,#5485,$);
#5493=PRODUCT_DEFINITION_SHAPE('','',#5492);
#5494=CONTEXT_DEPENDENT_SHAPE_REPRESENTATION(#5491,#5493);
#5495=(NAMED_UNIT(*)PLANE_ANGLE_UNIT()SI_UNIT($,.RADIAN.));
#5496=PLANE_ANGLE_MEASURE_WITH_UNIT(PLANE_ANGLE_MEASURE(0.0174532925),#5495);
#5497=(CONVERSION_BASED_UNIT('DEGREE',#5496)NAMED_UNIT(#5498)PLANE_ANGLE_UNIT());
#5498=DIMENSIONAL_EXPONENTS(0.,0.,0.,0.,0.,0.,0.);
#5499=(NAMED_UNIT(*)SI_UNIT($,.STERADIAN.)SOLID_ANGLE_UNIT());
#5500=(LENGTH_UNIT()NAMED_UNIT(*)SI_UNIT(.MILLI.,.METRE.));
#5501=UNCERTAINTY_MEASURE_WITH_UNIT(LENGTH_MEASURE(1.000000E-03),#5500,'DISTANCE_ACCURACY_VALUE','Maximum Tolerance applied to model');
#5502=(GEOMETRIC_REPRESENTATION_CONTEXT(3)GLOBAL_UNCERTAINTY_ASSIGNED_CONTEXT((#5501))GLOBAL_UNIT_ASSIGNED_CONTEXT((#5500,#5497,#5499))REPRESENTATION_CONTEXT('','SOD-123_L2.7-W1.6-LS3.7-RD~SOD-123_L2.7-W1.6-H1.4-LS3.7~QmFs'));
#5514=CARTESIAN_POINT('',(0.,0.,0.));
#5515=DIRECTION('',(0.,0.,1.));
#5516=DIRECTION('',(1.,0.,-0.));
#5517=AXIS2_PLACEMENT_3D('',#5514,#5515,#5516);
#5518=ITEM_DEFINED_TRANSFORMATION('','',#5517,#15);
#5519=(REPRESENTATION_RELATIONSHIP('','',#5504,#5476)REPRESENTATION_RELATIONSHIP_WITH_TRANSFORMATION(#5518)SHAPE_REPRESENTATION_RELATIONSHIP());
#5520=NEXT_ASSEMBLY_USAGE_OCCURRENCE('SOD-123_L2.7-W1.6-LS3.7-RD~SOD-123_L2.7-W1.6-H1.4-LS3.7~QmFs_60','SOD-123_L2.7-W1.6-LS3.7-RD~SOD-123_L2.7-W1.6-H1.4-LS3.7~QmFs','SOD-123_L2.7-W1.6-LS3.7-RD~SOD-123_L2.7-W1.6-H1.4-LS3.7~QmFs',#5485,#5513,$);
#5521=PRODUCT_DEFINITION_SHAPE('','',#5520);
#5522=CONTEXT_DEPENDENT_SHAPE_REPRESENTATION(#5519,#5521);
#5504=SHAPE_REPRESENTATION('SOD-123_L2.7-W1.6-LS3.7-RD~SOD-123_L2.7-W1.6-H1.4-LS3.7~QmFs',(#15),#5502);
#5523=CARTESIAN_POINT('',(0.,0.,0.));
#5524=DIRECTION('',(0.,0.,1.));
#5525=DIRECTION('',(1.,0.,0.));
#5526=AXIS2_PLACEMENT_3D('',#5523,#5524,#5525);
#5528=MAPPED_ITEM('',#5527,#5526);
#5527=REPRESENTATION_MAP(#5526,#5504);
#5512=PRODUCT('SOD-123_L2.7-W1.6-LS3.7-RD~SOD-123_L2.7-W1.6-H1.4-LS3.7~QmFs','SOD-123_L2.7-W1.6-LS3.7-RD~SOD-123_L2.7-W1.6-H1.4-LS3.7~QmFs','',(#3390));
#5529=PRODUCT_RELATED_PRODUCT_CATEGORY('part','',(#5512));
#5530=PRODUCT_DEFINITION_FORMATION_WITH_SPECIFIED_SOURCE('','',#5512,.NOT_KNOWN.);
#5513=PRODUCT_DEFINITION('design','',#5530,#3391);
#5511=PRODUCT_DEFINITION_SHAPE('','',#5513);
#5531=SHAPE_DEFINITION_REPRESENTATION(#5511,#5504);
#5503=DRAUGHTING_MODEL('',(#5528),#5502);
#5476=SHAPE_REPRESENTATION('D1~SOD-123_L2.7-W1.6-LS3.7-RD~SOD-123_L2.7-W1.6-H1.4-LS3.7~QmFs',(#15,#5517),#5474);
#5532=CARTESIAN_POINT('',(0.,0.,0.));
#5533=DIRECTION('',(0.,0.,1.));
#5534=DIRECTION('',(1.,0.,0.));
#5535=AXIS2_PLACEMENT_3D('',#5532,#5533,#5534);
#5537=MAPPED_ITEM('',#5536,#5535);
#5536=REPRESENTATION_MAP(#5535,#5476);
#5484=PRODUCT('D1~SOD-123_L2.7-W1.6-LS3.7-RD~SOD-123_L2.7-W1.6-H1.4-LS3.7~QmFs','D1~SOD-123_L2.7-W1.6-LS3.7-RD~SOD-123_L2.7-W1.6-H1.4-LS3.7~QmFs','',(#3390));
#5538=PRODUCT_RELATED_PRODUCT_CATEGORY('part','',(#5484));
#5539=PRODUCT_DEFINITION_FORMATION_WITH_SPECIFIED_SOURCE('','',#5484,.NOT_KNOWN.);
#5485=PRODUCT_DEFINITION('design','',#5539,#3391);
#5483=PRODUCT_DEFINITION_SHAPE('','',#5485);
#5540=SHAPE_DEFINITION_REPRESENTATION(#5483,#5476);
#5475=DRAUGHTING_MODEL('',(#5537),#5474);
#5541=(NAMED_UNIT(*)PLANE_ANGLE_UNIT()SI_UNIT($,.RADIAN.));
#5542=PLANE_ANGLE_MEASURE_WITH_UNIT(PLANE_ANGLE_MEASURE(0.0174532925),#5541);
#5543=(CONVERSION_BASED_UNIT('DEGREE',#5542)NAMED_UNIT(#5544)PLANE_ANGLE_UNIT());
#5544=DIMENSIONAL_EXPONENTS(0.,0.,0.,0.,0.,0.,0.);
#5545=(NAMED_UNIT(*)SI_UNIT($,.STERADIAN.)SOLID_ANGLE_UNIT());
#5546=(LENGTH_UNIT()NAMED_UNIT(*)SI_UNIT(.MILLI.,.METRE.));
#5547=UNCERTAINTY_MEASURE_WITH_UNIT(LENGTH_MEASURE(1.000000E-03),#5546,'DISTANCE_ACCURACY_VALUE','Maximum Tolerance applied to model');
#5548=(GEOMETRIC_REPRESENTATION_CONTEXT(3)GLOBAL_UNCERTAINTY_ASSIGNED_CONTEXT((#5547))GLOBAL_UNIT_ASSIGNED_CONTEXT((#5546,#5543,#5545))REPRESENTATION_CONTEXT('','CN1~CONN-TH_4P-P2.50_ZX-XH2.54-4PWZ~CONN-TH_4P-P2.50_ZX-XH2.54-4PWZ~QmFs'));
#5560=CARTESIAN_POINT('',(0.,0.,0.));
#5561=DIRECTION('',(0.,0.,1.));
#5562=DIRECTION('',(1.,0.,-0.));
#5563=AXIS2_PLACEMENT_3D('',#5560,#5561,#5562);
#5564=ITEM_DEFINED_TRANSFORMATION('','',#5563,#15);
#5565=(REPRESENTATION_RELATIONSHIP('','',#5550,#3335)REPRESENTATION_RELATIONSHIP_WITH_TRANSFORMATION(#5564)SHAPE_REPRESENTATION_RELATIONSHIP());
#5566=NEXT_ASSEMBLY_USAGE_OCCURRENCE('CN1~CONN-TH_4P-P2.50_ZX-XH2.54-4PWZ~CONN-TH_4P-P2.50_ZX-XH2.54-4PWZ~QmFs_61','CN1~CONN-TH_4P-P2.50_ZX-XH2.54-4PWZ~CONN-TH_4P-P2.50_ZX-XH2.54-4PWZ~QmFs','CN1~CONN-TH_4P-P2.50_ZX-XH2.54-4PWZ~CONN-TH_4P-P2.50_ZX-XH2.54-4PWZ~QmFs',#3344,#5559,$);
#5567=PRODUCT_DEFINITION_SHAPE('','',#5566);
#5568=CONTEXT_DEPENDENT_SHAPE_REPRESENTATION(#5565,#5567);
#5569=(NAMED_UNIT(*)PLANE_ANGLE_UNIT()SI_UNIT($,.RADIAN.));
#5570=PLANE_ANGLE_MEASURE_WITH_UNIT(PLANE_ANGLE_MEASURE(0.0174532925),#5569);
#5571=(CONVERSION_BASED_UNIT('DEGREE',#5570)NAMED_UNIT(#5572)PLANE_ANGLE_UNIT());
#5572=DIMENSIONAL_EXPONENTS(0.,0.,0.,0.,0.,0.,0.);
#5573=(NAMED_UNIT(*)SI_UNIT($,.STERADIAN.)SOLID_ANGLE_UNIT());
#5574=(LENGTH_UNIT()NAMED_UNIT(*)SI_UNIT(.MILLI.,.METRE.));
#5575=UNCERTAINTY_MEASURE_WITH_UNIT(LENGTH_MEASURE(1.000000E-03),#5574,'DISTANCE_ACCURACY_VALUE','Maximum Tolerance applied to model');
#5576=(GEOMETRIC_REPRESENTATION_CONTEXT(3)GLOBAL_UNCERTAINTY_ASSIGNED_CONTEXT((#5575))GLOBAL_UNIT_ASSIGNED_CONTEXT((#5574,#5571,#5573))REPRESENTATION_CONTEXT('','CONN-TH_4P-P2.50_ZX-XH2.54-4PWZ~CONN-TH_4P-P2.50_ZX-XH2.54-4PWZ~QmFs'));
#5588=CARTESIAN_POINT('',(0.,0.,0.));
#5589=DIRECTION('',(0.,0.,1.));
#5590=DIRECTION('',(1.,0.,-0.));
#5591=AXIS2_PLACEMENT_3D('',#5588,#5589,#5590);
#5592=ITEM_DEFINED_TRANSFORMATION('','',#5591,#15);
#5593=(REPRESENTATION_RELATIONSHIP('','',#5578,#5550)REPRESENTATION_RELATIONSHIP_WITH_TRANSFORMATION(#5592)SHAPE_REPRESENTATION_RELATIONSHIP());
#5594=NEXT_ASSEMBLY_USAGE_OCCURRENCE('CONN-TH_4P-P2.50_ZX-XH2.54-4PWZ~CONN-TH_4P-P2.50_ZX-XH2.54-4PWZ~QmFs_62','CONN-TH_4P-P2.50_ZX-XH2.54-4PWZ~CONN-TH_4P-P2.50_ZX-XH2.54-4PWZ~QmFs','CONN-TH_4P-P2.50_ZX-XH2.54-4PWZ~CONN-TH_4P-P2.50_ZX-XH2.54-4PWZ~QmFs',#5559,#5587,$);
#5595=PRODUCT_DEFINITION_SHAPE('','',#5594);
#5596=CONTEXT_DEPENDENT_SHAPE_REPRESENTATION(#5593,#5595);
#5578=SHAPE_REPRESENTATION('CONN-TH_4P-P2.50_ZX-XH2.54-4PWZ~CONN-TH_4P-P2.50_ZX-XH2.54-4PWZ~QmFs',(#15),#5576);
#5597=CARTESIAN_POINT('',(0.,0.,0.));
#5598=DIRECTION('',(0.,0.,1.));
#5599=DIRECTION('',(1.,0.,0.));
#5600=AXIS2_PLACEMENT_3D('',#5597,#5598,#5599);
#5602=MAPPED_ITEM('',#5601,#5600);
#5601=REPRESENTATION_MAP(#5600,#5578);
#5586=PRODUCT('CONN-TH_4P-P2.50_ZX-XH2.54-4PWZ~CONN-TH_4P-P2.50_ZX-XH2.54-4PWZ~QmFs','CONN-TH_4P-P2.50_ZX-XH2.54-4PWZ~CONN-TH_4P-P2.50_ZX-XH2.54-4PWZ~QmFs','',(#3390));
#5603=PRODUCT_RELATED_PRODUCT_CATEGORY('part','',(#5586));
#5604=PRODUCT_DEFINITION_FORMATION_WITH_SPECIFIED_SOURCE('','',#5586,.NOT_KNOWN.);
#5587=PRODUCT_DEFINITION('design','',#5604,#3391);
#5585=PRODUCT_DEFINITION_SHAPE('','',#5587);
#5605=SHAPE_DEFINITION_REPRESENTATION(#5585,#5578);
#5577=DRAUGHTING_MODEL('',(#5602),#5576);
#5550=SHAPE_REPRESENTATION('CN1~CONN-TH_4P-P2.50_ZX-XH2.54-4PWZ~CONN-TH_4P-P2.50_ZX-XH2.54-4PWZ~QmFs',(#15,#5591),#5548);
#5606=CARTESIAN_POINT('',(0.,0.,0.));
#5607=DIRECTION('',(0.,0.,1.));
#5608=DIRECTION('',(1.,0.,0.));
#5609=AXIS2_PLACEMENT_3D('',#5606,#5607,#5608);
#5611=MAPPED_ITEM('',#5610,#5609);
#5610=REPRESENTATION_MAP(#5609,#5550);
#5558=PRODUCT('CN1~CONN-TH_4P-P2.50_ZX-XH2.54-4PWZ~CONN-TH_4P-P2.50_ZX-XH2.54-4PWZ~QmFs','CN1~CONN-TH_4P-P2.50_ZX-XH2.54-4PWZ~CONN-TH_4P-P2.50_ZX-XH2.54-4PWZ~QmFs','',(#3390));
#5612=PRODUCT_RELATED_PRODUCT_CATEGORY('part','',(#5558));
#5613=PRODUCT_DEFINITION_FORMATION_WITH_SPECIFIED_SOURCE('','',#5558,.NOT_KNOWN.);
#5559=PRODUCT_DEFINITION('design','',#5613,#3391);
#5557=PRODUCT_DEFINITION_SHAPE('','',#5559);
#5614=SHAPE_DEFINITION_REPRESENTATION(#5557,#5550);
#5549=DRAUGHTING_MODEL('',(#5611),#5548);
#5615=(NAMED_UNIT(*)PLANE_ANGLE_UNIT()SI_UNIT($,.RADIAN.));
#5616=PLANE_ANGLE_MEASURE_WITH_UNIT(PLANE_ANGLE_MEASURE(0.0174532925),#5615);
#5617=(CONVERSION_BASED_UNIT('DEGREE',#5616)NAMED_UNIT(#5618)PLANE_ANGLE_UNIT());
#5618=DIMENSIONAL_EXPONENTS(0.,0.,0.,0.,0.,0.,0.);
#5619=(NAMED_UNIT(*)SI_UNIT($,.STERADIAN.)SOLID_ANGLE_UNIT());
#5620=(LENGTH_UNIT()NAMED_UNIT(*)SI_UNIT(.MILLI.,.METRE.));
#5621=UNCERTAINTY_MEASURE_WITH_UNIT(LENGTH_MEASURE(1.000000E-03),#5620,'DISTANCE_ACCURACY_VALUE','Maximum Tolerance applied to model');
#5622=(GEOMETRIC_REPRESENTATION_CONTEXT(3)GLOBAL_UNCERTAINTY_ASSIGNED_CONTEXT((#5621))GLOBAL_UNIT_ASSIGNED_CONTEXT((#5620,#5617,#5619))REPRESENTATION_CONTEXT('','L3~IND-SMD_L1.6-W0.8~IND-SMD_L1.6-W0.8-H0.7~QmFs'));
#5634=CARTESIAN_POINT('',(0.,0.,0.));
#5635=DIRECTION('',(0.,0.,1.));
#5636=DIRECTION('',(1.,0.,-0.));
#5637=AXIS2_PLACEMENT_3D('',#5634,#5635,#5636);
#5638=ITEM_DEFINED_TRANSFORMATION('','',#5637,#15);
#5639=(REPRESENTATION_RELATIONSHIP('','',#5624,#3335)REPRESENTATION_RELATIONSHIP_WITH_TRANSFORMATION(#5638)SHAPE_REPRESENTATION_RELATIONSHIP());
#5640=NEXT_ASSEMBLY_USAGE_OCCURRENCE('L3~IND-SMD_L1.6-W0.8~IND-SMD_L1.6-W0.8-H0.7~QmFs_63','L3~IND-SMD_L1.6-W0.8~IND-SMD_L1.6-W0.8-H0.7~QmFs','L3~IND-SMD_L1.6-W0.8~IND-SMD_L1.6-W0.8-H0.7~QmFs',#3344,#5633,$);
#5641=PRODUCT_DEFINITION_SHAPE('','',#5640);
#5642=CONTEXT_DEPENDENT_SHAPE_REPRESENTATION(#5639,#5641);
#5643=(NAMED_UNIT(*)PLANE_ANGLE_UNIT()SI_UNIT($,.RADIAN.));
#5644=PLANE_ANGLE_MEASURE_WITH_UNIT(PLANE_ANGLE_MEASURE(0.0174532925),#5643);
#5645=(CONVERSION_BASED_UNIT('DEGREE',#5644)NAMED_UNIT(#5646)PLANE_ANGLE_UNIT());
#5646=DIMENSIONAL_EXPONENTS(0.,0.,0.,0.,0.,0.,0.);
#5647=(NAMED_UNIT(*)SI_UNIT($,.STERADIAN.)SOLID_ANGLE_UNIT());
#5648=(LENGTH_UNIT()NAMED_UNIT(*)SI_UNIT(.MILLI.,.METRE.));
#5649=UNCERTAINTY_MEASURE_WITH_UNIT(LENGTH_MEASURE(1.000000E-03),#5648,'DISTANCE_ACCURACY_VALUE','Maximum Tolerance applied to model');
#5650=(GEOMETRIC_REPRESENTATION_CONTEXT(3)GLOBAL_UNCERTAINTY_ASSIGNED_CONTEXT((#5649))GLOBAL_UNIT_ASSIGNED_CONTEXT((#5648,#5645,#5647))REPRESENTATION_CONTEXT('','IND-SMD_L1.6-W0.8~IND-SMD_L1.6-W0.8-H0.7~QmFs'));
#5662=CARTESIAN_POINT('',(0.,0.,0.));
#5663=DIRECTION('',(0.,0.,1.));
#5664=DIRECTION('',(1.,0.,-0.));
#5665=AXIS2_PLACEMENT_3D('',#5662,#5663,#5664);
#5666=ITEM_DEFINED_TRANSFORMATION('','',#5665,#15);
#5667=(REPRESENTATION_RELATIONSHIP('','',#5652,#5624)REPRESENTATION_RELATIONSHIP_WITH_TRANSFORMATION(#5666)SHAPE_REPRESENTATION_RELATIONSHIP());
#5668=NEXT_ASSEMBLY_USAGE_OCCURRENCE('IND-SMD_L1.6-W0.8~IND-SMD_L1.6-W0.8-H0.7~QmFs_64','IND-SMD_L1.6-W0.8~IND-SMD_L1.6-W0.8-H0.7~QmFs','IND-SMD_L1.6-W0.8~IND-SMD_L1.6-W0.8-H0.7~QmFs',#5633,#5661,$);
#5669=PRODUCT_DEFINITION_SHAPE('','',#5668);
#5670=CONTEXT_DEPENDENT_SHAPE_REPRESENTATION(#5667,#5669);
#5652=SHAPE_REPRESENTATION('IND-SMD_L1.6-W0.8~IND-SMD_L1.6-W0.8-H0.7~QmFs',(#15),#5650);
#5671=CARTESIAN_POINT('',(0.,0.,0.));
#5672=DIRECTION('',(0.,0.,1.));
#5673=DIRECTION('',(1.,0.,0.));
#5674=AXIS2_PLACEMENT_3D('',#5671,#5672,#5673);
#5676=MAPPED_ITEM('',#5675,#5674);
#5675=REPRESENTATION_MAP(#5674,#5652);
#5660=PRODUCT('IND-SMD_L1.6-W0.8~IND-SMD_L1.6-W0.8-H0.7~QmFs','IND-SMD_L1.6-W0.8~IND-SMD_L1.6-W0.8-H0.7~QmFs','',(#3390));
#5677=PRODUCT_RELATED_PRODUCT_CATEGORY('part','',(#5660));
#5678=PRODUCT_DEFINITION_FORMATION_WITH_SPECIFIED_SOURCE('','',#5660,.NOT_KNOWN.);
#5661=PRODUCT_DEFINITION('design','',#5678,#3391);
#5659=PRODUCT_DEFINITION_SHAPE('','',#5661);
#5679=SHAPE_DEFINITION_REPRESENTATION(#5659,#5652);
#5651=DRAUGHTING_MODEL('',(#5676),#5650);
#5624=SHAPE_REPRESENTATION('L3~IND-SMD_L1.6-W0.8~IND-SMD_L1.6-W0.8-H0.7~QmFs',(#15,#5665),#5622);
#5680=CARTESIAN_POINT('',(0.,0.,0.));
#5681=DIRECTION('',(0.,0.,1.));
#5682=DIRECTION('',(1.,0.,0.));
#5683=AXIS2_PLACEMENT_3D('',#5680,#5681,#5682);
#5685=MAPPED_ITEM('',#5684,#5683);
#5684=REPRESENTATION_MAP(#5683,#5624);
#5632=PRODUCT('L3~IND-SMD_L1.6-W0.8~IND-SMD_L1.6-W0.8-H0.7~QmFs','L3~IND-SMD_L1.6-W0.8~IND-SMD_L1.6-W0.8-H0.7~QmFs','',(#3390));
#5686=PRODUCT_RELATED_PRODUCT_CATEGORY('part','',(#5632));
#5687=PRODUCT_DEFINITION_FORMATION_WITH_SPECIFIED_SOURCE('','',#5632,.NOT_KNOWN.);
#5633=PRODUCT_DEFINITION('design','',#5687,#3391);
#5631=PRODUCT_DEFINITION_SHAPE('','',#5633);
#5688=SHAPE_DEFINITION_REPRESENTATION(#5631,#5624);
#5623=DRAUGHTING_MODEL('',(#5685),#5622);
#5689=(NAMED_UNIT(*)PLANE_ANGLE_UNIT()SI_UNIT($,.RADIAN.));
#5690=PLANE_ANGLE_MEASURE_WITH_UNIT(PLANE_ANGLE_MEASURE(0.0174532925),#5689);
#5691=(CONVERSION_BASED_UNIT('DEGREE',#5690)NAMED_UNIT(#5692)PLANE_ANGLE_UNIT());
#5692=DIMENSIONAL_EXPONENTS(0.,0.,0.,0.,0.,0.,0.);
#5693=(NAMED_UNIT(*)SI_UNIT($,.STERADIAN.)SOLID_ANGLE_UNIT());
#5694=(LENGTH_UNIT()NAMED_UNIT(*)SI_UNIT(.MILLI.,.METRE.));
#5695=UNCERTAINTY_MEASURE_WITH_UNIT(LENGTH_MEASURE(1.000000E-03),#5694,'DISTANCE_ACCURACY_VALUE','Maximum Tolerance applied to model');
#5696=(GEOMETRIC_REPRESENTATION_CONTEXT(3)GLOBAL_UNCERTAINTY_ASSIGNED_CONTEXT((#5695))GLOBAL_UNIT_ASSIGNED_CONTEXT((#5694,#5691,#5693))REPRESENTATION_CONTEXT('','H2~HDR-TH_3P-P2.54-V-M~HDR-TH_3P-P2.54-M-LI-1X3P~QmFs'));
#5708=CARTESIAN_POINT('',(0.,0.,0.));
#5709=DIRECTION('',(0.,0.,1.));
#5710=DIRECTION('',(1.,0.,-0.));
#5711=AXIS2_PLACEMENT_3D('',#5708,#5709,#5710);
#5712=ITEM_DEFINED_TRANSFORMATION('','',#5711,#15);
#5713=(REPRESENTATION_RELATIONSHIP('','',#5698,#3335)REPRESENTATION_RELATIONSHIP_WITH_TRANSFORMATION(#5712)SHAPE_REPRESENTATION_RELATIONSHIP());
#5714=NEXT_ASSEMBLY_USAGE_OCCURRENCE('H2~HDR-TH_3P-P2.54-V-M~HDR-TH_3P-P2.54-M-LI-1X3P~QmFs_65','H2~HDR-TH_3P-P2.54-V-M~HDR-TH_3P-P2.54-M-LI-1X3P~QmFs','H2~HDR-TH_3P-P2.54-V-M~HDR-TH_3P-P2.54-M-LI-1X3P~QmFs',#3344,#5707,$);
#5715=PRODUCT_DEFINITION_SHAPE('','',#5714);
#5716=CONTEXT_DEPENDENT_SHAPE_REPRESENTATION(#5713,#5715);
#5717=(NAMED_UNIT(*)PLANE_ANGLE_UNIT()SI_UNIT($,.RADIAN.));
#5718=PLANE_ANGLE_MEASURE_WITH_UNIT(PLANE_ANGLE_MEASURE(0.0174532925),#5717);
#5719=(CONVERSION_BASED_UNIT('DEGREE',#5718)NAMED_UNIT(#5720)PLANE_ANGLE_UNIT());
#5720=DIMENSIONAL_EXPONENTS(0.,0.,0.,0.,0.,0.,0.);
#5721=(NAMED_UNIT(*)SI_UNIT($,.STERADIAN.)SOLID_ANGLE_UNIT());
#5722=(LENGTH_UNIT()NAMED_UNIT(*)SI_UNIT(.MILLI.,.METRE.));
#5723=UNCERTAINTY_MEASURE_WITH_UNIT(LENGTH_MEASURE(1.000000E-03),#5722,'DISTANCE_ACCURACY_VALUE','Maximum Tolerance applied to model');
#5724=(GEOMETRIC_REPRESENTATION_CONTEXT(3)GLOBAL_UNCERTAINTY_ASSIGNED_CONTEXT((#5723))GLOBAL_UNIT_ASSIGNED_CONTEXT((#5722,#5719,#5721))REPRESENTATION_CONTEXT('','HDR-TH_3P-P2.54-V-M~HDR-TH_3P-P2.54-M-LI-1X3P~QmFs'));
#5736=CARTESIAN_POINT('',(0.,0.,0.));
#5737=DIRECTION('',(0.,0.,1.));
#5738=DIRECTION('',(1.,0.,-0.));
#5739=AXIS2_PLACEMENT_3D('',#5736,#5737,#5738);
#5740=ITEM_DEFINED_TRANSFORMATION('','',#5739,#15);
#5741=(REPRESENTATION_RELATIONSHIP('','',#5726,#5698)REPRESENTATION_RELATIONSHIP_WITH_TRANSFORMATION(#5740)SHAPE_REPRESENTATION_RELATIONSHIP());
#5742=NEXT_ASSEMBLY_USAGE_OCCURRENCE('HDR-TH_3P-P2.54-V-M~HDR-TH_3P-P2.54-M-LI-1X3P~QmFs_66','HDR-TH_3P-P2.54-V-M~HDR-TH_3P-P2.54-M-LI-1X3P~QmFs','HDR-TH_3P-P2.54-V-M~HDR-TH_3P-P2.54-M-LI-1X3P~QmFs',#5707,#5735,$);
#5743=PRODUCT_DEFINITION_SHAPE('','',#5742);
#5744=CONTEXT_DEPENDENT_SHAPE_REPRESENTATION(#5741,#5743);
#5726=SHAPE_REPRESENTATION('HDR-TH_3P-P2.54-V-M~HDR-TH_3P-P2.54-M-LI-1X3P~QmFs',(#15),#5724);
#5745=CARTESIAN_POINT('',(0.,0.,0.));
#5746=DIRECTION('',(0.,0.,1.));
#5747=DIRECTION('',(1.,0.,0.));
#5748=AXIS2_PLACEMENT_3D('',#5745,#5746,#5747);
#5750=MAPPED_ITEM('',#5749,#5748);
#5749=REPRESENTATION_MAP(#5748,#5726);
#5734=PRODUCT('HDR-TH_3P-P2.54-V-M~HDR-TH_3P-P2.54-M-LI-1X3P~QmFs','HDR-TH_3P-P2.54-V-M~HDR-TH_3P-P2.54-M-LI-1X3P~QmFs','',(#3390));
#5751=PRODUCT_RELATED_PRODUCT_CATEGORY('part','',(#5734));
#5752=PRODUCT_DEFINITION_FORMATION_WITH_SPECIFIED_SOURCE('','',#5734,.NOT_KNOWN.);
#5735=PRODUCT_DEFINITION('design','',#5752,#3391);
#5733=PRODUCT_DEFINITION_SHAPE('','',#5735);
#5753=SHAPE_DEFINITION_REPRESENTATION(#5733,#5726);
#5725=DRAUGHTING_MODEL('',(#5750),#5724);
#5698=SHAPE_REPRESENTATION('H2~HDR-TH_3P-P2.54-V-M~HDR-TH_3P-P2.54-M-LI-1X3P~QmFs',(#15,#5739),#5696);
#5754=CARTESIAN_POINT('',(0.,0.,0.));
#5755=DIRECTION('',(0.,0.,1.));
#5756=DIRECTION('',(1.,0.,0.));
#5757=AXIS2_PLACEMENT_3D('',#5754,#5755,#5756);
#5759=MAPPED_ITEM('',#5758,#5757);
#5758=REPRESENTATION_MAP(#5757,#5698);
#5706=PRODUCT('H2~HDR-TH_3P-P2.54-V-M~HDR-TH_3P-P2.54-M-LI-1X3P~QmFs','H2~HDR-TH_3P-P2.54-V-M~HDR-TH_3P-P2.54-M-LI-1X3P~QmFs','',(#3390));
#5760=PRODUCT_RELATED_PRODUCT_CATEGORY('part','',(#5706));
#5761=PRODUCT_DEFINITION_FORMATION_WITH_SPECIFIED_SOURCE('','',#5706,.NOT_KNOWN.);
#5707=PRODUCT_DEFINITION('design','',#5761,#3391);
#5705=PRODUCT_DEFINITION_SHAPE('','',#5707);
#5762=SHAPE_DEFINITION_REPRESENTATION(#5705,#5698);
#5697=DRAUGHTING_MODEL('',(#5759),#5696);
#5763=(NAMED_UNIT(*)PLANE_ANGLE_UNIT()SI_UNIT($,.RADIAN.));
#5764=PLANE_ANGLE_MEASURE_WITH_UNIT(PLANE_ANGLE_MEASURE(0.0174532925),#5763);
#5765=(CONVERSION_BASED_UNIT('DEGREE',#5764)NAMED_UNIT(#5766)PLANE_ANGLE_UNIT());
#5766=DIMENSIONAL_EXPONENTS(0.,0.,0.,0.,0.,0.,0.);
#5767=(NAMED_UNIT(*)SI_UNIT($,.STERADIAN.)SOLID_ANGLE_UNIT());
#5768=(LENGTH_UNIT()NAMED_UNIT(*)SI_UNIT(.MILLI.,.METRE.));
#5769=UNCERTAINTY_MEASURE_WITH_UNIT(LENGTH_MEASURE(1.000000E-03),#5768,'DISTANCE_ACCURACY_VALUE','Maximum Tolerance applied to model');
#5770=(GEOMETRIC_REPRESENTATION_CONTEXT(3)GLOBAL_UNCERTAINTY_ASSIGNED_CONTEXT((#5769))GLOBAL_UNIT_ASSIGNED_CONTEXT((#5768,#5765,#5767))REPRESENTATION_CONTEXT('','SW1~SW-SMD_L4.7-W3.5-P3.35-EH~SW-SMD_L4.7-W3.5-H1.9-P3.35-EH~QmFs'));
#5782=CARTESIAN_POINT('',(0.,0.,0.));
#5783=DIRECTION('',(0.,0.,1.));
#5784=DIRECTION('',(1.,0.,-0.));
#5785=AXIS2_PLACEMENT_3D('',#5782,#5783,#5784);
#5786=ITEM_DEFINED_TRANSFORMATION('','',#5785,#15);
#5787=(REPRESENTATION_RELATIONSHIP('','',#5772,#3335)REPRESENTATION_RELATIONSHIP_WITH_TRANSFORMATION(#5786)SHAPE_REPRESENTATION_RELATIONSHIP());
#5788=NEXT_ASSEMBLY_USAGE_OCCURRENCE('SW1~SW-SMD_L4.7-W3.5-P3.35-EH~SW-SMD_L4.7-W3.5-H1.9-P3.35-EH~QmFs_67','SW1~SW-SMD_L4.7-W3.5-P3.35-EH~SW-SMD_L4.7-W3.5-H1.9-P3.35-EH~QmFs','SW1~SW-SMD_L4.7-W3.5-P3.35-EH~SW-SMD_L4.7-W3.5-H1.9-P3.35-EH~QmFs',#3344,#5781,$);
#5789=PRODUCT_DEFINITION_SHAPE('','',#5788);
#5790=CONTEXT_DEPENDENT_SHAPE_REPRESENTATION(#5787,#5789);
#5791=(NAMED_UNIT(*)PLANE_ANGLE_UNIT()SI_UNIT($,.RADIAN.));
#5792=PLANE_ANGLE_MEASURE_WITH_UNIT(PLANE_ANGLE_MEASURE(0.0174532925),#5791);
#5793=(CONVERSION_BASED_UNIT('DEGREE',#5792)NAMED_UNIT(#5794)PLANE_ANGLE_UNIT());
#5794=DIMENSIONAL_EXPONENTS(0.,0.,0.,0.,0.,0.,0.);
#5795=(NAMED_UNIT(*)SI_UNIT($,.STERADIAN.)SOLID_ANGLE_UNIT());
#5796=(LENGTH_UNIT()NAMED_UNIT(*)SI_UNIT(.MILLI.,.METRE.));
#5797=UNCERTAINTY_MEASURE_WITH_UNIT(LENGTH_MEASURE(1.000000E-03),#5796,'DISTANCE_ACCURACY_VALUE','Maximum Tolerance applied to model');
#5798=(GEOMETRIC_REPRESENTATION_CONTEXT(3)GLOBAL_UNCERTAINTY_ASSIGNED_CONTEXT((#5797))GLOBAL_UNIT_ASSIGNED_CONTEXT((#5796,#5793,#5795))REPRESENTATION_CONTEXT('','SW-SMD_L4.7-W3.5-P3.35-EH~SW-SMD_L4.7-W3.5-H1.9-P3.35-EH~QmFs'));
#5810=CARTESIAN_POINT('',(0.,0.,0.));
#5811=DIRECTION('',(0.,0.,1.));
#5812=DIRECTION('',(1.,0.,-0.));
#5813=AXIS2_PLACEMENT_3D('',#5810,#5811,#5812);
#5814=ITEM_DEFINED_TRANSFORMATION('','',#5813,#15);
#5815=(REPRESENTATION_RELATIONSHIP('','',#5800,#5772)REPRESENTATION_RELATIONSHIP_WITH_TRANSFORMATION(#5814)SHAPE_REPRESENTATION_RELATIONSHIP());
#5816=NEXT_ASSEMBLY_USAGE_OCCURRENCE('SW-SMD_L4.7-W3.5-P3.35-EH~SW-SMD_L4.7-W3.5-H1.9-P3.35-EH~QmFs_68','SW-SMD_L4.7-W3.5-P3.35-EH~SW-SMD_L4.7-W3.5-H1.9-P3.35-EH~QmFs','SW-SMD_L4.7-W3.5-P3.35-EH~SW-SMD_L4.7-W3.5-H1.9-P3.35-EH~QmFs',#5781,#5809,$);
#5817=PRODUCT_DEFINITION_SHAPE('','',#5816);
#5818=CONTEXT_DEPENDENT_SHAPE_REPRESENTATION(#5815,#5817);
#5800=SHAPE_REPRESENTATION('SW-SMD_L4.7-W3.5-P3.35-EH~SW-SMD_L4.7-W3.5-H1.9-P3.35-EH~QmFs',(#15),#5798);
#5819=CARTESIAN_POINT('',(0.,0.,0.));
#5820=DIRECTION('',(0.,0.,1.));
#5821=DIRECTION('',(1.,0.,0.));
#5822=AXIS2_PLACEMENT_3D('',#5819,#5820,#5821);
#5824=MAPPED_ITEM('',#5823,#5822);
#5823=REPRESENTATION_MAP(#5822,#5800);
#5808=PRODUCT('SW-SMD_L4.7-W3.5-P3.35-EH~SW-SMD_L4.7-W3.5-H1.9-P3.35-EH~QmFs','SW-SMD_L4.7-W3.5-P3.35-EH~SW-SMD_L4.7-W3.5-H1.9-P3.35-EH~QmFs','',(#3390));
#5825=PRODUCT_RELATED_PRODUCT_CATEGORY('part','',(#5808));
#5826=PRODUCT_DEFINITION_FORMATION_WITH_SPECIFIED_SOURCE('','',#5808,.NOT_KNOWN.);
#5809=PRODUCT_DEFINITION('design','',#5826,#3391);
#5807=PRODUCT_DEFINITION_SHAPE('','',#5809);
#5827=SHAPE_DEFINITION_REPRESENTATION(#5807,#5800);
#5799=DRAUGHTING_MODEL('',(#5824),#5798);
#5772=SHAPE_REPRESENTATION('SW1~SW-SMD_L4.7-W3.5-P3.35-EH~SW-SMD_L4.7-W3.5-H1.9-P3.35-EH~QmFs',(#15,#5813),#5770);
#5828=CARTESIAN_POINT('',(0.,0.,0.));
#5829=DIRECTION('',(0.,0.,1.));
#5830=DIRECTION('',(1.,0.,0.));
#5831=AXIS2_PLACEMENT_3D('',#5828,#5829,#5830);
#5833=MAPPED_ITEM('',#5832,#5831);
#5832=REPRESENTATION_MAP(#5831,#5772);
#5780=PRODUCT('SW1~SW-SMD_L4.7-W3.5-P3.35-EH~SW-SMD_L4.7-W3.5-H1.9-P3.35-EH~QmFs','SW1~SW-SMD_L4.7-W3.5-P3.35-EH~SW-SMD_L4.7-W3.5-H1.9-P3.35-EH~QmFs','',(#3390));
#5834=PRODUCT_RELATED_PRODUCT_CATEGORY('part','',(#5780));
#5835=PRODUCT_DEFINITION_FORMATION_WITH_SPECIFIED_SOURCE('','',#5780,.NOT_KNOWN.);
#5781=PRODUCT_DEFINITION('design','',#5835,#3391);
#5779=PRODUCT_DEFINITION_SHAPE('','',#5781);
#5836=SHAPE_DEFINITION_REPRESENTATION(#5779,#5772);
#5771=DRAUGHTING_MODEL('',(#5833),#5770);
#5837=(NAMED_UNIT(*)PLANE_ANGLE_UNIT()SI_UNIT($,.RADIAN.));
#5838=PLANE_ANGLE_MEASURE_WITH_UNIT(PLANE_ANGLE_MEASURE(0.0174532925),#5837);
#5839=(CONVERSION_BASED_UNIT('DEGREE',#5838)NAMED_UNIT(#5840)PLANE_ANGLE_UNIT());
#5840=DIMENSIONAL_EXPONENTS(0.,0.,0.,0.,0.,0.,0.);
#5841=(NAMED_UNIT(*)SI_UNIT($,.STERADIAN.)SOLID_ANGLE_UNIT());
#5842=(LENGTH_UNIT()NAMED_UNIT(*)SI_UNIT(.MILLI.,.METRE.));
#5843=UNCERTAINTY_MEASURE_WITH_UNIT(LENGTH_MEASURE(1.000000E-03),#5842,'DISTANCE_ACCURACY_VALUE','Maximum Tolerance applied to model');
#5844=(GEOMETRIC_REPRESENTATION_CONTEXT(3)GLOBAL_UNCERTAINTY_ASSIGNED_CONTEXT((#5843))GLOBAL_UNIT_ASSIGNED_CONTEXT((#5842,#5839,#5841))REPRESENTATION_CONTEXT('','SW1~SW-SMD_L4.7-W3.5-P3.35-EH~SW-SMD_L4.7-W3.5-H1.9-P3.35-EH~QmFs'));
#5856=CARTESIAN_POINT('',(0.,0.,0.));
#5857=DIRECTION('',(0.,0.,1.));
#5858=DIRECTION('',(1.,0.,-0.));
#5859=AXIS2_PLACEMENT_3D('',#5856,#5857,#5858);
#5860=ITEM_DEFINED_TRANSFORMATION('','',#5859,#15);
#5861=(REPRESENTATION_RELATIONSHIP('','',#5846,#3335)REPRESENTATION_RELATIONSHIP_WITH_TRANSFORMATION(#5860)SHAPE_REPRESENTATION_RELATIONSHIP());
#5862=NEXT_ASSEMBLY_USAGE_OCCURRENCE('SW1~SW-SMD_L4.7-W3.5-P3.35-EH~SW-SMD_L4.7-W3.5-H1.9-P3.35-EH~QmFs_69','SW1~SW-SMD_L4.7-W3.5-P3.35-EH~SW-SMD_L4.7-W3.5-H1.9-P3.35-EH~QmFs','SW1~SW-SMD_L4.7-W3.5-P3.35-EH~SW-SMD_L4.7-W3.5-H1.9-P3.35-EH~QmFs',#3344,#5855,$);
#5863=PRODUCT_DEFINITION_SHAPE('','',#5862);
#5864=CONTEXT_DEPENDENT_SHAPE_REPRESENTATION(#5861,#5863);
#5865=(NAMED_UNIT(*)PLANE_ANGLE_UNIT()SI_UNIT($,.RADIAN.));
#5866=PLANE_ANGLE_MEASURE_WITH_UNIT(PLANE_ANGLE_MEASURE(0.0174532925),#5865);
#5867=(CONVERSION_BASED_UNIT('DEGREE',#5866)NAMED_UNIT(#5868)PLANE_ANGLE_UNIT());
#5868=DIMENSIONAL_EXPONENTS(0.,0.,0.,0.,0.,0.,0.);
#5869=(NAMED_UNIT(*)SI_UNIT($,.STERADIAN.)SOLID_ANGLE_UNIT());
#5870=(LENGTH_UNIT()NAMED_UNIT(*)SI_UNIT(.MILLI.,.METRE.));
#5871=UNCERTAINTY_MEASURE_WITH_UNIT(LENGTH_MEASURE(1.000000E-03),#5870,'DISTANCE_ACCURACY_VALUE','Maximum Tolerance applied to model');
#5872=(GEOMETRIC_REPRESENTATION_CONTEXT(3)GLOBAL_UNCERTAINTY_ASSIGNED_CONTEXT((#5871))GLOBAL_UNIT_ASSIGNED_CONTEXT((#5870,#5867,#5869))REPRESENTATION_CONTEXT('','SW-SMD_L4.7-W3.5-P3.35-EH~SW-SMD_L4.7-W3.5-H1.9-P3.35-EH~QmFs'));
#5884=CARTESIAN_POINT('',(0.,0.,0.));
#5885=DIRECTION('',(0.,0.,1.));
#5886=DIRECTION('',(1.,0.,-0.));
#5887=AXIS2_PLACEMENT_3D('',#5884,#5885,#5886);
#5888=ITEM_DEFINED_TRANSFORMATION('','',#5887,#15);
#5889=(REPRESENTATION_RELATIONSHIP('','',#5874,#5846)REPRESENTATION_RELATIONSHIP_WITH_TRANSFORMATION(#5888)SHAPE_REPRESENTATION_RELATIONSHIP());
#5890=NEXT_ASSEMBLY_USAGE_OCCURRENCE('SW-SMD_L4.7-W3.5-P3.35-EH~SW-SMD_L4.7-W3.5-H1.9-P3.35-EH~QmFs_70','SW-SMD_L4.7-W3.5-P3.35-EH~SW-SMD_L4.7-W3.5-H1.9-P3.35-EH~QmFs','SW-SMD_L4.7-W3.5-P3.35-EH~SW-SMD_L4.7-W3.5-H1.9-P3.35-EH~QmFs',#5855,#5883,$);
#5891=PRODUCT_DEFINITION_SHAPE('','',#5890);
#5892=CONTEXT_DEPENDENT_SHAPE_REPRESENTATION(#5889,#5891);
#5874=SHAPE_REPRESENTATION('SW-SMD_L4.7-W3.5-P3.35-EH~SW-SMD_L4.7-W3.5-H1.9-P3.35-EH~QmFs',(#15),#5872);
#5893=CARTESIAN_POINT('',(0.,0.,0.));
#5894=DIRECTION('',(0.,0.,1.));
#5895=DIRECTION('',(1.,0.,0.));
#5896=AXIS2_PLACEMENT_3D('',#5893,#5894,#5895);
#5898=MAPPED_ITEM('',#5897,#5896);
#5897=REPRESENTATION_MAP(#5896,#5874);
#5882=PRODUCT('SW-SMD_L4.7-W3.5-P3.35-EH~SW-SMD_L4.7-W3.5-H1.9-P3.35-EH~QmFs','SW-SMD_L4.7-W3.5-P3.35-EH~SW-SMD_L4.7-W3.5-H1.9-P3.35-EH~QmFs','',(#3390));
#5899=PRODUCT_RELATED_PRODUCT_CATEGORY('part','',(#5882));
#5900=PRODUCT_DEFINITION_FORMATION_WITH_SPECIFIED_SOURCE('','',#5882,.NOT_KNOWN.);
#5883=PRODUCT_DEFINITION('design','',#5900,#3391);
#5881=PRODUCT_DEFINITION_SHAPE('','',#5883);
#5901=SHAPE_DEFINITION_REPRESENTATION(#5881,#5874);
#5873=DRAUGHTING_MODEL('',(#5898),#5872);
#5846=SHAPE_REPRESENTATION('SW1~SW-SMD_L4.7-W3.5-P3.35-EH~SW-SMD_L4.7-W3.5-H1.9-P3.35-EH~QmFs',(#15,#5887),#5844);
#5902=CARTESIAN_POINT('',(0.,0.,0.));
#5903=DIRECTION('',(0.,0.,1.));
#5904=DIRECTION('',(1.,0.,0.));
#5905=AXIS2_PLACEMENT_3D('',#5902,#5903,#5904);
#5907=MAPPED_ITEM('',#5906,#5905);
#5906=REPRESENTATION_MAP(#5905,#5846);
#5854=PRODUCT('SW1~SW-SMD_L4.7-W3.5-P3.35-EH~SW-SMD_L4.7-W3.5-H1.9-P3.35-EH~QmFs','SW1~SW-SMD_L4.7-W3.5-P3.35-EH~SW-SMD_L4.7-W3.5-H1.9-P3.35-EH~QmFs','',(#3390));
#5908=PRODUCT_RELATED_PRODUCT_CATEGORY('part','',(#5854));
#5909=PRODUCT_DEFINITION_FORMATION_WITH_SPECIFIED_SOURCE('','',#5854,.NOT_KNOWN.);
#5855=PRODUCT_DEFINITION('design','',#5909,#3391);
#5853=PRODUCT_DEFINITION_SHAPE('','',#5855);
#5910=SHAPE_DEFINITION_REPRESENTATION(#5853,#5846);
#5845=DRAUGHTING_MODEL('',(#5907),#5844);
#5911=(NAMED_UNIT(*)PLANE_ANGLE_UNIT()SI_UNIT($,.RADIAN.));
#5912=PLANE_ANGLE_MEASURE_WITH_UNIT(PLANE_ANGLE_MEASURE(0.0174532925),#5911);
#5913=(CONVERSION_BASED_UNIT('DEGREE',#5912)NAMED_UNIT(#5914)PLANE_ANGLE_UNIT());
#5914=DIMENSIONAL_EXPONENTS(0.,0.,0.,0.,0.,0.,0.);
#5915=(NAMED_UNIT(*)SI_UNIT($,.STERADIAN.)SOLID_ANGLE_UNIT());
#5916=(LENGTH_UNIT()NAMED_UNIT(*)SI_UNIT(.MILLI.,.METRE.));
#5917=UNCERTAINTY_MEASURE_WITH_UNIT(LENGTH_MEASURE(1.000000E-03),#5916,'DISTANCE_ACCURACY_VALUE','Maximum Tolerance applied to model');
#5918=(GEOMETRIC_REPRESENTATION_CONTEXT(3)GLOBAL_UNCERTAINTY_ASSIGNED_CONTEXT((#5917))GLOBAL_UNIT_ASSIGNED_CONTEXT((#5916,#5913,#5915))REPRESENTATION_CONTEXT('','L2~L0603~L0603_L1.6-W0.8-H0.5_BEAD~QmFs'));
#5930=CARTESIAN_POINT('',(0.,0.,0.));
#5931=DIRECTION('',(0.,0.,1.));
#5932=DIRECTION('',(1.,0.,-0.));
#5933=AXIS2_PLACEMENT_3D('',#5930,#5931,#5932);
#5934=ITEM_DEFINED_TRANSFORMATION('','',#5933,#15);
#5935=(REPRESENTATION_RELATIONSHIP('','',#5920,#3335)REPRESENTATION_RELATIONSHIP_WITH_TRANSFORMATION(#5934)SHAPE_REPRESENTATION_RELATIONSHIP());
#5936=NEXT_ASSEMBLY_USAGE_OCCURRENCE('L2~L0603~L0603_L1.6-W0.8-H0.5_BEAD~QmFs_71','L2~L0603~L0603_L1.6-W0.8-H0.5_BEAD~QmFs','L2~L0603~L0603_L1.6-W0.8-H0.5_BEAD~QmFs',#3344,#5929,$);
#5937=PRODUCT_DEFINITION_SHAPE('','',#5936);
#5938=CONTEXT_DEPENDENT_SHAPE_REPRESENTATION(#5935,#5937);
#5939=(NAMED_UNIT(*)PLANE_ANGLE_UNIT()SI_UNIT($,.RADIAN.));
#5940=PLANE_ANGLE_MEASURE_WITH_UNIT(PLANE_ANGLE_MEASURE(0.0174532925),#5939);
#5941=(CONVERSION_BASED_UNIT('DEGREE',#5940)NAMED_UNIT(#5942)PLANE_ANGLE_UNIT());
#5942=DIMENSIONAL_EXPONENTS(0.,0.,0.,0.,0.,0.,0.);
#5943=(NAMED_UNIT(*)SI_UNIT($,.STERADIAN.)SOLID_ANGLE_UNIT());
#5944=(LENGTH_UNIT()NAMED_UNIT(*)SI_UNIT(.MILLI.,.METRE.));
#5945=UNCERTAINTY_MEASURE_WITH_UNIT(LENGTH_MEASURE(1.000000E-03),#5944,'DISTANCE_ACCURACY_VALUE','Maximum Tolerance applied to model');
#5946=(GEOMETRIC_REPRESENTATION_CONTEXT(3)GLOBAL_UNCERTAINTY_ASSIGNED_CONTEXT((#5945))GLOBAL_UNIT_ASSIGNED_CONTEXT((#5944,#5941,#5943))REPRESENTATION_CONTEXT('','L0603~L0603_L1.6-W0.8-H0.5_BEAD~QmFs'));
#5958=CARTESIAN_POINT('',(0.,0.,0.));
#5959=DIRECTION('',(0.,0.,1.));
#5960=DIRECTION('',(1.,0.,-0.));
#5961=AXIS2_PLACEMENT_3D('',#5958,#5959,#5960);
#5962=ITEM_DEFINED_TRANSFORMATION('','',#5961,#15);
#5963=(REPRESENTATION_RELATIONSHIP('','',#5948,#5920)REPRESENTATION_RELATIONSHIP_WITH_TRANSFORMATION(#5962)SHAPE_REPRESENTATION_RELATIONSHIP());
#5964=NEXT_ASSEMBLY_USAGE_OCCURRENCE('L0603~L0603_L1.6-W0.8-H0.5_BEAD~QmFs_72','L0603~L0603_L1.6-W0.8-H0.5_BEAD~QmFs','L0603~L0603_L1.6-W0.8-H0.5_BEAD~QmFs',#5929,#5957,$);
#5965=PRODUCT_DEFINITION_SHAPE('','',#5964);
#5966=CONTEXT_DEPENDENT_SHAPE_REPRESENTATION(#5963,#5965);
#5948=SHAPE_REPRESENTATION('L0603~L0603_L1.6-W0.8-H0.5_BEAD~QmFs',(#15),#5946);
#5967=CARTESIAN_POINT('',(0.,0.,0.));
#5968=DIRECTION('',(0.,0.,1.));
#5969=DIRECTION('',(1.,0.,0.));
#5970=AXIS2_PLACEMENT_3D('',#5967,#5968,#5969);
#5972=MAPPED_ITEM('',#5971,#5970);
#5971=REPRESENTATION_MAP(#5970,#5948);
#5956=PRODUCT('L0603~L0603_L1.6-W0.8-H0.5_BEAD~QmFs','L0603~L0603_L1.6-W0.8-H0.5_BEAD~QmFs','',(#3390));
#5973=PRODUCT_RELATED_PRODUCT_CATEGORY('part','',(#5956));
#5974=PRODUCT_DEFINITION_FORMATION_WITH_SPECIFIED_SOURCE('','',#5956,.NOT_KNOWN.);
#5957=PRODUCT_DEFINITION('design','',#5974,#3391);
#5955=PRODUCT_DEFINITION_SHAPE('','',#5957);
#5975=SHAPE_DEFINITION_REPRESENTATION(#5955,#5948);
#5947=DRAUGHTING_MODEL('',(#5972),#5946);
#5920=SHAPE_REPRESENTATION('L2~L0603~L0603_L1.6-W0.8-H0.5_BEAD~QmFs',(#15,#5961),#5918);
#5976=CARTESIAN_POINT('',(0.,0.,0.));
#5977=DIRECTION('',(0.,0.,1.));
#5978=DIRECTION('',(1.,0.,0.));
#5979=AXIS2_PLACEMENT_3D('',#5976,#5977,#5978);
#5981=MAPPED_ITEM('',#5980,#5979);
#5980=REPRESENTATION_MAP(#5979,#5920);
#5928=PRODUCT('L2~L0603~L0603_L1.6-W0.8-H0.5_BEAD~QmFs','L2~L0603~L0603_L1.6-W0.8-H0.5_BEAD~QmFs','',(#3390));
#5982=PRODUCT_RELATED_PRODUCT_CATEGORY('part','',(#5928));
#5983=PRODUCT_DEFINITION_FORMATION_WITH_SPECIFIED_SOURCE('','',#5928,.NOT_KNOWN.);
#5929=PRODUCT_DEFINITION('design','',#5983,#3391);
#5927=PRODUCT_DEFINITION_SHAPE('','',#5929);
#5984=SHAPE_DEFINITION_REPRESENTATION(#5927,#5920);
#5919=DRAUGHTING_MODEL('',(#5981),#5918);
#5985=(NAMED_UNIT(*)PLANE_ANGLE_UNIT()SI_UNIT($,.RADIAN.));
#5986=PLANE_ANGLE_MEASURE_WITH_UNIT(PLANE_ANGLE_MEASURE(0.0174532925),#5985);
#5987=(CONVERSION_BASED_UNIT('DEGREE',#5986)NAMED_UNIT(#5988)PLANE_ANGLE_UNIT());
#5988=DIMENSIONAL_EXPONENTS(0.,0.,0.,0.,0.,0.,0.);
#5989=(NAMED_UNIT(*)SI_UNIT($,.STERADIAN.)SOLID_ANGLE_UNIT());
#5990=(LENGTH_UNIT()NAMED_UNIT(*)SI_UNIT(.MILLI.,.METRE.));
#5991=UNCERTAINTY_MEASURE_WITH_UNIT(LENGTH_MEASURE(1.000000E-03),#5990,'DISTANCE_ACCURACY_VALUE','Maximum Tolerance applied to model');
#5992=(GEOMETRIC_REPRESENTATION_CONTEXT(3)GLOBAL_UNCERTAINTY_ASSIGNED_CONTEXT((#5991))GLOBAL_UNIT_ASSIGNED_CONTEXT((#5990,#5987,#5989))REPRESENTATION_CONTEXT('','C29~C0805~C0805_L2.0-W1.3-H1.3~QmFs'));
#6004=CARTESIAN_POINT('',(0.,0.,0.));
#6005=DIRECTION('',(0.,0.,1.));
#6006=DIRECTION('',(1.,0.,-0.));
#6007=AXIS2_PLACEMENT_3D('',#6004,#6005,#6006);
#6008=ITEM_DEFINED_TRANSFORMATION('','',#6007,#15);
#6009=(REPRESENTATION_RELATIONSHIP('','',#5994,#3335)REPRESENTATION_RELATIONSHIP_WITH_TRANSFORMATION(#6008)SHAPE_REPRESENTATION_RELATIONSHIP());
#6010=NEXT_ASSEMBLY_USAGE_OCCURRENCE('C29~C0805~C0805_L2.0-W1.3-H1.3~QmFs_73','C29~C0805~C0805_L2.0-W1.3-H1.3~QmFs','C29~C0805~C0805_L2.0-W1.3-H1.3~QmFs',#3344,#6003,$);
#6011=PRODUCT_DEFINITION_SHAPE('','',#6010);
#6012=CONTEXT_DEPENDENT_SHAPE_REPRESENTATION(#6009,#6011);
#6013=(NAMED_UNIT(*)PLANE_ANGLE_UNIT()SI_UNIT($,.RADIAN.));
#6014=PLANE_ANGLE_MEASURE_WITH_UNIT(PLANE_ANGLE_MEASURE(0.0174532925),#6013);
#6015=(CONVERSION_BASED_UNIT('DEGREE',#6014)NAMED_UNIT(#6016)PLANE_ANGLE_UNIT());
#6016=DIMENSIONAL_EXPONENTS(0.,0.,0.,0.,0.,0.,0.);
#6017=(NAMED_UNIT(*)SI_UNIT($,.STERADIAN.)SOLID_ANGLE_UNIT());
#6018=(LENGTH_UNIT()NAMED_UNIT(*)SI_UNIT(.MILLI.,.METRE.));
#6019=UNCERTAINTY_MEASURE_WITH_UNIT(LENGTH_MEASURE(1.000000E-03),#6018,'DISTANCE_ACCURACY_VALUE','Maximum Tolerance applied to model');
#6020=(GEOMETRIC_REPRESENTATION_CONTEXT(3)GLOBAL_UNCERTAINTY_ASSIGNED_CONTEXT((#6019))GLOBAL_UNIT_ASSIGNED_CONTEXT((#6018,#6015,#6017))REPRESENTATION_CONTEXT('','C0805~C0805_L2.0-W1.3-H1.3~QmFs'));
#6032=CARTESIAN_POINT('',(0.,0.,0.));
#6033=DIRECTION('',(0.,0.,1.));
#6034=DIRECTION('',(1.,0.,-0.));
#6035=AXIS2_PLACEMENT_3D('',#6032,#6033,#6034);
#6036=ITEM_DEFINED_TRANSFORMATION('','',#6035,#15);
#6037=(REPRESENTATION_RELATIONSHIP('','',#6022,#5994)REPRESENTATION_RELATIONSHIP_WITH_TRANSFORMATION(#6036)SHAPE_REPRESENTATION_RELATIONSHIP());
#6038=NEXT_ASSEMBLY_USAGE_OCCURRENCE('C0805~C0805_L2.0-W1.3-H1.3~QmFs_74','C0805~C0805_L2.0-W1.3-H1.3~QmFs','C0805~C0805_L2.0-W1.3-H1.3~QmFs',#6003,#6031,$);
#6039=PRODUCT_DEFINITION_SHAPE('','',#6038);
#6040=CONTEXT_DEPENDENT_SHAPE_REPRESENTATION(#6037,#6039);
#6022=SHAPE_REPRESENTATION('C0805~C0805_L2.0-W1.3-H1.3~QmFs',(#15),#6020);
#6041=CARTESIAN_POINT('',(0.,0.,0.));
#6042=DIRECTION('',(0.,0.,1.));
#6043=DIRECTION('',(1.,0.,0.));
#6044=AXIS2_PLACEMENT_3D('',#6041,#6042,#6043);
#6046=MAPPED_ITEM('',#6045,#6044);
#6045=REPRESENTATION_MAP(#6044,#6022);
#6030=PRODUCT('C0805~C0805_L2.0-W1.3-H1.3~QmFs','C0805~C0805_L2.0-W1.3-H1.3~QmFs','',(#3390));
#6047=PRODUCT_RELATED_PRODUCT_CATEGORY('part','',(#6030));
#6048=PRODUCT_DEFINITION_FORMATION_WITH_SPECIFIED_SOURCE('','',#6030,.NOT_KNOWN.);
#6031=PRODUCT_DEFINITION('design','',#6048,#3391);
#6029=PRODUCT_DEFINITION_SHAPE('','',#6031);
#6049=SHAPE_DEFINITION_REPRESENTATION(#6029,#6022);
#6021=DRAUGHTING_MODEL('',(#6046),#6020);
#5994=SHAPE_REPRESENTATION('C29~C0805~C0805_L2.0-W1.3-H1.3~QmFs',(#15,#6035),#5992);
#6050=CARTESIAN_POINT('',(0.,0.,0.));
#6051=DIRECTION('',(0.,0.,1.));
#6052=DIRECTION('',(1.,0.,0.));
#6053=AXIS2_PLACEMENT_3D('',#6050,#6051,#6052);
#6055=MAPPED_ITEM('',#6054,#6053);
#6054=REPRESENTATION_MAP(#6053,#5994);
#6002=PRODUCT('C29~C0805~C0805_L2.0-W1.3-H1.3~QmFs','C29~C0805~C0805_L2.0-W1.3-H1.3~QmFs','',(#3390));
#6056=PRODUCT_RELATED_PRODUCT_CATEGORY('part','',(#6002));
#6057=PRODUCT_DEFINITION_FORMATION_WITH_SPECIFIED_SOURCE('','',#6002,.NOT_KNOWN.);
#6003=PRODUCT_DEFINITION('design','',#6057,#3391);
#6001=PRODUCT_DEFINITION_SHAPE('','',#6003);
#6058=SHAPE_DEFINITION_REPRESENTATION(#6001,#5994);
#5993=DRAUGHTING_MODEL('',(#6055),#5992);
#6059=(NAMED_UNIT(*)PLANE_ANGLE_UNIT()SI_UNIT($,.RADIAN.));
#6060=PLANE_ANGLE_MEASURE_WITH_UNIT(PLANE_ANGLE_MEASURE(0.0174532925),#6059);
#6061=(CONVERSION_BASED_UNIT('DEGREE',#6060)NAMED_UNIT(#6062)PLANE_ANGLE_UNIT());
#6062=DIMENSIONAL_EXPONENTS(0.,0.,0.,0.,0.,0.,0.);
#6063=(NAMED_UNIT(*)SI_UNIT($,.STERADIAN.)SOLID_ANGLE_UNIT());
#6064=(LENGTH_UNIT()NAMED_UNIT(*)SI_UNIT(.MILLI.,.METRE.));
#6065=UNCERTAINTY_MEASURE_WITH_UNIT(LENGTH_MEASURE(1.000000E-03),#6064,'DISTANCE_ACCURACY_VALUE','Maximum Tolerance applied to model');
#6066=(GEOMETRIC_REPRESENTATION_CONTEXT(3)GLOBAL_UNCERTAINTY_ASSIGNED_CONTEXT((#6065))GLOBAL_UNIT_ASSIGNED_CONTEXT((#6064,#6061,#6063))REPRESENTATION_CONTEXT('','C31~C0603~C0603_L1.6-W0.8-H0.8~QmFs'));
#6078=CARTESIAN_POINT('',(0.,0.,0.));
#6079=DIRECTION('',(0.,0.,1.));
#6080=DIRECTION('',(1.,0.,-0.));
#6081=AXIS2_PLACEMENT_3D('',#6078,#6079,#6080);
#6082=ITEM_DEFINED_TRANSFORMATION('','',#6081,#15);
#6083=(REPRESENTATION_RELATIONSHIP('','',#6068,#3335)REPRESENTATION_RELATIONSHIP_WITH_TRANSFORMATION(#6082)SHAPE_REPRESENTATION_RELATIONSHIP());
#6084=NEXT_ASSEMBLY_USAGE_OCCURRENCE('C31~C0603~C0603_L1.6-W0.8-H0.8~QmFs_75','C31~C0603~C0603_L1.6-W0.8-H0.8~QmFs','C31~C0603~C0603_L1.6-W0.8-H0.8~QmFs',#3344,#6077,$);
#6085=PRODUCT_DEFINITION_SHAPE('','',#6084);
#6086=CONTEXT_DEPENDENT_SHAPE_REPRESENTATION(#6083,#6085);
#6087=(NAMED_UNIT(*)PLANE_ANGLE_UNIT()SI_UNIT($,.RADIAN.));
#6088=PLANE_ANGLE_MEASURE_WITH_UNIT(PLANE_ANGLE_MEASURE(0.0174532925),#6087);
#6089=(CONVERSION_BASED_UNIT('DEGREE',#6088)NAMED_UNIT(#6090)PLANE_ANGLE_UNIT());
#6090=DIMENSIONAL_EXPONENTS(0.,0.,0.,0.,0.,0.,0.);
#6091=(NAMED_UNIT(*)SI_UNIT($,.STERADIAN.)SOLID_ANGLE_UNIT());
#6092=(LENGTH_UNIT()NAMED_UNIT(*)SI_UNIT(.MILLI.,.METRE.));
#6093=UNCERTAINTY_MEASURE_WITH_UNIT(LENGTH_MEASURE(1.000000E-03),#6092,'DISTANCE_ACCURACY_VALUE','Maximum Tolerance applied to model');
#6094=(GEOMETRIC_REPRESENTATION_CONTEXT(3)GLOBAL_UNCERTAINTY_ASSIGNED_CONTEXT((#6093))GLOBAL_UNIT_ASSIGNED_CONTEXT((#6092,#6089,#6091))REPRESENTATION_CONTEXT('','C0603~C0603_L1.6-W0.8-H0.8~QmFs'));
#6106=CARTESIAN_POINT('',(0.,0.,0.));
#6107=DIRECTION('',(0.,0.,1.));
#6108=DIRECTION('',(1.,0.,-0.));
#6109=AXIS2_PLACEMENT_3D('',#6106,#6107,#6108);
#6110=ITEM_DEFINED_TRANSFORMATION('','',#6109,#15);
#6111=(REPRESENTATION_RELATIONSHIP('','',#6096,#6068)REPRESENTATION_RELATIONSHIP_WITH_TRANSFORMATION(#6110)SHAPE_REPRESENTATION_RELATIONSHIP());
#6112=NEXT_ASSEMBLY_USAGE_OCCURRENCE('C0603~C0603_L1.6-W0.8-H0.8~QmFs_76','C0603~C0603_L1.6-W0.8-H0.8~QmFs','C0603~C0603_L1.6-W0.8-H0.8~QmFs',#6077,#6105,$);
#6113=PRODUCT_DEFINITION_SHAPE('','',#6112);
#6114=CONTEXT_DEPENDENT_SHAPE_REPRESENTATION(#6111,#6113);
#6096=SHAPE_REPRESENTATION('C0603~C0603_L1.6-W0.8-H0.8~QmFs',(#15),#6094);
#6115=CARTESIAN_POINT('',(0.,0.,0.));
#6116=DIRECTION('',(0.,0.,1.));
#6117=DIRECTION('',(1.,0.,0.));
#6118=AXIS2_PLACEMENT_3D('',#6115,#6116,#6117);
#6120=MAPPED_ITEM('',#6119,#6118);
#6119=REPRESENTATION_MAP(#6118,#6096);
#6104=PRODUCT('C0603~C0603_L1.6-W0.8-H0.8~QmFs','C0603~C0603_L1.6-W0.8-H0.8~QmFs','',(#3390));
#6121=PRODUCT_RELATED_PRODUCT_CATEGORY('part','',(#6104));
#6122=PRODUCT_DEFINITION_FORMATION_WITH_SPECIFIED_SOURCE('','',#6104,.NOT_KNOWN.);
#6105=PRODUCT_DEFINITION('design','',#6122,#3391);
#6103=PRODUCT_DEFINITION_SHAPE('','',#6105);
#6123=SHAPE_DEFINITION_REPRESENTATION(#6103,#6096);
#6095=DRAUGHTING_MODEL('',(#6120),#6094);
#6068=SHAPE_REPRESENTATION('C31~C0603~C0603_L1.6-W0.8-H0.8~QmFs',(#15,#6109),#6066);
#6124=CARTESIAN_POINT('',(0.,0.,0.));
#6125=DIRECTION('',(0.,0.,1.));
#6126=DIRECTION('',(1.,0.,0.));
#6127=AXIS2_PLACEMENT_3D('',#6124,#6125,#6126);
#6129=MAPPED_ITEM('',#6128,#6127);
#6128=REPRESENTATION_MAP(#6127,#6068);
#6076=PRODUCT('C31~C0603~C0603_L1.6-W0.8-H0.8~QmFs','C31~C0603~C0603_L1.6-W0.8-H0.8~QmFs','',(#3390));
#6130=PRODUCT_RELATED_PRODUCT_CATEGORY('part','',(#6076));
#6131=PRODUCT_DEFINITION_FORMATION_WITH_SPECIFIED_SOURCE('','',#6076,.NOT_KNOWN.);
#6077=PRODUCT_DEFINITION('design','',#6131,#3391);
#6075=PRODUCT_DEFINITION_SHAPE('','',#6077);
#6132=SHAPE_DEFINITION_REPRESENTATION(#6075,#6068);
#6067=DRAUGHTING_MODEL('',(#6129),#6066);
#6133=(NAMED_UNIT(*)PLANE_ANGLE_UNIT()SI_UNIT($,.RADIAN.));
#6134=PLANE_ANGLE_MEASURE_WITH_UNIT(PLANE_ANGLE_MEASURE(0.0174532925),#6133);
#6135=(CONVERSION_BASED_UNIT('DEGREE',#6134)NAMED_UNIT(#6136)PLANE_ANGLE_UNIT());
#6136=DIMENSIONAL_EXPONENTS(0.,0.,0.,0.,0.,0.,0.);
#6137=(NAMED_UNIT(*)SI_UNIT($,.STERADIAN.)SOLID_ANGLE_UNIT());
#6138=(LENGTH_UNIT()NAMED_UNIT(*)SI_UNIT(.MILLI.,.METRE.));
#6139=UNCERTAINTY_MEASURE_WITH_UNIT(LENGTH_MEASURE(1.000000E-03),#6138,'DISTANCE_ACCURACY_VALUE','Maximum Tolerance applied to model');
#6140=(GEOMETRIC_REPRESENTATION_CONTEXT(3)GLOBAL_UNCERTAINTY_ASSIGNED_CONTEXT((#6139))GLOBAL_UNIT_ASSIGNED_CONTEXT((#6138,#6135,#6137))REPRESENTATION_CONTEXT('','C31~C0603~C0603_L1.6-W0.8-H0.8~QmFs'));
#6152=CARTESIAN_POINT('',(0.,0.,0.));
#6153=DIRECTION('',(0.,0.,1.));
#6154=DIRECTION('',(1.,0.,-0.));
#6155=AXIS2_PLACEMENT_3D('',#6152,#6153,#6154);
#6156=ITEM_DEFINED_TRANSFORMATION('','',#6155,#15);
#6157=(REPRESENTATION_RELATIONSHIP('','',#6142,#3335)REPRESENTATION_RELATIONSHIP_WITH_TRANSFORMATION(#6156)SHAPE_REPRESENTATION_RELATIONSHIP());
#6158=NEXT_ASSEMBLY_USAGE_OCCURRENCE('C31~C0603~C0603_L1.6-W0.8-H0.8~QmFs_77','C31~C0603~C0603_L1.6-W0.8-H0.8~QmFs','C31~C0603~C0603_L1.6-W0.8-H0.8~QmFs',#3344,#6151,$);
#6159=PRODUCT_DEFINITION_SHAPE('','',#6158);
#6160=CONTEXT_DEPENDENT_SHAPE_REPRESENTATION(#6157,#6159);
#6161=(NAMED_UNIT(*)PLANE_ANGLE_UNIT()SI_UNIT($,.RADIAN.));
#6162=PLANE_ANGLE_MEASURE_WITH_UNIT(PLANE_ANGLE_MEASURE(0.0174532925),#6161);
#6163=(CONVERSION_BASED_UNIT('DEGREE',#6162)NAMED_UNIT(#6164)PLANE_ANGLE_UNIT());
#6164=DIMENSIONAL_EXPONENTS(0.,0.,0.,0.,0.,0.,0.);
#6165=(NAMED_UNIT(*)SI_UNIT($,.STERADIAN.)SOLID_ANGLE_UNIT());
#6166=(LENGTH_UNIT()NAMED_UNIT(*)SI_UNIT(.MILLI.,.METRE.));
#6167=UNCERTAINTY_MEASURE_WITH_UNIT(LENGTH_MEASURE(1.000000E-03),#6166,'DISTANCE_ACCURACY_VALUE','Maximum Tolerance applied to model');
#6168=(GEOMETRIC_REPRESENTATION_CONTEXT(3)GLOBAL_UNCERTAINTY_ASSIGNED_CONTEXT((#6167))GLOBAL_UNIT_ASSIGNED_CONTEXT((#6166,#6163,#6165))REPRESENTATION_CONTEXT('','C0603~C0603_L1.6-W0.8-H0.8~QmFs'));
#6180=CARTESIAN_POINT('',(0.,0.,0.));
#6181=DIRECTION('',(0.,0.,1.));
#6182=DIRECTION('',(1.,0.,-0.));
#6183=AXIS2_PLACEMENT_3D('',#6180,#6181,#6182);
#6184=ITEM_DEFINED_TRANSFORMATION('','',#6183,#15);
#6185=(REPRESENTATION_RELATIONSHIP('','',#6170,#6142)REPRESENTATION_RELATIONSHIP_WITH_TRANSFORMATION(#6184)SHAPE_REPRESENTATION_RELATIONSHIP());
#6186=NEXT_ASSEMBLY_USAGE_OCCURRENCE('C0603~C0603_L1.6-W0.8-H0.8~QmFs_78','C0603~C0603_L1.6-W0.8-H0.8~QmFs','C0603~C0603_L1.6-W0.8-H0.8~QmFs',#6151,#6179,$);
#6187=PRODUCT_DEFINITION_SHAPE('','',#6186);
#6188=CONTEXT_DEPENDENT_SHAPE_REPRESENTATION(#6185,#6187);
#6170=SHAPE_REPRESENTATION('C0603~C0603_L1.6-W0.8-H0.8~QmFs',(#15),#6168);
#6189=CARTESIAN_POINT('',(0.,0.,0.));
#6190=DIRECTION('',(0.,0.,1.));
#6191=DIRECTION('',(1.,0.,0.));
#6192=AXIS2_PLACEMENT_3D('',#6189,#6190,#6191);
#6194=MAPPED_ITEM('',#6193,#6192);
#6193=REPRESENTATION_MAP(#6192,#6170);
#6178=PRODUCT('C0603~C0603_L1.6-W0.8-H0.8~QmFs','C0603~C0603_L1.6-W0.8-H0.8~QmFs','',(#3390));
#6195=PRODUCT_RELATED_PRODUCT_CATEGORY('part','',(#6178));
#6196=PRODUCT_DEFINITION_FORMATION_WITH_SPECIFIED_SOURCE('','',#6178,.NOT_KNOWN.);
#6179=PRODUCT_DEFINITION('design','',#6196,#3391);
#6177=PRODUCT_DEFINITION_SHAPE('','',#6179);
#6197=SHAPE_DEFINITION_REPRESENTATION(#6177,#6170);
#6169=DRAUGHTING_MODEL('',(#6194),#6168);
#6142=SHAPE_REPRESENTATION('C31~C0603~C0603_L1.6-W0.8-H0.8~QmFs',(#15,#6183),#6140);
#6198=CARTESIAN_POINT('',(0.,0.,0.));
#6199=DIRECTION('',(0.,0.,1.));
#6200=DIRECTION('',(1.,0.,0.));
#6201=AXIS2_PLACEMENT_3D('',#6198,#6199,#6200);
#6203=MAPPED_ITEM('',#6202,#6201);
#6202=REPRESENTATION_MAP(#6201,#6142);
#6150=PRODUCT('C31~C0603~C0603_L1.6-W0.8-H0.8~QmFs','C31~C0603~C0603_L1.6-W0.8-H0.8~QmFs','',(#3390));
#6204=PRODUCT_RELATED_PRODUCT_CATEGORY('part','',(#6150));
#6205=PRODUCT_DEFINITION_FORMATION_WITH_SPECIFIED_SOURCE('','',#6150,.NOT_KNOWN.);
#6151=PRODUCT_DEFINITION('design','',#6205,#3391);
#6149=PRODUCT_DEFINITION_SHAPE('','',#6151);
#6206=SHAPE_DEFINITION_REPRESENTATION(#6149,#6142);
#6141=DRAUGHTING_MODEL('',(#6203),#6140);
#6207=(NAMED_UNIT(*)PLANE_ANGLE_UNIT()SI_UNIT($,.RADIAN.));
#6208=PLANE_ANGLE_MEASURE_WITH_UNIT(PLANE_ANGLE_MEASURE(0.0174532925),#6207);
#6209=(CONVERSION_BASED_UNIT('DEGREE',#6208)NAMED_UNIT(#6210)PLANE_ANGLE_UNIT());
#6210=DIMENSIONAL_EXPONENTS(0.,0.,0.,0.,0.,0.,0.);
#6211=(NAMED_UNIT(*)SI_UNIT($,.STERADIAN.)SOLID_ANGLE_UNIT());
#6212=(LENGTH_UNIT()NAMED_UNIT(*)SI_UNIT(.MILLI.,.METRE.));
#6213=UNCERTAINTY_MEASURE_WITH_UNIT(LENGTH_MEASURE(1.000000E-03),#6212,'DISTANCE_ACCURACY_VALUE','Maximum Tolerance applied to model');
#6214=(GEOMETRIC_REPRESENTATION_CONTEXT(3)GLOBAL_UNCERTAINTY_ASSIGNED_CONTEXT((#6213))GLOBAL_UNIT_ASSIGNED_CONTEXT((#6212,#6209,#6211))REPRESENTATION_CONTEXT('','C31~C0603~C0603_L1.6-W0.8-H0.8~QmFs'));
#6226=CARTESIAN_POINT('',(0.,0.,0.));
#6227=DIRECTION('',(0.,0.,1.));
#6228=DIRECTION('',(1.,0.,-0.));
#6229=AXIS2_PLACEMENT_3D('',#6226,#6227,#6228);
#6230=ITEM_DEFINED_TRANSFORMATION('','',#6229,#15);
#6231=(REPRESENTATION_RELATIONSHIP('','',#6216,#3335)REPRESENTATION_RELATIONSHIP_WITH_TRANSFORMATION(#6230)SHAPE_REPRESENTATION_RELATIONSHIP());
#6232=NEXT_ASSEMBLY_USAGE_OCCURRENCE('C31~C0603~C0603_L1.6-W0.8-H0.8~QmFs_79','C31~C0603~C0603_L1.6-W0.8-H0.8~QmFs','C31~C0603~C0603_L1.6-W0.8-H0.8~QmFs',#3344,#6225,$);
#6233=PRODUCT_DEFINITION_SHAPE('','',#6232);
#6234=CONTEXT_DEPENDENT_SHAPE_REPRESENTATION(#6231,#6233);
#6235=(NAMED_UNIT(*)PLANE_ANGLE_UNIT()SI_UNIT($,.RADIAN.));
#6236=PLANE_ANGLE_MEASURE_WITH_UNIT(PLANE_ANGLE_MEASURE(0.0174532925),#6235);
#6237=(CONVERSION_BASED_UNIT('DEGREE',#6236)NAMED_UNIT(#6238)PLANE_ANGLE_UNIT());
#6238=DIMENSIONAL_EXPONENTS(0.,0.,0.,0.,0.,0.,0.);
#6239=(NAMED_UNIT(*)SI_UNIT($,.STERADIAN.)SOLID_ANGLE_UNIT());
#6240=(LENGTH_UNIT()NAMED_UNIT(*)SI_UNIT(.MILLI.,.METRE.));
#6241=UNCERTAINTY_MEASURE_WITH_UNIT(LENGTH_MEASURE(1.000000E-03),#6240,'DISTANCE_ACCURACY_VALUE','Maximum Tolerance applied to model');
#6242=(GEOMETRIC_REPRESENTATION_CONTEXT(3)GLOBAL_UNCERTAINTY_ASSIGNED_CONTEXT((#6241))GLOBAL_UNIT_ASSIGNED_CONTEXT((#6240,#6237,#6239))REPRESENTATION_CONTEXT('','C0603~C0603_L1.6-W0.8-H0.8~QmFs'));
#6254=CARTESIAN_POINT('',(0.,0.,0.));
#6255=DIRECTION('',(0.,0.,1.));
#6256=DIRECTION('',(1.,0.,-0.));
#6257=AXIS2_PLACEMENT_3D('',#6254,#6255,#6256);
#6258=ITEM_DEFINED_TRANSFORMATION('','',#6257,#15);
#6259=(REPRESENTATION_RELATIONSHIP('','',#6244,#6216)REPRESENTATION_RELATIONSHIP_WITH_TRANSFORMATION(#6258)SHAPE_REPRESENTATION_RELATIONSHIP());
#6260=NEXT_ASSEMBLY_USAGE_OCCURRENCE('C0603~C0603_L1.6-W0.8-H0.8~QmFs_80','C0603~C0603_L1.6-W0.8-H0.8~QmFs','C0603~C0603_L1.6-W0.8-H0.8~QmFs',#6225,#6253,$);
#6261=PRODUCT_DEFINITION_SHAPE('','',#6260);
#6262=CONTEXT_DEPENDENT_SHAPE_REPRESENTATION(#6259,#6261);
#6244=SHAPE_REPRESENTATION('C0603~C0603_L1.6-W0.8-H0.8~QmFs',(#15),#6242);
#6263=CARTESIAN_POINT('',(0.,0.,0.));
#6264=DIRECTION('',(0.,0.,1.));
#6265=DIRECTION('',(1.,0.,0.));
#6266=AXIS2_PLACEMENT_3D('',#6263,#6264,#6265);
#6268=MAPPED_ITEM('',#6267,#6266);
#6267=REPRESENTATION_MAP(#6266,#6244);
#6252=PRODUCT('C0603~C0603_L1.6-W0.8-H0.8~QmFs','C0603~C0603_L1.6-W0.8-H0.8~QmFs','',(#3390));
#6269=PRODUCT_RELATED_PRODUCT_CATEGORY('part','',(#6252));
#6270=PRODUCT_DEFINITION_FORMATION_WITH_SPECIFIED_SOURCE('','',#6252,.NOT_KNOWN.);
#6253=PRODUCT_DEFINITION('design','',#6270,#3391);
#6251=PRODUCT_DEFINITION_SHAPE('','',#6253);
#6271=SHAPE_DEFINITION_REPRESENTATION(#6251,#6244);
#6243=DRAUGHTING_MODEL('',(#6268),#6242);
#6216=SHAPE_REPRESENTATION('C31~C0603~C0603_L1.6-W0.8-H0.8~QmFs',(#15,#6257),#6214);
#6272=CARTESIAN_POINT('',(0.,0.,0.));
#6273=DIRECTION('',(0.,0.,1.));
#6274=DIRECTION('',(1.,0.,0.));
#6275=AXIS2_PLACEMENT_3D('',#6272,#6273,#6274);
#6277=MAPPED_ITEM('',#6276,#6275);
#6276=REPRESENTATION_MAP(#6275,#6216);
#6224=PRODUCT('C31~C0603~C0603_L1.6-W0.8-H0.8~QmFs','C31~C0603~C0603_L1.6-W0.8-H0.8~QmFs','',(#3390));
#6278=PRODUCT_RELATED_PRODUCT_CATEGORY('part','',(#6224));
#6279=PRODUCT_DEFINITION_FORMATION_WITH_SPECIFIED_SOURCE('','',#6224,.NOT_KNOWN.);
#6225=PRODUCT_DEFINITION('design','',#6279,#3391);
#6223=PRODUCT_DEFINITION_SHAPE('','',#6225);
#6280=SHAPE_DEFINITION_REPRESENTATION(#6223,#6216);
#6215=DRAUGHTING_MODEL('',(#6277),#6214);
#6281=(NAMED_UNIT(*)PLANE_ANGLE_UNIT()SI_UNIT($,.RADIAN.));
#6282=PLANE_ANGLE_MEASURE_WITH_UNIT(PLANE_ANGLE_MEASURE(0.0174532925),#6281);
#6283=(CONVERSION_BASED_UNIT('DEGREE',#6282)NAMED_UNIT(#6284)PLANE_ANGLE_UNIT());
#6284=DIMENSIONAL_EXPONENTS(0.,0.,0.,0.,0.,0.,0.);
#6285=(NAMED_UNIT(*)SI_UNIT($,.STERADIAN.)SOLID_ANGLE_UNIT());
#6286=(LENGTH_UNIT()NAMED_UNIT(*)SI_UNIT(.MILLI.,.METRE.));
#6287=UNCERTAINTY_MEASURE_WITH_UNIT(LENGTH_MEASURE(1.000000E-03),#6286,'DISTANCE_ACCURACY_VALUE','Maximum Tolerance applied to model');
#6288=(GEOMETRIC_REPRESENTATION_CONTEXT(3)GLOBAL_UNCERTAINTY_ASSIGNED_CONTEXT((#6287))GLOBAL_UNIT_ASSIGNED_CONTEXT((#6286,#6283,#6285))REPRESENTATION_CONTEXT('','C31~C0603~C0603_L1.6-W0.8-H0.8~QmFs'));
#6300=CARTESIAN_POINT('',(0.,0.,0.));
#6301=DIRECTION('',(0.,0.,1.));
#6302=DIRECTION('',(1.,0.,-0.));
#6303=AXIS2_PLACEMENT_3D('',#6300,#6301,#6302);
#6304=ITEM_DEFINED_TRANSFORMATION('','',#6303,#15);
#6305=(REPRESENTATION_RELATIONSHIP('','',#6290,#3335)REPRESENTATION_RELATIONSHIP_WITH_TRANSFORMATION(#6304)SHAPE_REPRESENTATION_RELATIONSHIP());
#6306=NEXT_ASSEMBLY_USAGE_OCCURRENCE('C31~C0603~C0603_L1.6-W0.8-H0.8~QmFs_81','C31~C0603~C0603_L1.6-W0.8-H0.8~QmFs','C31~C0603~C0603_L1.6-W0.8-H0.8~QmFs',#3344,#6299,$);
#6307=PRODUCT_DEFINITION_SHAPE('','',#6306);
#6308=CONTEXT_DEPENDENT_SHAPE_REPRESENTATION(#6305,#6307);
#6309=(NAMED_UNIT(*)PLANE_ANGLE_UNIT()SI_UNIT($,.RADIAN.));
#6310=PLANE_ANGLE_MEASURE_WITH_UNIT(PLANE_ANGLE_MEASURE(0.0174532925),#6309);
#6311=(CONVERSION_BASED_UNIT('DEGREE',#6310)NAMED_UNIT(#6312)PLANE_ANGLE_UNIT());
#6312=DIMENSIONAL_EXPONENTS(0.,0.,0.,0.,0.,0.,0.);
#6313=(NAMED_UNIT(*)SI_UNIT($,.STERADIAN.)SOLID_ANGLE_UNIT());
#6314=(LENGTH_UNIT()NAMED_UNIT(*)SI_UNIT(.MILLI.,.METRE.));
#6315=UNCERTAINTY_MEASURE_WITH_UNIT(LENGTH_MEASURE(1.000000E-03),#6314,'DISTANCE_ACCURACY_VALUE','Maximum Tolerance applied to model');
#6316=(GEOMETRIC_REPRESENTATION_CONTEXT(3)GLOBAL_UNCERTAINTY_ASSIGNED_CONTEXT((#6315))GLOBAL_UNIT_ASSIGNED_CONTEXT((#6314,#6311,#6313))REPRESENTATION_CONTEXT('','C0603~C0603_L1.6-W0.8-H0.8~QmFs'));
#6328=CARTESIAN_POINT('',(0.,0.,0.));
#6329=DIRECTION('',(0.,0.,1.));
#6330=DIRECTION('',(1.,0.,-0.));
#6331=AXIS2_PLACEMENT_3D('',#6328,#6329,#6330);
#6332=ITEM_DEFINED_TRANSFORMATION('','',#6331,#15);
#6333=(REPRESENTATION_RELATIONSHIP('','',#6318,#6290)REPRESENTATION_RELATIONSHIP_WITH_TRANSFORMATION(#6332)SHAPE_REPRESENTATION_RELATIONSHIP());
#6334=NEXT_ASSEMBLY_USAGE_OCCURRENCE('C0603~C0603_L1.6-W0.8-H0.8~QmFs_82','C0603~C0603_L1.6-W0.8-H0.8~QmFs','C0603~C0603_L1.6-W0.8-H0.8~QmFs',#6299,#6327,$);
#6335=PRODUCT_DEFINITION_SHAPE('','',#6334);
#6336=CONTEXT_DEPENDENT_SHAPE_REPRESENTATION(#6333,#6335);
#6318=SHAPE_REPRESENTATION('C0603~C0603_L1.6-W0.8-H0.8~QmFs',(#15),#6316);
#6337=CARTESIAN_POINT('',(0.,0.,0.));
#6338=DIRECTION('',(0.,0.,1.));
#6339=DIRECTION('',(1.,0.,0.));
#6340=AXIS2_PLACEMENT_3D('',#6337,#6338,#6339);
#6342=MAPPED_ITEM('',#6341,#6340);
#6341=REPRESENTATION_MAP(#6340,#6318);
#6326=PRODUCT('C0603~C0603_L1.6-W0.8-H0.8~QmFs','C0603~C0603_L1.6-W0.8-H0.8~QmFs','',(#3390));
#6343=PRODUCT_RELATED_PRODUCT_CATEGORY('part','',(#6326));
#6344=PRODUCT_DEFINITION_FORMATION_WITH_SPECIFIED_SOURCE('','',#6326,.NOT_KNOWN.);
#6327=PRODUCT_DEFINITION('design','',#6344,#3391);
#6325=PRODUCT_DEFINITION_SHAPE('','',#6327);
#6345=SHAPE_DEFINITION_REPRESENTATION(#6325,#6318);
#6317=DRAUGHTING_MODEL('',(#6342),#6316);
#6290=SHAPE_REPRESENTATION('C31~C0603~C0603_L1.6-W0.8-H0.8~QmFs',(#15,#6331),#6288);
#6346=CARTESIAN_POINT('',(0.,0.,0.));
#6347=DIRECTION('',(0.,0.,1.));
#6348=DIRECTION('',(1.,0.,0.));
#6349=AXIS2_PLACEMENT_3D('',#6346,#6347,#6348);
#6351=MAPPED_ITEM('',#6350,#6349);
#6350=REPRESENTATION_MAP(#6349,#6290);
#6298=PRODUCT('C31~C0603~C0603_L1.6-W0.8-H0.8~QmFs','C31~C0603~C0603_L1.6-W0.8-H0.8~QmFs','',(#3390));
#6352=PRODUCT_RELATED_PRODUCT_CATEGORY('part','',(#6298));
#6353=PRODUCT_DEFINITION_FORMATION_WITH_SPECIFIED_SOURCE('','',#6298,.NOT_KNOWN.);
#6299=PRODUCT_DEFINITION('design','',#6353,#3391);
#6297=PRODUCT_DEFINITION_SHAPE('','',#6299);
#6354=SHAPE_DEFINITION_REPRESENTATION(#6297,#6290);
#6289=DRAUGHTING_MODEL('',(#6351),#6288);
#6355=(NAMED_UNIT(*)PLANE_ANGLE_UNIT()SI_UNIT($,.RADIAN.));
#6356=PLANE_ANGLE_MEASURE_WITH_UNIT(PLANE_ANGLE_MEASURE(0.0174532925),#6355);
#6357=(CONVERSION_BASED_UNIT('DEGREE',#6356)NAMED_UNIT(#6358)PLANE_ANGLE_UNIT());
#6358=DIMENSIONAL_EXPONENTS(0.,0.,0.,0.,0.,0.,0.);
#6359=(NAMED_UNIT(*)SI_UNIT($,.STERADIAN.)SOLID_ANGLE_UNIT());
#6360=(LENGTH_UNIT()NAMED_UNIT(*)SI_UNIT(.MILLI.,.METRE.));
#6361=UNCERTAINTY_MEASURE_WITH_UNIT(LENGTH_MEASURE(1.000000E-03),#6360,'DISTANCE_ACCURACY_VALUE','Maximum Tolerance applied to model');
#6362=(GEOMETRIC_REPRESENTATION_CONTEXT(3)GLOBAL_UNCERTAINTY_ASSIGNED_CONTEXT((#6361))GLOBAL_UNIT_ASSIGNED_CONTEXT((#6360,#6357,#6359))REPRESENTATION_CONTEXT('','C31~C0603~C0603_L1.6-W0.8-H0.8~QmFs'));
#6374=CARTESIAN_POINT('',(0.,0.,0.));
#6375=DIRECTION('',(0.,0.,1.));
#6376=DIRECTION('',(1.,0.,-0.));
#6377=AXIS2_PLACEMENT_3D('',#6374,#6375,#6376);
#6378=ITEM_DEFINED_TRANSFORMATION('','',#6377,#15);
#6379=(REPRESENTATION_RELATIONSHIP('','',#6364,#3335)REPRESENTATION_RELATIONSHIP_WITH_TRANSFORMATION(#6378)SHAPE_REPRESENTATION_RELATIONSHIP());
#6380=NEXT_ASSEMBLY_USAGE_OCCURRENCE('C31~C0603~C0603_L1.6-W0.8-H0.8~QmFs_83','C31~C0603~C0603_L1.6-W0.8-H0.8~QmFs','C31~C0603~C0603_L1.6-W0.8-H0.8~QmFs',#3344,#6373,$);
#6381=PRODUCT_DEFINITION_SHAPE('','',#6380);
#6382=CONTEXT_DEPENDENT_SHAPE_REPRESENTATION(#6379,#6381);
#6383=(NAMED_UNIT(*)PLANE_ANGLE_UNIT()SI_UNIT($,.RADIAN.));
#6384=PLANE_ANGLE_MEASURE_WITH_UNIT(PLANE_ANGLE_MEASURE(0.0174532925),#6383);
#6385=(CONVERSION_BASED_UNIT('DEGREE',#6384)NAMED_UNIT(#6386)PLANE_ANGLE_UNIT());
#6386=DIMENSIONAL_EXPONENTS(0.,0.,0.,0.,0.,0.,0.);
#6387=(NAMED_UNIT(*)SI_UNIT($,.STERADIAN.)SOLID_ANGLE_UNIT());
#6388=(LENGTH_UNIT()NAMED_UNIT(*)SI_UNIT(.MILLI.,.METRE.));
#6389=UNCERTAINTY_MEASURE_WITH_UNIT(LENGTH_MEASURE(1.000000E-03),#6388,'DISTANCE_ACCURACY_VALUE','Maximum Tolerance applied to model');
#6390=(GEOMETRIC_REPRESENTATION_CONTEXT(3)GLOBAL_UNCERTAINTY_ASSIGNED_CONTEXT((#6389))GLOBAL_UNIT_ASSIGNED_CONTEXT((#6388,#6385,#6387))REPRESENTATION_CONTEXT('','C0603~C0603_L1.6-W0.8-H0.8~QmFs'));
#6402=CARTESIAN_POINT('',(0.,0.,0.));
#6403=DIRECTION('',(0.,0.,1.));
#6404=DIRECTION('',(1.,0.,-0.));
#6405=AXIS2_PLACEMENT_3D('',#6402,#6403,#6404);
#6406=ITEM_DEFINED_TRANSFORMATION('','',#6405,#15);
#6407=(REPRESENTATION_RELATIONSHIP('','',#6392,#6364)REPRESENTATION_RELATIONSHIP_WITH_TRANSFORMATION(#6406)SHAPE_REPRESENTATION_RELATIONSHIP());
#6408=NEXT_ASSEMBLY_USAGE_OCCURRENCE('C0603~C0603_L1.6-W0.8-H0.8~QmFs_84','C0603~C0603_L1.6-W0.8-H0.8~QmFs','C0603~C0603_L1.6-W0.8-H0.8~QmFs',#6373,#6401,$);
#6409=PRODUCT_DEFINITION_SHAPE('','',#6408);
#6410=CONTEXT_DEPENDENT_SHAPE_REPRESENTATION(#6407,#6409);
#6392=SHAPE_REPRESENTATION('C0603~C0603_L1.6-W0.8-H0.8~QmFs',(#15),#6390);
#6411=CARTESIAN_POINT('',(0.,0.,0.));
#6412=DIRECTION('',(0.,0.,1.));
#6413=DIRECTION('',(1.,0.,0.));
#6414=AXIS2_PLACEMENT_3D('',#6411,#6412,#6413);
#6416=MAPPED_ITEM('',#6415,#6414);
#6415=REPRESENTATION_MAP(#6414,#6392);
#6400=PRODUCT('C0603~C0603_L1.6-W0.8-H0.8~QmFs','C0603~C0603_L1.6-W0.8-H0.8~QmFs','',(#3390));
#6417=PRODUCT_RELATED_PRODUCT_CATEGORY('part','',(#6400));
#6418=PRODUCT_DEFINITION_FORMATION_WITH_SPECIFIED_SOURCE('','',#6400,.NOT_KNOWN.);
#6401=PRODUCT_DEFINITION('design','',#6418,#3391);
#6399=PRODUCT_DEFINITION_SHAPE('','',#6401);
#6419=SHAPE_DEFINITION_REPRESENTATION(#6399,#6392);
#6391=DRAUGHTING_MODEL('',(#6416),#6390);
#6364=SHAPE_REPRESENTATION('C31~C0603~C0603_L1.6-W0.8-H0.8~QmFs',(#15,#6405),#6362);
#6420=CARTESIAN_POINT('',(0.,0.,0.));
#6421=DIRECTION('',(0.,0.,1.));
#6422=DIRECTION('',(1.,0.,0.));
#6423=AXIS2_PLACEMENT_3D('',#6420,#6421,#6422);
#6425=MAPPED_ITEM('',#6424,#6423);
#6424=REPRESENTATION_MAP(#6423,#6364);
#6372=PRODUCT('C31~C0603~C0603_L1.6-W0.8-H0.8~QmFs','C31~C0603~C0603_L1.6-W0.8-H0.8~QmFs','',(#3390));
#6426=PRODUCT_RELATED_PRODUCT_CATEGORY('part','',(#6372));
#6427=PRODUCT_DEFINITION_FORMATION_WITH_SPECIFIED_SOURCE('','',#6372,.NOT_KNOWN.);
#6373=PRODUCT_DEFINITION('design','',#6427,#3391);
#6371=PRODUCT_DEFINITION_SHAPE('','',#6373);
#6428=SHAPE_DEFINITION_REPRESENTATION(#6371,#6364);
#6363=DRAUGHTING_MODEL('',(#6425),#6362);
#6429=(NAMED_UNIT(*)PLANE_ANGLE_UNIT()SI_UNIT($,.RADIAN.));
#6430=PLANE_ANGLE_MEASURE_WITH_UNIT(PLANE_ANGLE_MEASURE(0.0174532925),#6429);
#6431=(CONVERSION_BASED_UNIT('DEGREE',#6430)NAMED_UNIT(#6432)PLANE_ANGLE_UNIT());
#6432=DIMENSIONAL_EXPONENTS(0.,0.,0.,0.,0.,0.,0.);
#6433=(NAMED_UNIT(*)SI_UNIT($,.STERADIAN.)SOLID_ANGLE_UNIT());
#6434=(LENGTH_UNIT()NAMED_UNIT(*)SI_UNIT(.MILLI.,.METRE.));
#6435=UNCERTAINTY_MEASURE_WITH_UNIT(LENGTH_MEASURE(1.000000E-03),#6434,'DISTANCE_ACCURACY_VALUE','Maximum Tolerance applied to model');
#6436=(GEOMETRIC_REPRESENTATION_CONTEXT(3)GLOBAL_UNCERTAINTY_ASSIGNED_CONTEXT((#6435))GLOBAL_UNIT_ASSIGNED_CONTEXT((#6434,#6431,#6433))REPRESENTATION_CONTEXT('','C31~C0603~C0603_L1.6-W0.8-H0.8~QmFs'));
#6448=CARTESIAN_POINT('',(0.,0.,0.));
#6449=DIRECTION('',(0.,0.,1.));
#6450=DIRECTION('',(1.,0.,-0.));
#6451=AXIS2_PLACEMENT_3D('',#6448,#6449,#6450);
#6452=ITEM_DEFINED_TRANSFORMATION('','',#6451,#15);
#6453=(REPRESENTATION_RELATIONSHIP('','',#6438,#3335)REPRESENTATION_RELATIONSHIP_WITH_TRANSFORMATION(#6452)SHAPE_REPRESENTATION_RELATIONSHIP());
#6454=NEXT_ASSEMBLY_USAGE_OCCURRENCE('C31~C0603~C0603_L1.6-W0.8-H0.8~QmFs_85','C31~C0603~C0603_L1.6-W0.8-H0.8~QmFs','C31~C0603~C0603_L1.6-W0.8-H0.8~QmFs',#3344,#6447,$);
#6455=PRODUCT_DEFINITION_SHAPE('','',#6454);
#6456=CONTEXT_DEPENDENT_SHAPE_REPRESENTATION(#6453,#6455);
#6457=(NAMED_UNIT(*)PLANE_ANGLE_UNIT()SI_UNIT($,.RADIAN.));
#6458=PLANE_ANGLE_MEASURE_WITH_UNIT(PLANE_ANGLE_MEASURE(0.0174532925),#6457);
#6459=(CONVERSION_BASED_UNIT('DEGREE',#6458)NAMED_UNIT(#6460)PLANE_ANGLE_UNIT());
#6460=DIMENSIONAL_EXPONENTS(0.,0.,0.,0.,0.,0.,0.);
#6461=(NAMED_UNIT(*)SI_UNIT($,.STERADIAN.)SOLID_ANGLE_UNIT());
#6462=(LENGTH_UNIT()NAMED_UNIT(*)SI_UNIT(.MILLI.,.METRE.));
#6463=UNCERTAINTY_MEASURE_WITH_UNIT(LENGTH_MEASURE(1.000000E-03),#6462,'DISTANCE_ACCURACY_VALUE','Maximum Tolerance applied to model');
#6464=(GEOMETRIC_REPRESENTATION_CONTEXT(3)GLOBAL_UNCERTAINTY_ASSIGNED_CONTEXT((#6463))GLOBAL_UNIT_ASSIGNED_CONTEXT((#6462,#6459,#6461))REPRESENTATION_CONTEXT('','C0603~C0603_L1.6-W0.8-H0.8~QmFs'));
#6476=CARTESIAN_POINT('',(0.,0.,0.));
#6477=DIRECTION('',(0.,0.,1.));
#6478=DIRECTION('',(1.,0.,-0.));
#6479=AXIS2_PLACEMENT_3D('',#6476,#6477,#6478);
#6480=ITEM_DEFINED_TRANSFORMATION('','',#6479,#15);
#6481=(REPRESENTATION_RELATIONSHIP('','',#6466,#6438)REPRESENTATION_RELATIONSHIP_WITH_TRANSFORMATION(#6480)SHAPE_REPRESENTATION_RELATIONSHIP());
#6482=NEXT_ASSEMBLY_USAGE_OCCURRENCE('C0603~C0603_L1.6-W0.8-H0.8~QmFs_86','C0603~C0603_L1.6-W0.8-H0.8~QmFs','C0603~C0603_L1.6-W0.8-H0.8~QmFs',#6447,#6475,$);
#6483=PRODUCT_DEFINITION_SHAPE('','',#6482);
#6484=CONTEXT_DEPENDENT_SHAPE_REPRESENTATION(#6481,#6483);
#6466=SHAPE_REPRESENTATION('C0603~C0603_L1.6-W0.8-H0.8~QmFs',(#15),#6464);
#6485=CARTESIAN_POINT('',(0.,0.,0.));
#6486=DIRECTION('',(0.,0.,1.));
#6487=DIRECTION('',(1.,0.,0.));
#6488=AXIS2_PLACEMENT_3D('',#6485,#6486,#6487);
#6490=MAPPED_ITEM('',#6489,#6488);
#6489=REPRESENTATION_MAP(#6488,#6466);
#6474=PRODUCT('C0603~C0603_L1.6-W0.8-H0.8~QmFs','C0603~C0603_L1.6-W0.8-H0.8~QmFs','',(#3390));
#6491=PRODUCT_RELATED_PRODUCT_CATEGORY('part','',(#6474));
#6492=PRODUCT_DEFINITION_FORMATION_WITH_SPECIFIED_SOURCE('','',#6474,.NOT_KNOWN.);
#6475=PRODUCT_DEFINITION('design','',#6492,#3391);
#6473=PRODUCT_DEFINITION_SHAPE('','',#6475);
#6493=SHAPE_DEFINITION_REPRESENTATION(#6473,#6466);
#6465=DRAUGHTING_MODEL('',(#6490),#6464);
#6438=SHAPE_REPRESENTATION('C31~C0603~C0603_L1.6-W0.8-H0.8~QmFs',(#15,#6479),#6436);
#6494=CARTESIAN_POINT('',(0.,0.,0.));
#6495=DIRECTION('',(0.,0.,1.));
#6496=DIRECTION('',(1.,0.,0.));
#6497=AXIS2_PLACEMENT_3D('',#6494,#6495,#6496);
#6499=MAPPED_ITEM('',#6498,#6497);
#6498=REPRESENTATION_MAP(#6497,#6438);
#6446=PRODUCT('C31~C0603~C0603_L1.6-W0.8-H0.8~QmFs','C31~C0603~C0603_L1.6-W0.8-H0.8~QmFs','',(#3390));
#6500=PRODUCT_RELATED_PRODUCT_CATEGORY('part','',(#6446));
#6501=PRODUCT_DEFINITION_FORMATION_WITH_SPECIFIED_SOURCE('','',#6446,.NOT_KNOWN.);
#6447=PRODUCT_DEFINITION('design','',#6501,#3391);
#6445=PRODUCT_DEFINITION_SHAPE('','',#6447);
#6502=SHAPE_DEFINITION_REPRESENTATION(#6445,#6438);
#6437=DRAUGHTING_MODEL('',(#6499),#6436);
#6503=(NAMED_UNIT(*)PLANE_ANGLE_UNIT()SI_UNIT($,.RADIAN.));
#6504=PLANE_ANGLE_MEASURE_WITH_UNIT(PLANE_ANGLE_MEASURE(0.0174532925),#6503);
#6505=(CONVERSION_BASED_UNIT('DEGREE',#6504)NAMED_UNIT(#6506)PLANE_ANGLE_UNIT());
#6506=DIMENSIONAL_EXPONENTS(0.,0.,0.,0.,0.,0.,0.);
#6507=(NAMED_UNIT(*)SI_UNIT($,.STERADIAN.)SOLID_ANGLE_UNIT());
#6508=(LENGTH_UNIT()NAMED_UNIT(*)SI_UNIT(.MILLI.,.METRE.));
#6509=UNCERTAINTY_MEASURE_WITH_UNIT(LENGTH_MEASURE(1.000000E-03),#6508,'DISTANCE_ACCURACY_VALUE','Maximum Tolerance applied to model');
#6510=(GEOMETRIC_REPRESENTATION_CONTEXT(3)GLOBAL_UNCERTAINTY_ASSIGNED_CONTEXT((#6509))GLOBAL_UNIT_ASSIGNED_CONTEXT((#6508,#6505,#6507))REPRESENTATION_CONTEXT('','C31~C0603~C0603_L1.6-W0.8-H0.8~QmFs'));
#6522=CARTESIAN_POINT('',(0.,0.,0.));
#6523=DIRECTION('',(0.,0.,1.));
#6524=DIRECTION('',(1.,0.,-0.));
#6525=AXIS2_PLACEMENT_3D('',#6522,#6523,#6524);
#6526=ITEM_DEFINED_TRANSFORMATION('','',#6525,#15);
#6527=(REPRESENTATION_RELATIONSHIP('','',#6512,#3335)REPRESENTATION_RELATIONSHIP_WITH_TRANSFORMATION(#6526)SHAPE_REPRESENTATION_RELATIONSHIP());
#6528=NEXT_ASSEMBLY_USAGE_OCCURRENCE('C31~C0603~C0603_L1.6-W0.8-H0.8~QmFs_87','C31~C0603~C0603_L1.6-W0.8-H0.8~QmFs','C31~C0603~C0603_L1.6-W0.8-H0.8~QmFs',#3344,#6521,$);
#6529=PRODUCT_DEFINITION_SHAPE('','',#6528);
#6530=CONTEXT_DEPENDENT_SHAPE_REPRESENTATION(#6527,#6529);
#6531=(NAMED_UNIT(*)PLANE_ANGLE_UNIT()SI_UNIT($,.RADIAN.));
#6532=PLANE_ANGLE_MEASURE_WITH_UNIT(PLANE_ANGLE_MEASURE(0.0174532925),#6531);
#6533=(CONVERSION_BASED_UNIT('DEGREE',#6532)NAMED_UNIT(#6534)PLANE_ANGLE_UNIT());
#6534=DIMENSIONAL_EXPONENTS(0.,0.,0.,0.,0.,0.,0.);
#6535=(NAMED_UNIT(*)SI_UNIT($,.STERADIAN.)SOLID_ANGLE_UNIT());
#6536=(LENGTH_UNIT()NAMED_UNIT(*)SI_UNIT(.MILLI.,.METRE.));
#6537=UNCERTAINTY_MEASURE_WITH_UNIT(LENGTH_MEASURE(1.000000E-03),#6536,'DISTANCE_ACCURACY_VALUE','Maximum Tolerance applied to model');
#6538=(GEOMETRIC_REPRESENTATION_CONTEXT(3)GLOBAL_UNCERTAINTY_ASSIGNED_CONTEXT((#6537))GLOBAL_UNIT_ASSIGNED_CONTEXT((#6536,#6533,#6535))REPRESENTATION_CONTEXT('','C0603~C0603_L1.6-W0.8-H0.8~QmFs'));
#6550=CARTESIAN_POINT('',(0.,0.,0.));
#6551=DIRECTION('',(0.,0.,1.));
#6552=DIRECTION('',(1.,0.,-0.));
#6553=AXIS2_PLACEMENT_3D('',#6550,#6551,#6552);
#6554=ITEM_DEFINED_TRANSFORMATION('','',#6553,#15);
#6555=(REPRESENTATION_RELATIONSHIP('','',#6540,#6512)REPRESENTATION_RELATIONSHIP_WITH_TRANSFORMATION(#6554)SHAPE_REPRESENTATION_RELATIONSHIP());
#6556=NEXT_ASSEMBLY_USAGE_OCCURRENCE('C0603~C0603_L1.6-W0.8-H0.8~QmFs_88','C0603~C0603_L1.6-W0.8-H0.8~QmFs','C0603~C0603_L1.6-W0.8-H0.8~QmFs',#6521,#6549,$);
#6557=PRODUCT_DEFINITION_SHAPE('','',#6556);
#6558=CONTEXT_DEPENDENT_SHAPE_REPRESENTATION(#6555,#6557);
#6540=SHAPE_REPRESENTATION('C0603~C0603_L1.6-W0.8-H0.8~QmFs',(#15),#6538);
#6559=CARTESIAN_POINT('',(0.,0.,0.));
#6560=DIRECTION('',(0.,0.,1.));
#6561=DIRECTION('',(1.,0.,0.));
#6562=AXIS2_PLACEMENT_3D('',#6559,#6560,#6561);
#6564=MAPPED_ITEM('',#6563,#6562);
#6563=REPRESENTATION_MAP(#6562,#6540);
#6548=PRODUCT('C0603~C0603_L1.6-W0.8-H0.8~QmFs','C0603~C0603_L1.6-W0.8-H0.8~QmFs','',(#3390));
#6565=PRODUCT_RELATED_PRODUCT_CATEGORY('part','',(#6548));
#6566=PRODUCT_DEFINITION_FORMATION_WITH_SPECIFIED_SOURCE('','',#6548,.NOT_KNOWN.);
#6549=PRODUCT_DEFINITION('design','',#6566,#3391);
#6547=PRODUCT_DEFINITION_SHAPE('','',#6549);
#6567=SHAPE_DEFINITION_REPRESENTATION(#6547,#6540);
#6539=DRAUGHTING_MODEL('',(#6564),#6538);
#6512=SHAPE_REPRESENTATION('C31~C0603~C0603_L1.6-W0.8-H0.8~QmFs',(#15,#6553),#6510);
#6568=CARTESIAN_POINT('',(0.,0.,0.));
#6569=DIRECTION('',(0.,0.,1.));
#6570=DIRECTION('',(1.,0.,0.));
#6571=AXIS2_PLACEMENT_3D('',#6568,#6569,#6570);
#6573=MAPPED_ITEM('',#6572,#6571);
#6572=REPRESENTATION_MAP(#6571,#6512);
#6520=PRODUCT('C31~C0603~C0603_L1.6-W0.8-H0.8~QmFs','C31~C0603~C0603_L1.6-W0.8-H0.8~QmFs','',(#3390));
#6574=PRODUCT_RELATED_PRODUCT_CATEGORY('part','',(#6520));
#6575=PRODUCT_DEFINITION_FORMATION_WITH_SPECIFIED_SOURCE('','',#6520,.NOT_KNOWN.);
#6521=PRODUCT_DEFINITION('design','',#6575,#3391);
#6519=PRODUCT_DEFINITION_SHAPE('','',#6521);
#6576=SHAPE_DEFINITION_REPRESENTATION(#6519,#6512);
#6511=DRAUGHTING_MODEL('',(#6573),#6510);
#6577=(NAMED_UNIT(*)PLANE_ANGLE_UNIT()SI_UNIT($,.RADIAN.));
#6578=PLANE_ANGLE_MEASURE_WITH_UNIT(PLANE_ANGLE_MEASURE(0.0174532925),#6577);
#6579=(CONVERSION_BASED_UNIT('DEGREE',#6578)NAMED_UNIT(#6580)PLANE_ANGLE_UNIT());
#6580=DIMENSIONAL_EXPONENTS(0.,0.,0.,0.,0.,0.,0.);
#6581=(NAMED_UNIT(*)SI_UNIT($,.STERADIAN.)SOLID_ANGLE_UNIT());
#6582=(LENGTH_UNIT()NAMED_UNIT(*)SI_UNIT(.MILLI.,.METRE.));
#6583=UNCERTAINTY_MEASURE_WITH_UNIT(LENGTH_MEASURE(1.000000E-03),#6582,'DISTANCE_ACCURACY_VALUE','Maximum Tolerance applied to model');
#6584=(GEOMETRIC_REPRESENTATION_CONTEXT(3)GLOBAL_UNCERTAINTY_ASSIGNED_CONTEXT((#6583))GLOBAL_UNIT_ASSIGNED_CONTEXT((#6582,#6579,#6581))REPRESENTATION_CONTEXT('','C31~C0603~C0603_L1.6-W0.8-H0.8~QmFs'));
#6596=CARTESIAN_POINT('',(0.,0.,0.));
#6597=DIRECTION('',(0.,0.,1.));
#6598=DIRECTION('',(1.,0.,-0.));
#6599=AXIS2_PLACEMENT_3D('',#6596,#6597,#6598);
#6600=ITEM_DEFINED_TRANSFORMATION('','',#6599,#15);
#6601=(REPRESENTATION_RELATIONSHIP('','',#6586,#3335)REPRESENTATION_RELATIONSHIP_WITH_TRANSFORMATION(#6600)SHAPE_REPRESENTATION_RELATIONSHIP());
#6602=NEXT_ASSEMBLY_USAGE_OCCURRENCE('C31~C0603~C0603_L1.6-W0.8-H0.8~QmFs_89','C31~C0603~C0603_L1.6-W0.8-H0.8~QmFs','C31~C0603~C0603_L1.6-W0.8-H0.8~QmFs',#3344,#6595,$);
#6603=PRODUCT_DEFINITION_SHAPE('','',#6602);
#6604=CONTEXT_DEPENDENT_SHAPE_REPRESENTATION(#6601,#6603);
#6605=(NAMED_UNIT(*)PLANE_ANGLE_UNIT()SI_UNIT($,.RADIAN.));
#6606=PLANE_ANGLE_MEASURE_WITH_UNIT(PLANE_ANGLE_MEASURE(0.0174532925),#6605);
#6607=(CONVERSION_BASED_UNIT('DEGREE',#6606)NAMED_UNIT(#6608)PLANE_ANGLE_UNIT());
#6608=DIMENSIONAL_EXPONENTS(0.,0.,0.,0.,0.,0.,0.);
#6609=(NAMED_UNIT(*)SI_UNIT($,.STERADIAN.)SOLID_ANGLE_UNIT());
#6610=(LENGTH_UNIT()NAMED_UNIT(*)SI_UNIT(.MILLI.,.METRE.));
#6611=UNCERTAINTY_MEASURE_WITH_UNIT(LENGTH_MEASURE(1.000000E-03),#6610,'DISTANCE_ACCURACY_VALUE','Maximum Tolerance applied to model');
#6612=(GEOMETRIC_REPRESENTATION_CONTEXT(3)GLOBAL_UNCERTAINTY_ASSIGNED_CONTEXT((#6611))GLOBAL_UNIT_ASSIGNED_CONTEXT((#6610,#6607,#6609))REPRESENTATION_CONTEXT('','C0603~C0603_L1.6-W0.8-H0.8~QmFs'));
#6624=CARTESIAN_POINT('',(0.,0.,0.));
#6625=DIRECTION('',(0.,0.,1.));
#6626=DIRECTION('',(1.,0.,-0.));
#6627=AXIS2_PLACEMENT_3D('',#6624,#6625,#6626);
#6628=ITEM_DEFINED_TRANSFORMATION('','',#6627,#15);
#6629=(REPRESENTATION_RELATIONSHIP('','',#6614,#6586)REPRESENTATION_RELATIONSHIP_WITH_TRANSFORMATION(#6628)SHAPE_REPRESENTATION_RELATIONSHIP());
#6630=NEXT_ASSEMBLY_USAGE_OCCURRENCE('C0603~C0603_L1.6-W0.8-H0.8~QmFs_90','C0603~C0603_L1.6-W0.8-H0.8~QmFs','C0603~C0603_L1.6-W0.8-H0.8~QmFs',#6595,#6623,$);
#6631=PRODUCT_DEFINITION_SHAPE('','',#6630);
#6632=CONTEXT_DEPENDENT_SHAPE_REPRESENTATION(#6629,#6631);
#6614=SHAPE_REPRESENTATION('C0603~C0603_L1.6-W0.8-H0.8~QmFs',(#15),#6612);
#6633=CARTESIAN_POINT('',(0.,0.,0.));
#6634=DIRECTION('',(0.,0.,1.));
#6635=DIRECTION('',(1.,0.,0.));
#6636=AXIS2_PLACEMENT_3D('',#6633,#6634,#6635);
#6638=MAPPED_ITEM('',#6637,#6636);
#6637=REPRESENTATION_MAP(#6636,#6614);
#6622=PRODUCT('C0603~C0603_L1.6-W0.8-H0.8~QmFs','C0603~C0603_L1.6-W0.8-H0.8~QmFs','',(#3390));
#6639=PRODUCT_RELATED_PRODUCT_CATEGORY('part','',(#6622));
#6640=PRODUCT_DEFINITION_FORMATION_WITH_SPECIFIED_SOURCE('','',#6622,.NOT_KNOWN.);
#6623=PRODUCT_DEFINITION('design','',#6640,#3391);
#6621=PRODUCT_DEFINITION_SHAPE('','',#6623);
#6641=SHAPE_DEFINITION_REPRESENTATION(#6621,#6614);
#6613=DRAUGHTING_MODEL('',(#6638),#6612);
#6586=SHAPE_REPRESENTATION('C31~C0603~C0603_L1.6-W0.8-H0.8~QmFs',(#15,#6627),#6584);
#6642=CARTESIAN_POINT('',(0.,0.,0.));
#6643=DIRECTION('',(0.,0.,1.));
#6644=DIRECTION('',(1.,0.,0.));
#6645=AXIS2_PLACEMENT_3D('',#6642,#6643,#6644);
#6647=MAPPED_ITEM('',#6646,#6645);
#6646=REPRESENTATION_MAP(#6645,#6586);
#6594=PRODUCT('C31~C0603~C0603_L1.6-W0.8-H0.8~QmFs','C31~C0603~C0603_L1.6-W0.8-H0.8~QmFs','',(#3390));
#6648=PRODUCT_RELATED_PRODUCT_CATEGORY('part','',(#6594));
#6649=PRODUCT_DEFINITION_FORMATION_WITH_SPECIFIED_SOURCE('','',#6594,.NOT_KNOWN.);
#6595=PRODUCT_DEFINITION('design','',#6649,#3391);
#6593=PRODUCT_DEFINITION_SHAPE('','',#6595);
#6650=SHAPE_DEFINITION_REPRESENTATION(#6593,#6586);
#6585=DRAUGHTING_MODEL('',(#6647),#6584);
#6651=(NAMED_UNIT(*)PLANE_ANGLE_UNIT()SI_UNIT($,.RADIAN.));
#6652=PLANE_ANGLE_MEASURE_WITH_UNIT(PLANE_ANGLE_MEASURE(0.0174532925),#6651);
#6653=(CONVERSION_BASED_UNIT('DEGREE',#6652)NAMED_UNIT(#6654)PLANE_ANGLE_UNIT());
#6654=DIMENSIONAL_EXPONENTS(0.,0.,0.,0.,0.,0.,0.);
#6655=(NAMED_UNIT(*)SI_UNIT($,.STERADIAN.)SOLID_ANGLE_UNIT());
#6656=(LENGTH_UNIT()NAMED_UNIT(*)SI_UNIT(.MILLI.,.METRE.));
#6657=UNCERTAINTY_MEASURE_WITH_UNIT(LENGTH_MEASURE(1.000000E-03),#6656,'DISTANCE_ACCURACY_VALUE','Maximum Tolerance applied to model');
#6658=(GEOMETRIC_REPRESENTATION_CONTEXT(3)GLOBAL_UNCERTAINTY_ASSIGNED_CONTEXT((#6657))GLOBAL_UNIT_ASSIGNED_CONTEXT((#6656,#6653,#6655))REPRESENTATION_CONTEXT('','C31~C0603~C0603_L1.6-W0.8-H0.8~QmFs'));
#6670=CARTESIAN_POINT('',(0.,0.,0.));
#6671=DIRECTION('',(0.,0.,1.));
#6672=DIRECTION('',(1.,0.,-0.));
#6673=AXIS2_PLACEMENT_3D('',#6670,#6671,#6672);
#6674=ITEM_DEFINED_TRANSFORMATION('','',#6673,#15);
#6675=(REPRESENTATION_RELATIONSHIP('','',#6660,#3335)REPRESENTATION_RELATIONSHIP_WITH_TRANSFORMATION(#6674)SHAPE_REPRESENTATION_RELATIONSHIP());
#6676=NEXT_ASSEMBLY_USAGE_OCCURRENCE('C31~C0603~C0603_L1.6-W0.8-H0.8~QmFs_91','C31~C0603~C0603_L1.6-W0.8-H0.8~QmFs','C31~C0603~C0603_L1.6-W0.8-H0.8~QmFs',#3344,#6669,$);
#6677=PRODUCT_DEFINITION_SHAPE('','',#6676);
#6678=CONTEXT_DEPENDENT_SHAPE_REPRESENTATION(#6675,#6677);
#6679=(NAMED_UNIT(*)PLANE_ANGLE_UNIT()SI_UNIT($,.RADIAN.));
#6680=PLANE_ANGLE_MEASURE_WITH_UNIT(PLANE_ANGLE_MEASURE(0.0174532925),#6679);
#6681=(CONVERSION_BASED_UNIT('DEGREE',#6680)NAMED_UNIT(#6682)PLANE_ANGLE_UNIT());
#6682=DIMENSIONAL_EXPONENTS(0.,0.,0.,0.,0.,0.,0.);
#6683=(NAMED_UNIT(*)SI_UNIT($,.STERADIAN.)SOLID_ANGLE_UNIT());
#6684=(LENGTH_UNIT()NAMED_UNIT(*)SI_UNIT(.MILLI.,.METRE.));
#6685=UNCERTAINTY_MEASURE_WITH_UNIT(LENGTH_MEASURE(1.000000E-03),#6684,'DISTANCE_ACCURACY_VALUE','Maximum Tolerance applied to model');
#6686=(GEOMETRIC_REPRESENTATION_CONTEXT(3)GLOBAL_UNCERTAINTY_ASSIGNED_CONTEXT((#6685))GLOBAL_UNIT_ASSIGNED_CONTEXT((#6684,#6681,#6683))REPRESENTATION_CONTEXT('','C0603~C0603_L1.6-W0.8-H0.8~QmFs'));
#6698=CARTESIAN_POINT('',(0.,0.,0.));
#6699=DIRECTION('',(0.,0.,1.));
#6700=DIRECTION('',(1.,0.,-0.));
#6701=AXIS2_PLACEMENT_3D('',#6698,#6699,#6700);
#6702=ITEM_DEFINED_TRANSFORMATION('','',#6701,#15);
#6703=(REPRESENTATION_RELATIONSHIP('','',#6688,#6660)REPRESENTATION_RELATIONSHIP_WITH_TRANSFORMATION(#6702)SHAPE_REPRESENTATION_RELATIONSHIP());
#6704=NEXT_ASSEMBLY_USAGE_OCCURRENCE('C0603~C0603_L1.6-W0.8-H0.8~QmFs_92','C0603~C0603_L1.6-W0.8-H0.8~QmFs','C0603~C0603_L1.6-W0.8-H0.8~QmFs',#6669,#6697,$);
#6705=PRODUCT_DEFINITION_SHAPE('','',#6704);
#6706=CONTEXT_DEPENDENT_SHAPE_REPRESENTATION(#6703,#6705);
#6688=SHAPE_REPRESENTATION('C0603~C0603_L1.6-W0.8-H0.8~QmFs',(#15),#6686);
#6707=CARTESIAN_POINT('',(0.,0.,0.));
#6708=DIRECTION('',(0.,0.,1.));
#6709=DIRECTION('',(1.,0.,0.));
#6710=AXIS2_PLACEMENT_3D('',#6707,#6708,#6709);
#6712=MAPPED_ITEM('',#6711,#6710);
#6711=REPRESENTATION_MAP(#6710,#6688);
#6696=PRODUCT('C0603~C0603_L1.6-W0.8-H0.8~QmFs','C0603~C0603_L1.6-W0.8-H0.8~QmFs','',(#3390));
#6713=PRODUCT_RELATED_PRODUCT_CATEGORY('part','',(#6696));
#6714=PRODUCT_DEFINITION_FORMATION_WITH_SPECIFIED_SOURCE('','',#6696,.NOT_KNOWN.);
#6697=PRODUCT_DEFINITION('design','',#6714,#3391);
#6695=PRODUCT_DEFINITION_SHAPE('','',#6697);
#6715=SHAPE_DEFINITION_REPRESENTATION(#6695,#6688);
#6687=DRAUGHTING_MODEL('',(#6712),#6686);
#6660=SHAPE_REPRESENTATION('C31~C0603~C0603_L1.6-W0.8-H0.8~QmFs',(#15,#6701),#6658);
#6716=CARTESIAN_POINT('',(0.,0.,0.));
#6717=DIRECTION('',(0.,0.,1.));
#6718=DIRECTION('',(1.,0.,0.));
#6719=AXIS2_PLACEMENT_3D('',#6716,#6717,#6718);
#6721=MAPPED_ITEM('',#6720,#6719);
#6720=REPRESENTATION_MAP(#6719,#6660);
#6668=PRODUCT('C31~C0603~C0603_L1.6-W0.8-H0.8~QmFs','C31~C0603~C0603_L1.6-W0.8-H0.8~QmFs','',(#3390));
#6722=PRODUCT_RELATED_PRODUCT_CATEGORY('part','',(#6668));
#6723=PRODUCT_DEFINITION_FORMATION_WITH_SPECIFIED_SOURCE('','',#6668,.NOT_KNOWN.);
#6669=PRODUCT_DEFINITION('design','',#6723,#3391);
#6667=PRODUCT_DEFINITION_SHAPE('','',#6669);
#6724=SHAPE_DEFINITION_REPRESENTATION(#6667,#6660);
#6659=DRAUGHTING_MODEL('',(#6721),#6658);
#6725=(NAMED_UNIT(*)PLANE_ANGLE_UNIT()SI_UNIT($,.RADIAN.));
#6726=PLANE_ANGLE_MEASURE_WITH_UNIT(PLANE_ANGLE_MEASURE(0.0174532925),#6725);
#6727=(CONVERSION_BASED_UNIT('DEGREE',#6726)NAMED_UNIT(#6728)PLANE_ANGLE_UNIT());
#6728=DIMENSIONAL_EXPONENTS(0.,0.,0.,0.,0.,0.,0.);
#6729=(NAMED_UNIT(*)SI_UNIT($,.STERADIAN.)SOLID_ANGLE_UNIT());
#6730=(LENGTH_UNIT()NAMED_UNIT(*)SI_UNIT(.MILLI.,.METRE.));
#6731=UNCERTAINTY_MEASURE_WITH_UNIT(LENGTH_MEASURE(1.000000E-03),#6730,'DISTANCE_ACCURACY_VALUE','Maximum Tolerance applied to model');
#6732=(GEOMETRIC_REPRESENTATION_CONTEXT(3)GLOBAL_UNCERTAINTY_ASSIGNED_CONTEXT((#6731))GLOBAL_UNIT_ASSIGNED_CONTEXT((#6730,#6727,#6729))REPRESENTATION_CONTEXT('','C31~C0603~C0603_L1.6-W0.8-H0.8~QmFs'));
#6744=CARTESIAN_POINT('',(0.,0.,0.));
#6745=DIRECTION('',(0.,0.,1.));
#6746=DIRECTION('',(1.,0.,-0.));
#6747=AXIS2_PLACEMENT_3D('',#6744,#6745,#6746);
#6748=ITEM_DEFINED_TRANSFORMATION('','',#6747,#15);
#6749=(REPRESENTATION_RELATIONSHIP('','',#6734,#3335)REPRESENTATION_RELATIONSHIP_WITH_TRANSFORMATION(#6748)SHAPE_REPRESENTATION_RELATIONSHIP());
#6750=NEXT_ASSEMBLY_USAGE_OCCURRENCE('C31~C0603~C0603_L1.6-W0.8-H0.8~QmFs_93','C31~C0603~C0603_L1.6-W0.8-H0.8~QmFs','C31~C0603~C0603_L1.6-W0.8-H0.8~QmFs',#3344,#6743,$);
#6751=PRODUCT_DEFINITION_SHAPE('','',#6750);
#6752=CONTEXT_DEPENDENT_SHAPE_REPRESENTATION(#6749,#6751);
#6753=(NAMED_UNIT(*)PLANE_ANGLE_UNIT()SI_UNIT($,.RADIAN.));
#6754=PLANE_ANGLE_MEASURE_WITH_UNIT(PLANE_ANGLE_MEASURE(0.0174532925),#6753);
#6755=(CONVERSION_BASED_UNIT('DEGREE',#6754)NAMED_UNIT(#6756)PLANE_ANGLE_UNIT());
#6756=DIMENSIONAL_EXPONENTS(0.,0.,0.,0.,0.,0.,0.);
#6757=(NAMED_UNIT(*)SI_UNIT($,.STERADIAN.)SOLID_ANGLE_UNIT());
#6758=(LENGTH_UNIT()NAMED_UNIT(*)SI_UNIT(.MILLI.,.METRE.));
#6759=UNCERTAINTY_MEASURE_WITH_UNIT(LENGTH_MEASURE(1.000000E-03),#6758,'DISTANCE_ACCURACY_VALUE','Maximum Tolerance applied to model');
#6760=(GEOMETRIC_REPRESENTATION_CONTEXT(3)GLOBAL_UNCERTAINTY_ASSIGNED_CONTEXT((#6759))GLOBAL_UNIT_ASSIGNED_CONTEXT((#6758,#6755,#6757))REPRESENTATION_CONTEXT('','C0603~C0603_L1.6-W0.8-H0.8~QmFs'));
#6772=CARTESIAN_POINT('',(0.,0.,0.));
#6773=DIRECTION('',(0.,0.,1.));
#6774=DIRECTION('',(1.,0.,-0.));
#6775=AXIS2_PLACEMENT_3D('',#6772,#6773,#6774);
#6776=ITEM_DEFINED_TRANSFORMATION('','',#6775,#15);
#6777=(REPRESENTATION_RELATIONSHIP('','',#6762,#6734)REPRESENTATION_RELATIONSHIP_WITH_TRANSFORMATION(#6776)SHAPE_REPRESENTATION_RELATIONSHIP());
#6778=NEXT_ASSEMBLY_USAGE_OCCURRENCE('C0603~C0603_L1.6-W0.8-H0.8~QmFs_94','C0603~C0603_L1.6-W0.8-H0.8~QmFs','C0603~C0603_L1.6-W0.8-H0.8~QmFs',#6743,#6771,$);
#6779=PRODUCT_DEFINITION_SHAPE('','',#6778);
#6780=CONTEXT_DEPENDENT_SHAPE_REPRESENTATION(#6777,#6779);
#6762=SHAPE_REPRESENTATION('C0603~C0603_L1.6-W0.8-H0.8~QmFs',(#15),#6760);
#6781=CARTESIAN_POINT('',(0.,0.,0.));
#6782=DIRECTION('',(0.,0.,1.));
#6783=DIRECTION('',(1.,0.,0.));
#6784=AXIS2_PLACEMENT_3D('',#6781,#6782,#6783);
#6786=MAPPED_ITEM('',#6785,#6784);
#6785=REPRESENTATION_MAP(#6784,#6762);
#6770=PRODUCT('C0603~C0603_L1.6-W0.8-H0.8~QmFs','C0603~C0603_L1.6-W0.8-H0.8~QmFs','',(#3390));
#6787=PRODUCT_RELATED_PRODUCT_CATEGORY('part','',(#6770));
#6788=PRODUCT_DEFINITION_FORMATION_WITH_SPECIFIED_SOURCE('','',#6770,.NOT_KNOWN.);
#6771=PRODUCT_DEFINITION('design','',#6788,#3391);
#6769=PRODUCT_DEFINITION_SHAPE('','',#6771);
#6789=SHAPE_DEFINITION_REPRESENTATION(#6769,#6762);
#6761=DRAUGHTING_MODEL('',(#6786),#6760);
#6734=SHAPE_REPRESENTATION('C31~C0603~C0603_L1.6-W0.8-H0.8~QmFs',(#15,#6775),#6732);
#6790=CARTESIAN_POINT('',(0.,0.,0.));
#6791=DIRECTION('',(0.,0.,1.));
#6792=DIRECTION('',(1.,0.,0.));
#6793=AXIS2_PLACEMENT_3D('',#6790,#6791,#6792);
#6795=MAPPED_ITEM('',#6794,#6793);
#6794=REPRESENTATION_MAP(#6793,#6734);
#6742=PRODUCT('C31~C0603~C0603_L1.6-W0.8-H0.8~QmFs','C31~C0603~C0603_L1.6-W0.8-H0.8~QmFs','',(#3390));
#6796=PRODUCT_RELATED_PRODUCT_CATEGORY('part','',(#6742));
#6797=PRODUCT_DEFINITION_FORMATION_WITH_SPECIFIED_SOURCE('','',#6742,.NOT_KNOWN.);
#6743=PRODUCT_DEFINITION('design','',#6797,#3391);
#6741=PRODUCT_DEFINITION_SHAPE('','',#6743);
#6798=SHAPE_DEFINITION_REPRESENTATION(#6741,#6734);
#6733=DRAUGHTING_MODEL('',(#6795),#6732);
#6799=(NAMED_UNIT(*)PLANE_ANGLE_UNIT()SI_UNIT($,.RADIAN.));
#6800=PLANE_ANGLE_MEASURE_WITH_UNIT(PLANE_ANGLE_MEASURE(0.0174532925),#6799);
#6801=(CONVERSION_BASED_UNIT('DEGREE',#6800)NAMED_UNIT(#6802)PLANE_ANGLE_UNIT());
#6802=DIMENSIONAL_EXPONENTS(0.,0.,0.,0.,0.,0.,0.);
#6803=(NAMED_UNIT(*)SI_UNIT($,.STERADIAN.)SOLID_ANGLE_UNIT());
#6804=(LENGTH_UNIT()NAMED_UNIT(*)SI_UNIT(.MILLI.,.METRE.));
#6805=UNCERTAINTY_MEASURE_WITH_UNIT(LENGTH_MEASURE(1.000000E-03),#6804,'DISTANCE_ACCURACY_VALUE','Maximum Tolerance applied to model');
#6806=(GEOMETRIC_REPRESENTATION_CONTEXT(3)GLOBAL_UNCERTAINTY_ASSIGNED_CONTEXT((#6805))GLOBAL_UNIT_ASSIGNED_CONTEXT((#6804,#6801,#6803))REPRESENTATION_CONTEXT('','C31~C0603~C0603_L1.6-W0.8-H0.8~QmFs'));
#6818=CARTESIAN_POINT('',(0.,0.,0.));
#6819=DIRECTION('',(0.,0.,1.));
#6820=DIRECTION('',(1.,0.,-0.));
#6821=AXIS2_PLACEMENT_3D('',#6818,#6819,#6820);
#6822=ITEM_DEFINED_TRANSFORMATION('','',#6821,#15);
#6823=(REPRESENTATION_RELATIONSHIP('','',#6808,#3335)REPRESENTATION_RELATIONSHIP_WITH_TRANSFORMATION(#6822)SHAPE_REPRESENTATION_RELATIONSHIP());
#6824=NEXT_ASSEMBLY_USAGE_OCCURRENCE('C31~C0603~C0603_L1.6-W0.8-H0.8~QmFs_95','C31~C0603~C0603_L1.6-W0.8-H0.8~QmFs','C31~C0603~C0603_L1.6-W0.8-H0.8~QmFs',#3344,#6817,$);
#6825=PRODUCT_DEFINITION_SHAPE('','',#6824);
#6826=CONTEXT_DEPENDENT_SHAPE_REPRESENTATION(#6823,#6825);
#6827=(NAMED_UNIT(*)PLANE_ANGLE_UNIT()SI_UNIT($,.RADIAN.));
#6828=PLANE_ANGLE_MEASURE_WITH_UNIT(PLANE_ANGLE_MEASURE(0.0174532925),#6827);
#6829=(CONVERSION_BASED_UNIT('DEGREE',#6828)NAMED_UNIT(#6830)PLANE_ANGLE_UNIT());
#6830=DIMENSIONAL_EXPONENTS(0.,0.,0.,0.,0.,0.,0.);
#6831=(NAMED_UNIT(*)SI_UNIT($,.STERADIAN.)SOLID_ANGLE_UNIT());
#6832=(LENGTH_UNIT()NAMED_UNIT(*)SI_UNIT(.MILLI.,.METRE.));
#6833=UNCERTAINTY_MEASURE_WITH_UNIT(LENGTH_MEASURE(1.000000E-03),#6832,'DISTANCE_ACCURACY_VALUE','Maximum Tolerance applied to model');
#6834=(GEOMETRIC_REPRESENTATION_CONTEXT(3)GLOBAL_UNCERTAINTY_ASSIGNED_CONTEXT((#6833))GLOBAL_UNIT_ASSIGNED_CONTEXT((#6832,#6829,#6831))REPRESENTATION_CONTEXT('','C0603~C0603_L1.6-W0.8-H0.8~QmFs'));
#6846=CARTESIAN_POINT('',(0.,0.,0.));
#6847=DIRECTION('',(0.,0.,1.));
#6848=DIRECTION('',(1.,0.,-0.));
#6849=AXIS2_PLACEMENT_3D('',#6846,#6847,#6848);
#6850=ITEM_DEFINED_TRANSFORMATION('','',#6849,#15);
#6851=(REPRESENTATION_RELATIONSHIP('','',#6836,#6808)REPRESENTATION_RELATIONSHIP_WITH_TRANSFORMATION(#6850)SHAPE_REPRESENTATION_RELATIONSHIP());
#6852=NEXT_ASSEMBLY_USAGE_OCCURRENCE('C0603~C0603_L1.6-W0.8-H0.8~QmFs_96','C0603~C0603_L1.6-W0.8-H0.8~QmFs','C0603~C0603_L1.6-W0.8-H0.8~QmFs',#6817,#6845,$);
#6853=PRODUCT_DEFINITION_SHAPE('','',#6852);
#6854=CONTEXT_DEPENDENT_SHAPE_REPRESENTATION(#6851,#6853);
#6836=SHAPE_REPRESENTATION('C0603~C0603_L1.6-W0.8-H0.8~QmFs',(#15),#6834);
#6855=CARTESIAN_POINT('',(0.,0.,0.));
#6856=DIRECTION('',(0.,0.,1.));
#6857=DIRECTION('',(1.,0.,0.));
#6858=AXIS2_PLACEMENT_3D('',#6855,#6856,#6857);
#6860=MAPPED_ITEM('',#6859,#6858);
#6859=REPRESENTATION_MAP(#6858,#6836);
#6844=PRODUCT('C0603~C0603_L1.6-W0.8-H0.8~QmFs','C0603~C0603_L1.6-W0.8-H0.8~QmFs','',(#3390));
#6861=PRODUCT_RELATED_PRODUCT_CATEGORY('part','',(#6844));
#6862=PRODUCT_DEFINITION_FORMATION_WITH_SPECIFIED_SOURCE('','',#6844,.NOT_KNOWN.);
#6845=PRODUCT_DEFINITION('design','',#6862,#3391);
#6843=PRODUCT_DEFINITION_SHAPE('','',#6845);
#6863=SHAPE_DEFINITION_REPRESENTATION(#6843,#6836);
#6835=DRAUGHTING_MODEL('',(#6860),#6834);
#6808=SHAPE_REPRESENTATION('C31~C0603~C0603_L1.6-W0.8-H0.8~QmFs',(#15,#6849),#6806);
#6864=CARTESIAN_POINT('',(0.,0.,0.));
#6865=DIRECTION('',(0.,0.,1.));
#6866=DIRECTION('',(1.,0.,0.));
#6867=AXIS2_PLACEMENT_3D('',#6864,#6865,#6866);
#6869=MAPPED_ITEM('',#6868,#6867);
#6868=REPRESENTATION_MAP(#6867,#6808);
#6816=PRODUCT('C31~C0603~C0603_L1.6-W0.8-H0.8~QmFs','C31~C0603~C0603_L1.6-W0.8-H0.8~QmFs','',(#3390));
#6870=PRODUCT_RELATED_PRODUCT_CATEGORY('part','',(#6816));
#6871=PRODUCT_DEFINITION_FORMATION_WITH_SPECIFIED_SOURCE('','',#6816,.NOT_KNOWN.);
#6817=PRODUCT_DEFINITION('design','',#6871,#3391);
#6815=PRODUCT_DEFINITION_SHAPE('','',#6817);
#6872=SHAPE_DEFINITION_REPRESENTATION(#6815,#6808);
#6807=DRAUGHTING_MODEL('',(#6869),#6806);
#6873=(NAMED_UNIT(*)PLANE_ANGLE_UNIT()SI_UNIT($,.RADIAN.));
#6874=PLANE_ANGLE_MEASURE_WITH_UNIT(PLANE_ANGLE_MEASURE(0.0174532925),#6873);
#6875=(CONVERSION_BASED_UNIT('DEGREE',#6874)NAMED_UNIT(#6876)PLANE_ANGLE_UNIT());
#6876=DIMENSIONAL_EXPONENTS(0.,0.,0.,0.,0.,0.,0.);
#6877=(NAMED_UNIT(*)SI_UNIT($,.STERADIAN.)SOLID_ANGLE_UNIT());
#6878=(LENGTH_UNIT()NAMED_UNIT(*)SI_UNIT(.MILLI.,.METRE.));
#6879=UNCERTAINTY_MEASURE_WITH_UNIT(LENGTH_MEASURE(1.000000E-03),#6878,'DISTANCE_ACCURACY_VALUE','Maximum Tolerance applied to model');
#6880=(GEOMETRIC_REPRESENTATION_CONTEXT(3)GLOBAL_UNCERTAINTY_ASSIGNED_CONTEXT((#6879))GLOBAL_UNIT_ASSIGNED_CONTEXT((#6878,#6875,#6877))REPRESENTATION_CONTEXT('','C31~C0603~C0603_L1.6-W0.8-H0.8~QmFs'));
#6892=CARTESIAN_POINT('',(0.,0.,0.));
#6893=DIRECTION('',(0.,0.,1.));
#6894=DIRECTION('',(1.,0.,-0.));
#6895=AXIS2_PLACEMENT_3D('',#6892,#6893,#6894);
#6896=ITEM_DEFINED_TRANSFORMATION('','',#6895,#15);
#6897=(REPRESENTATION_RELATIONSHIP('','',#6882,#3335)REPRESENTATION_RELATIONSHIP_WITH_TRANSFORMATION(#6896)SHAPE_REPRESENTATION_RELATIONSHIP());
#6898=NEXT_ASSEMBLY_USAGE_OCCURRENCE('C31~C0603~C0603_L1.6-W0.8-H0.8~QmFs_97','C31~C0603~C0603_L1.6-W0.8-H0.8~QmFs','C31~C0603~C0603_L1.6-W0.8-H0.8~QmFs',#3344,#6891,$);
#6899=PRODUCT_DEFINITION_SHAPE('','',#6898);
#6900=CONTEXT_DEPENDENT_SHAPE_REPRESENTATION(#6897,#6899);
#6901=(NAMED_UNIT(*)PLANE_ANGLE_UNIT()SI_UNIT($,.RADIAN.));
#6902=PLANE_ANGLE_MEASURE_WITH_UNIT(PLANE_ANGLE_MEASURE(0.0174532925),#6901);
#6903=(CONVERSION_BASED_UNIT('DEGREE',#6902)NAMED_UNIT(#6904)PLANE_ANGLE_UNIT());
#6904=DIMENSIONAL_EXPONENTS(0.,0.,0.,0.,0.,0.,0.);
#6905=(NAMED_UNIT(*)SI_UNIT($,.STERADIAN.)SOLID_ANGLE_UNIT());
#6906=(LENGTH_UNIT()NAMED_UNIT(*)SI_UNIT(.MILLI.,.METRE.));
#6907=UNCERTAINTY_MEASURE_WITH_UNIT(LENGTH_MEASURE(1.000000E-03),#6906,'DISTANCE_ACCURACY_VALUE','Maximum Tolerance applied to model');
#6908=(GEOMETRIC_REPRESENTATION_CONTEXT(3)GLOBAL_UNCERTAINTY_ASSIGNED_CONTEXT((#6907))GLOBAL_UNIT_ASSIGNED_CONTEXT((#6906,#6903,#6905))REPRESENTATION_CONTEXT('','C0603~C0603_L1.6-W0.8-H0.8~QmFs'));
#6920=CARTESIAN_POINT('',(0.,0.,0.));
#6921=DIRECTION('',(0.,0.,1.));
#6922=DIRECTION('',(1.,0.,-0.));
#6923=AXIS2_PLACEMENT_3D('',#6920,#6921,#6922);
#6924=ITEM_DEFINED_TRANSFORMATION('','',#6923,#15);
#6925=(REPRESENTATION_RELATIONSHIP('','',#6910,#6882)REPRESENTATION_RELATIONSHIP_WITH_TRANSFORMATION(#6924)SHAPE_REPRESENTATION_RELATIONSHIP());
#6926=NEXT_ASSEMBLY_USAGE_OCCURRENCE('C0603~C0603_L1.6-W0.8-H0.8~QmFs_98','C0603~C0603_L1.6-W0.8-H0.8~QmFs','C0603~C0603_L1.6-W0.8-H0.8~QmFs',#6891,#6919,$);
#6927=PRODUCT_DEFINITION_SHAPE('','',#6926);
#6928=CONTEXT_DEPENDENT_SHAPE_REPRESENTATION(#6925,#6927);
#6910=SHAPE_REPRESENTATION('C0603~C0603_L1.6-W0.8-H0.8~QmFs',(#15),#6908);
#6929=CARTESIAN_POINT('',(0.,0.,0.));
#6930=DIRECTION('',(0.,0.,1.));
#6931=DIRECTION('',(1.,0.,0.));
#6932=AXIS2_PLACEMENT_3D('',#6929,#6930,#6931);
#6934=MAPPED_ITEM('',#6933,#6932);
#6933=REPRESENTATION_MAP(#6932,#6910);
#6918=PRODUCT('C0603~C0603_L1.6-W0.8-H0.8~QmFs','C0603~C0603_L1.6-W0.8-H0.8~QmFs','',(#3390));
#6935=PRODUCT_RELATED_PRODUCT_CATEGORY('part','',(#6918));
#6936=PRODUCT_DEFINITION_FORMATION_WITH_SPECIFIED_SOURCE('','',#6918,.NOT_KNOWN.);
#6919=PRODUCT_DEFINITION('design','',#6936,#3391);
#6917=PRODUCT_DEFINITION_SHAPE('','',#6919);
#6937=SHAPE_DEFINITION_REPRESENTATION(#6917,#6910);
#6909=DRAUGHTING_MODEL('',(#6934),#6908);
#6882=SHAPE_REPRESENTATION('C31~C0603~C0603_L1.6-W0.8-H0.8~QmFs',(#15,#6923),#6880);
#6938=CARTESIAN_POINT('',(0.,0.,0.));
#6939=DIRECTION('',(0.,0.,1.));
#6940=DIRECTION('',(1.,0.,0.));
#6941=AXIS2_PLACEMENT_3D('',#6938,#6939,#6940);
#6943=MAPPED_ITEM('',#6942,#6941);
#6942=REPRESENTATION_MAP(#6941,#6882);
#6890=PRODUCT('C31~C0603~C0603_L1.6-W0.8-H0.8~QmFs','C31~C0603~C0603_L1.6-W0.8-H0.8~QmFs','',(#3390));
#6944=PRODUCT_RELATED_PRODUCT_CATEGORY('part','',(#6890));
#6945=PRODUCT_DEFINITION_FORMATION_WITH_SPECIFIED_SOURCE('','',#6890,.NOT_KNOWN.);
#6891=PRODUCT_DEFINITION('design','',#6945,#3391);
#6889=PRODUCT_DEFINITION_SHAPE('','',#6891);
#6946=SHAPE_DEFINITION_REPRESENTATION(#6889,#6882);
#6881=DRAUGHTING_MODEL('',(#6943),#6880);
#6947=(NAMED_UNIT(*)PLANE_ANGLE_UNIT()SI_UNIT($,.RADIAN.));
#6948=PLANE_ANGLE_MEASURE_WITH_UNIT(PLANE_ANGLE_MEASURE(0.0174532925),#6947);
#6949=(CONVERSION_BASED_UNIT('DEGREE',#6948)NAMED_UNIT(#6950)PLANE_ANGLE_UNIT());
#6950=DIMENSIONAL_EXPONENTS(0.,0.,0.,0.,0.,0.,0.);
#6951=(NAMED_UNIT(*)SI_UNIT($,.STERADIAN.)SOLID_ANGLE_UNIT());
#6952=(LENGTH_UNIT()NAMED_UNIT(*)SI_UNIT(.MILLI.,.METRE.));
#6953=UNCERTAINTY_MEASURE_WITH_UNIT(LENGTH_MEASURE(1.000000E-03),#6952,'DISTANCE_ACCURACY_VALUE','Maximum Tolerance applied to model');
#6954=(GEOMETRIC_REPRESENTATION_CONTEXT(3)GLOBAL_UNCERTAINTY_ASSIGNED_CONTEXT((#6953))GLOBAL_UNIT_ASSIGNED_CONTEXT((#6952,#6949,#6951))REPRESENTATION_CONTEXT('','C31~C0603~C0603_L1.6-W0.8-H0.8~QmFs'));
#6966=CARTESIAN_POINT('',(0.,0.,0.));
#6967=DIRECTION('',(0.,0.,1.));
#6968=DIRECTION('',(1.,0.,-0.));
#6969=AXIS2_PLACEMENT_3D('',#6966,#6967,#6968);
#6970=ITEM_DEFINED_TRANSFORMATION('','',#6969,#15);
#6971=(REPRESENTATION_RELATIONSHIP('','',#6956,#3335)REPRESENTATION_RELATIONSHIP_WITH_TRANSFORMATION(#6970)SHAPE_REPRESENTATION_RELATIONSHIP());
#6972=NEXT_ASSEMBLY_USAGE_OCCURRENCE('C31~C0603~C0603_L1.6-W0.8-H0.8~QmFs_99','C31~C0603~C0603_L1.6-W0.8-H0.8~QmFs','C31~C0603~C0603_L1.6-W0.8-H0.8~QmFs',#3344,#6965,$);
#6973=PRODUCT_DEFINITION_SHAPE('','',#6972);
#6974=CONTEXT_DEPENDENT_SHAPE_REPRESENTATION(#6971,#6973);
#6975=(NAMED_UNIT(*)PLANE_ANGLE_UNIT()SI_UNIT($,.RADIAN.));
#6976=PLANE_ANGLE_MEASURE_WITH_UNIT(PLANE_ANGLE_MEASURE(0.0174532925),#6975);
#6977=(CONVERSION_BASED_UNIT('DEGREE',#6976)NAMED_UNIT(#6978)PLANE_ANGLE_UNIT());
#6978=DIMENSIONAL_EXPONENTS(0.,0.,0.,0.,0.,0.,0.);
#6979=(NAMED_UNIT(*)SI_UNIT($,.STERADIAN.)SOLID_ANGLE_UNIT());
#6980=(LENGTH_UNIT()NAMED_UNIT(*)SI_UNIT(.MILLI.,.METRE.));
#6981=UNCERTAINTY_MEASURE_WITH_UNIT(LENGTH_MEASURE(1.000000E-03),#6980,'DISTANCE_ACCURACY_VALUE','Maximum Tolerance applied to model');
#6982=(GEOMETRIC_REPRESENTATION_CONTEXT(3)GLOBAL_UNCERTAINTY_ASSIGNED_CONTEXT((#6981))GLOBAL_UNIT_ASSIGNED_CONTEXT((#6980,#6977,#6979))REPRESENTATION_CONTEXT('','C0603~C0603_L1.6-W0.8-H0.8~QmFs'));
#6994=CARTESIAN_POINT('',(0.,0.,0.));
#6995=DIRECTION('',(0.,0.,1.));
#6996=DIRECTION('',(1.,0.,-0.));
#6997=AXIS2_PLACEMENT_3D('',#6994,#6995,#6996);
#6998=ITEM_DEFINED_TRANSFORMATION('','',#6997,#15);
#6999=(REPRESENTATION_RELATIONSHIP('','',#6984,#6956)REPRESENTATION_RELATIONSHIP_WITH_TRANSFORMATION(#6998)SHAPE_REPRESENTATION_RELATIONSHIP());
#7000=NEXT_ASSEMBLY_USAGE_OCCURRENCE('C0603~C0603_L1.6-W0.8-H0.8~QmFs_100','C0603~C0603_L1.6-W0.8-H0.8~QmFs','C0603~C0603_L1.6-W0.8-H0.8~QmFs',#6965,#6993,$);
#7001=PRODUCT_DEFINITION_SHAPE('','',#7000);
#7002=CONTEXT_DEPENDENT_SHAPE_REPRESENTATION(#6999,#7001);
#6984=SHAPE_REPRESENTATION('C0603~C0603_L1.6-W0.8-H0.8~QmFs',(#15),#6982);
#7003=CARTESIAN_POINT('',(0.,0.,0.));
#7004=DIRECTION('',(0.,0.,1.));
#7005=DIRECTION('',(1.,0.,0.));
#7006=AXIS2_PLACEMENT_3D('',#7003,#7004,#7005);
#7008=MAPPED_ITEM('',#7007,#7006);
#7007=REPRESENTATION_MAP(#7006,#6984);
#6992=PRODUCT('C0603~C0603_L1.6-W0.8-H0.8~QmFs','C0603~C0603_L1.6-W0.8-H0.8~QmFs','',(#3390));
#7009=PRODUCT_RELATED_PRODUCT_CATEGORY('part','',(#6992));
#7010=PRODUCT_DEFINITION_FORMATION_WITH_SPECIFIED_SOURCE('','',#6992,.NOT_KNOWN.);
#6993=PRODUCT_DEFINITION('design','',#7010,#3391);
#6991=PRODUCT_DEFINITION_SHAPE('','',#6993);
#7011=SHAPE_DEFINITION_REPRESENTATION(#6991,#6984);
#6983=DRAUGHTING_MODEL('',(#7008),#6982);
#6956=SHAPE_REPRESENTATION('C31~C0603~C0603_L1.6-W0.8-H0.8~QmFs',(#15,#6997),#6954);
#7012=CARTESIAN_POINT('',(0.,0.,0.));
#7013=DIRECTION('',(0.,0.,1.));
#7014=DIRECTION('',(1.,0.,0.));
#7015=AXIS2_PLACEMENT_3D('',#7012,#7013,#7014);
#7017=MAPPED_ITEM('',#7016,#7015);
#7016=REPRESENTATION_MAP(#7015,#6956);
#6964=PRODUCT('C31~C0603~C0603_L1.6-W0.8-H0.8~QmFs','C31~C0603~C0603_L1.6-W0.8-H0.8~QmFs','',(#3390));
#7018=PRODUCT_RELATED_PRODUCT_CATEGORY('part','',(#6964));
#7019=PRODUCT_DEFINITION_FORMATION_WITH_SPECIFIED_SOURCE('','',#6964,.NOT_KNOWN.);
#6965=PRODUCT_DEFINITION('design','',#7019,#3391);
#6963=PRODUCT_DEFINITION_SHAPE('','',#6965);
#7020=SHAPE_DEFINITION_REPRESENTATION(#6963,#6956);
#6955=DRAUGHTING_MODEL('',(#7017),#6954);
#7021=(NAMED_UNIT(*)PLANE_ANGLE_UNIT()SI_UNIT($,.RADIAN.));
#7022=PLANE_ANGLE_MEASURE_WITH_UNIT(PLANE_ANGLE_MEASURE(0.0174532925),#7021);
#7023=(CONVERSION_BASED_UNIT('DEGREE',#7022)NAMED_UNIT(#7024)PLANE_ANGLE_UNIT());
#7024=DIMENSIONAL_EXPONENTS(0.,0.,0.,0.,0.,0.,0.);
#7025=(NAMED_UNIT(*)SI_UNIT($,.STERADIAN.)SOLID_ANGLE_UNIT());
#7026=(LENGTH_UNIT()NAMED_UNIT(*)SI_UNIT(.MILLI.,.METRE.));
#7027=UNCERTAINTY_MEASURE_WITH_UNIT(LENGTH_MEASURE(1.000000E-03),#7026,'DISTANCE_ACCURACY_VALUE','Maximum Tolerance applied to model');
#7028=(GEOMETRIC_REPRESENTATION_CONTEXT(3)GLOBAL_UNCERTAINTY_ASSIGNED_CONTEXT((#7027))GLOBAL_UNIT_ASSIGNED_CONTEXT((#7026,#7023,#7025))REPRESENTATION_CONTEXT('','C31~C0603~C0603_L1.6-W0.8-H0.8~QmFs'));
#7040=CARTESIAN_POINT('',(0.,0.,0.));
#7041=DIRECTION('',(0.,0.,1.));
#7042=DIRECTION('',(1.,0.,-0.));
#7043=AXIS2_PLACEMENT_3D('',#7040,#7041,#7042);
#7044=ITEM_DEFINED_TRANSFORMATION('','',#7043,#15);
#7045=(REPRESENTATION_RELATIONSHIP('','',#7030,#3335)REPRESENTATION_RELATIONSHIP_WITH_TRANSFORMATION(#7044)SHAPE_REPRESENTATION_RELATIONSHIP());
#7046=NEXT_ASSEMBLY_USAGE_OCCURRENCE('C31~C0603~C0603_L1.6-W0.8-H0.8~QmFs_101','C31~C0603~C0603_L1.6-W0.8-H0.8~QmFs','C31~C0603~C0603_L1.6-W0.8-H0.8~QmFs',#3344,#7039,$);
#7047=PRODUCT_DEFINITION_SHAPE('','',#7046);
#7048=CONTEXT_DEPENDENT_SHAPE_REPRESENTATION(#7045,#7047);
#7049=(NAMED_UNIT(*)PLANE_ANGLE_UNIT()SI_UNIT($,.RADIAN.));
#7050=PLANE_ANGLE_MEASURE_WITH_UNIT(PLANE_ANGLE_MEASURE(0.0174532925),#7049);
#7051=(CONVERSION_BASED_UNIT('DEGREE',#7050)NAMED_UNIT(#7052)PLANE_ANGLE_UNIT());
#7052=DIMENSIONAL_EXPONENTS(0.,0.,0.,0.,0.,0.,0.);
#7053=(NAMED_UNIT(*)SI_UNIT($,.STERADIAN.)SOLID_ANGLE_UNIT());
#7054=(LENGTH_UNIT()NAMED_UNIT(*)SI_UNIT(.MILLI.,.METRE.));
#7055=UNCERTAINTY_MEASURE_WITH_UNIT(LENGTH_MEASURE(1.000000E-03),#7054,'DISTANCE_ACCURACY_VALUE','Maximum Tolerance applied to model');
#7056=(GEOMETRIC_REPRESENTATION_CONTEXT(3)GLOBAL_UNCERTAINTY_ASSIGNED_CONTEXT((#7055))GLOBAL_UNIT_ASSIGNED_CONTEXT((#7054,#7051,#7053))REPRESENTATION_CONTEXT('','C0603~C0603_L1.6-W0.8-H0.8~QmFs'));
#7068=CARTESIAN_POINT('',(0.,0.,0.));
#7069=DIRECTION('',(0.,0.,1.));
#7070=DIRECTION('',(1.,0.,-0.));
#7071=AXIS2_PLACEMENT_3D('',#7068,#7069,#7070);
#7072=ITEM_DEFINED_TRANSFORMATION('','',#7071,#15);
#7073=(REPRESENTATION_RELATIONSHIP('','',#7058,#7030)REPRESENTATION_RELATIONSHIP_WITH_TRANSFORMATION(#7072)SHAPE_REPRESENTATION_RELATIONSHIP());
#7074=NEXT_ASSEMBLY_USAGE_OCCURRENCE('C0603~C0603_L1.6-W0.8-H0.8~QmFs_102','C0603~C0603_L1.6-W0.8-H0.8~QmFs','C0603~C0603_L1.6-W0.8-H0.8~QmFs',#7039,#7067,$);
#7075=PRODUCT_DEFINITION_SHAPE('','',#7074);
#7076=CONTEXT_DEPENDENT_SHAPE_REPRESENTATION(#7073,#7075);
#7058=SHAPE_REPRESENTATION('C0603~C0603_L1.6-W0.8-H0.8~QmFs',(#15),#7056);
#7077=CARTESIAN_POINT('',(0.,0.,0.));
#7078=DIRECTION('',(0.,0.,1.));
#7079=DIRECTION('',(1.,0.,0.));
#7080=AXIS2_PLACEMENT_3D('',#7077,#7078,#7079);
#7082=MAPPED_ITEM('',#7081,#7080);
#7081=REPRESENTATION_MAP(#7080,#7058);
#7066=PRODUCT('C0603~C0603_L1.6-W0.8-H0.8~QmFs','C0603~C0603_L1.6-W0.8-H0.8~QmFs','',(#3390));
#7083=PRODUCT_RELATED_PRODUCT_CATEGORY('part','',(#7066));
#7084=PRODUCT_DEFINITION_FORMATION_WITH_SPECIFIED_SOURCE('','',#7066,.NOT_KNOWN.);
#7067=PRODUCT_DEFINITION('design','',#7084,#3391);
#7065=PRODUCT_DEFINITION_SHAPE('','',#7067);
#7085=SHAPE_DEFINITION_REPRESENTATION(#7065,#7058);
#7057=DRAUGHTING_MODEL('',(#7082),#7056);
#7030=SHAPE_REPRESENTATION('C31~C0603~C0603_L1.6-W0.8-H0.8~QmFs',(#15,#7071),#7028);
#7086=CARTESIAN_POINT('',(0.,0.,0.));
#7087=DIRECTION('',(0.,0.,1.));
#7088=DIRECTION('',(1.,0.,0.));
#7089=AXIS2_PLACEMENT_3D('',#7086,#7087,#7088);
#7091=MAPPED_ITEM('',#7090,#7089);
#7090=REPRESENTATION_MAP(#7089,#7030);
#7038=PRODUCT('C31~C0603~C0603_L1.6-W0.8-H0.8~QmFs','C31~C0603~C0603_L1.6-W0.8-H0.8~QmFs','',(#3390));
#7092=PRODUCT_RELATED_PRODUCT_CATEGORY('part','',(#7038));
#7093=PRODUCT_DEFINITION_FORMATION_WITH_SPECIFIED_SOURCE('','',#7038,.NOT_KNOWN.);
#7039=PRODUCT_DEFINITION('design','',#7093,#3391);
#7037=PRODUCT_DEFINITION_SHAPE('','',#7039);
#7094=SHAPE_DEFINITION_REPRESENTATION(#7037,#7030);
#7029=DRAUGHTING_MODEL('',(#7091),#7028);
#7095=(NAMED_UNIT(*)PLANE_ANGLE_UNIT()SI_UNIT($,.RADIAN.));
#7096=PLANE_ANGLE_MEASURE_WITH_UNIT(PLANE_ANGLE_MEASURE(0.0174532925),#7095);
#7097=(CONVERSION_BASED_UNIT('DEGREE',#7096)NAMED_UNIT(#7098)PLANE_ANGLE_UNIT());
#7098=DIMENSIONAL_EXPONENTS(0.,0.,0.,0.,0.,0.,0.);
#7099=(NAMED_UNIT(*)SI_UNIT($,.STERADIAN.)SOLID_ANGLE_UNIT());
#7100=(LENGTH_UNIT()NAMED_UNIT(*)SI_UNIT(.MILLI.,.METRE.));
#7101=UNCERTAINTY_MEASURE_WITH_UNIT(LENGTH_MEASURE(1.000000E-03),#7100,'DISTANCE_ACCURACY_VALUE','Maximum Tolerance applied to model');
#7102=(GEOMETRIC_REPRESENTATION_CONTEXT(3)GLOBAL_UNCERTAINTY_ASSIGNED_CONTEXT((#7101))GLOBAL_UNIT_ASSIGNED_CONTEXT((#7100,#7097,#7099))REPRESENTATION_CONTEXT('','C31~C0603~C0603_L1.6-W0.8-H0.8~QmFs'));
#7114=CARTESIAN_POINT('',(0.,0.,0.));
#7115=DIRECTION('',(0.,0.,1.));
#7116=DIRECTION('',(1.,0.,-0.));
#7117=AXIS2_PLACEMENT_3D('',#7114,#7115,#7116);
#7118=ITEM_DEFINED_TRANSFORMATION('','',#7117,#15);
#7119=(REPRESENTATION_RELATIONSHIP('','',#7104,#3335)REPRESENTATION_RELATIONSHIP_WITH_TRANSFORMATION(#7118)SHAPE_REPRESENTATION_RELATIONSHIP());
#7120=NEXT_ASSEMBLY_USAGE_OCCURRENCE('C31~C0603~C0603_L1.6-W0.8-H0.8~QmFs_103','C31~C0603~C0603_L1.6-W0.8-H0.8~QmFs','C31~C0603~C0603_L1.6-W0.8-H0.8~QmFs',#3344,#7113,$);
#7121=PRODUCT_DEFINITION_SHAPE('','',#7120);
#7122=CONTEXT_DEPENDENT_SHAPE_REPRESENTATION(#7119,#7121);
#7123=(NAMED_UNIT(*)PLANE_ANGLE_UNIT()SI_UNIT($,.RADIAN.));
#7124=PLANE_ANGLE_MEASURE_WITH_UNIT(PLANE_ANGLE_MEASURE(0.0174532925),#7123);
#7125=(CONVERSION_BASED_UNIT('DEGREE',#7124)NAMED_UNIT(#7126)PLANE_ANGLE_UNIT());
#7126=DIMENSIONAL_EXPONENTS(0.,0.,0.,0.,0.,0.,0.);
#7127=(NAMED_UNIT(*)SI_UNIT($,.STERADIAN.)SOLID_ANGLE_UNIT());
#7128=(LENGTH_UNIT()NAMED_UNIT(*)SI_UNIT(.MILLI.,.METRE.));
#7129=UNCERTAINTY_MEASURE_WITH_UNIT(LENGTH_MEASURE(1.000000E-03),#7128,'DISTANCE_ACCURACY_VALUE','Maximum Tolerance applied to model');
#7130=(GEOMETRIC_REPRESENTATION_CONTEXT(3)GLOBAL_UNCERTAINTY_ASSIGNED_CONTEXT((#7129))GLOBAL_UNIT_ASSIGNED_CONTEXT((#7128,#7125,#7127))REPRESENTATION_CONTEXT('','C0603~C0603_L1.6-W0.8-H0.8~QmFs'));
#7142=CARTESIAN_POINT('',(0.,0.,0.));
#7143=DIRECTION('',(0.,0.,1.));
#7144=DIRECTION('',(1.,0.,-0.));
#7145=AXIS2_PLACEMENT_3D('',#7142,#7143,#7144);
#7146=ITEM_DEFINED_TRANSFORMATION('','',#7145,#15);
#7147=(REPRESENTATION_RELATIONSHIP('','',#7132,#7104)REPRESENTATION_RELATIONSHIP_WITH_TRANSFORMATION(#7146)SHAPE_REPRESENTATION_RELATIONSHIP());
#7148=NEXT_ASSEMBLY_USAGE_OCCURRENCE('C0603~C0603_L1.6-W0.8-H0.8~QmFs_104','C0603~C0603_L1.6-W0.8-H0.8~QmFs','C0603~C0603_L1.6-W0.8-H0.8~QmFs',#7113,#7141,$);
#7149=PRODUCT_DEFINITION_SHAPE('','',#7148);
#7150=CONTEXT_DEPENDENT_SHAPE_REPRESENTATION(#7147,#7149);
#7132=SHAPE_REPRESENTATION('C0603~C0603_L1.6-W0.8-H0.8~QmFs',(#15),#7130);
#7151=CARTESIAN_POINT('',(0.,0.,0.));
#7152=DIRECTION('',(0.,0.,1.));
#7153=DIRECTION('',(1.,0.,0.));
#7154=AXIS2_PLACEMENT_3D('',#7151,#7152,#7153);
#7156=MAPPED_ITEM('',#7155,#7154);
#7155=REPRESENTATION_MAP(#7154,#7132);
#7140=PRODUCT('C0603~C0603_L1.6-W0.8-H0.8~QmFs','C0603~C0603_L1.6-W0.8-H0.8~QmFs','',(#3390));
#7157=PRODUCT_RELATED_PRODUCT_CATEGORY('part','',(#7140));
#7158=PRODUCT_DEFINITION_FORMATION_WITH_SPECIFIED_SOURCE('','',#7140,.NOT_KNOWN.);
#7141=PRODUCT_DEFINITION('design','',#7158,#3391);
#7139=PRODUCT_DEFINITION_SHAPE('','',#7141);
#7159=SHAPE_DEFINITION_REPRESENTATION(#7139,#7132);
#7131=DRAUGHTING_MODEL('',(#7156),#7130);
#7104=SHAPE_REPRESENTATION('C31~C0603~C0603_L1.6-W0.8-H0.8~QmFs',(#15,#7145),#7102);
#7160=CARTESIAN_POINT('',(0.,0.,0.));
#7161=DIRECTION('',(0.,0.,1.));
#7162=DIRECTION('',(1.,0.,0.));
#7163=AXIS2_PLACEMENT_3D('',#7160,#7161,#7162);
#7165=MAPPED_ITEM('',#7164,#7163);
#7164=REPRESENTATION_MAP(#7163,#7104);
#7112=PRODUCT('C31~C0603~C0603_L1.6-W0.8-H0.8~QmFs','C31~C0603~C0603_L1.6-W0.8-H0.8~QmFs','',(#3390));
#7166=PRODUCT_RELATED_PRODUCT_CATEGORY('part','',(#7112));
#7167=PRODUCT_DEFINITION_FORMATION_WITH_SPECIFIED_SOURCE('','',#7112,.NOT_KNOWN.);
#7113=PRODUCT_DEFINITION('design','',#7167,#3391);
#7111=PRODUCT_DEFINITION_SHAPE('','',#7113);
#7168=SHAPE_DEFINITION_REPRESENTATION(#7111,#7104);
#7103=DRAUGHTING_MODEL('',(#7165),#7102);
#7169=(NAMED_UNIT(*)PLANE_ANGLE_UNIT()SI_UNIT($,.RADIAN.));
#7170=PLANE_ANGLE_MEASURE_WITH_UNIT(PLANE_ANGLE_MEASURE(0.0174532925),#7169);
#7171=(CONVERSION_BASED_UNIT('DEGREE',#7170)NAMED_UNIT(#7172)PLANE_ANGLE_UNIT());
#7172=DIMENSIONAL_EXPONENTS(0.,0.,0.,0.,0.,0.,0.);
#7173=(NAMED_UNIT(*)SI_UNIT($,.STERADIAN.)SOLID_ANGLE_UNIT());
#7174=(LENGTH_UNIT()NAMED_UNIT(*)SI_UNIT(.MILLI.,.METRE.));
#7175=UNCERTAINTY_MEASURE_WITH_UNIT(LENGTH_MEASURE(1.000000E-03),#7174,'DISTANCE_ACCURACY_VALUE','Maximum Tolerance applied to model');
#7176=(GEOMETRIC_REPRESENTATION_CONTEXT(3)GLOBAL_UNCERTAINTY_ASSIGNED_CONTEXT((#7175))GLOBAL_UNIT_ASSIGNED_CONTEXT((#7174,#7171,#7173))REPRESENTATION_CONTEXT('','C31~C0603~C0603_L1.6-W0.8-H0.8~QmFs'));
#7188=CARTESIAN_POINT('',(0.,0.,0.));
#7189=DIRECTION('',(0.,0.,1.));
#7190=DIRECTION('',(1.,0.,-0.));
#7191=AXIS2_PLACEMENT_3D('',#7188,#7189,#7190);
#7192=ITEM_DEFINED_TRANSFORMATION('','',#7191,#15);
#7193=(REPRESENTATION_RELATIONSHIP('','',#7178,#3335)REPRESENTATION_RELATIONSHIP_WITH_TRANSFORMATION(#7192)SHAPE_REPRESENTATION_RELATIONSHIP());
#7194=NEXT_ASSEMBLY_USAGE_OCCURRENCE('C31~C0603~C0603_L1.6-W0.8-H0.8~QmFs_105','C31~C0603~C0603_L1.6-W0.8-H0.8~QmFs','C31~C0603~C0603_L1.6-W0.8-H0.8~QmFs',#3344,#7187,$);
#7195=PRODUCT_DEFINITION_SHAPE('','',#7194);
#7196=CONTEXT_DEPENDENT_SHAPE_REPRESENTATION(#7193,#7195);
#7197=(NAMED_UNIT(*)PLANE_ANGLE_UNIT()SI_UNIT($,.RADIAN.));
#7198=PLANE_ANGLE_MEASURE_WITH_UNIT(PLANE_ANGLE_MEASURE(0.0174532925),#7197);
#7199=(CONVERSION_BASED_UNIT('DEGREE',#7198)NAMED_UNIT(#7200)PLANE_ANGLE_UNIT());
#7200=DIMENSIONAL_EXPONENTS(0.,0.,0.,0.,0.,0.,0.);
#7201=(NAMED_UNIT(*)SI_UNIT($,.STERADIAN.)SOLID_ANGLE_UNIT());
#7202=(LENGTH_UNIT()NAMED_UNIT(*)SI_UNIT(.MILLI.,.METRE.));
#7203=UNCERTAINTY_MEASURE_WITH_UNIT(LENGTH_MEASURE(1.000000E-03),#7202,'DISTANCE_ACCURACY_VALUE','Maximum Tolerance applied to model');
#7204=(GEOMETRIC_REPRESENTATION_CONTEXT(3)GLOBAL_UNCERTAINTY_ASSIGNED_CONTEXT((#7203))GLOBAL_UNIT_ASSIGNED_CONTEXT((#7202,#7199,#7201))REPRESENTATION_CONTEXT('','C0603~C0603_L1.6-W0.8-H0.8~QmFs'));
#7216=CARTESIAN_POINT('',(0.,0.,0.));
#7217=DIRECTION('',(0.,0.,1.));
#7218=DIRECTION('',(1.,0.,-0.));
#7219=AXIS2_PLACEMENT_3D('',#7216,#7217,#7218);
#7220=ITEM_DEFINED_TRANSFORMATION('','',#7219,#15);
#7221=(REPRESENTATION_RELATIONSHIP('','',#7206,#7178)REPRESENTATION_RELATIONSHIP_WITH_TRANSFORMATION(#7220)SHAPE_REPRESENTATION_RELATIONSHIP());
#7222=NEXT_ASSEMBLY_USAGE_OCCURRENCE('C0603~C0603_L1.6-W0.8-H0.8~QmFs_106','C0603~C0603_L1.6-W0.8-H0.8~QmFs','C0603~C0603_L1.6-W0.8-H0.8~QmFs',#7187,#7215,$);
#7223=PRODUCT_DEFINITION_SHAPE('','',#7222);
#7224=CONTEXT_DEPENDENT_SHAPE_REPRESENTATION(#7221,#7223);
#7206=SHAPE_REPRESENTATION('C0603~C0603_L1.6-W0.8-H0.8~QmFs',(#15),#7204);
#7225=CARTESIAN_POINT('',(0.,0.,0.));
#7226=DIRECTION('',(0.,0.,1.));
#7227=DIRECTION('',(1.,0.,0.));
#7228=AXIS2_PLACEMENT_3D('',#7225,#7226,#7227);
#7230=MAPPED_ITEM('',#7229,#7228);
#7229=REPRESENTATION_MAP(#7228,#7206);
#7214=PRODUCT('C0603~C0603_L1.6-W0.8-H0.8~QmFs','C0603~C0603_L1.6-W0.8-H0.8~QmFs','',(#3390));
#7231=PRODUCT_RELATED_PRODUCT_CATEGORY('part','',(#7214));
#7232=PRODUCT_DEFINITION_FORMATION_WITH_SPECIFIED_SOURCE('','',#7214,.NOT_KNOWN.);
#7215=PRODUCT_DEFINITION('design','',#7232,#3391);
#7213=PRODUCT_DEFINITION_SHAPE('','',#7215);
#7233=SHAPE_DEFINITION_REPRESENTATION(#7213,#7206);
#7205=DRAUGHTING_MODEL('',(#7230),#7204);
#7178=SHAPE_REPRESENTATION('C31~C0603~C0603_L1.6-W0.8-H0.8~QmFs',(#15,#7219),#7176);
#7234=CARTESIAN_POINT('',(0.,0.,0.));
#7235=DIRECTION('',(0.,0.,1.));
#7236=DIRECTION('',(1.,0.,0.));
#7237=AXIS2_PLACEMENT_3D('',#7234,#7235,#7236);
#7239=MAPPED_ITEM('',#7238,#7237);
#7238=REPRESENTATION_MAP(#7237,#7178);
#7186=PRODUCT('C31~C0603~C0603_L1.6-W0.8-H0.8~QmFs','C31~C0603~C0603_L1.6-W0.8-H0.8~QmFs','',(#3390));
#7240=PRODUCT_RELATED_PRODUCT_CATEGORY('part','',(#7186));
#7241=PRODUCT_DEFINITION_FORMATION_WITH_SPECIFIED_SOURCE('','',#7186,.NOT_KNOWN.);
#7187=PRODUCT_DEFINITION('design','',#7241,#3391);
#7185=PRODUCT_DEFINITION_SHAPE('','',#7187);
#7242=SHAPE_DEFINITION_REPRESENTATION(#7185,#7178);
#7177=DRAUGHTING_MODEL('',(#7239),#7176);
#7243=(NAMED_UNIT(*)PLANE_ANGLE_UNIT()SI_UNIT($,.RADIAN.));
#7244=PLANE_ANGLE_MEASURE_WITH_UNIT(PLANE_ANGLE_MEASURE(0.0174532925),#7243);
#7245=(CONVERSION_BASED_UNIT('DEGREE',#7244)NAMED_UNIT(#7246)PLANE_ANGLE_UNIT());
#7246=DIMENSIONAL_EXPONENTS(0.,0.,0.,0.,0.,0.,0.);
#7247=(NAMED_UNIT(*)SI_UNIT($,.STERADIAN.)SOLID_ANGLE_UNIT());
#7248=(LENGTH_UNIT()NAMED_UNIT(*)SI_UNIT(.MILLI.,.METRE.));
#7249=UNCERTAINTY_MEASURE_WITH_UNIT(LENGTH_MEASURE(1.000000E-03),#7248,'DISTANCE_ACCURACY_VALUE','Maximum Tolerance applied to model');
#7250=(GEOMETRIC_REPRESENTATION_CONTEXT(3)GLOBAL_UNCERTAINTY_ASSIGNED_CONTEXT((#7249))GLOBAL_UNIT_ASSIGNED_CONTEXT((#7248,#7245,#7247))REPRESENTATION_CONTEXT('','C31~C0603~C0603_L1.6-W0.8-H0.8~QmFs'));
#7262=CARTESIAN_POINT('',(0.,0.,0.));
#7263=DIRECTION('',(0.,0.,1.));
#7264=DIRECTION('',(1.,0.,-0.));
#7265=AXIS2_PLACEMENT_3D('',#7262,#7263,#7264);
#7266=ITEM_DEFINED_TRANSFORMATION('','',#7265,#15);
#7267=(REPRESENTATION_RELATIONSHIP('','',#7252,#3335)REPRESENTATION_RELATIONSHIP_WITH_TRANSFORMATION(#7266)SHAPE_REPRESENTATION_RELATIONSHIP());
#7268=NEXT_ASSEMBLY_USAGE_OCCURRENCE('C31~C0603~C0603_L1.6-W0.8-H0.8~QmFs_107','C31~C0603~C0603_L1.6-W0.8-H0.8~QmFs','C31~C0603~C0603_L1.6-W0.8-H0.8~QmFs',#3344,#7261,$);
#7269=PRODUCT_DEFINITION_SHAPE('','',#7268);
#7270=CONTEXT_DEPENDENT_SHAPE_REPRESENTATION(#7267,#7269);
#7271=(NAMED_UNIT(*)PLANE_ANGLE_UNIT()SI_UNIT($,.RADIAN.));
#7272=PLANE_ANGLE_MEASURE_WITH_UNIT(PLANE_ANGLE_MEASURE(0.0174532925),#7271);
#7273=(CONVERSION_BASED_UNIT('DEGREE',#7272)NAMED_UNIT(#7274)PLANE_ANGLE_UNIT());
#7274=DIMENSIONAL_EXPONENTS(0.,0.,0.,0.,0.,0.,0.);
#7275=(NAMED_UNIT(*)SI_UNIT($,.STERADIAN.)SOLID_ANGLE_UNIT());
#7276=(LENGTH_UNIT()NAMED_UNIT(*)SI_UNIT(.MILLI.,.METRE.));
#7277=UNCERTAINTY_MEASURE_WITH_UNIT(LENGTH_MEASURE(1.000000E-03),#7276,'DISTANCE_ACCURACY_VALUE','Maximum Tolerance applied to model');
#7278=(GEOMETRIC_REPRESENTATION_CONTEXT(3)GLOBAL_UNCERTAINTY_ASSIGNED_CONTEXT((#7277))GLOBAL_UNIT_ASSIGNED_CONTEXT((#7276,#7273,#7275))REPRESENTATION_CONTEXT('','C0603~C0603_L1.6-W0.8-H0.8~QmFs'));
#7290=CARTESIAN_POINT('',(0.,0.,0.));
#7291=DIRECTION('',(0.,0.,1.));
#7292=DIRECTION('',(1.,0.,-0.));
#7293=AXIS2_PLACEMENT_3D('',#7290,#7291,#7292);
#7294=ITEM_DEFINED_TRANSFORMATION('','',#7293,#15);
#7295=(REPRESENTATION_RELATIONSHIP('','',#7280,#7252)REPRESENTATION_RELATIONSHIP_WITH_TRANSFORMATION(#7294)SHAPE_REPRESENTATION_RELATIONSHIP());
#7296=NEXT_ASSEMBLY_USAGE_OCCURRENCE('C0603~C0603_L1.6-W0.8-H0.8~QmFs_108','C0603~C0603_L1.6-W0.8-H0.8~QmFs','C0603~C0603_L1.6-W0.8-H0.8~QmFs',#7261,#7289,$);
#7297=PRODUCT_DEFINITION_SHAPE('','',#7296);
#7298=CONTEXT_DEPENDENT_SHAPE_REPRESENTATION(#7295,#7297);
#7280=SHAPE_REPRESENTATION('C0603~C0603_L1.6-W0.8-H0.8~QmFs',(#15),#7278);
#7299=CARTESIAN_POINT('',(0.,0.,0.));
#7300=DIRECTION('',(0.,0.,1.));
#7301=DIRECTION('',(1.,0.,0.));
#7302=AXIS2_PLACEMENT_3D('',#7299,#7300,#7301);
#7304=MAPPED_ITEM('',#7303,#7302);
#7303=REPRESENTATION_MAP(#7302,#7280);
#7288=PRODUCT('C0603~C0603_L1.6-W0.8-H0.8~QmFs','C0603~C0603_L1.6-W0.8-H0.8~QmFs','',(#3390));
#7305=PRODUCT_RELATED_PRODUCT_CATEGORY('part','',(#7288));
#7306=PRODUCT_DEFINITION_FORMATION_WITH_SPECIFIED_SOURCE('','',#7288,.NOT_KNOWN.);
#7289=PRODUCT_DEFINITION('design','',#7306,#3391);
#7287=PRODUCT_DEFINITION_SHAPE('','',#7289);
#7307=SHAPE_DEFINITION_REPRESENTATION(#7287,#7280);
#7279=DRAUGHTING_MODEL('',(#7304),#7278);
#7252=SHAPE_REPRESENTATION('C31~C0603~C0603_L1.6-W0.8-H0.8~QmFs',(#15,#7293),#7250);
#7308=CARTESIAN_POINT('',(0.,0.,0.));
#7309=DIRECTION('',(0.,0.,1.));
#7310=DIRECTION('',(1.,0.,0.));
#7311=AXIS2_PLACEMENT_3D('',#7308,#7309,#7310);
#7313=MAPPED_ITEM('',#7312,#7311);
#7312=REPRESENTATION_MAP(#7311,#7252);
#7260=PRODUCT('C31~C0603~C0603_L1.6-W0.8-H0.8~QmFs','C31~C0603~C0603_L1.6-W0.8-H0.8~QmFs','',(#3390));
#7314=PRODUCT_RELATED_PRODUCT_CATEGORY('part','',(#7260));
#7315=PRODUCT_DEFINITION_FORMATION_WITH_SPECIFIED_SOURCE('','',#7260,.NOT_KNOWN.);
#7261=PRODUCT_DEFINITION('design','',#7315,#3391);
#7259=PRODUCT_DEFINITION_SHAPE('','',#7261);
#7316=SHAPE_DEFINITION_REPRESENTATION(#7259,#7252);
#7251=DRAUGHTING_MODEL('',(#7313),#7250);
#7317=(NAMED_UNIT(*)PLANE_ANGLE_UNIT()SI_UNIT($,.RADIAN.));
#7318=PLANE_ANGLE_MEASURE_WITH_UNIT(PLANE_ANGLE_MEASURE(0.0174532925),#7317);
#7319=(CONVERSION_BASED_UNIT('DEGREE',#7318)NAMED_UNIT(#7320)PLANE_ANGLE_UNIT());
#7320=DIMENSIONAL_EXPONENTS(0.,0.,0.,0.,0.,0.,0.);
#7321=(NAMED_UNIT(*)SI_UNIT($,.STERADIAN.)SOLID_ANGLE_UNIT());
#7322=(LENGTH_UNIT()NAMED_UNIT(*)SI_UNIT(.MILLI.,.METRE.));
#7323=UNCERTAINTY_MEASURE_WITH_UNIT(LENGTH_MEASURE(1.000000E-03),#7322,'DISTANCE_ACCURACY_VALUE','Maximum Tolerance applied to model');
#7324=(GEOMETRIC_REPRESENTATION_CONTEXT(3)GLOBAL_UNCERTAINTY_ASSIGNED_CONTEXT((#7323))GLOBAL_UNIT_ASSIGNED_CONTEXT((#7322,#7319,#7321))REPRESENTATION_CONTEXT('','C31~C0603~C0603_L1.6-W0.8-H0.8~QmFs'));
#7336=CARTESIAN_POINT('',(0.,0.,0.));
#7337=DIRECTION('',(0.,0.,1.));
#7338=DIRECTION('',(1.,0.,-0.));
#7339=AXIS2_PLACEMENT_3D('',#7336,#7337,#7338);
#7340=ITEM_DEFINED_TRANSFORMATION('','',#7339,#15);
#7341=(REPRESENTATION_RELATIONSHIP('','',#7326,#3335)REPRESENTATION_RELATIONSHIP_WITH_TRANSFORMATION(#7340)SHAPE_REPRESENTATION_RELATIONSHIP());
#7342=NEXT_ASSEMBLY_USAGE_OCCURRENCE('C31~C0603~C0603_L1.6-W0.8-H0.8~QmFs_109','C31~C0603~C0603_L1.6-W0.8-H0.8~QmFs','C31~C0603~C0603_L1.6-W0.8-H0.8~QmFs',#3344,#7335,$);
#7343=PRODUCT_DEFINITION_SHAPE('','',#7342);
#7344=CONTEXT_DEPENDENT_SHAPE_REPRESENTATION(#7341,#7343);
#7345=(NAMED_UNIT(*)PLANE_ANGLE_UNIT()SI_UNIT($,.RADIAN.));
#7346=PLANE_ANGLE_MEASURE_WITH_UNIT(PLANE_ANGLE_MEASURE(0.0174532925),#7345);
#7347=(CONVERSION_BASED_UNIT('DEGREE',#7346)NAMED_UNIT(#7348)PLANE_ANGLE_UNIT());
#7348=DIMENSIONAL_EXPONENTS(0.,0.,0.,0.,0.,0.,0.);
#7349=(NAMED_UNIT(*)SI_UNIT($,.STERADIAN.)SOLID_ANGLE_UNIT());
#7350=(LENGTH_UNIT()NAMED_UNIT(*)SI_UNIT(.MILLI.,.METRE.));
#7351=UNCERTAINTY_MEASURE_WITH_UNIT(LENGTH_MEASURE(1.000000E-03),#7350,'DISTANCE_ACCURACY_VALUE','Maximum Tolerance applied to model');
#7352=(GEOMETRIC_REPRESENTATION_CONTEXT(3)GLOBAL_UNCERTAINTY_ASSIGNED_CONTEXT((#7351))GLOBAL_UNIT_ASSIGNED_CONTEXT((#7350,#7347,#7349))REPRESENTATION_CONTEXT('','C0603~C0603_L1.6-W0.8-H0.8~QmFs'));
#7364=CARTESIAN_POINT('',(0.,0.,0.));
#7365=DIRECTION('',(0.,0.,1.));
#7366=DIRECTION('',(1.,0.,-0.));
#7367=AXIS2_PLACEMENT_3D('',#7364,#7365,#7366);
#7368=ITEM_DEFINED_TRANSFORMATION('','',#7367,#15);
#7369=(REPRESENTATION_RELATIONSHIP('','',#7354,#7326)REPRESENTATION_RELATIONSHIP_WITH_TRANSFORMATION(#7368)SHAPE_REPRESENTATION_RELATIONSHIP());
#7370=NEXT_ASSEMBLY_USAGE_OCCURRENCE('C0603~C0603_L1.6-W0.8-H0.8~QmFs_110','C0603~C0603_L1.6-W0.8-H0.8~QmFs','C0603~C0603_L1.6-W0.8-H0.8~QmFs',#7335,#7363,$);
#7371=PRODUCT_DEFINITION_SHAPE('','',#7370);
#7372=CONTEXT_DEPENDENT_SHAPE_REPRESENTATION(#7369,#7371);
#7354=SHAPE_REPRESENTATION('C0603~C0603_L1.6-W0.8-H0.8~QmFs',(#15),#7352);
#7373=CARTESIAN_POINT('',(0.,0.,0.));
#7374=DIRECTION('',(0.,0.,1.));
#7375=DIRECTION('',(1.,0.,0.));
#7376=AXIS2_PLACEMENT_3D('',#7373,#7374,#7375);
#7378=MAPPED_ITEM('',#7377,#7376);
#7377=REPRESENTATION_MAP(#7376,#7354);
#7362=PRODUCT('C0603~C0603_L1.6-W0.8-H0.8~QmFs','C0603~C0603_L1.6-W0.8-H0.8~QmFs','',(#3390));
#7379=PRODUCT_RELATED_PRODUCT_CATEGORY('part','',(#7362));
#7380=PRODUCT_DEFINITION_FORMATION_WITH_SPECIFIED_SOURCE('','',#7362,.NOT_KNOWN.);
#7363=PRODUCT_DEFINITION('design','',#7380,#3391);
#7361=PRODUCT_DEFINITION_SHAPE('','',#7363);
#7381=SHAPE_DEFINITION_REPRESENTATION(#7361,#7354);
#7353=DRAUGHTING_MODEL('',(#7378),#7352);
#7326=SHAPE_REPRESENTATION('C31~C0603~C0603_L1.6-W0.8-H0.8~QmFs',(#15,#7367),#7324);
#7382=CARTESIAN_POINT('',(0.,0.,0.));
#7383=DIRECTION('',(0.,0.,1.));
#7384=DIRECTION('',(1.,0.,0.));
#7385=AXIS2_PLACEMENT_3D('',#7382,#7383,#7384);
#7387=MAPPED_ITEM('',#7386,#7385);
#7386=REPRESENTATION_MAP(#7385,#7326);
#7334=PRODUCT('C31~C0603~C0603_L1.6-W0.8-H0.8~QmFs','C31~C0603~C0603_L1.6-W0.8-H0.8~QmFs','',(#3390));
#7388=PRODUCT_RELATED_PRODUCT_CATEGORY('part','',(#7334));
#7389=PRODUCT_DEFINITION_FORMATION_WITH_SPECIFIED_SOURCE('','',#7334,.NOT_KNOWN.);
#7335=PRODUCT_DEFINITION('design','',#7389,#3391);
#7333=PRODUCT_DEFINITION_SHAPE('','',#7335);
#7390=SHAPE_DEFINITION_REPRESENTATION(#7333,#7326);
#7325=DRAUGHTING_MODEL('',(#7387),#7324);
#7391=(NAMED_UNIT(*)PLANE_ANGLE_UNIT()SI_UNIT($,.RADIAN.));
#7392=PLANE_ANGLE_MEASURE_WITH_UNIT(PLANE_ANGLE_MEASURE(0.0174532925),#7391);
#7393=(CONVERSION_BASED_UNIT('DEGREE',#7392)NAMED_UNIT(#7394)PLANE_ANGLE_UNIT());
#7394=DIMENSIONAL_EXPONENTS(0.,0.,0.,0.,0.,0.,0.);
#7395=(NAMED_UNIT(*)SI_UNIT($,.STERADIAN.)SOLID_ANGLE_UNIT());
#7396=(LENGTH_UNIT()NAMED_UNIT(*)SI_UNIT(.MILLI.,.METRE.));
#7397=UNCERTAINTY_MEASURE_WITH_UNIT(LENGTH_MEASURE(1.000000E-03),#7396,'DISTANCE_ACCURACY_VALUE','Maximum Tolerance applied to model');
#7398=(GEOMETRIC_REPRESENTATION_CONTEXT(3)GLOBAL_UNCERTAINTY_ASSIGNED_CONTEXT((#7397))GLOBAL_UNIT_ASSIGNED_CONTEXT((#7396,#7393,#7395))REPRESENTATION_CONTEXT('','C31~C0603~C0603_L1.6-W0.8-H0.8~QmFs'));
#7410=CARTESIAN_POINT('',(0.,0.,0.));
#7411=DIRECTION('',(0.,0.,1.));
#7412=DIRECTION('',(1.,0.,-0.));
#7413=AXIS2_PLACEMENT_3D('',#7410,#7411,#7412);
#7414=ITEM_DEFINED_TRANSFORMATION('','',#7413,#15);
#7415=(REPRESENTATION_RELATIONSHIP('','',#7400,#3335)REPRESENTATION_RELATIONSHIP_WITH_TRANSFORMATION(#7414)SHAPE_REPRESENTATION_RELATIONSHIP());
#7416=NEXT_ASSEMBLY_USAGE_OCCURRENCE('C31~C0603~C0603_L1.6-W0.8-H0.8~QmFs_111','C31~C0603~C0603_L1.6-W0.8-H0.8~QmFs','C31~C0603~C0603_L1.6-W0.8-H0.8~QmFs',#3344,#7409,$);
#7417=PRODUCT_DEFINITION_SHAPE('','',#7416);
#7418=CONTEXT_DEPENDENT_SHAPE_REPRESENTATION(#7415,#7417);
#7419=(NAMED_UNIT(*)PLANE_ANGLE_UNIT()SI_UNIT($,.RADIAN.));
#7420=PLANE_ANGLE_MEASURE_WITH_UNIT(PLANE_ANGLE_MEASURE(0.0174532925),#7419);
#7421=(CONVERSION_BASED_UNIT('DEGREE',#7420)NAMED_UNIT(#7422)PLANE_ANGLE_UNIT());
#7422=DIMENSIONAL_EXPONENTS(0.,0.,0.,0.,0.,0.,0.);
#7423=(NAMED_UNIT(*)SI_UNIT($,.STERADIAN.)SOLID_ANGLE_UNIT());
#7424=(LENGTH_UNIT()NAMED_UNIT(*)SI_UNIT(.MILLI.,.METRE.));
#7425=UNCERTAINTY_MEASURE_WITH_UNIT(LENGTH_MEASURE(1.000000E-03),#7424,'DISTANCE_ACCURACY_VALUE','Maximum Tolerance applied to model');
#7426=(GEOMETRIC_REPRESENTATION_CONTEXT(3)GLOBAL_UNCERTAINTY_ASSIGNED_CONTEXT((#7425))GLOBAL_UNIT_ASSIGNED_CONTEXT((#7424,#7421,#7423))REPRESENTATION_CONTEXT('','C0603~C0603_L1.6-W0.8-H0.8~QmFs'));
#7438=CARTESIAN_POINT('',(0.,0.,0.));
#7439=DIRECTION('',(0.,0.,1.));
#7440=DIRECTION('',(1.,0.,-0.));
#7441=AXIS2_PLACEMENT_3D('',#7438,#7439,#7440);
#7442=ITEM_DEFINED_TRANSFORMATION('','',#7441,#15);
#7443=(REPRESENTATION_RELATIONSHIP('','',#7428,#7400)REPRESENTATION_RELATIONSHIP_WITH_TRANSFORMATION(#7442)SHAPE_REPRESENTATION_RELATIONSHIP());
#7444=NEXT_ASSEMBLY_USAGE_OCCURRENCE('C0603~C0603_L1.6-W0.8-H0.8~QmFs_112','C0603~C0603_L1.6-W0.8-H0.8~QmFs','C0603~C0603_L1.6-W0.8-H0.8~QmFs',#7409,#7437,$);
#7445=PRODUCT_DEFINITION_SHAPE('','',#7444);
#7446=CONTEXT_DEPENDENT_SHAPE_REPRESENTATION(#7443,#7445);
#7428=SHAPE_REPRESENTATION('C0603~C0603_L1.6-W0.8-H0.8~QmFs',(#15),#7426);
#7447=CARTESIAN_POINT('',(0.,0.,0.));
#7448=DIRECTION('',(0.,0.,1.));
#7449=DIRECTION('',(1.,0.,0.));
#7450=AXIS2_PLACEMENT_3D('',#7447,#7448,#7449);
#7452=MAPPED_ITEM('',#7451,#7450);
#7451=REPRESENTATION_MAP(#7450,#7428);
#7436=PRODUCT('C0603~C0603_L1.6-W0.8-H0.8~QmFs','C0603~C0603_L1.6-W0.8-H0.8~QmFs','',(#3390));
#7453=PRODUCT_RELATED_PRODUCT_CATEGORY('part','',(#7436));
#7454=PRODUCT_DEFINITION_FORMATION_WITH_SPECIFIED_SOURCE('','',#7436,.NOT_KNOWN.);
#7437=PRODUCT_DEFINITION('design','',#7454,#3391);
#7435=PRODUCT_DEFINITION_SHAPE('','',#7437);
#7455=SHAPE_DEFINITION_REPRESENTATION(#7435,#7428);
#7427=DRAUGHTING_MODEL('',(#7452),#7426);
#7400=SHAPE_REPRESENTATION('C31~C0603~C0603_L1.6-W0.8-H0.8~QmFs',(#15,#7441),#7398);
#7456=CARTESIAN_POINT('',(0.,0.,0.));
#7457=DIRECTION('',(0.,0.,1.));
#7458=DIRECTION('',(1.,0.,0.));
#7459=AXIS2_PLACEMENT_3D('',#7456,#7457,#7458);
#7461=MAPPED_ITEM('',#7460,#7459);
#7460=REPRESENTATION_MAP(#7459,#7400);
#7408=PRODUCT('C31~C0603~C0603_L1.6-W0.8-H0.8~QmFs','C31~C0603~C0603_L1.6-W0.8-H0.8~QmFs','',(#3390));
#7462=PRODUCT_RELATED_PRODUCT_CATEGORY('part','',(#7408));
#7463=PRODUCT_DEFINITION_FORMATION_WITH_SPECIFIED_SOURCE('','',#7408,.NOT_KNOWN.);
#7409=PRODUCT_DEFINITION('design','',#7463,#3391);
#7407=PRODUCT_DEFINITION_SHAPE('','',#7409);
#7464=SHAPE_DEFINITION_REPRESENTATION(#7407,#7400);
#7399=DRAUGHTING_MODEL('',(#7461),#7398);
#7465=(NAMED_UNIT(*)PLANE_ANGLE_UNIT()SI_UNIT($,.RADIAN.));
#7466=PLANE_ANGLE_MEASURE_WITH_UNIT(PLANE_ANGLE_MEASURE(0.0174532925),#7465);
#7467=(CONVERSION_BASED_UNIT('DEGREE',#7466)NAMED_UNIT(#7468)PLANE_ANGLE_UNIT());
#7468=DIMENSIONAL_EXPONENTS(0.,0.,0.,0.,0.,0.,0.);
#7469=(NAMED_UNIT(*)SI_UNIT($,.STERADIAN.)SOLID_ANGLE_UNIT());
#7470=(LENGTH_UNIT()NAMED_UNIT(*)SI_UNIT(.MILLI.,.METRE.));
#7471=UNCERTAINTY_MEASURE_WITH_UNIT(LENGTH_MEASURE(1.000000E-03),#7470,'DISTANCE_ACCURACY_VALUE','Maximum Tolerance applied to model');
#7472=(GEOMETRIC_REPRESENTATION_CONTEXT(3)GLOBAL_UNCERTAINTY_ASSIGNED_CONTEXT((#7471))GLOBAL_UNIT_ASSIGNED_CONTEXT((#7470,#7467,#7469))REPRESENTATION_CONTEXT('','C31~C0603~C0603_L1.6-W0.8-H0.8~QmFs'));
#7484=CARTESIAN_POINT('',(0.,0.,0.));
#7485=DIRECTION('',(0.,0.,1.));
#7486=DIRECTION('',(1.,0.,-0.));
#7487=AXIS2_PLACEMENT_3D('',#7484,#7485,#7486);
#7488=ITEM_DEFINED_TRANSFORMATION('','',#7487,#15);
#7489=(REPRESENTATION_RELATIONSHIP('','',#7474,#3335)REPRESENTATION_RELATIONSHIP_WITH_TRANSFORMATION(#7488)SHAPE_REPRESENTATION_RELATIONSHIP());
#7490=NEXT_ASSEMBLY_USAGE_OCCURRENCE('C31~C0603~C0603_L1.6-W0.8-H0.8~QmFs_113','C31~C0603~C0603_L1.6-W0.8-H0.8~QmFs','C31~C0603~C0603_L1.6-W0.8-H0.8~QmFs',#3344,#7483,$);
#7491=PRODUCT_DEFINITION_SHAPE('','',#7490);
#7492=CONTEXT_DEPENDENT_SHAPE_REPRESENTATION(#7489,#7491);
#7493=(NAMED_UNIT(*)PLANE_ANGLE_UNIT()SI_UNIT($,.RADIAN.));
#7494=PLANE_ANGLE_MEASURE_WITH_UNIT(PLANE_ANGLE_MEASURE(0.0174532925),#7493);
#7495=(CONVERSION_BASED_UNIT('DEGREE',#7494)NAMED_UNIT(#7496)PLANE_ANGLE_UNIT());
#7496=DIMENSIONAL_EXPONENTS(0.,0.,0.,0.,0.,0.,0.);
#7497=(NAMED_UNIT(*)SI_UNIT($,.STERADIAN.)SOLID_ANGLE_UNIT());
#7498=(LENGTH_UNIT()NAMED_UNIT(*)SI_UNIT(.MILLI.,.METRE.));
#7499=UNCERTAINTY_MEASURE_WITH_UNIT(LENGTH_MEASURE(1.000000E-03),#7498,'DISTANCE_ACCURACY_VALUE','Maximum Tolerance applied to model');
#7500=(GEOMETRIC_REPRESENTATION_CONTEXT(3)GLOBAL_UNCERTAINTY_ASSIGNED_CONTEXT((#7499))GLOBAL_UNIT_ASSIGNED_CONTEXT((#7498,#7495,#7497))REPRESENTATION_CONTEXT('','C0603~C0603_L1.6-W0.8-H0.8~QmFs'));
#7512=CARTESIAN_POINT('',(0.,0.,0.));
#7513=DIRECTION('',(0.,0.,1.));
#7514=DIRECTION('',(1.,0.,-0.));
#7515=AXIS2_PLACEMENT_3D('',#7512,#7513,#7514);
#7516=ITEM_DEFINED_TRANSFORMATION('','',#7515,#15);
#7517=(REPRESENTATION_RELATIONSHIP('','',#7502,#7474)REPRESENTATION_RELATIONSHIP_WITH_TRANSFORMATION(#7516)SHAPE_REPRESENTATION_RELATIONSHIP());
#7518=NEXT_ASSEMBLY_USAGE_OCCURRENCE('C0603~C0603_L1.6-W0.8-H0.8~QmFs_114','C0603~C0603_L1.6-W0.8-H0.8~QmFs','C0603~C0603_L1.6-W0.8-H0.8~QmFs',#7483,#7511,$);
#7519=PRODUCT_DEFINITION_SHAPE('','',#7518);
#7520=CONTEXT_DEPENDENT_SHAPE_REPRESENTATION(#7517,#7519);
#7502=SHAPE_REPRESENTATION('C0603~C0603_L1.6-W0.8-H0.8~QmFs',(#15),#7500);
#7521=CARTESIAN_POINT('',(0.,0.,0.));
#7522=DIRECTION('',(0.,0.,1.));
#7523=DIRECTION('',(1.,0.,0.));
#7524=AXIS2_PLACEMENT_3D('',#7521,#7522,#7523);
#7526=MAPPED_ITEM('',#7525,#7524);
#7525=REPRESENTATION_MAP(#7524,#7502);
#7510=PRODUCT('C0603~C0603_L1.6-W0.8-H0.8~QmFs','C0603~C0603_L1.6-W0.8-H0.8~QmFs','',(#3390));
#7527=PRODUCT_RELATED_PRODUCT_CATEGORY('part','',(#7510));
#7528=PRODUCT_DEFINITION_FORMATION_WITH_SPECIFIED_SOURCE('','',#7510,.NOT_KNOWN.);
#7511=PRODUCT_DEFINITION('design','',#7528,#3391);
#7509=PRODUCT_DEFINITION_SHAPE('','',#7511);
#7529=SHAPE_DEFINITION_REPRESENTATION(#7509,#7502);
#7501=DRAUGHTING_MODEL('',(#7526),#7500);
#7474=SHAPE_REPRESENTATION('C31~C0603~C0603_L1.6-W0.8-H0.8~QmFs',(#15,#7515),#7472);
#7530=CARTESIAN_POINT('',(0.,0.,0.));
#7531=DIRECTION('',(0.,0.,1.));
#7532=DIRECTION('',(1.,0.,0.));
#7533=AXIS2_PLACEMENT_3D('',#7530,#7531,#7532);
#7535=MAPPED_ITEM('',#7534,#7533);
#7534=REPRESENTATION_MAP(#7533,#7474);
#7482=PRODUCT('C31~C0603~C0603_L1.6-W0.8-H0.8~QmFs','C31~C0603~C0603_L1.6-W0.8-H0.8~QmFs','',(#3390));
#7536=PRODUCT_RELATED_PRODUCT_CATEGORY('part','',(#7482));
#7537=PRODUCT_DEFINITION_FORMATION_WITH_SPECIFIED_SOURCE('','',#7482,.NOT_KNOWN.);
#7483=PRODUCT_DEFINITION('design','',#7537,#3391);
#7481=PRODUCT_DEFINITION_SHAPE('','',#7483);
#7538=SHAPE_DEFINITION_REPRESENTATION(#7481,#7474);
#7473=DRAUGHTING_MODEL('',(#7535),#7472);
#7539=(NAMED_UNIT(*)PLANE_ANGLE_UNIT()SI_UNIT($,.RADIAN.));
#7540=PLANE_ANGLE_MEASURE_WITH_UNIT(PLANE_ANGLE_MEASURE(0.0174532925),#7539);
#7541=(CONVERSION_BASED_UNIT('DEGREE',#7540)NAMED_UNIT(#7542)PLANE_ANGLE_UNIT());
#7542=DIMENSIONAL_EXPONENTS(0.,0.,0.,0.,0.,0.,0.);
#7543=(NAMED_UNIT(*)SI_UNIT($,.STERADIAN.)SOLID_ANGLE_UNIT());
#7544=(LENGTH_UNIT()NAMED_UNIT(*)SI_UNIT(.MILLI.,.METRE.));
#7545=UNCERTAINTY_MEASURE_WITH_UNIT(LENGTH_MEASURE(1.000000E-03),#7544,'DISTANCE_ACCURACY_VALUE','Maximum Tolerance applied to model');
#7546=(GEOMETRIC_REPRESENTATION_CONTEXT(3)GLOBAL_UNCERTAINTY_ASSIGNED_CONTEXT((#7545))GLOBAL_UNIT_ASSIGNED_CONTEXT((#7544,#7541,#7543))REPRESENTATION_CONTEXT('','C31~C0603~C0603_L1.6-W0.8-H0.8~QmFs'));
#7558=CARTESIAN_POINT('',(0.,0.,0.));
#7559=DIRECTION('',(0.,0.,1.));
#7560=DIRECTION('',(1.,0.,-0.));
#7561=AXIS2_PLACEMENT_3D('',#7558,#7559,#7560);
#7562=ITEM_DEFINED_TRANSFORMATION('','',#7561,#15);
#7563=(REPRESENTATION_RELATIONSHIP('','',#7548,#3335)REPRESENTATION_RELATIONSHIP_WITH_TRANSFORMATION(#7562)SHAPE_REPRESENTATION_RELATIONSHIP());
#7564=NEXT_ASSEMBLY_USAGE_OCCURRENCE('C31~C0603~C0603_L1.6-W0.8-H0.8~QmFs_115','C31~C0603~C0603_L1.6-W0.8-H0.8~QmFs','C31~C0603~C0603_L1.6-W0.8-H0.8~QmFs',#3344,#7557,$);
#7565=PRODUCT_DEFINITION_SHAPE('','',#7564);
#7566=CONTEXT_DEPENDENT_SHAPE_REPRESENTATION(#7563,#7565);
#7567=(NAMED_UNIT(*)PLANE_ANGLE_UNIT()SI_UNIT($,.RADIAN.));
#7568=PLANE_ANGLE_MEASURE_WITH_UNIT(PLANE_ANGLE_MEASURE(0.0174532925),#7567);
#7569=(CONVERSION_BASED_UNIT('DEGREE',#7568)NAMED_UNIT(#7570)PLANE_ANGLE_UNIT());
#7570=DIMENSIONAL_EXPONENTS(0.,0.,0.,0.,0.,0.,0.);
#7571=(NAMED_UNIT(*)SI_UNIT($,.STERADIAN.)SOLID_ANGLE_UNIT());
#7572=(LENGTH_UNIT()NAMED_UNIT(*)SI_UNIT(.MILLI.,.METRE.));
#7573=UNCERTAINTY_MEASURE_WITH_UNIT(LENGTH_MEASURE(1.000000E-03),#7572,'DISTANCE_ACCURACY_VALUE','Maximum Tolerance applied to model');
#7574=(GEOMETRIC_REPRESENTATION_CONTEXT(3)GLOBAL_UNCERTAINTY_ASSIGNED_CONTEXT((#7573))GLOBAL_UNIT_ASSIGNED_CONTEXT((#7572,#7569,#7571))REPRESENTATION_CONTEXT('','C0603~C0603_L1.6-W0.8-H0.8~QmFs'));
#7586=CARTESIAN_POINT('',(0.,0.,0.));
#7587=DIRECTION('',(0.,0.,1.));
#7588=DIRECTION('',(1.,0.,-0.));
#7589=AXIS2_PLACEMENT_3D('',#7586,#7587,#7588);
#7590=ITEM_DEFINED_TRANSFORMATION('','',#7589,#15);
#7591=(REPRESENTATION_RELATIONSHIP('','',#7576,#7548)REPRESENTATION_RELATIONSHIP_WITH_TRANSFORMATION(#7590)SHAPE_REPRESENTATION_RELATIONSHIP());
#7592=NEXT_ASSEMBLY_USAGE_OCCURRENCE('C0603~C0603_L1.6-W0.8-H0.8~QmFs_116','C0603~C0603_L1.6-W0.8-H0.8~QmFs','C0603~C0603_L1.6-W0.8-H0.8~QmFs',#7557,#7585,$);
#7593=PRODUCT_DEFINITION_SHAPE('','',#7592);
#7594=CONTEXT_DEPENDENT_SHAPE_REPRESENTATION(#7591,#7593);
#7576=SHAPE_REPRESENTATION('C0603~C0603_L1.6-W0.8-H0.8~QmFs',(#15),#7574);
#7595=CARTESIAN_POINT('',(0.,0.,0.));
#7596=DIRECTION('',(0.,0.,1.));
#7597=DIRECTION('',(1.,0.,0.));
#7598=AXIS2_PLACEMENT_3D('',#7595,#7596,#7597);
#7600=MAPPED_ITEM('',#7599,#7598);
#7599=REPRESENTATION_MAP(#7598,#7576);
#7584=PRODUCT('C0603~C0603_L1.6-W0.8-H0.8~QmFs','C0603~C0603_L1.6-W0.8-H0.8~QmFs','',(#3390));
#7601=PRODUCT_RELATED_PRODUCT_CATEGORY('part','',(#7584));
#7602=PRODUCT_DEFINITION_FORMATION_WITH_SPECIFIED_SOURCE('','',#7584,.NOT_KNOWN.);
#7585=PRODUCT_DEFINITION('design','',#7602,#3391);
#7583=PRODUCT_DEFINITION_SHAPE('','',#7585);
#7603=SHAPE_DEFINITION_REPRESENTATION(#7583,#7576);
#7575=DRAUGHTING_MODEL('',(#7600),#7574);
#7548=SHAPE_REPRESENTATION('C31~C0603~C0603_L1.6-W0.8-H0.8~QmFs',(#15,#7589),#7546);
#7604=CARTESIAN_POINT('',(0.,0.,0.));
#7605=DIRECTION('',(0.,0.,1.));
#7606=DIRECTION('',(1.,0.,0.));
#7607=AXIS2_PLACEMENT_3D('',#7604,#7605,#7606);
#7609=MAPPED_ITEM('',#7608,#7607);
#7608=REPRESENTATION_MAP(#7607,#7548);
#7556=PRODUCT('C31~C0603~C0603_L1.6-W0.8-H0.8~QmFs','C31~C0603~C0603_L1.6-W0.8-H0.8~QmFs','',(#3390));
#7610=PRODUCT_RELATED_PRODUCT_CATEGORY('part','',(#7556));
#7611=PRODUCT_DEFINITION_FORMATION_WITH_SPECIFIED_SOURCE('','',#7556,.NOT_KNOWN.);
#7557=PRODUCT_DEFINITION('design','',#7611,#3391);
#7555=PRODUCT_DEFINITION_SHAPE('','',#7557);
#7612=SHAPE_DEFINITION_REPRESENTATION(#7555,#7548);
#7547=DRAUGHTING_MODEL('',(#7609),#7546);
#7613=(NAMED_UNIT(*)PLANE_ANGLE_UNIT()SI_UNIT($,.RADIAN.));
#7614=PLANE_ANGLE_MEASURE_WITH_UNIT(PLANE_ANGLE_MEASURE(0.0174532925),#7613);
#7615=(CONVERSION_BASED_UNIT('DEGREE',#7614)NAMED_UNIT(#7616)PLANE_ANGLE_UNIT());
#7616=DIMENSIONAL_EXPONENTS(0.,0.,0.,0.,0.,0.,0.);
#7617=(NAMED_UNIT(*)SI_UNIT($,.STERADIAN.)SOLID_ANGLE_UNIT());
#7618=(LENGTH_UNIT()NAMED_UNIT(*)SI_UNIT(.MILLI.,.METRE.));
#7619=UNCERTAINTY_MEASURE_WITH_UNIT(LENGTH_MEASURE(1.000000E-03),#7618,'DISTANCE_ACCURACY_VALUE','Maximum Tolerance applied to model');
#7620=(GEOMETRIC_REPRESENTATION_CONTEXT(3)GLOBAL_UNCERTAINTY_ASSIGNED_CONTEXT((#7619))GLOBAL_UNIT_ASSIGNED_CONTEXT((#7618,#7615,#7617))REPRESENTATION_CONTEXT('','C31~C0603~C0603_L1.6-W0.8-H0.8~QmFs'));
#7632=CARTESIAN_POINT('',(0.,0.,0.));
#7633=DIRECTION('',(0.,0.,1.));
#7634=DIRECTION('',(1.,0.,-0.));
#7635=AXIS2_PLACEMENT_3D('',#7632,#7633,#7634);
#7636=ITEM_DEFINED_TRANSFORMATION('','',#7635,#15);
#7637=(REPRESENTATION_RELATIONSHIP('','',#7622,#3335)REPRESENTATION_RELATIONSHIP_WITH_TRANSFORMATION(#7636)SHAPE_REPRESENTATION_RELATIONSHIP());
#7638=NEXT_ASSEMBLY_USAGE_OCCURRENCE('C31~C0603~C0603_L1.6-W0.8-H0.8~QmFs_117','C31~C0603~C0603_L1.6-W0.8-H0.8~QmFs','C31~C0603~C0603_L1.6-W0.8-H0.8~QmFs',#3344,#7631,$);
#7639=PRODUCT_DEFINITION_SHAPE('','',#7638);
#7640=CONTEXT_DEPENDENT_SHAPE_REPRESENTATION(#7637,#7639);
#7641=(NAMED_UNIT(*)PLANE_ANGLE_UNIT()SI_UNIT($,.RADIAN.));
#7642=PLANE_ANGLE_MEASURE_WITH_UNIT(PLANE_ANGLE_MEASURE(0.0174532925),#7641);
#7643=(CONVERSION_BASED_UNIT('DEGREE',#7642)NAMED_UNIT(#7644)PLANE_ANGLE_UNIT());
#7644=DIMENSIONAL_EXPONENTS(0.,0.,0.,0.,0.,0.,0.);
#7645=(NAMED_UNIT(*)SI_UNIT($,.STERADIAN.)SOLID_ANGLE_UNIT());
#7646=(LENGTH_UNIT()NAMED_UNIT(*)SI_UNIT(.MILLI.,.METRE.));
#7647=UNCERTAINTY_MEASURE_WITH_UNIT(LENGTH_MEASURE(1.000000E-03),#7646,'DISTANCE_ACCURACY_VALUE','Maximum Tolerance applied to model');
#7648=(GEOMETRIC_REPRESENTATION_CONTEXT(3)GLOBAL_UNCERTAINTY_ASSIGNED_CONTEXT((#7647))GLOBAL_UNIT_ASSIGNED_CONTEXT((#7646,#7643,#7645))REPRESENTATION_CONTEXT('','C0603~C0603_L1.6-W0.8-H0.8~QmFs'));
#7660=CARTESIAN_POINT('',(0.,0.,0.));
#7661=DIRECTION('',(0.,0.,1.));
#7662=DIRECTION('',(1.,0.,-0.));
#7663=AXIS2_PLACEMENT_3D('',#7660,#7661,#7662);
#7664=ITEM_DEFINED_TRANSFORMATION('','',#7663,#15);
#7665=(REPRESENTATION_RELATIONSHIP('','',#7650,#7622)REPRESENTATION_RELATIONSHIP_WITH_TRANSFORMATION(#7664)SHAPE_REPRESENTATION_RELATIONSHIP());
#7666=NEXT_ASSEMBLY_USAGE_OCCURRENCE('C0603~C0603_L1.6-W0.8-H0.8~QmFs_118','C0603~C0603_L1.6-W0.8-H0.8~QmFs','C0603~C0603_L1.6-W0.8-H0.8~QmFs',#7631,#7659,$);
#7667=PRODUCT_DEFINITION_SHAPE('','',#7666);
#7668=CONTEXT_DEPENDENT_SHAPE_REPRESENTATION(#7665,#7667);
#7650=SHAPE_REPRESENTATION('C0603~C0603_L1.6-W0.8-H0.8~QmFs',(#15),#7648);
#7669=CARTESIAN_POINT('',(0.,0.,0.));
#7670=DIRECTION('',(0.,0.,1.));
#7671=DIRECTION('',(1.,0.,0.));
#7672=AXIS2_PLACEMENT_3D('',#7669,#7670,#7671);
#7674=MAPPED_ITEM('',#7673,#7672);
#7673=REPRESENTATION_MAP(#7672,#7650);
#7658=PRODUCT('C0603~C0603_L1.6-W0.8-H0.8~QmFs','C0603~C0603_L1.6-W0.8-H0.8~QmFs','',(#3390));
#7675=PRODUCT_RELATED_PRODUCT_CATEGORY('part','',(#7658));
#7676=PRODUCT_DEFINITION_FORMATION_WITH_SPECIFIED_SOURCE('','',#7658,.NOT_KNOWN.);
#7659=PRODUCT_DEFINITION('design','',#7676,#3391);
#7657=PRODUCT_DEFINITION_SHAPE('','',#7659);
#7677=SHAPE_DEFINITION_REPRESENTATION(#7657,#7650);
#7649=DRAUGHTING_MODEL('',(#7674),#7648);
#7622=SHAPE_REPRESENTATION('C31~C0603~C0603_L1.6-W0.8-H0.8~QmFs',(#15,#7663),#7620);
#7678=CARTESIAN_POINT('',(0.,0.,0.));
#7679=DIRECTION('',(0.,0.,1.));
#7680=DIRECTION('',(1.,0.,0.));
#7681=AXIS2_PLACEMENT_3D('',#7678,#7679,#7680);
#7683=MAPPED_ITEM('',#7682,#7681);
#7682=REPRESENTATION_MAP(#7681,#7622);
#7630=PRODUCT('C31~C0603~C0603_L1.6-W0.8-H0.8~QmFs','C31~C0603~C0603_L1.6-W0.8-H0.8~QmFs','',(#3390));
#7684=PRODUCT_RELATED_PRODUCT_CATEGORY('part','',(#7630));
#7685=PRODUCT_DEFINITION_FORMATION_WITH_SPECIFIED_SOURCE('','',#7630,.NOT_KNOWN.);
#7631=PRODUCT_DEFINITION('design','',#7685,#3391);
#7629=PRODUCT_DEFINITION_SHAPE('','',#7631);
#7686=SHAPE_DEFINITION_REPRESENTATION(#7629,#7622);
#7621=DRAUGHTING_MODEL('',(#7683),#7620);
#7687=(NAMED_UNIT(*)PLANE_ANGLE_UNIT()SI_UNIT($,.RADIAN.));
#7688=PLANE_ANGLE_MEASURE_WITH_UNIT(PLANE_ANGLE_MEASURE(0.0174532925),#7687);
#7689=(CONVERSION_BASED_UNIT('DEGREE',#7688)NAMED_UNIT(#7690)PLANE_ANGLE_UNIT());
#7690=DIMENSIONAL_EXPONENTS(0.,0.,0.,0.,0.,0.,0.);
#7691=(NAMED_UNIT(*)SI_UNIT($,.STERADIAN.)SOLID_ANGLE_UNIT());
#7692=(LENGTH_UNIT()NAMED_UNIT(*)SI_UNIT(.MILLI.,.METRE.));
#7693=UNCERTAINTY_MEASURE_WITH_UNIT(LENGTH_MEASURE(1.000000E-03),#7692,'DISTANCE_ACCURACY_VALUE','Maximum Tolerance applied to model');
#7694=(GEOMETRIC_REPRESENTATION_CONTEXT(3)GLOBAL_UNCERTAINTY_ASSIGNED_CONTEXT((#7693))GLOBAL_UNIT_ASSIGNED_CONTEXT((#7692,#7689,#7691))REPRESENTATION_CONTEXT('','C31~C0603~C0603_L1.6-W0.8-H0.8~QmFs'));
#7706=CARTESIAN_POINT('',(0.,0.,0.));
#7707=DIRECTION('',(0.,0.,1.));
#7708=DIRECTION('',(1.,0.,-0.));
#7709=AXIS2_PLACEMENT_3D('',#7706,#7707,#7708);
#7710=ITEM_DEFINED_TRANSFORMATION('','',#7709,#15);
#7711=(REPRESENTATION_RELATIONSHIP('','',#7696,#3335)REPRESENTATION_RELATIONSHIP_WITH_TRANSFORMATION(#7710)SHAPE_REPRESENTATION_RELATIONSHIP());
#7712=NEXT_ASSEMBLY_USAGE_OCCURRENCE('C31~C0603~C0603_L1.6-W0.8-H0.8~QmFs_119','C31~C0603~C0603_L1.6-W0.8-H0.8~QmFs','C31~C0603~C0603_L1.6-W0.8-H0.8~QmFs',#3344,#7705,$);
#7713=PRODUCT_DEFINITION_SHAPE('','',#7712);
#7714=CONTEXT_DEPENDENT_SHAPE_REPRESENTATION(#7711,#7713);
#7715=(NAMED_UNIT(*)PLANE_ANGLE_UNIT()SI_UNIT($,.RADIAN.));
#7716=PLANE_ANGLE_MEASURE_WITH_UNIT(PLANE_ANGLE_MEASURE(0.0174532925),#7715);
#7717=(CONVERSION_BASED_UNIT('DEGREE',#7716)NAMED_UNIT(#7718)PLANE_ANGLE_UNIT());
#7718=DIMENSIONAL_EXPONENTS(0.,0.,0.,0.,0.,0.,0.);
#7719=(NAMED_UNIT(*)SI_UNIT($,.STERADIAN.)SOLID_ANGLE_UNIT());
#7720=(LENGTH_UNIT()NAMED_UNIT(*)SI_UNIT(.MILLI.,.METRE.));
#7721=UNCERTAINTY_MEASURE_WITH_UNIT(LENGTH_MEASURE(1.000000E-03),#7720,'DISTANCE_ACCURACY_VALUE','Maximum Tolerance applied to model');
#7722=(GEOMETRIC_REPRESENTATION_CONTEXT(3)GLOBAL_UNCERTAINTY_ASSIGNED_CONTEXT((#7721))GLOBAL_UNIT_ASSIGNED_CONTEXT((#7720,#7717,#7719))REPRESENTATION_CONTEXT('','C0603~C0603_L1.6-W0.8-H0.8~QmFs'));
#7734=CARTESIAN_POINT('',(0.,0.,0.));
#7735=DIRECTION('',(0.,0.,1.));
#7736=DIRECTION('',(1.,0.,-0.));
#7737=AXIS2_PLACEMENT_3D('',#7734,#7735,#7736);
#7738=ITEM_DEFINED_TRANSFORMATION('','',#7737,#15);
#7739=(REPRESENTATION_RELATIONSHIP('','',#7724,#7696)REPRESENTATION_RELATIONSHIP_WITH_TRANSFORMATION(#7738)SHAPE_REPRESENTATION_RELATIONSHIP());
#7740=NEXT_ASSEMBLY_USAGE_OCCURRENCE('C0603~C0603_L1.6-W0.8-H0.8~QmFs_120','C0603~C0603_L1.6-W0.8-H0.8~QmFs','C0603~C0603_L1.6-W0.8-H0.8~QmFs',#7705,#7733,$);
#7741=PRODUCT_DEFINITION_SHAPE('','',#7740);
#7742=CONTEXT_DEPENDENT_SHAPE_REPRESENTATION(#7739,#7741);
#7724=SHAPE_REPRESENTATION('C0603~C0603_L1.6-W0.8-H0.8~QmFs',(#15),#7722);
#7743=CARTESIAN_POINT('',(0.,0.,0.));
#7744=DIRECTION('',(0.,0.,1.));
#7745=DIRECTION('',(1.,0.,0.));
#7746=AXIS2_PLACEMENT_3D('',#7743,#7744,#7745);
#7748=MAPPED_ITEM('',#7747,#7746);
#7747=REPRESENTATION_MAP(#7746,#7724);
#7732=PRODUCT('C0603~C0603_L1.6-W0.8-H0.8~QmFs','C0603~C0603_L1.6-W0.8-H0.8~QmFs','',(#3390));
#7749=PRODUCT_RELATED_PRODUCT_CATEGORY('part','',(#7732));
#7750=PRODUCT_DEFINITION_FORMATION_WITH_SPECIFIED_SOURCE('','',#7732,.NOT_KNOWN.);
#7733=PRODUCT_DEFINITION('design','',#7750,#3391);
#7731=PRODUCT_DEFINITION_SHAPE('','',#7733);
#7751=SHAPE_DEFINITION_REPRESENTATION(#7731,#7724);
#7723=DRAUGHTING_MODEL('',(#7748),#7722);
#7696=SHAPE_REPRESENTATION('C31~C0603~C0603_L1.6-W0.8-H0.8~QmFs',(#15,#7737),#7694);
#7752=CARTESIAN_POINT('',(0.,0.,0.));
#7753=DIRECTION('',(0.,0.,1.));
#7754=DIRECTION('',(1.,0.,0.));
#7755=AXIS2_PLACEMENT_3D('',#7752,#7753,#7754);
#7757=MAPPED_ITEM('',#7756,#7755);
#7756=REPRESENTATION_MAP(#7755,#7696);
#7704=PRODUCT('C31~C0603~C0603_L1.6-W0.8-H0.8~QmFs','C31~C0603~C0603_L1.6-W0.8-H0.8~QmFs','',(#3390));
#7758=PRODUCT_RELATED_PRODUCT_CATEGORY('part','',(#7704));
#7759=PRODUCT_DEFINITION_FORMATION_WITH_SPECIFIED_SOURCE('','',#7704,.NOT_KNOWN.);
#7705=PRODUCT_DEFINITION('design','',#7759,#3391);
#7703=PRODUCT_DEFINITION_SHAPE('','',#7705);
#7760=SHAPE_DEFINITION_REPRESENTATION(#7703,#7696);
#7695=DRAUGHTING_MODEL('',(#7757),#7694);
#7761=(NAMED_UNIT(*)PLANE_ANGLE_UNIT()SI_UNIT($,.RADIAN.));
#7762=PLANE_ANGLE_MEASURE_WITH_UNIT(PLANE_ANGLE_MEASURE(0.0174532925),#7761);
#7763=(CONVERSION_BASED_UNIT('DEGREE',#7762)NAMED_UNIT(#7764)PLANE_ANGLE_UNIT());
#7764=DIMENSIONAL_EXPONENTS(0.,0.,0.,0.,0.,0.,0.);
#7765=(NAMED_UNIT(*)SI_UNIT($,.STERADIAN.)SOLID_ANGLE_UNIT());
#7766=(LENGTH_UNIT()NAMED_UNIT(*)SI_UNIT(.MILLI.,.METRE.));
#7767=UNCERTAINTY_MEASURE_WITH_UNIT(LENGTH_MEASURE(1.000000E-03),#7766,'DISTANCE_ACCURACY_VALUE','Maximum Tolerance applied to model');
#7768=(GEOMETRIC_REPRESENTATION_CONTEXT(3)GLOBAL_UNCERTAINTY_ASSIGNED_CONTEXT((#7767))GLOBAL_UNIT_ASSIGNED_CONTEXT((#7766,#7763,#7765))REPRESENTATION_CONTEXT('','C31~C0603~C0603_L1.6-W0.8-H0.8~QmFs'));
#7780=CARTESIAN_POINT('',(0.,0.,0.));
#7781=DIRECTION('',(0.,0.,1.));
#7782=DIRECTION('',(1.,0.,-0.));
#7783=AXIS2_PLACEMENT_3D('',#7780,#7781,#7782);
#7784=ITEM_DEFINED_TRANSFORMATION('','',#7783,#15);
#7785=(REPRESENTATION_RELATIONSHIP('','',#7770,#3335)REPRESENTATION_RELATIONSHIP_WITH_TRANSFORMATION(#7784)SHAPE_REPRESENTATION_RELATIONSHIP());
#7786=NEXT_ASSEMBLY_USAGE_OCCURRENCE('C31~C0603~C0603_L1.6-W0.8-H0.8~QmFs_121','C31~C0603~C0603_L1.6-W0.8-H0.8~QmFs','C31~C0603~C0603_L1.6-W0.8-H0.8~QmFs',#3344,#7779,$);
#7787=PRODUCT_DEFINITION_SHAPE('','',#7786);
#7788=CONTEXT_DEPENDENT_SHAPE_REPRESENTATION(#7785,#7787);
#7789=(NAMED_UNIT(*)PLANE_ANGLE_UNIT()SI_UNIT($,.RADIAN.));
#7790=PLANE_ANGLE_MEASURE_WITH_UNIT(PLANE_ANGLE_MEASURE(0.0174532925),#7789);
#7791=(CONVERSION_BASED_UNIT('DEGREE',#7790)NAMED_UNIT(#7792)PLANE_ANGLE_UNIT());
#7792=DIMENSIONAL_EXPONENTS(0.,0.,0.,0.,0.,0.,0.);
#7793=(NAMED_UNIT(*)SI_UNIT($,.STERADIAN.)SOLID_ANGLE_UNIT());
#7794=(LENGTH_UNIT()NAMED_UNIT(*)SI_UNIT(.MILLI.,.METRE.));
#7795=UNCERTAINTY_MEASURE_WITH_UNIT(LENGTH_MEASURE(1.000000E-03),#7794,'DISTANCE_ACCURACY_VALUE','Maximum Tolerance applied to model');
#7796=(GEOMETRIC_REPRESENTATION_CONTEXT(3)GLOBAL_UNCERTAINTY_ASSIGNED_CONTEXT((#7795))GLOBAL_UNIT_ASSIGNED_CONTEXT((#7794,#7791,#7793))REPRESENTATION_CONTEXT('','C0603~C0603_L1.6-W0.8-H0.8~QmFs'));
#7808=CARTESIAN_POINT('',(0.,0.,0.));
#7809=DIRECTION('',(0.,0.,1.));
#7810=DIRECTION('',(1.,0.,-0.));
#7811=AXIS2_PLACEMENT_3D('',#7808,#7809,#7810);
#7812=ITEM_DEFINED_TRANSFORMATION('','',#7811,#15);
#7813=(REPRESENTATION_RELATIONSHIP('','',#7798,#7770)REPRESENTATION_RELATIONSHIP_WITH_TRANSFORMATION(#7812)SHAPE_REPRESENTATION_RELATIONSHIP());
#7814=NEXT_ASSEMBLY_USAGE_OCCURRENCE('C0603~C0603_L1.6-W0.8-H0.8~QmFs_122','C0603~C0603_L1.6-W0.8-H0.8~QmFs','C0603~C0603_L1.6-W0.8-H0.8~QmFs',#7779,#7807,$);
#7815=PRODUCT_DEFINITION_SHAPE('','',#7814);
#7816=CONTEXT_DEPENDENT_SHAPE_REPRESENTATION(#7813,#7815);
#7798=SHAPE_REPRESENTATION('C0603~C0603_L1.6-W0.8-H0.8~QmFs',(#15),#7796);
#7817=CARTESIAN_POINT('',(0.,0.,0.));
#7818=DIRECTION('',(0.,0.,1.));
#7819=DIRECTION('',(1.,0.,0.));
#7820=AXIS2_PLACEMENT_3D('',#7817,#7818,#7819);
#7822=MAPPED_ITEM('',#7821,#7820);
#7821=REPRESENTATION_MAP(#7820,#7798);
#7806=PRODUCT('C0603~C0603_L1.6-W0.8-H0.8~QmFs','C0603~C0603_L1.6-W0.8-H0.8~QmFs','',(#3390));
#7823=PRODUCT_RELATED_PRODUCT_CATEGORY('part','',(#7806));
#7824=PRODUCT_DEFINITION_FORMATION_WITH_SPECIFIED_SOURCE('','',#7806,.NOT_KNOWN.);
#7807=PRODUCT_DEFINITION('design','',#7824,#3391);
#7805=PRODUCT_DEFINITION_SHAPE('','',#7807);
#7825=SHAPE_DEFINITION_REPRESENTATION(#7805,#7798);
#7797=DRAUGHTING_MODEL('',(#7822),#7796);
#7770=SHAPE_REPRESENTATION('C31~C0603~C0603_L1.6-W0.8-H0.8~QmFs',(#15,#7811),#7768);
#7826=CARTESIAN_POINT('',(0.,0.,0.));
#7827=DIRECTION('',(0.,0.,1.));
#7828=DIRECTION('',(1.,0.,0.));
#7829=AXIS2_PLACEMENT_3D('',#7826,#7827,#7828);
#7831=MAPPED_ITEM('',#7830,#7829);
#7830=REPRESENTATION_MAP(#7829,#7770);
#7778=PRODUCT('C31~C0603~C0603_L1.6-W0.8-H0.8~QmFs','C31~C0603~C0603_L1.6-W0.8-H0.8~QmFs','',(#3390));
#7832=PRODUCT_RELATED_PRODUCT_CATEGORY('part','',(#7778));
#7833=PRODUCT_DEFINITION_FORMATION_WITH_SPECIFIED_SOURCE('','',#7778,.NOT_KNOWN.);
#7779=PRODUCT_DEFINITION('design','',#7833,#3391);
#7777=PRODUCT_DEFINITION_SHAPE('','',#7779);
#7834=SHAPE_DEFINITION_REPRESENTATION(#7777,#7770);
#7769=DRAUGHTING_MODEL('',(#7831),#7768);
#7835=(NAMED_UNIT(*)PLANE_ANGLE_UNIT()SI_UNIT($,.RADIAN.));
#7836=PLANE_ANGLE_MEASURE_WITH_UNIT(PLANE_ANGLE_MEASURE(0.0174532925),#7835);
#7837=(CONVERSION_BASED_UNIT('DEGREE',#7836)NAMED_UNIT(#7838)PLANE_ANGLE_UNIT());
#7838=DIMENSIONAL_EXPONENTS(0.,0.,0.,0.,0.,0.,0.);
#7839=(NAMED_UNIT(*)SI_UNIT($,.STERADIAN.)SOLID_ANGLE_UNIT());
#7840=(LENGTH_UNIT()NAMED_UNIT(*)SI_UNIT(.MILLI.,.METRE.));
#7841=UNCERTAINTY_MEASURE_WITH_UNIT(LENGTH_MEASURE(1.000000E-03),#7840,'DISTANCE_ACCURACY_VALUE','Maximum Tolerance applied to model');
#7842=(GEOMETRIC_REPRESENTATION_CONTEXT(3)GLOBAL_UNCERTAINTY_ASSIGNED_CONTEXT((#7841))GLOBAL_UNIT_ASSIGNED_CONTEXT((#7840,#7837,#7839))REPRESENTATION_CONTEXT('','C31~C0603~C0603_L1.6-W0.8-H0.8~QmFs'));
#7854=CARTESIAN_POINT('',(0.,0.,0.));
#7855=DIRECTION('',(0.,0.,1.));
#7856=DIRECTION('',(1.,0.,-0.));
#7857=AXIS2_PLACEMENT_3D('',#7854,#7855,#7856);
#7858=ITEM_DEFINED_TRANSFORMATION('','',#7857,#15);
#7859=(REPRESENTATION_RELATIONSHIP('','',#7844,#3335)REPRESENTATION_RELATIONSHIP_WITH_TRANSFORMATION(#7858)SHAPE_REPRESENTATION_RELATIONSHIP());
#7860=NEXT_ASSEMBLY_USAGE_OCCURRENCE('C31~C0603~C0603_L1.6-W0.8-H0.8~QmFs_123','C31~C0603~C0603_L1.6-W0.8-H0.8~QmFs','C31~C0603~C0603_L1.6-W0.8-H0.8~QmFs',#3344,#7853,$);
#7861=PRODUCT_DEFINITION_SHAPE('','',#7860);
#7862=CONTEXT_DEPENDENT_SHAPE_REPRESENTATION(#7859,#7861);
#7863=(NAMED_UNIT(*)PLANE_ANGLE_UNIT()SI_UNIT($,.RADIAN.));
#7864=PLANE_ANGLE_MEASURE_WITH_UNIT(PLANE_ANGLE_MEASURE(0.0174532925),#7863);
#7865=(CONVERSION_BASED_UNIT('DEGREE',#7864)NAMED_UNIT(#7866)PLANE_ANGLE_UNIT());
#7866=DIMENSIONAL_EXPONENTS(0.,0.,0.,0.,0.,0.,0.);
#7867=(NAMED_UNIT(*)SI_UNIT($,.STERADIAN.)SOLID_ANGLE_UNIT());
#7868=(LENGTH_UNIT()NAMED_UNIT(*)SI_UNIT(.MILLI.,.METRE.));
#7869=UNCERTAINTY_MEASURE_WITH_UNIT(LENGTH_MEASURE(1.000000E-03),#7868,'DISTANCE_ACCURACY_VALUE','Maximum Tolerance applied to model');
#7870=(GEOMETRIC_REPRESENTATION_CONTEXT(3)GLOBAL_UNCERTAINTY_ASSIGNED_CONTEXT((#7869))GLOBAL_UNIT_ASSIGNED_CONTEXT((#7868,#7865,#7867))REPRESENTATION_CONTEXT('','C0603~C0603_L1.6-W0.8-H0.8~QmFs'));
#7882=CARTESIAN_POINT('',(0.,0.,0.));
#7883=DIRECTION('',(0.,0.,1.));
#7884=DIRECTION('',(1.,0.,-0.));
#7885=AXIS2_PLACEMENT_3D('',#7882,#7883,#7884);
#7886=ITEM_DEFINED_TRANSFORMATION('','',#7885,#15);
#7887=(REPRESENTATION_RELATIONSHIP('','',#7872,#7844)REPRESENTATION_RELATIONSHIP_WITH_TRANSFORMATION(#7886)SHAPE_REPRESENTATION_RELATIONSHIP());
#7888=NEXT_ASSEMBLY_USAGE_OCCURRENCE('C0603~C0603_L1.6-W0.8-H0.8~QmFs_124','C0603~C0603_L1.6-W0.8-H0.8~QmFs','C0603~C0603_L1.6-W0.8-H0.8~QmFs',#7853,#7881,$);
#7889=PRODUCT_DEFINITION_SHAPE('','',#7888);
#7890=CONTEXT_DEPENDENT_SHAPE_REPRESENTATION(#7887,#7889);
#7872=SHAPE_REPRESENTATION('C0603~C0603_L1.6-W0.8-H0.8~QmFs',(#15),#7870);
#7891=CARTESIAN_POINT('',(0.,0.,0.));
#7892=DIRECTION('',(0.,0.,1.));
#7893=DIRECTION('',(1.,0.,0.));
#7894=AXIS2_PLACEMENT_3D('',#7891,#7892,#7893);
#7896=MAPPED_ITEM('',#7895,#7894);
#7895=REPRESENTATION_MAP(#7894,#7872);
#7880=PRODUCT('C0603~C0603_L1.6-W0.8-H0.8~QmFs','C0603~C0603_L1.6-W0.8-H0.8~QmFs','',(#3390));
#7897=PRODUCT_RELATED_PRODUCT_CATEGORY('part','',(#7880));
#7898=PRODUCT_DEFINITION_FORMATION_WITH_SPECIFIED_SOURCE('','',#7880,.NOT_KNOWN.);
#7881=PRODUCT_DEFINITION('design','',#7898,#3391);
#7879=PRODUCT_DEFINITION_SHAPE('','',#7881);
#7899=SHAPE_DEFINITION_REPRESENTATION(#7879,#7872);
#7871=DRAUGHTING_MODEL('',(#7896),#7870);
#7844=SHAPE_REPRESENTATION('C31~C0603~C0603_L1.6-W0.8-H0.8~QmFs',(#15,#7885),#7842);
#7900=CARTESIAN_POINT('',(0.,0.,0.));
#7901=DIRECTION('',(0.,0.,1.));
#7902=DIRECTION('',(1.,0.,0.));
#7903=AXIS2_PLACEMENT_3D('',#7900,#7901,#7902);
#7905=MAPPED_ITEM('',#7904,#7903);
#7904=REPRESENTATION_MAP(#7903,#7844);
#7852=PRODUCT('C31~C0603~C0603_L1.6-W0.8-H0.8~QmFs','C31~C0603~C0603_L1.6-W0.8-H0.8~QmFs','',(#3390));
#7906=PRODUCT_RELATED_PRODUCT_CATEGORY('part','',(#7852));
#7907=PRODUCT_DEFINITION_FORMATION_WITH_SPECIFIED_SOURCE('','',#7852,.NOT_KNOWN.);
#7853=PRODUCT_DEFINITION('design','',#7907,#3391);
#7851=PRODUCT_DEFINITION_SHAPE('','',#7853);
#7908=SHAPE_DEFINITION_REPRESENTATION(#7851,#7844);
#7843=DRAUGHTING_MODEL('',(#7905),#7842);
#7909=(NAMED_UNIT(*)PLANE_ANGLE_UNIT()SI_UNIT($,.RADIAN.));
#7910=PLANE_ANGLE_MEASURE_WITH_UNIT(PLANE_ANGLE_MEASURE(0.0174532925),#7909);
#7911=(CONVERSION_BASED_UNIT('DEGREE',#7910)NAMED_UNIT(#7912)PLANE_ANGLE_UNIT());
#7912=DIMENSIONAL_EXPONENTS(0.,0.,0.,0.,0.,0.,0.);
#7913=(NAMED_UNIT(*)SI_UNIT($,.STERADIAN.)SOLID_ANGLE_UNIT());
#7914=(LENGTH_UNIT()NAMED_UNIT(*)SI_UNIT(.MILLI.,.METRE.));
#7915=UNCERTAINTY_MEASURE_WITH_UNIT(LENGTH_MEASURE(1.000000E-03),#7914,'DISTANCE_ACCURACY_VALUE','Maximum Tolerance applied to model');
#7916=(GEOMETRIC_REPRESENTATION_CONTEXT(3)GLOBAL_UNCERTAINTY_ASSIGNED_CONTEXT((#7915))GLOBAL_UNIT_ASSIGNED_CONTEXT((#7914,#7911,#7913))REPRESENTATION_CONTEXT('','C31~C0603~C0603_L1.6-W0.8-H0.8~QmFs'));
#7928=CARTESIAN_POINT('',(0.,0.,0.));
#7929=DIRECTION('',(0.,0.,1.));
#7930=DIRECTION('',(1.,0.,-0.));
#7931=AXIS2_PLACEMENT_3D('',#7928,#7929,#7930);
#7932=ITEM_DEFINED_TRANSFORMATION('','',#7931,#15);
#7933=(REPRESENTATION_RELATIONSHIP('','',#7918,#3335)REPRESENTATION_RELATIONSHIP_WITH_TRANSFORMATION(#7932)SHAPE_REPRESENTATION_RELATIONSHIP());
#7934=NEXT_ASSEMBLY_USAGE_OCCURRENCE('C31~C0603~C0603_L1.6-W0.8-H0.8~QmFs_125','C31~C0603~C0603_L1.6-W0.8-H0.8~QmFs','C31~C0603~C0603_L1.6-W0.8-H0.8~QmFs',#3344,#7927,$);
#7935=PRODUCT_DEFINITION_SHAPE('','',#7934);
#7936=CONTEXT_DEPENDENT_SHAPE_REPRESENTATION(#7933,#7935);
#7937=(NAMED_UNIT(*)PLANE_ANGLE_UNIT()SI_UNIT($,.RADIAN.));
#7938=PLANE_ANGLE_MEASURE_WITH_UNIT(PLANE_ANGLE_MEASURE(0.0174532925),#7937);
#7939=(CONVERSION_BASED_UNIT('DEGREE',#7938)NAMED_UNIT(#7940)PLANE_ANGLE_UNIT());
#7940=DIMENSIONAL_EXPONENTS(0.,0.,0.,0.,0.,0.,0.);
#7941=(NAMED_UNIT(*)SI_UNIT($,.STERADIAN.)SOLID_ANGLE_UNIT());
#7942=(LENGTH_UNIT()NAMED_UNIT(*)SI_UNIT(.MILLI.,.METRE.));
#7943=UNCERTAINTY_MEASURE_WITH_UNIT(LENGTH_MEASURE(1.000000E-03),#7942,'DISTANCE_ACCURACY_VALUE','Maximum Tolerance applied to model');
#7944=(GEOMETRIC_REPRESENTATION_CONTEXT(3)GLOBAL_UNCERTAINTY_ASSIGNED_CONTEXT((#7943))GLOBAL_UNIT_ASSIGNED_CONTEXT((#7942,#7939,#7941))REPRESENTATION_CONTEXT('','C0603~C0603_L1.6-W0.8-H0.8~QmFs'));
#7956=CARTESIAN_POINT('',(0.,0.,0.));
#7957=DIRECTION('',(0.,0.,1.));
#7958=DIRECTION('',(1.,0.,-0.));
#7959=AXIS2_PLACEMENT_3D('',#7956,#7957,#7958);
#7960=ITEM_DEFINED_TRANSFORMATION('','',#7959,#15);
#7961=(REPRESENTATION_RELATIONSHIP('','',#7946,#7918)REPRESENTATION_RELATIONSHIP_WITH_TRANSFORMATION(#7960)SHAPE_REPRESENTATION_RELATIONSHIP());
#7962=NEXT_ASSEMBLY_USAGE_OCCURRENCE('C0603~C0603_L1.6-W0.8-H0.8~QmFs_126','C0603~C0603_L1.6-W0.8-H0.8~QmFs','C0603~C0603_L1.6-W0.8-H0.8~QmFs',#7927,#7955,$);
#7963=PRODUCT_DEFINITION_SHAPE('','',#7962);
#7964=CONTEXT_DEPENDENT_SHAPE_REPRESENTATION(#7961,#7963);
#7946=SHAPE_REPRESENTATION('C0603~C0603_L1.6-W0.8-H0.8~QmFs',(#15),#7944);
#7965=CARTESIAN_POINT('',(0.,0.,0.));
#7966=DIRECTION('',(0.,0.,1.));
#7967=DIRECTION('',(1.,0.,0.));
#7968=AXIS2_PLACEMENT_3D('',#7965,#7966,#7967);
#7970=MAPPED_ITEM('',#7969,#7968);
#7969=REPRESENTATION_MAP(#7968,#7946);
#7954=PRODUCT('C0603~C0603_L1.6-W0.8-H0.8~QmFs','C0603~C0603_L1.6-W0.8-H0.8~QmFs','',(#3390));
#7971=PRODUCT_RELATED_PRODUCT_CATEGORY('part','',(#7954));
#7972=PRODUCT_DEFINITION_FORMATION_WITH_SPECIFIED_SOURCE('','',#7954,.NOT_KNOWN.);
#7955=PRODUCT_DEFINITION('design','',#7972,#3391);
#7953=PRODUCT_DEFINITION_SHAPE('','',#7955);
#7973=SHAPE_DEFINITION_REPRESENTATION(#7953,#7946);
#7945=DRAUGHTING_MODEL('',(#7970),#7944);
#7918=SHAPE_REPRESENTATION('C31~C0603~C0603_L1.6-W0.8-H0.8~QmFs',(#15,#7959),#7916);
#7974=CARTESIAN_POINT('',(0.,0.,0.));
#7975=DIRECTION('',(0.,0.,1.));
#7976=DIRECTION('',(1.,0.,0.));
#7977=AXIS2_PLACEMENT_3D('',#7974,#7975,#7976);
#7979=MAPPED_ITEM('',#7978,#7977);
#7978=REPRESENTATION_MAP(#7977,#7918);
#7926=PRODUCT('C31~C0603~C0603_L1.6-W0.8-H0.8~QmFs','C31~C0603~C0603_L1.6-W0.8-H0.8~QmFs','',(#3390));
#7980=PRODUCT_RELATED_PRODUCT_CATEGORY('part','',(#7926));
#7981=PRODUCT_DEFINITION_FORMATION_WITH_SPECIFIED_SOURCE('','',#7926,.NOT_KNOWN.);
#7927=PRODUCT_DEFINITION('design','',#7981,#3391);
#7925=PRODUCT_DEFINITION_SHAPE('','',#7927);
#7982=SHAPE_DEFINITION_REPRESENTATION(#7925,#7918);
#7917=DRAUGHTING_MODEL('',(#7979),#7916);
#7983=(NAMED_UNIT(*)PLANE_ANGLE_UNIT()SI_UNIT($,.RADIAN.));
#7984=PLANE_ANGLE_MEASURE_WITH_UNIT(PLANE_ANGLE_MEASURE(0.0174532925),#7983);
#7985=(CONVERSION_BASED_UNIT('DEGREE',#7984)NAMED_UNIT(#7986)PLANE_ANGLE_UNIT());
#7986=DIMENSIONAL_EXPONENTS(0.,0.,0.,0.,0.,0.,0.);
#7987=(NAMED_UNIT(*)SI_UNIT($,.STERADIAN.)SOLID_ANGLE_UNIT());
#7988=(LENGTH_UNIT()NAMED_UNIT(*)SI_UNIT(.MILLI.,.METRE.));
#7989=UNCERTAINTY_MEASURE_WITH_UNIT(LENGTH_MEASURE(1.000000E-03),#7988,'DISTANCE_ACCURACY_VALUE','Maximum Tolerance applied to model');
#7990=(GEOMETRIC_REPRESENTATION_CONTEXT(3)GLOBAL_UNCERTAINTY_ASSIGNED_CONTEXT((#7989))GLOBAL_UNIT_ASSIGNED_CONTEXT((#7988,#7985,#7987))REPRESENTATION_CONTEXT('','C31~C0603~C0603_L1.6-W0.8-H0.8~QmFs'));
#8002=CARTESIAN_POINT('',(0.,0.,0.));
#8003=DIRECTION('',(0.,0.,1.));
#8004=DIRECTION('',(1.,0.,-0.));
#8005=AXIS2_PLACEMENT_3D('',#8002,#8003,#8004);
#8006=ITEM_DEFINED_TRANSFORMATION('','',#8005,#15);
#8007=(REPRESENTATION_RELATIONSHIP('','',#7992,#3335)REPRESENTATION_RELATIONSHIP_WITH_TRANSFORMATION(#8006)SHAPE_REPRESENTATION_RELATIONSHIP());
#8008=NEXT_ASSEMBLY_USAGE_OCCURRENCE('C31~C0603~C0603_L1.6-W0.8-H0.8~QmFs_127','C31~C0603~C0603_L1.6-W0.8-H0.8~QmFs','C31~C0603~C0603_L1.6-W0.8-H0.8~QmFs',#3344,#8001,$);
#8009=PRODUCT_DEFINITION_SHAPE('','',#8008);
#8010=CONTEXT_DEPENDENT_SHAPE_REPRESENTATION(#8007,#8009);
#8011=(NAMED_UNIT(*)PLANE_ANGLE_UNIT()SI_UNIT($,.RADIAN.));
#8012=PLANE_ANGLE_MEASURE_WITH_UNIT(PLANE_ANGLE_MEASURE(0.0174532925),#8011);
#8013=(CONVERSION_BASED_UNIT('DEGREE',#8012)NAMED_UNIT(#8014)PLANE_ANGLE_UNIT());
#8014=DIMENSIONAL_EXPONENTS(0.,0.,0.,0.,0.,0.,0.);
#8015=(NAMED_UNIT(*)SI_UNIT($,.STERADIAN.)SOLID_ANGLE_UNIT());
#8016=(LENGTH_UNIT()NAMED_UNIT(*)SI_UNIT(.MILLI.,.METRE.));
#8017=UNCERTAINTY_MEASURE_WITH_UNIT(LENGTH_MEASURE(1.000000E-03),#8016,'DISTANCE_ACCURACY_VALUE','Maximum Tolerance applied to model');
#8018=(GEOMETRIC_REPRESENTATION_CONTEXT(3)GLOBAL_UNCERTAINTY_ASSIGNED_CONTEXT((#8017))GLOBAL_UNIT_ASSIGNED_CONTEXT((#8016,#8013,#8015))REPRESENTATION_CONTEXT('','C0603~C0603_L1.6-W0.8-H0.8~QmFs'));
#8030=CARTESIAN_POINT('',(0.,0.,0.));
#8031=DIRECTION('',(0.,0.,1.));
#8032=DIRECTION('',(1.,0.,-0.));
#8033=AXIS2_PLACEMENT_3D('',#8030,#8031,#8032);
#8034=ITEM_DEFINED_TRANSFORMATION('','',#8033,#15);
#8035=(REPRESENTATION_RELATIONSHIP('','',#8020,#7992)REPRESENTATION_RELATIONSHIP_WITH_TRANSFORMATION(#8034)SHAPE_REPRESENTATION_RELATIONSHIP());
#8036=NEXT_ASSEMBLY_USAGE_OCCURRENCE('C0603~C0603_L1.6-W0.8-H0.8~QmFs_128','C0603~C0603_L1.6-W0.8-H0.8~QmFs','C0603~C0603_L1.6-W0.8-H0.8~QmFs',#8001,#8029,$);
#8037=PRODUCT_DEFINITION_SHAPE('','',#8036);
#8038=CONTEXT_DEPENDENT_SHAPE_REPRESENTATION(#8035,#8037);
#8020=SHAPE_REPRESENTATION('C0603~C0603_L1.6-W0.8-H0.8~QmFs',(#15),#8018);
#8039=CARTESIAN_POINT('',(0.,0.,0.));
#8040=DIRECTION('',(0.,0.,1.));
#8041=DIRECTION('',(1.,0.,0.));
#8042=AXIS2_PLACEMENT_3D('',#8039,#8040,#8041);
#8044=MAPPED_ITEM('',#8043,#8042);
#8043=REPRESENTATION_MAP(#8042,#8020);
#8028=PRODUCT('C0603~C0603_L1.6-W0.8-H0.8~QmFs','C0603~C0603_L1.6-W0.8-H0.8~QmFs','',(#3390));
#8045=PRODUCT_RELATED_PRODUCT_CATEGORY('part','',(#8028));
#8046=PRODUCT_DEFINITION_FORMATION_WITH_SPECIFIED_SOURCE('','',#8028,.NOT_KNOWN.);
#8029=PRODUCT_DEFINITION('design','',#8046,#3391);
#8027=PRODUCT_DEFINITION_SHAPE('','',#8029);
#8047=SHAPE_DEFINITION_REPRESENTATION(#8027,#8020);
#8019=DRAUGHTING_MODEL('',(#8044),#8018);
#7992=SHAPE_REPRESENTATION('C31~C0603~C0603_L1.6-W0.8-H0.8~QmFs',(#15,#8033),#7990);
#8048=CARTESIAN_POINT('',(0.,0.,0.));
#8049=DIRECTION('',(0.,0.,1.));
#8050=DIRECTION('',(1.,0.,0.));
#8051=AXIS2_PLACEMENT_3D('',#8048,#8049,#8050);
#8053=MAPPED_ITEM('',#8052,#8051);
#8052=REPRESENTATION_MAP(#8051,#7992);
#8000=PRODUCT('C31~C0603~C0603_L1.6-W0.8-H0.8~QmFs','C31~C0603~C0603_L1.6-W0.8-H0.8~QmFs','',(#3390));
#8054=PRODUCT_RELATED_PRODUCT_CATEGORY('part','',(#8000));
#8055=PRODUCT_DEFINITION_FORMATION_WITH_SPECIFIED_SOURCE('','',#8000,.NOT_KNOWN.);
#8001=PRODUCT_DEFINITION('design','',#8055,#3391);
#7999=PRODUCT_DEFINITION_SHAPE('','',#8001);
#8056=SHAPE_DEFINITION_REPRESENTATION(#7999,#7992);
#7991=DRAUGHTING_MODEL('',(#8053),#7990);
#8057=(NAMED_UNIT(*)PLANE_ANGLE_UNIT()SI_UNIT($,.RADIAN.));
#8058=PLANE_ANGLE_MEASURE_WITH_UNIT(PLANE_ANGLE_MEASURE(0.0174532925),#8057);
#8059=(CONVERSION_BASED_UNIT('DEGREE',#8058)NAMED_UNIT(#8060)PLANE_ANGLE_UNIT());
#8060=DIMENSIONAL_EXPONENTS(0.,0.,0.,0.,0.,0.,0.);
#8061=(NAMED_UNIT(*)SI_UNIT($,.STERADIAN.)SOLID_ANGLE_UNIT());
#8062=(LENGTH_UNIT()NAMED_UNIT(*)SI_UNIT(.MILLI.,.METRE.));
#8063=UNCERTAINTY_MEASURE_WITH_UNIT(LENGTH_MEASURE(1.000000E-03),#8062,'DISTANCE_ACCURACY_VALUE','Maximum Tolerance applied to model');
#8064=(GEOMETRIC_REPRESENTATION_CONTEXT(3)GLOBAL_UNCERTAINTY_ASSIGNED_CONTEXT((#8063))GLOBAL_UNIT_ASSIGNED_CONTEXT((#8062,#8059,#8061))REPRESENTATION_CONTEXT('','C31~C0603~C0603_L1.6-W0.8-H0.8~QmFs'));
#8076=CARTESIAN_POINT('',(0.,0.,0.));
#8077=DIRECTION('',(0.,0.,1.));
#8078=DIRECTION('',(1.,0.,-0.));
#8079=AXIS2_PLACEMENT_3D('',#8076,#8077,#8078);
#8080=ITEM_DEFINED_TRANSFORMATION('','',#8079,#15);
#8081=(REPRESENTATION_RELATIONSHIP('','',#8066,#3335)REPRESENTATION_RELATIONSHIP_WITH_TRANSFORMATION(#8080)SHAPE_REPRESENTATION_RELATIONSHIP());
#8082=NEXT_ASSEMBLY_USAGE_OCCURRENCE('C31~C0603~C0603_L1.6-W0.8-H0.8~QmFs_129','C31~C0603~C0603_L1.6-W0.8-H0.8~QmFs','C31~C0603~C0603_L1.6-W0.8-H0.8~QmFs',#3344,#8075,$);
#8083=PRODUCT_DEFINITION_SHAPE('','',#8082);
#8084=CONTEXT_DEPENDENT_SHAPE_REPRESENTATION(#8081,#8083);
#8085=(NAMED_UNIT(*)PLANE_ANGLE_UNIT()SI_UNIT($,.RADIAN.));
#8086=PLANE_ANGLE_MEASURE_WITH_UNIT(PLANE_ANGLE_MEASURE(0.0174532925),#8085);
#8087=(CONVERSION_BASED_UNIT('DEGREE',#8086)NAMED_UNIT(#8088)PLANE_ANGLE_UNIT());
#8088=DIMENSIONAL_EXPONENTS(0.,0.,0.,0.,0.,0.,0.);
#8089=(NAMED_UNIT(*)SI_UNIT($,.STERADIAN.)SOLID_ANGLE_UNIT());
#8090=(LENGTH_UNIT()NAMED_UNIT(*)SI_UNIT(.MILLI.,.METRE.));
#8091=UNCERTAINTY_MEASURE_WITH_UNIT(LENGTH_MEASURE(1.000000E-03),#8090,'DISTANCE_ACCURACY_VALUE','Maximum Tolerance applied to model');
#8092=(GEOMETRIC_REPRESENTATION_CONTEXT(3)GLOBAL_UNCERTAINTY_ASSIGNED_CONTEXT((#8091))GLOBAL_UNIT_ASSIGNED_CONTEXT((#8090,#8087,#8089))REPRESENTATION_CONTEXT('','C0603~C0603_L1.6-W0.8-H0.8~QmFs'));
#8104=CARTESIAN_POINT('',(0.,0.,0.));
#8105=DIRECTION('',(0.,0.,1.));
#8106=DIRECTION('',(1.,0.,-0.));
#8107=AXIS2_PLACEMENT_3D('',#8104,#8105,#8106);
#8108=ITEM_DEFINED_TRANSFORMATION('','',#8107,#15);
#8109=(REPRESENTATION_RELATIONSHIP('','',#8094,#8066)REPRESENTATION_RELATIONSHIP_WITH_TRANSFORMATION(#8108)SHAPE_REPRESENTATION_RELATIONSHIP());
#8110=NEXT_ASSEMBLY_USAGE_OCCURRENCE('C0603~C0603_L1.6-W0.8-H0.8~QmFs_130','C0603~C0603_L1.6-W0.8-H0.8~QmFs','C0603~C0603_L1.6-W0.8-H0.8~QmFs',#8075,#8103,$);
#8111=PRODUCT_DEFINITION_SHAPE('','',#8110);
#8112=CONTEXT_DEPENDENT_SHAPE_REPRESENTATION(#8109,#8111);
#8094=SHAPE_REPRESENTATION('C0603~C0603_L1.6-W0.8-H0.8~QmFs',(#15),#8092);
#8113=CARTESIAN_POINT('',(0.,0.,0.));
#8114=DIRECTION('',(0.,0.,1.));
#8115=DIRECTION('',(1.,0.,0.));
#8116=AXIS2_PLACEMENT_3D('',#8113,#8114,#8115);
#8118=MAPPED_ITEM('',#8117,#8116);
#8117=REPRESENTATION_MAP(#8116,#8094);
#8102=PRODUCT('C0603~C0603_L1.6-W0.8-H0.8~QmFs','C0603~C0603_L1.6-W0.8-H0.8~QmFs','',(#3390));
#8119=PRODUCT_RELATED_PRODUCT_CATEGORY('part','',(#8102));
#8120=PRODUCT_DEFINITION_FORMATION_WITH_SPECIFIED_SOURCE('','',#8102,.NOT_KNOWN.);
#8103=PRODUCT_DEFINITION('design','',#8120,#3391);
#8101=PRODUCT_DEFINITION_SHAPE('','',#8103);
#8121=SHAPE_DEFINITION_REPRESENTATION(#8101,#8094);
#8093=DRAUGHTING_MODEL('',(#8118),#8092);
#8066=SHAPE_REPRESENTATION('C31~C0603~C0603_L1.6-W0.8-H0.8~QmFs',(#15,#8107),#8064);
#8122=CARTESIAN_POINT('',(0.,0.,0.));
#8123=DIRECTION('',(0.,0.,1.));
#8124=DIRECTION('',(1.,0.,0.));
#8125=AXIS2_PLACEMENT_3D('',#8122,#8123,#8124);
#8127=MAPPED_ITEM('',#8126,#8125);
#8126=REPRESENTATION_MAP(#8125,#8066);
#8074=PRODUCT('C31~C0603~C0603_L1.6-W0.8-H0.8~QmFs','C31~C0603~C0603_L1.6-W0.8-H0.8~QmFs','',(#3390));
#8128=PRODUCT_RELATED_PRODUCT_CATEGORY('part','',(#8074));
#8129=PRODUCT_DEFINITION_FORMATION_WITH_SPECIFIED_SOURCE('','',#8074,.NOT_KNOWN.);
#8075=PRODUCT_DEFINITION('design','',#8129,#3391);
#8073=PRODUCT_DEFINITION_SHAPE('','',#8075);
#8130=SHAPE_DEFINITION_REPRESENTATION(#8073,#8066);
#8065=DRAUGHTING_MODEL('',(#8127),#8064);
#8131=(NAMED_UNIT(*)PLANE_ANGLE_UNIT()SI_UNIT($,.RADIAN.));
#8132=PLANE_ANGLE_MEASURE_WITH_UNIT(PLANE_ANGLE_MEASURE(0.0174532925),#8131);
#8133=(CONVERSION_BASED_UNIT('DEGREE',#8132)NAMED_UNIT(#8134)PLANE_ANGLE_UNIT());
#8134=DIMENSIONAL_EXPONENTS(0.,0.,0.,0.,0.,0.,0.);
#8135=(NAMED_UNIT(*)SI_UNIT($,.STERADIAN.)SOLID_ANGLE_UNIT());
#8136=(LENGTH_UNIT()NAMED_UNIT(*)SI_UNIT(.MILLI.,.METRE.));
#8137=UNCERTAINTY_MEASURE_WITH_UNIT(LENGTH_MEASURE(1.000000E-03),#8136,'DISTANCE_ACCURACY_VALUE','Maximum Tolerance applied to model');
#8138=(GEOMETRIC_REPRESENTATION_CONTEXT(3)GLOBAL_UNCERTAINTY_ASSIGNED_CONTEXT((#8137))GLOBAL_UNIT_ASSIGNED_CONTEXT((#8136,#8133,#8135))REPRESENTATION_CONTEXT('','LED1~LED0805-R-RD~LED0805-RD~QmFs'));
#8150=CARTESIAN_POINT('',(0.,0.,0.));
#8151=DIRECTION('',(0.,0.,1.));
#8152=DIRECTION('',(1.,0.,-0.));
#8153=AXIS2_PLACEMENT_3D('',#8150,#8151,#8152);
#8154=ITEM_DEFINED_TRANSFORMATION('','',#8153,#15);
#8155=(REPRESENTATION_RELATIONSHIP('','',#8140,#3335)REPRESENTATION_RELATIONSHIP_WITH_TRANSFORMATION(#8154)SHAPE_REPRESENTATION_RELATIONSHIP());
#8156=NEXT_ASSEMBLY_USAGE_OCCURRENCE('LED1~LED0805-R-RD~LED0805-RD~QmFs_131','LED1~LED0805-R-RD~LED0805-RD~QmFs','LED1~LED0805-R-RD~LED0805-RD~QmFs',#3344,#8149,$);
#8157=PRODUCT_DEFINITION_SHAPE('','',#8156);
#8158=CONTEXT_DEPENDENT_SHAPE_REPRESENTATION(#8155,#8157);
#8159=(NAMED_UNIT(*)PLANE_ANGLE_UNIT()SI_UNIT($,.RADIAN.));
#8160=PLANE_ANGLE_MEASURE_WITH_UNIT(PLANE_ANGLE_MEASURE(0.0174532925),#8159);
#8161=(CONVERSION_BASED_UNIT('DEGREE',#8160)NAMED_UNIT(#8162)PLANE_ANGLE_UNIT());
#8162=DIMENSIONAL_EXPONENTS(0.,0.,0.,0.,0.,0.,0.);
#8163=(NAMED_UNIT(*)SI_UNIT($,.STERADIAN.)SOLID_ANGLE_UNIT());
#8164=(LENGTH_UNIT()NAMED_UNIT(*)SI_UNIT(.MILLI.,.METRE.));
#8165=UNCERTAINTY_MEASURE_WITH_UNIT(LENGTH_MEASURE(1.000000E-03),#8164,'DISTANCE_ACCURACY_VALUE','Maximum Tolerance applied to model');
#8166=(GEOMETRIC_REPRESENTATION_CONTEXT(3)GLOBAL_UNCERTAINTY_ASSIGNED_CONTEXT((#8165))GLOBAL_UNIT_ASSIGNED_CONTEXT((#8164,#8161,#8163))REPRESENTATION_CONTEXT('','LED0805-R-RD~LED0805-RD~QmFs'));
#8178=CARTESIAN_POINT('',(0.,0.,0.));
#8179=DIRECTION('',(0.,0.,1.));
#8180=DIRECTION('',(1.,0.,-0.));
#8181=AXIS2_PLACEMENT_3D('',#8178,#8179,#8180);
#8182=ITEM_DEFINED_TRANSFORMATION('','',#8181,#15);
#8183=(REPRESENTATION_RELATIONSHIP('','',#8168,#8140)REPRESENTATION_RELATIONSHIP_WITH_TRANSFORMATION(#8182)SHAPE_REPRESENTATION_RELATIONSHIP());
#8184=NEXT_ASSEMBLY_USAGE_OCCURRENCE('LED0805-R-RD~LED0805-RD~QmFs_132','LED0805-R-RD~LED0805-RD~QmFs','LED0805-R-RD~LED0805-RD~QmFs',#8149,#8177,$);
#8185=PRODUCT_DEFINITION_SHAPE('','',#8184);
#8186=CONTEXT_DEPENDENT_SHAPE_REPRESENTATION(#8183,#8185);
#8168=SHAPE_REPRESENTATION('LED0805-R-RD~LED0805-RD~QmFs',(#15),#8166);
#8187=CARTESIAN_POINT('',(0.,0.,0.));
#8188=DIRECTION('',(0.,0.,1.));
#8189=DIRECTION('',(1.,0.,0.));
#8190=AXIS2_PLACEMENT_3D('',#8187,#8188,#8189);
#8192=MAPPED_ITEM('',#8191,#8190);
#8191=REPRESENTATION_MAP(#8190,#8168);
#8176=PRODUCT('LED0805-R-RD~LED0805-RD~QmFs','LED0805-R-RD~LED0805-RD~QmFs','',(#3390));
#8193=PRODUCT_RELATED_PRODUCT_CATEGORY('part','',(#8176));
#8194=PRODUCT_DEFINITION_FORMATION_WITH_SPECIFIED_SOURCE('','',#8176,.NOT_KNOWN.);
#8177=PRODUCT_DEFINITION('design','',#8194,#3391);
#8175=PRODUCT_DEFINITION_SHAPE('','',#8177);
#8195=SHAPE_DEFINITION_REPRESENTATION(#8175,#8168);
#8167=DRAUGHTING_MODEL('',(#8192),#8166);
#8140=SHAPE_REPRESENTATION('LED1~LED0805-R-RD~LED0805-RD~QmFs',(#15,#8181),#8138);
#8196=CARTESIAN_POINT('',(0.,0.,0.));
#8197=DIRECTION('',(0.,0.,1.));
#8198=DIRECTION('',(1.,0.,0.));
#8199=AXIS2_PLACEMENT_3D('',#8196,#8197,#8198);
#8201=MAPPED_ITEM('',#8200,#8199);
#8200=REPRESENTATION_MAP(#8199,#8140);
#8148=PRODUCT('LED1~LED0805-R-RD~LED0805-RD~QmFs','LED1~LED0805-R-RD~LED0805-RD~QmFs','',(#3390));
#8202=PRODUCT_RELATED_PRODUCT_CATEGORY('part','',(#8148));
#8203=PRODUCT_DEFINITION_FORMATION_WITH_SPECIFIED_SOURCE('','',#8148,.NOT_KNOWN.);
#8149=PRODUCT_DEFINITION('design','',#8203,#3391);
#8147=PRODUCT_DEFINITION_SHAPE('','',#8149);
#8204=SHAPE_DEFINITION_REPRESENTATION(#8147,#8140);
#8139=DRAUGHTING_MODEL('',(#8201),#8138);
#8205=(NAMED_UNIT(*)PLANE_ANGLE_UNIT()SI_UNIT($,.RADIAN.));
#8206=PLANE_ANGLE_MEASURE_WITH_UNIT(PLANE_ANGLE_MEASURE(0.0174532925),#8205);
#8207=(CONVERSION_BASED_UNIT('DEGREE',#8206)NAMED_UNIT(#8208)PLANE_ANGLE_UNIT());
#8208=DIMENSIONAL_EXPONENTS(0.,0.,0.,0.,0.,0.,0.);
#8209=(NAMED_UNIT(*)SI_UNIT($,.STERADIAN.)SOLID_ANGLE_UNIT());
#8210=(LENGTH_UNIT()NAMED_UNIT(*)SI_UNIT(.MILLI.,.METRE.));
#8211=UNCERTAINTY_MEASURE_WITH_UNIT(LENGTH_MEASURE(1.000000E-03),#8210,'DISTANCE_ACCURACY_VALUE','Maximum Tolerance applied to model');
#8212=(GEOMETRIC_REPRESENTATION_CONTEXT(3)GLOBAL_UNCERTAINTY_ASSIGNED_CONTEXT((#8211))GLOBAL_UNIT_ASSIGNED_CONTEXT((#8210,#8207,#8209))REPRESENTATION_CONTEXT('','U5~SOT-23-6_L2.9-W1.6-P0.95-LS2.8-BR~SOT-23-6_L2.9-W1.6-H1.5-LS2.8-P0.95~QmFs'));
#8224=CARTESIAN_POINT('',(0.,0.,0.));
#8225=DIRECTION('',(0.,0.,1.));
#8226=DIRECTION('',(1.,0.,-0.));
#8227=AXIS2_PLACEMENT_3D('',#8224,#8225,#8226);
#8228=ITEM_DEFINED_TRANSFORMATION('','',#8227,#15);
#8229=(REPRESENTATION_RELATIONSHIP('','',#8214,#3335)REPRESENTATION_RELATIONSHIP_WITH_TRANSFORMATION(#8228)SHAPE_REPRESENTATION_RELATIONSHIP());
#8230=NEXT_ASSEMBLY_USAGE_OCCURRENCE('U5~SOT-23-6_L2.9-W1.6-P0.95-LS2.8-BR~SOT-23-6_L2.9-W1.6-H1.5-LS2.8-P0.95~QmFs_133','U5~SOT-23-6_L2.9-W1.6-P0.95-LS2.8-BR~SOT-23-6_L2.9-W1.6-H1.5-LS2.8-P0.95~QmFs','U5~SOT-23-6_L2.9-W1.6-P0.95-LS2.8-BR~SOT-23-6_L2.9-W1.6-H1.5-LS2.8-P0.95~QmFs',#3344,#8223,$);
#8231=PRODUCT_DEFINITION_SHAPE('','',#8230);
#8232=CONTEXT_DEPENDENT_SHAPE_REPRESENTATION(#8229,#8231);
#8233=(NAMED_UNIT(*)PLANE_ANGLE_UNIT()SI_UNIT($,.RADIAN.));
#8234=PLANE_ANGLE_MEASURE_WITH_UNIT(PLANE_ANGLE_MEASURE(0.0174532925),#8233);
#8235=(CONVERSION_BASED_UNIT('DEGREE',#8234)NAMED_UNIT(#8236)PLANE_ANGLE_UNIT());
#8236=DIMENSIONAL_EXPONENTS(0.,0.,0.,0.,0.,0.,0.);
#8237=(NAMED_UNIT(*)SI_UNIT($,.STERADIAN.)SOLID_ANGLE_UNIT());
#8238=(LENGTH_UNIT()NAMED_UNIT(*)SI_UNIT(.MILLI.,.METRE.));
#8239=UNCERTAINTY_MEASURE_WITH_UNIT(LENGTH_MEASURE(1.000000E-03),#8238,'DISTANCE_ACCURACY_VALUE','Maximum Tolerance applied to model');
#8240=(GEOMETRIC_REPRESENTATION_CONTEXT(3)GLOBAL_UNCERTAINTY_ASSIGNED_CONTEXT((#8239))GLOBAL_UNIT_ASSIGNED_CONTEXT((#8238,#8235,#8237))REPRESENTATION_CONTEXT('','SOT-23-6_L2.9-W1.6-P0.95-LS2.8-BR~SOT-23-6_L2.9-W1.6-H1.5-LS2.8-P0.95~QmFs'));
#8252=CARTESIAN_POINT('',(0.,0.,0.));
#8253=DIRECTION('',(0.,0.,1.));
#8254=DIRECTION('',(1.,0.,-0.));
#8255=AXIS2_PLACEMENT_3D('',#8252,#8253,#8254);
#8256=ITEM_DEFINED_TRANSFORMATION('','',#8255,#15);
#8257=(REPRESENTATION_RELATIONSHIP('','',#8242,#8214)REPRESENTATION_RELATIONSHIP_WITH_TRANSFORMATION(#8256)SHAPE_REPRESENTATION_RELATIONSHIP());
#8258=NEXT_ASSEMBLY_USAGE_OCCURRENCE('SOT-23-6_L2.9-W1.6-P0.95-LS2.8-BR~SOT-23-6_L2.9-W1.6-H1.5-LS2.8-P0.95~QmFs_134','SOT-23-6_L2.9-W1.6-P0.95-LS2.8-BR~SOT-23-6_L2.9-W1.6-H1.5-LS2.8-P0.95~QmFs','SOT-23-6_L2.9-W1.6-P0.95-LS2.8-BR~SOT-23-6_L2.9-W1.6-H1.5-LS2.8-P0.95~QmFs',#8223,#8251,$);
#8259=PRODUCT_DEFINITION_SHAPE('','',#8258);
#8260=CONTEXT_DEPENDENT_SHAPE_REPRESENTATION(#8257,#8259);
#8242=SHAPE_REPRESENTATION('SOT-23-6_L2.9-W1.6-P0.95-LS2.8-BR~SOT-23-6_L2.9-W1.6-H1.5-LS2.8-P0.95~QmFs',(#15),#8240);
#8261=CARTESIAN_POINT('',(0.,0.,0.));
#8262=DIRECTION('',(0.,0.,1.));
#8263=DIRECTION('',(1.,0.,0.));
#8264=AXIS2_PLACEMENT_3D('',#8261,#8262,#8263);
#8266=MAPPED_ITEM('',#8265,#8264);
#8265=REPRESENTATION_MAP(#8264,#8242);
#8250=PRODUCT('SOT-23-6_L2.9-W1.6-P0.95-LS2.8-BR~SOT-23-6_L2.9-W1.6-H1.5-LS2.8-P0.95~QmFs','SOT-23-6_L2.9-W1.6-P0.95-LS2.8-BR~SOT-23-6_L2.9-W1.6-H1.5-LS2.8-P0.95~QmFs','',(#3390));
#8267=PRODUCT_RELATED_PRODUCT_CATEGORY('part','',(#8250));
#8268=PRODUCT_DEFINITION_FORMATION_WITH_SPECIFIED_SOURCE('','',#8250,.NOT_KNOWN.);
#8251=PRODUCT_DEFINITION('design','',#8268,#3391);
#8249=PRODUCT_DEFINITION_SHAPE('','',#8251);
#8269=SHAPE_DEFINITION_REPRESENTATION(#8249,#8242);
#8241=DRAUGHTING_MODEL('',(#8266),#8240);
#8214=SHAPE_REPRESENTATION('U5~SOT-23-6_L2.9-W1.6-P0.95-LS2.8-BR~SOT-23-6_L2.9-W1.6-H1.5-LS2.8-P0.95~QmFs',(#15,#8255),#8212);
#8270=CARTESIAN_POINT('',(0.,0.,0.));
#8271=DIRECTION('',(0.,0.,1.));
#8272=DIRECTION('',(1.,0.,0.));
#8273=AXIS2_PLACEMENT_3D('',#8270,#8271,#8272);
#8275=MAPPED_ITEM('',#8274,#8273);
#8274=REPRESENTATION_MAP(#8273,#8214);
#8222=PRODUCT('U5~SOT-23-6_L2.9-W1.6-P0.95-LS2.8-BR~SOT-23-6_L2.9-W1.6-H1.5-LS2.8-P0.95~QmFs','U5~SOT-23-6_L2.9-W1.6-P0.95-LS2.8-BR~SOT-23-6_L2.9-W1.6-H1.5-LS2.8-P0.95~QmFs','',(#3390));
#8276=PRODUCT_RELATED_PRODUCT_CATEGORY('part','',(#8222));
#8277=PRODUCT_DEFINITION_FORMATION_WITH_SPECIFIED_SOURCE('','',#8222,.NOT_KNOWN.);
#8223=PRODUCT_DEFINITION('design','',#8277,#3391);
#8221=PRODUCT_DEFINITION_SHAPE('','',#8223);
#8278=SHAPE_DEFINITION_REPRESENTATION(#8221,#8214);
#8213=DRAUGHTING_MODEL('',(#8275),#8212);
#8279=(NAMED_UNIT(*)PLANE_ANGLE_UNIT()SI_UNIT($,.RADIAN.));
#8280=PLANE_ANGLE_MEASURE_WITH_UNIT(PLANE_ANGLE_MEASURE(0.0174532925),#8279);
#8281=(CONVERSION_BASED_UNIT('DEGREE',#8280)NAMED_UNIT(#8282)PLANE_ANGLE_UNIT());
#8282=DIMENSIONAL_EXPONENTS(0.,0.,0.,0.,0.,0.,0.);
#8283=(NAMED_UNIT(*)SI_UNIT($,.STERADIAN.)SOLID_ANGLE_UNIT());
#8284=(LENGTH_UNIT()NAMED_UNIT(*)SI_UNIT(.MILLI.,.METRE.));
#8285=UNCERTAINTY_MEASURE_WITH_UNIT(LENGTH_MEASURE(1.000000E-03),#8284,'DISTANCE_ACCURACY_VALUE','Maximum Tolerance applied to model');
#8286=(GEOMETRIC_REPRESENTATION_CONTEXT(3)GLOBAL_UNCERTAINTY_ASSIGNED_CONTEXT((#8285))GLOBAL_UNIT_ASSIGNED_CONTEXT((#8284,#8281,#8283))REPRESENTATION_CONTEXT('','U5~SOT-23-6_L2.9-W1.6-P0.95-LS2.8-BR~SOT-23-6_L2.9-W1.6-H1.5-LS2.8-P0.95~QmFs'));
#8298=CARTESIAN_POINT('',(0.,0.,0.));
#8299=DIRECTION('',(0.,0.,1.));
#8300=DIRECTION('',(1.,0.,-0.));
#8301=AXIS2_PLACEMENT_3D('',#8298,#8299,#8300);
#8302=ITEM_DEFINED_TRANSFORMATION('','',#8301,#15);
#8303=(REPRESENTATION_RELATIONSHIP('','',#8288,#3335)REPRESENTATION_RELATIONSHIP_WITH_TRANSFORMATION(#8302)SHAPE_REPRESENTATION_RELATIONSHIP());
#8304=NEXT_ASSEMBLY_USAGE_OCCURRENCE('U5~SOT-23-6_L2.9-W1.6-P0.95-LS2.8-BR~SOT-23-6_L2.9-W1.6-H1.5-LS2.8-P0.95~QmFs_135','U5~SOT-23-6_L2.9-W1.6-P0.95-LS2.8-BR~SOT-23-6_L2.9-W1.6-H1.5-LS2.8-P0.95~QmFs','U5~SOT-23-6_L2.9-W1.6-P0.95-LS2.8-BR~SOT-23-6_L2.9-W1.6-H1.5-LS2.8-P0.95~QmFs',#3344,#8297,$);
#8305=PRODUCT_DEFINITION_SHAPE('','',#8304);
#8306=CONTEXT_DEPENDENT_SHAPE_REPRESENTATION(#8303,#8305);
#8307=(NAMED_UNIT(*)PLANE_ANGLE_UNIT()SI_UNIT($,.RADIAN.));
#8308=PLANE_ANGLE_MEASURE_WITH_UNIT(PLANE_ANGLE_MEASURE(0.0174532925),#8307);
#8309=(CONVERSION_BASED_UNIT('DEGREE',#8308)NAMED_UNIT(#8310)PLANE_ANGLE_UNIT());
#8310=DIMENSIONAL_EXPONENTS(0.,0.,0.,0.,0.,0.,0.);
#8311=(NAMED_UNIT(*)SI_UNIT($,.STERADIAN.)SOLID_ANGLE_UNIT());
#8312=(LENGTH_UNIT()NAMED_UNIT(*)SI_UNIT(.MILLI.,.METRE.));
#8313=UNCERTAINTY_MEASURE_WITH_UNIT(LENGTH_MEASURE(1.000000E-03),#8312,'DISTANCE_ACCURACY_VALUE','Maximum Tolerance applied to model');
#8314=(GEOMETRIC_REPRESENTATION_CONTEXT(3)GLOBAL_UNCERTAINTY_ASSIGNED_CONTEXT((#8313))GLOBAL_UNIT_ASSIGNED_CONTEXT((#8312,#8309,#8311))REPRESENTATION_CONTEXT('','SOT-23-6_L2.9-W1.6-P0.95-LS2.8-BR~SOT-23-6_L2.9-W1.6-H1.5-LS2.8-P0.95~QmFs'));
#8326=CARTESIAN_POINT('',(0.,0.,0.));
#8327=DIRECTION('',(0.,0.,1.));
#8328=DIRECTION('',(1.,0.,-0.));
#8329=AXIS2_PLACEMENT_3D('',#8326,#8327,#8328);
#8330=ITEM_DEFINED_TRANSFORMATION('','',#8329,#15);
#8331=(REPRESENTATION_RELATIONSHIP('','',#8316,#8288)REPRESENTATION_RELATIONSHIP_WITH_TRANSFORMATION(#8330)SHAPE_REPRESENTATION_RELATIONSHIP());
#8332=NEXT_ASSEMBLY_USAGE_OCCURRENCE('SOT-23-6_L2.9-W1.6-P0.95-LS2.8-BR~SOT-23-6_L2.9-W1.6-H1.5-LS2.8-P0.95~QmFs_136','SOT-23-6_L2.9-W1.6-P0.95-LS2.8-BR~SOT-23-6_L2.9-W1.6-H1.5-LS2.8-P0.95~QmFs','SOT-23-6_L2.9-W1.6-P0.95-LS2.8-BR~SOT-23-6_L2.9-W1.6-H1.5-LS2.8-P0.95~QmFs',#8297,#8325,$);
#8333=PRODUCT_DEFINITION_SHAPE('','',#8332);
#8334=CONTEXT_DEPENDENT_SHAPE_REPRESENTATION(#8331,#8333);
#8316=SHAPE_REPRESENTATION('SOT-23-6_L2.9-W1.6-P0.95-LS2.8-BR~SOT-23-6_L2.9-W1.6-H1.5-LS2.8-P0.95~QmFs',(#15),#8314);
#8335=CARTESIAN_POINT('',(0.,0.,0.));
#8336=DIRECTION('',(0.,0.,1.));
#8337=DIRECTION('',(1.,0.,0.));
#8338=AXIS2_PLACEMENT_3D('',#8335,#8336,#8337);
#8340=MAPPED_ITEM('',#8339,#8338);
#8339=REPRESENTATION_MAP(#8338,#8316);
#8324=PRODUCT('SOT-23-6_L2.9-W1.6-P0.95-LS2.8-BR~SOT-23-6_L2.9-W1.6-H1.5-LS2.8-P0.95~QmFs','SOT-23-6_L2.9-W1.6-P0.95-LS2.8-BR~SOT-23-6_L2.9-W1.6-H1.5-LS2.8-P0.95~QmFs','',(#3390));
#8341=PRODUCT_RELATED_PRODUCT_CATEGORY('part','',(#8324));
#8342=PRODUCT_DEFINITION_FORMATION_WITH_SPECIFIED_SOURCE('','',#8324,.NOT_KNOWN.);
#8325=PRODUCT_DEFINITION('design','',#8342,#3391);
#8323=PRODUCT_DEFINITION_SHAPE('','',#8325);
#8343=SHAPE_DEFINITION_REPRESENTATION(#8323,#8316);
#8315=DRAUGHTING_MODEL('',(#8340),#8314);
#8288=SHAPE_REPRESENTATION('U5~SOT-23-6_L2.9-W1.6-P0.95-LS2.8-BR~SOT-23-6_L2.9-W1.6-H1.5-LS2.8-P0.95~QmFs',(#15,#8329),#8286);
#8344=CARTESIAN_POINT('',(0.,0.,0.));
#8345=DIRECTION('',(0.,0.,1.));
#8346=DIRECTION('',(1.,0.,0.));
#8347=AXIS2_PLACEMENT_3D('',#8344,#8345,#8346);
#8349=MAPPED_ITEM('',#8348,#8347);
#8348=REPRESENTATION_MAP(#8347,#8288);
#8296=PRODUCT('U5~SOT-23-6_L2.9-W1.6-P0.95-LS2.8-BR~SOT-23-6_L2.9-W1.6-H1.5-LS2.8-P0.95~QmFs','U5~SOT-23-6_L2.9-W1.6-P0.95-LS2.8-BR~SOT-23-6_L2.9-W1.6-H1.5-LS2.8-P0.95~QmFs','',(#3390));
#8350=PRODUCT_RELATED_PRODUCT_CATEGORY('part','',(#8296));
#8351=PRODUCT_DEFINITION_FORMATION_WITH_SPECIFIED_SOURCE('','',#8296,.NOT_KNOWN.);
#8297=PRODUCT_DEFINITION('design','',#8351,#3391);
#8295=PRODUCT_DEFINITION_SHAPE('','',#8297);
#8352=SHAPE_DEFINITION_REPRESENTATION(#8295,#8288);
#8287=DRAUGHTING_MODEL('',(#8349),#8286);
#8353=(NAMED_UNIT(*)PLANE_ANGLE_UNIT()SI_UNIT($,.RADIAN.));
#8354=PLANE_ANGLE_MEASURE_WITH_UNIT(PLANE_ANGLE_MEASURE(0.0174532925),#8353);
#8355=(CONVERSION_BASED_UNIT('DEGREE',#8354)NAMED_UNIT(#8356)PLANE_ANGLE_UNIT());
#8356=DIMENSIONAL_EXPONENTS(0.,0.,0.,0.,0.,0.,0.);
#8357=(NAMED_UNIT(*)SI_UNIT($,.STERADIAN.)SOLID_ANGLE_UNIT());
#8358=(LENGTH_UNIT()NAMED_UNIT(*)SI_UNIT(.MILLI.,.METRE.));
#8359=UNCERTAINTY_MEASURE_WITH_UNIT(LENGTH_MEASURE(1.000000E-03),#8358,'DISTANCE_ACCURACY_VALUE','Maximum Tolerance applied to model');
#8360=(GEOMETRIC_REPRESENTATION_CONTEXT(3)GLOBAL_UNCERTAINTY_ASSIGNED_CONTEXT((#8359))GLOBAL_UNIT_ASSIGNED_CONTEXT((#8358,#8355,#8357))REPRESENTATION_CONTEXT('','U11~SOP-8_L5.0-W4.0-P1.27-LS6.0-BL~SOP-8_L5.0-W4.0-H1.8-LS6.2-P1.27~QmFs'));
#8372=CARTESIAN_POINT('',(0.,0.,0.));
#8373=DIRECTION('',(0.,0.,1.));
#8374=DIRECTION('',(1.,0.,-0.));
#8375=AXIS2_PLACEMENT_3D('',#8372,#8373,#8374);
#8376=ITEM_DEFINED_TRANSFORMATION('','',#8375,#15);
#8377=(REPRESENTATION_RELATIONSHIP('','',#8362,#3335)REPRESENTATION_RELATIONSHIP_WITH_TRANSFORMATION(#8376)SHAPE_REPRESENTATION_RELATIONSHIP());
#8378=NEXT_ASSEMBLY_USAGE_OCCURRENCE('U11~SOP-8_L5.0-W4.0-P1.27-LS6.0-BL~SOP-8_L5.0-W4.0-H1.8-LS6.2-P1.27~QmFs_137','U11~SOP-8_L5.0-W4.0-P1.27-LS6.0-BL~SOP-8_L5.0-W4.0-H1.8-LS6.2-P1.27~QmFs','U11~SOP-8_L5.0-W4.0-P1.27-LS6.0-BL~SOP-8_L5.0-W4.0-H1.8-LS6.2-P1.27~QmFs',#3344,#8371,$);
#8379=PRODUCT_DEFINITION_SHAPE('','',#8378);
#8380=CONTEXT_DEPENDENT_SHAPE_REPRESENTATION(#8377,#8379);
#8381=(NAMED_UNIT(*)PLANE_ANGLE_UNIT()SI_UNIT($,.RADIAN.));
#8382=PLANE_ANGLE_MEASURE_WITH_UNIT(PLANE_ANGLE_MEASURE(0.0174532925),#8381);
#8383=(CONVERSION_BASED_UNIT('DEGREE',#8382)NAMED_UNIT(#8384)PLANE_ANGLE_UNIT());
#8384=DIMENSIONAL_EXPONENTS(0.,0.,0.,0.,0.,0.,0.);
#8385=(NAMED_UNIT(*)SI_UNIT($,.STERADIAN.)SOLID_ANGLE_UNIT());
#8386=(LENGTH_UNIT()NAMED_UNIT(*)SI_UNIT(.MILLI.,.METRE.));
#8387=UNCERTAINTY_MEASURE_WITH_UNIT(LENGTH_MEASURE(1.000000E-03),#8386,'DISTANCE_ACCURACY_VALUE','Maximum Tolerance applied to model');
#8388=(GEOMETRIC_REPRESENTATION_CONTEXT(3)GLOBAL_UNCERTAINTY_ASSIGNED_CONTEXT((#8387))GLOBAL_UNIT_ASSIGNED_CONTEXT((#8386,#8383,#8385))REPRESENTATION_CONTEXT('','SOP-8_L5.0-W4.0-P1.27-LS6.0-BL~SOP-8_L5.0-W4.0-H1.8-LS6.2-P1.27~QmFs'));
#8400=CARTESIAN_POINT('',(0.,0.,0.));
#8401=DIRECTION('',(0.,0.,1.));
#8402=DIRECTION('',(1.,0.,-0.));
#8403=AXIS2_PLACEMENT_3D('',#8400,#8401,#8402);
#8404=ITEM_DEFINED_TRANSFORMATION('','',#8403,#15);
#8405=(REPRESENTATION_RELATIONSHIP('','',#8390,#8362)REPRESENTATION_RELATIONSHIP_WITH_TRANSFORMATION(#8404)SHAPE_REPRESENTATION_RELATIONSHIP());
#8406=NEXT_ASSEMBLY_USAGE_OCCURRENCE('SOP-8_L5.0-W4.0-P1.27-LS6.0-BL~SOP-8_L5.0-W4.0-H1.8-LS6.2-P1.27~QmFs_138','SOP-8_L5.0-W4.0-P1.27-LS6.0-BL~SOP-8_L5.0-W4.0-H1.8-LS6.2-P1.27~QmFs','SOP-8_L5.0-W4.0-P1.27-LS6.0-BL~SOP-8_L5.0-W4.0-H1.8-LS6.2-P1.27~QmFs',#8371,#8399,$);
#8407=PRODUCT_DEFINITION_SHAPE('','',#8406);
#8408=CONTEXT_DEPENDENT_SHAPE_REPRESENTATION(#8405,#8407);
#8390=SHAPE_REPRESENTATION('SOP-8_L5.0-W4.0-P1.27-LS6.0-BL~SOP-8_L5.0-W4.0-H1.8-LS6.2-P1.27~QmFs',(#15),#8388);
#8409=CARTESIAN_POINT('',(0.,0.,0.));
#8410=DIRECTION('',(0.,0.,1.));
#8411=DIRECTION('',(1.,0.,0.));
#8412=AXIS2_PLACEMENT_3D('',#8409,#8410,#8411);
#8414=MAPPED_ITEM('',#8413,#8412);
#8413=REPRESENTATION_MAP(#8412,#8390);
#8398=PRODUCT('SOP-8_L5.0-W4.0-P1.27-LS6.0-BL~SOP-8_L5.0-W4.0-H1.8-LS6.2-P1.27~QmFs','SOP-8_L5.0-W4.0-P1.27-LS6.0-BL~SOP-8_L5.0-W4.0-H1.8-LS6.2-P1.27~QmFs','',(#3390));
#8415=PRODUCT_RELATED_PRODUCT_CATEGORY('part','',(#8398));
#8416=PRODUCT_DEFINITION_FORMATION_WITH_SPECIFIED_SOURCE('','',#8398,.NOT_KNOWN.);
#8399=PRODUCT_DEFINITION('design','',#8416,#3391);
#8397=PRODUCT_DEFINITION_SHAPE('','',#8399);
#8417=SHAPE_DEFINITION_REPRESENTATION(#8397,#8390);
#8389=DRAUGHTING_MODEL('',(#8414),#8388);
#8362=SHAPE_REPRESENTATION('U11~SOP-8_L5.0-W4.0-P1.27-LS6.0-BL~SOP-8_L5.0-W4.0-H1.8-LS6.2-P1.27~QmFs',(#15,#8403),#8360);
#8418=CARTESIAN_POINT('',(0.,0.,0.));
#8419=DIRECTION('',(0.,0.,1.));
#8420=DIRECTION('',(1.,0.,0.));
#8421=AXIS2_PLACEMENT_3D('',#8418,#8419,#8420);
#8423=MAPPED_ITEM('',#8422,#8421);
#8422=REPRESENTATION_MAP(#8421,#8362);
#8370=PRODUCT('U11~SOP-8_L5.0-W4.0-P1.27-LS6.0-BL~SOP-8_L5.0-W4.0-H1.8-LS6.2-P1.27~QmFs','U11~SOP-8_L5.0-W4.0-P1.27-LS6.0-BL~SOP-8_L5.0-W4.0-H1.8-LS6.2-P1.27~QmFs','',(#3390));
#8424=PRODUCT_RELATED_PRODUCT_CATEGORY('part','',(#8370));
#8425=PRODUCT_DEFINITION_FORMATION_WITH_SPECIFIED_SOURCE('','',#8370,.NOT_KNOWN.);
#8371=PRODUCT_DEFINITION('design','',#8425,#3391);
#8369=PRODUCT_DEFINITION_SHAPE('','',#8371);
#8426=SHAPE_DEFINITION_REPRESENTATION(#8369,#8362);
#8361=DRAUGHTING_MODEL('',(#8423),#8360);
#8427=(NAMED_UNIT(*)PLANE_ANGLE_UNIT()SI_UNIT($,.RADIAN.));
#8428=PLANE_ANGLE_MEASURE_WITH_UNIT(PLANE_ANGLE_MEASURE(0.0174532925),#8427);
#8429=(CONVERSION_BASED_UNIT('DEGREE',#8428)NAMED_UNIT(#8430)PLANE_ANGLE_UNIT());
#8430=DIMENSIONAL_EXPONENTS(0.,0.,0.,0.,0.,0.,0.);
#8431=(NAMED_UNIT(*)SI_UNIT($,.STERADIAN.)SOLID_ANGLE_UNIT());
#8432=(LENGTH_UNIT()NAMED_UNIT(*)SI_UNIT(.MILLI.,.METRE.));
#8433=UNCERTAINTY_MEASURE_WITH_UNIT(LENGTH_MEASURE(1.000000E-03),#8432,'DISTANCE_ACCURACY_VALUE','Maximum Tolerance applied to model');
#8434=(GEOMETRIC_REPRESENTATION_CONTEXT(3)GLOBAL_UNCERTAINTY_ASSIGNED_CONTEXT((#8433))GLOBAL_UNIT_ASSIGNED_CONTEXT((#8432,#8429,#8431))REPRESENTATION_CONTEXT('','L4~IND-SMD_L4.0-W4.0~IND-SMD_L4.0-W4.0-H1.9~QmFs'));
#8446=CARTESIAN_POINT('',(0.,0.,0.));
#8447=DIRECTION('',(0.,0.,1.));
#8448=DIRECTION('',(1.,0.,-0.));
#8449=AXIS2_PLACEMENT_3D('',#8446,#8447,#8448);
#8450=ITEM_DEFINED_TRANSFORMATION('','',#8449,#15);
#8451=(REPRESENTATION_RELATIONSHIP('','',#8436,#3335)REPRESENTATION_RELATIONSHIP_WITH_TRANSFORMATION(#8450)SHAPE_REPRESENTATION_RELATIONSHIP());
#8452=NEXT_ASSEMBLY_USAGE_OCCURRENCE('L4~IND-SMD_L4.0-W4.0~IND-SMD_L4.0-W4.0-H1.9~QmFs_139','L4~IND-SMD_L4.0-W4.0~IND-SMD_L4.0-W4.0-H1.9~QmFs','L4~IND-SMD_L4.0-W4.0~IND-SMD_L4.0-W4.0-H1.9~QmFs',#3344,#8445,$);
#8453=PRODUCT_DEFINITION_SHAPE('','',#8452);
#8454=CONTEXT_DEPENDENT_SHAPE_REPRESENTATION(#8451,#8453);
#8455=(NAMED_UNIT(*)PLANE_ANGLE_UNIT()SI_UNIT($,.RADIAN.));
#8456=PLANE_ANGLE_MEASURE_WITH_UNIT(PLANE_ANGLE_MEASURE(0.0174532925),#8455);
#8457=(CONVERSION_BASED_UNIT('DEGREE',#8456)NAMED_UNIT(#8458)PLANE_ANGLE_UNIT());
#8458=DIMENSIONAL_EXPONENTS(0.,0.,0.,0.,0.,0.,0.);
#8459=(NAMED_UNIT(*)SI_UNIT($,.STERADIAN.)SOLID_ANGLE_UNIT());
#8460=(LENGTH_UNIT()NAMED_UNIT(*)SI_UNIT(.MILLI.,.METRE.));
#8461=UNCERTAINTY_MEASURE_WITH_UNIT(LENGTH_MEASURE(1.000000E-03),#8460,'DISTANCE_ACCURACY_VALUE','Maximum Tolerance applied to model');
#8462=(GEOMETRIC_REPRESENTATION_CONTEXT(3)GLOBAL_UNCERTAINTY_ASSIGNED_CONTEXT((#8461))GLOBAL_UNIT_ASSIGNED_CONTEXT((#8460,#8457,#8459))REPRESENTATION_CONTEXT('','IND-SMD_L4.0-W4.0~IND-SMD_L4.0-W4.0-H1.9~QmFs'));
#8474=CARTESIAN_POINT('',(0.,0.,0.));
#8475=DIRECTION('',(0.,0.,1.));
#8476=DIRECTION('',(1.,0.,-0.));
#8477=AXIS2_PLACEMENT_3D('',#8474,#8475,#8476);
#8478=ITEM_DEFINED_TRANSFORMATION('','',#8477,#15);
#8479=(REPRESENTATION_RELATIONSHIP('','',#8464,#8436)REPRESENTATION_RELATIONSHIP_WITH_TRANSFORMATION(#8478)SHAPE_REPRESENTATION_RELATIONSHIP());
#8480=NEXT_ASSEMBLY_USAGE_OCCURRENCE('IND-SMD_L4.0-W4.0~IND-SMD_L4.0-W4.0-H1.9~QmFs_140','IND-SMD_L4.0-W4.0~IND-SMD_L4.0-W4.0-H1.9~QmFs','IND-SMD_L4.0-W4.0~IND-SMD_L4.0-W4.0-H1.9~QmFs',#8445,#8473,$);
#8481=PRODUCT_DEFINITION_SHAPE('','',#8480);
#8482=CONTEXT_DEPENDENT_SHAPE_REPRESENTATION(#8479,#8481);
#8464=SHAPE_REPRESENTATION('IND-SMD_L4.0-W4.0~IND-SMD_L4.0-W4.0-H1.9~QmFs',(#15),#8462);
#8483=CARTESIAN_POINT('',(0.,0.,0.));
#8484=DIRECTION('',(0.,0.,1.));
#8485=DIRECTION('',(1.,0.,0.));
#8486=AXIS2_PLACEMENT_3D('',#8483,#8484,#8485);
#8488=MAPPED_ITEM('',#8487,#8486);
#8487=REPRESENTATION_MAP(#8486,#8464);
#8472=PRODUCT('IND-SMD_L4.0-W4.0~IND-SMD_L4.0-W4.0-H1.9~QmFs','IND-SMD_L4.0-W4.0~IND-SMD_L4.0-W4.0-H1.9~QmFs','',(#3390));
#8489=PRODUCT_RELATED_PRODUCT_CATEGORY('part','',(#8472));
#8490=PRODUCT_DEFINITION_FORMATION_WITH_SPECIFIED_SOURCE('','',#8472,.NOT_KNOWN.);
#8473=PRODUCT_DEFINITION('design','',#8490,#3391);
#8471=PRODUCT_DEFINITION_SHAPE('','',#8473);
#8491=SHAPE_DEFINITION_REPRESENTATION(#8471,#8464);
#8463=DRAUGHTING_MODEL('',(#8488),#8462);
#8436=SHAPE_REPRESENTATION('L4~IND-SMD_L4.0-W4.0~IND-SMD_L4.0-W4.0-H1.9~QmFs',(#15,#8477),#8434);
#8492=CARTESIAN_POINT('',(0.,0.,0.));
#8493=DIRECTION('',(0.,0.,1.));
#8494=DIRECTION('',(1.,0.,0.));
#8495=AXIS2_PLACEMENT_3D('',#8492,#8493,#8494);
#8497=MAPPED_ITEM('',#8496,#8495);
#8496=REPRESENTATION_MAP(#8495,#8436);
#8444=PRODUCT('L4~IND-SMD_L4.0-W4.0~IND-SMD_L4.0-W4.0-H1.9~QmFs','L4~IND-SMD_L4.0-W4.0~IND-SMD_L4.0-W4.0-H1.9~QmFs','',(#3390));
#8498=PRODUCT_RELATED_PRODUCT_CATEGORY('part','',(#8444));
#8499=PRODUCT_DEFINITION_FORMATION_WITH_SPECIFIED_SOURCE('','',#8444,.NOT_KNOWN.);
#8445=PRODUCT_DEFINITION('design','',#8499,#3391);
#8443=PRODUCT_DEFINITION_SHAPE('','',#8445);
#8500=SHAPE_DEFINITION_REPRESENTATION(#8443,#8436);
#8435=DRAUGHTING_MODEL('',(#8497),#8434);
#8501=(NAMED_UNIT(*)PLANE_ANGLE_UNIT()SI_UNIT($,.RADIAN.));
#8502=PLANE_ANGLE_MEASURE_WITH_UNIT(PLANE_ANGLE_MEASURE(0.0174532925),#8501);
#8503=(CONVERSION_BASED_UNIT('DEGREE',#8502)NAMED_UNIT(#8504)PLANE_ANGLE_UNIT());
#8504=DIMENSIONAL_EXPONENTS(0.,0.,0.,0.,0.,0.,0.);
#8505=(NAMED_UNIT(*)SI_UNIT($,.STERADIAN.)SOLID_ANGLE_UNIT());
#8506=(LENGTH_UNIT()NAMED_UNIT(*)SI_UNIT(.MILLI.,.METRE.));
#8507=UNCERTAINTY_MEASURE_WITH_UNIT(LENGTH_MEASURE(1.000000E-03),#8506,'DISTANCE_ACCURACY_VALUE','Maximum Tolerance applied to model');
#8508=(GEOMETRIC_REPRESENTATION_CONTEXT(3)GLOBAL_UNCERTAINTY_ASSIGNED_CONTEXT((#8507))GLOBAL_UNIT_ASSIGNED_CONTEXT((#8506,#8503,#8505))REPRESENTATION_CONTEXT('','U2~SOT-23_L2.9-W1.3-P1.90-LS2.4-BR~SOT-23-3P_L2.9-W1.3-H1.0-LS2.4-P0.95~QmFs'));
#8520=CARTESIAN_POINT('',(0.,0.,0.));
#8521=DIRECTION('',(0.,0.,1.));
#8522=DIRECTION('',(1.,0.,-0.));
#8523=AXIS2_PLACEMENT_3D('',#8520,#8521,#8522);
#8524=ITEM_DEFINED_TRANSFORMATION('','',#8523,#15);
#8525=(REPRESENTATION_RELATIONSHIP('','',#8510,#3335)REPRESENTATION_RELATIONSHIP_WITH_TRANSFORMATION(#8524)SHAPE_REPRESENTATION_RELATIONSHIP());
#8526=NEXT_ASSEMBLY_USAGE_OCCURRENCE('U2~SOT-23_L2.9-W1.3-P1.90-LS2.4-BR~SOT-23-3P_L2.9-W1.3-H1.0-LS2.4-P0.95~QmFs_141','U2~SOT-23_L2.9-W1.3-P1.90-LS2.4-BR~SOT-23-3P_L2.9-W1.3-H1.0-LS2.4-P0.95~QmFs','U2~SOT-23_L2.9-W1.3-P1.90-LS2.4-BR~SOT-23-3P_L2.9-W1.3-H1.0-LS2.4-P0.95~QmFs',#3344,#8519,$);
#8527=PRODUCT_DEFINITION_SHAPE('','',#8526);
#8528=CONTEXT_DEPENDENT_SHAPE_REPRESENTATION(#8525,#8527);
#8529=(NAMED_UNIT(*)PLANE_ANGLE_UNIT()SI_UNIT($,.RADIAN.));
#8530=PLANE_ANGLE_MEASURE_WITH_UNIT(PLANE_ANGLE_MEASURE(0.0174532925),#8529);
#8531=(CONVERSION_BASED_UNIT('DEGREE',#8530)NAMED_UNIT(#8532)PLANE_ANGLE_UNIT());
#8532=DIMENSIONAL_EXPONENTS(0.,0.,0.,0.,0.,0.,0.);
#8533=(NAMED_UNIT(*)SI_UNIT($,.STERADIAN.)SOLID_ANGLE_UNIT());
#8534=(LENGTH_UNIT()NAMED_UNIT(*)SI_UNIT(.MILLI.,.METRE.));
#8535=UNCERTAINTY_MEASURE_WITH_UNIT(LENGTH_MEASURE(1.000000E-03),#8534,'DISTANCE_ACCURACY_VALUE','Maximum Tolerance applied to model');
#8536=(GEOMETRIC_REPRESENTATION_CONTEXT(3)GLOBAL_UNCERTAINTY_ASSIGNED_CONTEXT((#8535))GLOBAL_UNIT_ASSIGNED_CONTEXT((#8534,#8531,#8533))REPRESENTATION_CONTEXT('','SOT-23_L2.9-W1.3-P1.90-LS2.4-BR~SOT-23-3P_L2.9-W1.3-H1.0-LS2.4-P0.95~QmFs'));
#8548=CARTESIAN_POINT('',(0.,0.,0.));
#8549=DIRECTION('',(0.,0.,1.));
#8550=DIRECTION('',(1.,0.,-0.));
#8551=AXIS2_PLACEMENT_3D('',#8548,#8549,#8550);
#8552=ITEM_DEFINED_TRANSFORMATION('','',#8551,#15);
#8553=(REPRESENTATION_RELATIONSHIP('','',#8538,#8510)REPRESENTATION_RELATIONSHIP_WITH_TRANSFORMATION(#8552)SHAPE_REPRESENTATION_RELATIONSHIP());
#8554=NEXT_ASSEMBLY_USAGE_OCCURRENCE('SOT-23_L2.9-W1.3-P1.90-LS2.4-BR~SOT-23-3P_L2.9-W1.3-H1.0-LS2.4-P0.95~QmFs_142','SOT-23_L2.9-W1.3-P1.90-LS2.4-BR~SOT-23-3P_L2.9-W1.3-H1.0-LS2.4-P0.95~QmFs','SOT-23_L2.9-W1.3-P1.90-LS2.4-BR~SOT-23-3P_L2.9-W1.3-H1.0-LS2.4-P0.95~QmFs',#8519,#8547,$);
#8555=PRODUCT_DEFINITION_SHAPE('','',#8554);
#8556=CONTEXT_DEPENDENT_SHAPE_REPRESENTATION(#8553,#8555);
#8538=SHAPE_REPRESENTATION('SOT-23_L2.9-W1.3-P1.90-LS2.4-BR~SOT-23-3P_L2.9-W1.3-H1.0-LS2.4-P0.95~QmFs',(#15),#8536);
#8557=CARTESIAN_POINT('',(0.,0.,0.));
#8558=DIRECTION('',(0.,0.,1.));
#8559=DIRECTION('',(1.,0.,0.));
#8560=AXIS2_PLACEMENT_3D('',#8557,#8558,#8559);
#8562=MAPPED_ITEM('',#8561,#8560);
#8561=REPRESENTATION_MAP(#8560,#8538);
#8546=PRODUCT('SOT-23_L2.9-W1.3-P1.90-LS2.4-BR~SOT-23-3P_L2.9-W1.3-H1.0-LS2.4-P0.95~QmFs','SOT-23_L2.9-W1.3-P1.90-LS2.4-BR~SOT-23-3P_L2.9-W1.3-H1.0-LS2.4-P0.95~QmFs','',(#3390));
#8563=PRODUCT_RELATED_PRODUCT_CATEGORY('part','',(#8546));
#8564=PRODUCT_DEFINITION_FORMATION_WITH_SPECIFIED_SOURCE('','',#8546,.NOT_KNOWN.);
#8547=PRODUCT_DEFINITION('design','',#8564,#3391);
#8545=PRODUCT_DEFINITION_SHAPE('','',#8547);
#8565=SHAPE_DEFINITION_REPRESENTATION(#8545,#8538);
#8537=DRAUGHTING_MODEL('',(#8562),#8536);
#8510=SHAPE_REPRESENTATION('U2~SOT-23_L2.9-W1.3-P1.90-LS2.4-BR~SOT-23-3P_L2.9-W1.3-H1.0-LS2.4-P0.95~QmFs',(#15,#8551),#8508);
#8566=CARTESIAN_POINT('',(0.,0.,0.));
#8567=DIRECTION('',(0.,0.,1.));
#8568=DIRECTION('',(1.,0.,0.));
#8569=AXIS2_PLACEMENT_3D('',#8566,#8567,#8568);
#8571=MAPPED_ITEM('',#8570,#8569);
#8570=REPRESENTATION_MAP(#8569,#8510);
#8518=PRODUCT('U2~SOT-23_L2.9-W1.3-P1.90-LS2.4-BR~SOT-23-3P_L2.9-W1.3-H1.0-LS2.4-P0.95~QmFs','U2~SOT-23_L2.9-W1.3-P1.90-LS2.4-BR~SOT-23-3P_L2.9-W1.3-H1.0-LS2.4-P0.95~QmFs','',(#3390));
#8572=PRODUCT_RELATED_PRODUCT_CATEGORY('part','',(#8518));
#8573=PRODUCT_DEFINITION_FORMATION_WITH_SPECIFIED_SOURCE('','',#8518,.NOT_KNOWN.);
#8519=PRODUCT_DEFINITION('design','',#8573,#3391);
#8517=PRODUCT_DEFINITION_SHAPE('','',#8519);
#8574=SHAPE_DEFINITION_REPRESENTATION(#8517,#8510);
#8509=DRAUGHTING_MODEL('',(#8571),#8508);
#8575=(NAMED_UNIT(*)PLANE_ANGLE_UNIT()SI_UNIT($,.RADIAN.));
#8576=PLANE_ANGLE_MEASURE_WITH_UNIT(PLANE_ANGLE_MEASURE(0.0174532925),#8575);
#8577=(CONVERSION_BASED_UNIT('DEGREE',#8576)NAMED_UNIT(#8578)PLANE_ANGLE_UNIT());
#8578=DIMENSIONAL_EXPONENTS(0.,0.,0.,0.,0.,0.,0.);
#8579=(NAMED_UNIT(*)SI_UNIT($,.STERADIAN.)SOLID_ANGLE_UNIT());
#8580=(LENGTH_UNIT()NAMED_UNIT(*)SI_UNIT(.MILLI.,.METRE.));
#8581=UNCERTAINTY_MEASURE_WITH_UNIT(LENGTH_MEASURE(1.000000E-03),#8580,'DISTANCE_ACCURACY_VALUE','Maximum Tolerance applied to model');
#8582=(GEOMETRIC_REPRESENTATION_CONTEXT(3)GLOBAL_UNCERTAINTY_ASSIGNED_CONTEXT((#8581))GLOBAL_UNIT_ASSIGNED_CONTEXT((#8580,#8577,#8579))REPRESENTATION_CONTEXT('','L5~IND-SMD_L4.0-W4.0_FNR40XXS~IND-SMD_L4.0-W4.0-H2.6_FNR40XXS~QmFs'));
#8594=CARTESIAN_POINT('',(0.,0.,0.));
#8595=DIRECTION('',(0.,0.,1.));
#8596=DIRECTION('',(1.,0.,-0.));
#8597=AXIS2_PLACEMENT_3D('',#8594,#8595,#8596);
#8598=ITEM_DEFINED_TRANSFORMATION('','',#8597,#15);
#8599=(REPRESENTATION_RELATIONSHIP('','',#8584,#3335)REPRESENTATION_RELATIONSHIP_WITH_TRANSFORMATION(#8598)SHAPE_REPRESENTATION_RELATIONSHIP());
#8600=NEXT_ASSEMBLY_USAGE_OCCURRENCE('L5~IND-SMD_L4.0-W4.0_FNR40XXS~IND-SMD_L4.0-W4.0-H2.6_FNR40XXS~QmFs_143','L5~IND-SMD_L4.0-W4.0_FNR40XXS~IND-SMD_L4.0-W4.0-H2.6_FNR40XXS~QmFs','L5~IND-SMD_L4.0-W4.0_FNR40XXS~IND-SMD_L4.0-W4.0-H2.6_FNR40XXS~QmFs',#3344,#8593,$);
#8601=PRODUCT_DEFINITION_SHAPE('','',#8600);
#8602=CONTEXT_DEPENDENT_SHAPE_REPRESENTATION(#8599,#8601);
#8603=(NAMED_UNIT(*)PLANE_ANGLE_UNIT()SI_UNIT($,.RADIAN.));
#8604=PLANE_ANGLE_MEASURE_WITH_UNIT(PLANE_ANGLE_MEASURE(0.0174532925),#8603);
#8605=(CONVERSION_BASED_UNIT('DEGREE',#8604)NAMED_UNIT(#8606)PLANE_ANGLE_UNIT());
#8606=DIMENSIONAL_EXPONENTS(0.,0.,0.,0.,0.,0.,0.);
#8607=(NAMED_UNIT(*)SI_UNIT($,.STERADIAN.)SOLID_ANGLE_UNIT());
#8608=(LENGTH_UNIT()NAMED_UNIT(*)SI_UNIT(.MILLI.,.METRE.));
#8609=UNCERTAINTY_MEASURE_WITH_UNIT(LENGTH_MEASURE(1.000000E-03),#8608,'DISTANCE_ACCURACY_VALUE','Maximum Tolerance applied to model');
#8610=(GEOMETRIC_REPRESENTATION_CONTEXT(3)GLOBAL_UNCERTAINTY_ASSIGNED_CONTEXT((#8609))GLOBAL_UNIT_ASSIGNED_CONTEXT((#8608,#8605,#8607))REPRESENTATION_CONTEXT('','IND-SMD_L4.0-W4.0_FNR40XXS~IND-SMD_L4.0-W4.0-H2.6_FNR40XXS~QmFs'));
#8622=CARTESIAN_POINT('',(0.,0.,0.));
#8623=DIRECTION('',(0.,0.,1.));
#8624=DIRECTION('',(1.,0.,-0.));
#8625=AXIS2_PLACEMENT_3D('',#8622,#8623,#8624);
#8626=ITEM_DEFINED_TRANSFORMATION('','',#8625,#15);
#8627=(REPRESENTATION_RELATIONSHIP('','',#8612,#8584)REPRESENTATION_RELATIONSHIP_WITH_TRANSFORMATION(#8626)SHAPE_REPRESENTATION_RELATIONSHIP());
#8628=NEXT_ASSEMBLY_USAGE_OCCURRENCE('IND-SMD_L4.0-W4.0_FNR40XXS~IND-SMD_L4.0-W4.0-H2.6_FNR40XXS~QmFs_144','IND-SMD_L4.0-W4.0_FNR40XXS~IND-SMD_L4.0-W4.0-H2.6_FNR40XXS~QmFs','IND-SMD_L4.0-W4.0_FNR40XXS~IND-SMD_L4.0-W4.0-H2.6_FNR40XXS~QmFs',#8593,#8621,$);
#8629=PRODUCT_DEFINITION_SHAPE('','',#8628);
#8630=CONTEXT_DEPENDENT_SHAPE_REPRESENTATION(#8627,#8629);
#8612=SHAPE_REPRESENTATION('IND-SMD_L4.0-W4.0_FNR40XXS~IND-SMD_L4.0-W4.0-H2.6_FNR40XXS~QmFs',(#15),#8610);
#8631=CARTESIAN_POINT('',(0.,0.,0.));
#8632=DIRECTION('',(0.,0.,1.));
#8633=DIRECTION('',(1.,0.,0.));
#8634=AXIS2_PLACEMENT_3D('',#8631,#8632,#8633);
#8636=MAPPED_ITEM('',#8635,#8634);
#8635=REPRESENTATION_MAP(#8634,#8612);
#8620=PRODUCT('IND-SMD_L4.0-W4.0_FNR40XXS~IND-SMD_L4.0-W4.0-H2.6_FNR40XXS~QmFs','IND-SMD_L4.0-W4.0_FNR40XXS~IND-SMD_L4.0-W4.0-H2.6_FNR40XXS~QmFs','',(#3390));
#8637=PRODUCT_RELATED_PRODUCT_CATEGORY('part','',(#8620));
#8638=PRODUCT_DEFINITION_FORMATION_WITH_SPECIFIED_SOURCE('','',#8620,.NOT_KNOWN.);
#8621=PRODUCT_DEFINITION('design','',#8638,#3391);
#8619=PRODUCT_DEFINITION_SHAPE('','',#8621);
#8639=SHAPE_DEFINITION_REPRESENTATION(#8619,#8612);
#8611=DRAUGHTING_MODEL('',(#8636),#8610);
#8584=SHAPE_REPRESENTATION('L5~IND-SMD_L4.0-W4.0_FNR40XXS~IND-SMD_L4.0-W4.0-H2.6_FNR40XXS~QmFs',(#15,#8625),#8582);
#8640=CARTESIAN_POINT('',(0.,0.,0.));
#8641=DIRECTION('',(0.,0.,1.));
#8642=DIRECTION('',(1.,0.,0.));
#8643=AXIS2_PLACEMENT_3D('',#8640,#8641,#8642);
#8645=MAPPED_ITEM('',#8644,#8643);
#8644=REPRESENTATION_MAP(#8643,#8584);
#8592=PRODUCT('L5~IND-SMD_L4.0-W4.0_FNR40XXS~IND-SMD_L4.0-W4.0-H2.6_FNR40XXS~QmFs','L5~IND-SMD_L4.0-W4.0_FNR40XXS~IND-SMD_L4.0-W4.0-H2.6_FNR40XXS~QmFs','',(#3390));
#8646=PRODUCT_RELATED_PRODUCT_CATEGORY('part','',(#8592));
#8647=PRODUCT_DEFINITION_FORMATION_WITH_SPECIFIED_SOURCE('','',#8592,.NOT_KNOWN.);
#8593=PRODUCT_DEFINITION('design','',#8647,#3391);
#8591=PRODUCT_DEFINITION_SHAPE('','',#8593);
#8648=SHAPE_DEFINITION_REPRESENTATION(#8591,#8584);
#8583=DRAUGHTING_MODEL('',(#8645),#8582);
#8649=(NAMED_UNIT(*)PLANE_ANGLE_UNIT()SI_UNIT($,.RADIAN.));
#8650=PLANE_ANGLE_MEASURE_WITH_UNIT(PLANE_ANGLE_MEASURE(0.0174532925),#8649);
#8651=(CONVERSION_BASED_UNIT('DEGREE',#8650)NAMED_UNIT(#8652)PLANE_ANGLE_UNIT());
#8652=DIMENSIONAL_EXPONENTS(0.,0.,0.,0.,0.,0.,0.);
#8653=(NAMED_UNIT(*)SI_UNIT($,.STERADIAN.)SOLID_ANGLE_UNIT());
#8654=(LENGTH_UNIT()NAMED_UNIT(*)SI_UNIT(.MILLI.,.METRE.));
#8655=UNCERTAINTY_MEASURE_WITH_UNIT(LENGTH_MEASURE(1.000000E-03),#8654,'DISTANCE_ACCURACY_VALUE','Maximum Tolerance applied to model');
#8656=(GEOMETRIC_REPRESENTATION_CONTEXT(3)GLOBAL_UNCERTAINTY_ASSIGNED_CONTEXT((#8655))GLOBAL_UNIT_ASSIGNED_CONTEXT((#8654,#8651,#8653))REPRESENTATION_CONTEXT('','U4~SOP-8_L5.3-W5.3-P1.27-LS8.0-BL~SOP-8_L5.2-W5.3-H2.1-LS7.9-P1.27~QmFs'));
#8668=CARTESIAN_POINT('',(0.,0.,0.));
#8669=DIRECTION('',(0.,0.,1.));
#8670=DIRECTION('',(1.,0.,-0.));
#8671=AXIS2_PLACEMENT_3D('',#8668,#8669,#8670);
#8672=ITEM_DEFINED_TRANSFORMATION('','',#8671,#15);
#8673=(REPRESENTATION_RELATIONSHIP('','',#8658,#3335)REPRESENTATION_RELATIONSHIP_WITH_TRANSFORMATION(#8672)SHAPE_REPRESENTATION_RELATIONSHIP());
#8674=NEXT_ASSEMBLY_USAGE_OCCURRENCE('U4~SOP-8_L5.3-W5.3-P1.27-LS8.0-BL~SOP-8_L5.2-W5.3-H2.1-LS7.9-P1.27~QmFs_145','U4~SOP-8_L5.3-W5.3-P1.27-LS8.0-BL~SOP-8_L5.2-W5.3-H2.1-LS7.9-P1.27~QmFs','U4~SOP-8_L5.3-W5.3-P1.27-LS8.0-BL~SOP-8_L5.2-W5.3-H2.1-LS7.9-P1.27~QmFs',#3344,#8667,$);
#8675=PRODUCT_DEFINITION_SHAPE('','',#8674);
#8676=CONTEXT_DEPENDENT_SHAPE_REPRESENTATION(#8673,#8675);
#8677=(NAMED_UNIT(*)PLANE_ANGLE_UNIT()SI_UNIT($,.RADIAN.));
#8678=PLANE_ANGLE_MEASURE_WITH_UNIT(PLANE_ANGLE_MEASURE(0.0174532925),#8677);
#8679=(CONVERSION_BASED_UNIT('DEGREE',#8678)NAMED_UNIT(#8680)PLANE_ANGLE_UNIT());
#8680=DIMENSIONAL_EXPONENTS(0.,0.,0.,0.,0.,0.,0.);
#8681=(NAMED_UNIT(*)SI_UNIT($,.STERADIAN.)SOLID_ANGLE_UNIT());
#8682=(LENGTH_UNIT()NAMED_UNIT(*)SI_UNIT(.MILLI.,.METRE.));
#8683=UNCERTAINTY_MEASURE_WITH_UNIT(LENGTH_MEASURE(1.000000E-03),#8682,'DISTANCE_ACCURACY_VALUE','Maximum Tolerance applied to model');
#8684=(GEOMETRIC_REPRESENTATION_CONTEXT(3)GLOBAL_UNCERTAINTY_ASSIGNED_CONTEXT((#8683))GLOBAL_UNIT_ASSIGNED_CONTEXT((#8682,#8679,#8681))REPRESENTATION_CONTEXT('','SOP-8_L5.3-W5.3-P1.27-LS8.0-BL~SOP-8_L5.2-W5.3-H2.1-LS7.9-P1.27~QmFs'));
#8696=CARTESIAN_POINT('',(0.,0.,0.));
#8697=DIRECTION('',(0.,0.,1.));
#8698=DIRECTION('',(1.,0.,-0.));
#8699=AXIS2_PLACEMENT_3D('',#8696,#8697,#8698);
#8700=ITEM_DEFINED_TRANSFORMATION('','',#8699,#15);
#8701=(REPRESENTATION_RELATIONSHIP('','',#8686,#8658)REPRESENTATION_RELATIONSHIP_WITH_TRANSFORMATION(#8700)SHAPE_REPRESENTATION_RELATIONSHIP());
#8702=NEXT_ASSEMBLY_USAGE_OCCURRENCE('SOP-8_L5.3-W5.3-P1.27-LS8.0-BL~SOP-8_L5.2-W5.3-H2.1-LS7.9-P1.27~QmFs_146','SOP-8_L5.3-W5.3-P1.27-LS8.0-BL~SOP-8_L5.2-W5.3-H2.1-LS7.9-P1.27~QmFs','SOP-8_L5.3-W5.3-P1.27-LS8.0-BL~SOP-8_L5.2-W5.3-H2.1-LS7.9-P1.27~QmFs',#8667,#8695,$);
#8703=PRODUCT_DEFINITION_SHAPE('','',#8702);
#8704=CONTEXT_DEPENDENT_SHAPE_REPRESENTATION(#8701,#8703);
#8686=SHAPE_REPRESENTATION('SOP-8_L5.3-W5.3-P1.27-LS8.0-BL~SOP-8_L5.2-W5.3-H2.1-LS7.9-P1.27~QmFs',(#15),#8684);
#8705=CARTESIAN_POINT('',(0.,0.,0.));
#8706=DIRECTION('',(0.,0.,1.));
#8707=DIRECTION('',(1.,0.,0.));
#8708=AXIS2_PLACEMENT_3D('',#8705,#8706,#8707);
#8710=MAPPED_ITEM('',#8709,#8708);
#8709=REPRESENTATION_MAP(#8708,#8686);
#8694=PRODUCT('SOP-8_L5.3-W5.3-P1.27-LS8.0-BL~SOP-8_L5.2-W5.3-H2.1-LS7.9-P1.27~QmFs','SOP-8_L5.3-W5.3-P1.27-LS8.0-BL~SOP-8_L5.2-W5.3-H2.1-LS7.9-P1.27~QmFs','',(#3390));
#8711=PRODUCT_RELATED_PRODUCT_CATEGORY('part','',(#8694));
#8712=PRODUCT_DEFINITION_FORMATION_WITH_SPECIFIED_SOURCE('','',#8694,.NOT_KNOWN.);
#8695=PRODUCT_DEFINITION('design','',#8712,#3391);
#8693=PRODUCT_DEFINITION_SHAPE('','',#8695);
#8713=SHAPE_DEFINITION_REPRESENTATION(#8693,#8686);
#8685=DRAUGHTING_MODEL('',(#8710),#8684);
#8658=SHAPE_REPRESENTATION('U4~SOP-8_L5.3-W5.3-P1.27-LS8.0-BL~SOP-8_L5.2-W5.3-H2.1-LS7.9-P1.27~QmFs',(#15,#8699),#8656);
#8714=CARTESIAN_POINT('',(0.,0.,0.));
#8715=DIRECTION('',(0.,0.,1.));
#8716=DIRECTION('',(1.,0.,0.));
#8717=AXIS2_PLACEMENT_3D('',#8714,#8715,#8716);
#8719=MAPPED_ITEM('',#8718,#8717);
#8718=REPRESENTATION_MAP(#8717,#8658);
#8666=PRODUCT('U4~SOP-8_L5.3-W5.3-P1.27-LS8.0-BL~SOP-8_L5.2-W5.3-H2.1-LS7.9-P1.27~QmFs','U4~SOP-8_L5.3-W5.3-P1.27-LS8.0-BL~SOP-8_L5.2-W5.3-H2.1-LS7.9-P1.27~QmFs','',(#3390));
#8720=PRODUCT_RELATED_PRODUCT_CATEGORY('part','',(#8666));
#8721=PRODUCT_DEFINITION_FORMATION_WITH_SPECIFIED_SOURCE('','',#8666,.NOT_KNOWN.);
#8667=PRODUCT_DEFINITION('design','',#8721,#3391);
#8665=PRODUCT_DEFINITION_SHAPE('','',#8667);
#8722=SHAPE_DEFINITION_REPRESENTATION(#8665,#8658);
#8657=DRAUGHTING_MODEL('',(#8719),#8656);
#8723=(NAMED_UNIT(*)PLANE_ANGLE_UNIT()SI_UNIT($,.RADIAN.));
#8724=PLANE_ANGLE_MEASURE_WITH_UNIT(PLANE_ANGLE_MEASURE(0.0174532925),#8723);
#8725=(CONVERSION_BASED_UNIT('DEGREE',#8724)NAMED_UNIT(#8726)PLANE_ANGLE_UNIT());
#8726=DIMENSIONAL_EXPONENTS(0.,0.,0.,0.,0.,0.,0.);
#8727=(NAMED_UNIT(*)SI_UNIT($,.STERADIAN.)SOLID_ANGLE_UNIT());
#8728=(LENGTH_UNIT()NAMED_UNIT(*)SI_UNIT(.MILLI.,.METRE.));
#8729=UNCERTAINTY_MEASURE_WITH_UNIT(LENGTH_MEASURE(1.000000E-03),#8728,'DISTANCE_ACCURACY_VALUE','Maximum Tolerance applied to model');
#8730=(GEOMETRIC_REPRESENTATION_CONTEXT(3)GLOBAL_UNCERTAINTY_ASSIGNED_CONTEXT((#8729))GLOBAL_UNIT_ASSIGNED_CONTEXT((#8728,#8725,#8727))REPRESENTATION_CONTEXT('','U7~LED-SMD_L3.5-W2.8-FD-2835_WHITE~LED-SMD_L3.5-W2.8-FD-2835_WHITE~QmFs'));
#8742=CARTESIAN_POINT('',(0.,0.,0.));
#8743=DIRECTION('',(0.,0.,1.));
#8744=DIRECTION('',(1.,0.,-0.));
#8745=AXIS2_PLACEMENT_3D('',#8742,#8743,#8744);
#8746=ITEM_DEFINED_TRANSFORMATION('','',#8745,#15);
#8747=(REPRESENTATION_RELATIONSHIP('','',#8732,#3335)REPRESENTATION_RELATIONSHIP_WITH_TRANSFORMATION(#8746)SHAPE_REPRESENTATION_RELATIONSHIP());
#8748=NEXT_ASSEMBLY_USAGE_OCCURRENCE('U7~LED-SMD_L3.5-W2.8-FD-2835_WHITE~LED-SMD_L3.5-W2.8-FD-2835_WHITE~QmFs_147','U7~LED-SMD_L3.5-W2.8-FD-2835_WHITE~LED-SMD_L3.5-W2.8-FD-2835_WHITE~QmFs','U7~LED-SMD_L3.5-W2.8-FD-2835_WHITE~LED-SMD_L3.5-W2.8-FD-2835_WHITE~QmFs',#3344,#8741,$);
#8749=PRODUCT_DEFINITION_SHAPE('','',#8748);
#8750=CONTEXT_DEPENDENT_SHAPE_REPRESENTATION(#8747,#8749);
#8751=(NAMED_UNIT(*)PLANE_ANGLE_UNIT()SI_UNIT($,.RADIAN.));
#8752=PLANE_ANGLE_MEASURE_WITH_UNIT(PLANE_ANGLE_MEASURE(0.0174532925),#8751);
#8753=(CONVERSION_BASED_UNIT('DEGREE',#8752)NAMED_UNIT(#8754)PLANE_ANGLE_UNIT());
#8754=DIMENSIONAL_EXPONENTS(0.,0.,0.,0.,0.,0.,0.);
#8755=(NAMED_UNIT(*)SI_UNIT($,.STERADIAN.)SOLID_ANGLE_UNIT());
#8756=(LENGTH_UNIT()NAMED_UNIT(*)SI_UNIT(.MILLI.,.METRE.));
#8757=UNCERTAINTY_MEASURE_WITH_UNIT(LENGTH_MEASURE(1.000000E-03),#8756,'DISTANCE_ACCURACY_VALUE','Maximum Tolerance applied to model');
#8758=(GEOMETRIC_REPRESENTATION_CONTEXT(3)GLOBAL_UNCERTAINTY_ASSIGNED_CONTEXT((#8757))GLOBAL_UNIT_ASSIGNED_CONTEXT((#8756,#8753,#8755))REPRESENTATION_CONTEXT('','LED-SMD_L3.5-W2.8-FD-2835_WHITE~LED-SMD_L3.5-W2.8-FD-2835_WHITE~QmFs'));
#8770=CARTESIAN_POINT('',(0.,0.,0.));
#8771=DIRECTION('',(0.,0.,1.));
#8772=DIRECTION('',(1.,0.,-0.));
#8773=AXIS2_PLACEMENT_3D('',#8770,#8771,#8772);
#8774=ITEM_DEFINED_TRANSFORMATION('','',#8773,#15);
#8775=(REPRESENTATION_RELATIONSHIP('','',#8760,#8732)REPRESENTATION_RELATIONSHIP_WITH_TRANSFORMATION(#8774)SHAPE_REPRESENTATION_RELATIONSHIP());
#8776=NEXT_ASSEMBLY_USAGE_OCCURRENCE('LED-SMD_L3.5-W2.8-FD-2835_WHITE~LED-SMD_L3.5-W2.8-FD-2835_WHITE~QmFs_148','LED-SMD_L3.5-W2.8-FD-2835_WHITE~LED-SMD_L3.5-W2.8-FD-2835_WHITE~QmFs','LED-SMD_L3.5-W2.8-FD-2835_WHITE~LED-SMD_L3.5-W2.8-FD-2835_WHITE~QmFs',#8741,#8769,$);
#8777=PRODUCT_DEFINITION_SHAPE('','',#8776);
#8778=CONTEXT_DEPENDENT_SHAPE_REPRESENTATION(#8775,#8777);
#8760=SHAPE_REPRESENTATION('LED-SMD_L3.5-W2.8-FD-2835_WHITE~LED-SMD_L3.5-W2.8-FD-2835_WHITE~QmFs',(#15),#8758);
#8779=CARTESIAN_POINT('',(0.,0.,0.));
#8780=DIRECTION('',(0.,0.,1.));
#8781=DIRECTION('',(1.,0.,0.));
#8782=AXIS2_PLACEMENT_3D('',#8779,#8780,#8781);
#8784=MAPPED_ITEM('',#8783,#8782);
#8783=REPRESENTATION_MAP(#8782,#8760);
#8768=PRODUCT('LED-SMD_L3.5-W2.8-FD-2835_WHITE~LED-SMD_L3.5-W2.8-FD-2835_WHITE~QmFs','LED-SMD_L3.5-W2.8-FD-2835_WHITE~LED-SMD_L3.5-W2.8-FD-2835_WHITE~QmFs','',(#3390));
#8785=PRODUCT_RELATED_PRODUCT_CATEGORY('part','',(#8768));
#8786=PRODUCT_DEFINITION_FORMATION_WITH_SPECIFIED_SOURCE('','',#8768,.NOT_KNOWN.);
#8769=PRODUCT_DEFINITION('design','',#8786,#3391);
#8767=PRODUCT_DEFINITION_SHAPE('','',#8769);
#8787=SHAPE_DEFINITION_REPRESENTATION(#8767,#8760);
#8759=DRAUGHTING_MODEL('',(#8784),#8758);
#8732=SHAPE_REPRESENTATION('U7~LED-SMD_L3.5-W2.8-FD-2835_WHITE~LED-SMD_L3.5-W2.8-FD-2835_WHITE~QmFs',(#15,#8773),#8730);
#8788=CARTESIAN_POINT('',(0.,0.,0.));
#8789=DIRECTION('',(0.,0.,1.));
#8790=DIRECTION('',(1.,0.,0.));
#8791=AXIS2_PLACEMENT_3D('',#8788,#8789,#8790);
#8793=MAPPED_ITEM('',#8792,#8791);
#8792=REPRESENTATION_MAP(#8791,#8732);
#8740=PRODUCT('U7~LED-SMD_L3.5-W2.8-FD-2835_WHITE~LED-SMD_L3.5-W2.8-FD-2835_WHITE~QmFs','U7~LED-SMD_L3.5-W2.8-FD-2835_WHITE~LED-SMD_L3.5-W2.8-FD-2835_WHITE~QmFs','',(#3390));
#8794=PRODUCT_RELATED_PRODUCT_CATEGORY('part','',(#8740));
#8795=PRODUCT_DEFINITION_FORMATION_WITH_SPECIFIED_SOURCE('','',#8740,.NOT_KNOWN.);
#8741=PRODUCT_DEFINITION('design','',#8795,#3391);
#8739=PRODUCT_DEFINITION_SHAPE('','',#8741);
#8796=SHAPE_DEFINITION_REPRESENTATION(#8739,#8732);
#8731=DRAUGHTING_MODEL('',(#8793),#8730);
#8797=(NAMED_UNIT(*)PLANE_ANGLE_UNIT()SI_UNIT($,.RADIAN.));
#8798=PLANE_ANGLE_MEASURE_WITH_UNIT(PLANE_ANGLE_MEASURE(0.0174532925),#8797);
#8799=(CONVERSION_BASED_UNIT('DEGREE',#8798)NAMED_UNIT(#8800)PLANE_ANGLE_UNIT());
#8800=DIMENSIONAL_EXPONENTS(0.,0.,0.,0.,0.,0.,0.);
#8801=(NAMED_UNIT(*)SI_UNIT($,.STERADIAN.)SOLID_ANGLE_UNIT());
#8802=(LENGTH_UNIT()NAMED_UNIT(*)SI_UNIT(.MILLI.,.METRE.));
#8803=UNCERTAINTY_MEASURE_WITH_UNIT(LENGTH_MEASURE(1.000000E-03),#8802,'DISTANCE_ACCURACY_VALUE','Maximum Tolerance applied to model');
#8804=(GEOMETRIC_REPRESENTATION_CONTEXT(3)GLOBAL_UNCERTAINTY_ASSIGNED_CONTEXT((#8803))GLOBAL_UNIT_ASSIGNED_CONTEXT((#8802,#8799,#8801))REPRESENTATION_CONTEXT('','U7~LED-SMD_L3.5-W2.8-FD-2835_WHITE~LED-SMD_L3.5-W2.8-FD-2835_WHITE~QmFs'));
#8816=CARTESIAN_POINT('',(0.,0.,0.));
#8817=DIRECTION('',(0.,0.,1.));
#8818=DIRECTION('',(1.,0.,-0.));
#8819=AXIS2_PLACEMENT_3D('',#8816,#8817,#8818);
#8820=ITEM_DEFINED_TRANSFORMATION('','',#8819,#15);
#8821=(REPRESENTATION_RELATIONSHIP('','',#8806,#3335)REPRESENTATION_RELATIONSHIP_WITH_TRANSFORMATION(#8820)SHAPE_REPRESENTATION_RELATIONSHIP());
#8822=NEXT_ASSEMBLY_USAGE_OCCURRENCE('U7~LED-SMD_L3.5-W2.8-FD-2835_WHITE~LED-SMD_L3.5-W2.8-FD-2835_WHITE~QmFs_149','U7~LED-SMD_L3.5-W2.8-FD-2835_WHITE~LED-SMD_L3.5-W2.8-FD-2835_WHITE~QmFs','U7~LED-SMD_L3.5-W2.8-FD-2835_WHITE~LED-SMD_L3.5-W2.8-FD-2835_WHITE~QmFs',#3344,#8815,$);
#8823=PRODUCT_DEFINITION_SHAPE('','',#8822);
#8824=CONTEXT_DEPENDENT_SHAPE_REPRESENTATION(#8821,#8823);
#8825=(NAMED_UNIT(*)PLANE_ANGLE_UNIT()SI_UNIT($,.RADIAN.));
#8826=PLANE_ANGLE_MEASURE_WITH_UNIT(PLANE_ANGLE_MEASURE(0.0174532925),#8825);
#8827=(CONVERSION_BASED_UNIT('DEGREE',#8826)NAMED_UNIT(#8828)PLANE_ANGLE_UNIT());
#8828=DIMENSIONAL_EXPONENTS(0.,0.,0.,0.,0.,0.,0.);
#8829=(NAMED_UNIT(*)SI_UNIT($,.STERADIAN.)SOLID_ANGLE_UNIT());
#8830=(LENGTH_UNIT()NAMED_UNIT(*)SI_UNIT(.MILLI.,.METRE.));
#8831=UNCERTAINTY_MEASURE_WITH_UNIT(LENGTH_MEASURE(1.000000E-03),#8830,'DISTANCE_ACCURACY_VALUE','Maximum Tolerance applied to model');
#8832=(GEOMETRIC_REPRESENTATION_CONTEXT(3)GLOBAL_UNCERTAINTY_ASSIGNED_CONTEXT((#8831))GLOBAL_UNIT_ASSIGNED_CONTEXT((#8830,#8827,#8829))REPRESENTATION_CONTEXT('','LED-SMD_L3.5-W2.8-FD-2835_WHITE~LED-SMD_L3.5-W2.8-FD-2835_WHITE~QmFs'));
#8844=CARTESIAN_POINT('',(0.,0.,0.));
#8845=DIRECTION('',(0.,0.,1.));
#8846=DIRECTION('',(1.,0.,-0.));
#8847=AXIS2_PLACEMENT_3D('',#8844,#8845,#8846);
#8848=ITEM_DEFINED_TRANSFORMATION('','',#8847,#15);
#8849=(REPRESENTATION_RELATIONSHIP('','',#8834,#8806)REPRESENTATION_RELATIONSHIP_WITH_TRANSFORMATION(#8848)SHAPE_REPRESENTATION_RELATIONSHIP());
#8850=NEXT_ASSEMBLY_USAGE_OCCURRENCE('LED-SMD_L3.5-W2.8-FD-2835_WHITE~LED-SMD_L3.5-W2.8-FD-2835_WHITE~QmFs_150','LED-SMD_L3.5-W2.8-FD-2835_WHITE~LED-SMD_L3.5-W2.8-FD-2835_WHITE~QmFs','LED-SMD_L3.5-W2.8-FD-2835_WHITE~LED-SMD_L3.5-W2.8-FD-2835_WHITE~QmFs',#8815,#8843,$);
#8851=PRODUCT_DEFINITION_SHAPE('','',#8850);
#8852=CONTEXT_DEPENDENT_SHAPE_REPRESENTATION(#8849,#8851);
#8834=SHAPE_REPRESENTATION('LED-SMD_L3.5-W2.8-FD-2835_WHITE~LED-SMD_L3.5-W2.8-FD-2835_WHITE~QmFs',(#15),#8832);
#8853=CARTESIAN_POINT('',(0.,0.,0.));
#8854=DIRECTION('',(0.,0.,1.));
#8855=DIRECTION('',(1.,0.,0.));
#8856=AXIS2_PLACEMENT_3D('',#8853,#8854,#8855);
#8858=MAPPED_ITEM('',#8857,#8856);
#8857=REPRESENTATION_MAP(#8856,#8834);
#8842=PRODUCT('LED-SMD_L3.5-W2.8-FD-2835_WHITE~LED-SMD_L3.5-W2.8-FD-2835_WHITE~QmFs','LED-SMD_L3.5-W2.8-FD-2835_WHITE~LED-SMD_L3.5-W2.8-FD-2835_WHITE~QmFs','',(#3390));
#8859=PRODUCT_RELATED_PRODUCT_CATEGORY('part','',(#8842));
#8860=PRODUCT_DEFINITION_FORMATION_WITH_SPECIFIED_SOURCE('','',#8842,.NOT_KNOWN.);
#8843=PRODUCT_DEFINITION('design','',#8860,#3391);
#8841=PRODUCT_DEFINITION_SHAPE('','',#8843);
#8861=SHAPE_DEFINITION_REPRESENTATION(#8841,#8834);
#8833=DRAUGHTING_MODEL('',(#8858),#8832);
#8806=SHAPE_REPRESENTATION('U7~LED-SMD_L3.5-W2.8-FD-2835_WHITE~LED-SMD_L3.5-W2.8-FD-2835_WHITE~QmFs',(#15,#8847),#8804);
#8862=CARTESIAN_POINT('',(0.,0.,0.));
#8863=DIRECTION('',(0.,0.,1.));
#8864=DIRECTION('',(1.,0.,0.));
#8865=AXIS2_PLACEMENT_3D('',#8862,#8863,#8864);
#8867=MAPPED_ITEM('',#8866,#8865);
#8866=REPRESENTATION_MAP(#8865,#8806);
#8814=PRODUCT('U7~LED-SMD_L3.5-W2.8-FD-2835_WHITE~LED-SMD_L3.5-W2.8-FD-2835_WHITE~QmFs','U7~LED-SMD_L3.5-W2.8-FD-2835_WHITE~LED-SMD_L3.5-W2.8-FD-2835_WHITE~QmFs','',(#3390));
#8868=PRODUCT_RELATED_PRODUCT_CATEGORY('part','',(#8814));
#8869=PRODUCT_DEFINITION_FORMATION_WITH_SPECIFIED_SOURCE('','',#8814,.NOT_KNOWN.);
#8815=PRODUCT_DEFINITION('design','',#8869,#3391);
#8813=PRODUCT_DEFINITION_SHAPE('','',#8815);
#8870=SHAPE_DEFINITION_REPRESENTATION(#8813,#8806);
#8805=DRAUGHTING_MODEL('',(#8867),#8804);
#8871=(NAMED_UNIT(*)PLANE_ANGLE_UNIT()SI_UNIT($,.RADIAN.));
#8872=PLANE_ANGLE_MEASURE_WITH_UNIT(PLANE_ANGLE_MEASURE(0.0174532925),#8871);
#8873=(CONVERSION_BASED_UNIT('DEGREE',#8872)NAMED_UNIT(#8874)PLANE_ANGLE_UNIT());
#8874=DIMENSIONAL_EXPONENTS(0.,0.,0.,0.,0.,0.,0.);
#8875=(NAMED_UNIT(*)SI_UNIT($,.STERADIAN.)SOLID_ANGLE_UNIT());
#8876=(LENGTH_UNIT()NAMED_UNIT(*)SI_UNIT(.MILLI.,.METRE.));
#8877=UNCERTAINTY_MEASURE_WITH_UNIT(LENGTH_MEASURE(1.000000E-03),#8876,'DISTANCE_ACCURACY_VALUE','Maximum Tolerance applied to model');
#8878=(GEOMETRIC_REPRESENTATION_CONTEXT(3)GLOBAL_UNCERTAINTY_ASSIGNED_CONTEXT((#8877))GLOBAL_UNIT_ASSIGNED_CONTEXT((#8876,#8873,#8875))REPRESENTATION_CONTEXT('','U7~LED-SMD_L3.5-W2.8-FD-2835_WHITE~LED-SMD_L3.5-W2.8-FD-2835_WHITE~QmFs'));
#8890=CARTESIAN_POINT('',(0.,0.,0.));
#8891=DIRECTION('',(0.,0.,1.));
#8892=DIRECTION('',(1.,0.,-0.));
#8893=AXIS2_PLACEMENT_3D('',#8890,#8891,#8892);
#8894=ITEM_DEFINED_TRANSFORMATION('','',#8893,#15);
#8895=(REPRESENTATION_RELATIONSHIP('','',#8880,#3335)REPRESENTATION_RELATIONSHIP_WITH_TRANSFORMATION(#8894)SHAPE_REPRESENTATION_RELATIONSHIP());
#8896=NEXT_ASSEMBLY_USAGE_OCCURRENCE('U7~LED-SMD_L3.5-W2.8-FD-2835_WHITE~LED-SMD_L3.5-W2.8-FD-2835_WHITE~QmFs_151','U7~LED-SMD_L3.5-W2.8-FD-2835_WHITE~LED-SMD_L3.5-W2.8-FD-2835_WHITE~QmFs','U7~LED-SMD_L3.5-W2.8-FD-2835_WHITE~LED-SMD_L3.5-W2.8-FD-2835_WHITE~QmFs',#3344,#8889,$);
#8897=PRODUCT_DEFINITION_SHAPE('','',#8896);
#8898=CONTEXT_DEPENDENT_SHAPE_REPRESENTATION(#8895,#8897);
#8899=(NAMED_UNIT(*)PLANE_ANGLE_UNIT()SI_UNIT($,.RADIAN.));
#8900=PLANE_ANGLE_MEASURE_WITH_UNIT(PLANE_ANGLE_MEASURE(0.0174532925),#8899);
#8901=(CONVERSION_BASED_UNIT('DEGREE',#8900)NAMED_UNIT(#8902)PLANE_ANGLE_UNIT());
#8902=DIMENSIONAL_EXPONENTS(0.,0.,0.,0.,0.,0.,0.);
#8903=(NAMED_UNIT(*)SI_UNIT($,.STERADIAN.)SOLID_ANGLE_UNIT());
#8904=(LENGTH_UNIT()NAMED_UNIT(*)SI_UNIT(.MILLI.,.METRE.));
#8905=UNCERTAINTY_MEASURE_WITH_UNIT(LENGTH_MEASURE(1.000000E-03),#8904,'DISTANCE_ACCURACY_VALUE','Maximum Tolerance applied to model');
#8906=(GEOMETRIC_REPRESENTATION_CONTEXT(3)GLOBAL_UNCERTAINTY_ASSIGNED_CONTEXT((#8905))GLOBAL_UNIT_ASSIGNED_CONTEXT((#8904,#8901,#8903))REPRESENTATION_CONTEXT('','LED-SMD_L3.5-W2.8-FD-2835_WHITE~LED-SMD_L3.5-W2.8-FD-2835_WHITE~QmFs'));
#8918=CARTESIAN_POINT('',(0.,0.,0.));
#8919=DIRECTION('',(0.,0.,1.));
#8920=DIRECTION('',(1.,0.,-0.));
#8921=AXIS2_PLACEMENT_3D('',#8918,#8919,#8920);
#8922=ITEM_DEFINED_TRANSFORMATION('','',#8921,#15);
#8923=(REPRESENTATION_RELATIONSHIP('','',#8908,#8880)REPRESENTATION_RELATIONSHIP_WITH_TRANSFORMATION(#8922)SHAPE_REPRESENTATION_RELATIONSHIP());
#8924=NEXT_ASSEMBLY_USAGE_OCCURRENCE('LED-SMD_L3.5-W2.8-FD-2835_WHITE~LED-SMD_L3.5-W2.8-FD-2835_WHITE~QmFs_152','LED-SMD_L3.5-W2.8-FD-2835_WHITE~LED-SMD_L3.5-W2.8-FD-2835_WHITE~QmFs','LED-SMD_L3.5-W2.8-FD-2835_WHITE~LED-SMD_L3.5-W2.8-FD-2835_WHITE~QmFs',#8889,#8917,$);
#8925=PRODUCT_DEFINITION_SHAPE('','',#8924);
#8926=CONTEXT_DEPENDENT_SHAPE_REPRESENTATION(#8923,#8925);
#8908=SHAPE_REPRESENTATION('LED-SMD_L3.5-W2.8-FD-2835_WHITE~LED-SMD_L3.5-W2.8-FD-2835_WHITE~QmFs',(#15),#8906);
#8927=CARTESIAN_POINT('',(0.,0.,0.));
#8928=DIRECTION('',(0.,0.,1.));
#8929=DIRECTION('',(1.,0.,0.));
#8930=AXIS2_PLACEMENT_3D('',#8927,#8928,#8929);
#8932=MAPPED_ITEM('',#8931,#8930);
#8931=REPRESENTATION_MAP(#8930,#8908);
#8916=PRODUCT('LED-SMD_L3.5-W2.8-FD-2835_WHITE~LED-SMD_L3.5-W2.8-FD-2835_WHITE~QmFs','LED-SMD_L3.5-W2.8-FD-2835_WHITE~LED-SMD_L3.5-W2.8-FD-2835_WHITE~QmFs','',(#3390));
#8933=PRODUCT_RELATED_PRODUCT_CATEGORY('part','',(#8916));
#8934=PRODUCT_DEFINITION_FORMATION_WITH_SPECIFIED_SOURCE('','',#8916,.NOT_KNOWN.);
#8917=PRODUCT_DEFINITION('design','',#8934,#3391);
#8915=PRODUCT_DEFINITION_SHAPE('','',#8917);
#8935=SHAPE_DEFINITION_REPRESENTATION(#8915,#8908);
#8907=DRAUGHTING_MODEL('',(#8932),#8906);
#8880=SHAPE_REPRESENTATION('U7~LED-SMD_L3.5-W2.8-FD-2835_WHITE~LED-SMD_L3.5-W2.8-FD-2835_WHITE~QmFs',(#15,#8921),#8878);
#8936=CARTESIAN_POINT('',(0.,0.,0.));
#8937=DIRECTION('',(0.,0.,1.));
#8938=DIRECTION('',(1.,0.,0.));
#8939=AXIS2_PLACEMENT_3D('',#8936,#8937,#8938);
#8941=MAPPED_ITEM('',#8940,#8939);
#8940=REPRESENTATION_MAP(#8939,#8880);
#8888=PRODUCT('U7~LED-SMD_L3.5-W2.8-FD-2835_WHITE~LED-SMD_L3.5-W2.8-FD-2835_WHITE~QmFs','U7~LED-SMD_L3.5-W2.8-FD-2835_WHITE~LED-SMD_L3.5-W2.8-FD-2835_WHITE~QmFs','',(#3390));
#8942=PRODUCT_RELATED_PRODUCT_CATEGORY('part','',(#8888));
#8943=PRODUCT_DEFINITION_FORMATION_WITH_SPECIFIED_SOURCE('','',#8888,.NOT_KNOWN.);
#8889=PRODUCT_DEFINITION('design','',#8943,#3391);
#8887=PRODUCT_DEFINITION_SHAPE('','',#8889);
#8944=SHAPE_DEFINITION_REPRESENTATION(#8887,#8880);
#8879=DRAUGHTING_MODEL('',(#8941),#8878);
#8945=(NAMED_UNIT(*)PLANE_ANGLE_UNIT()SI_UNIT($,.RADIAN.));
#8946=PLANE_ANGLE_MEASURE_WITH_UNIT(PLANE_ANGLE_MEASURE(0.0174532925),#8945);
#8947=(CONVERSION_BASED_UNIT('DEGREE',#8946)NAMED_UNIT(#8948)PLANE_ANGLE_UNIT());
#8948=DIMENSIONAL_EXPONENTS(0.,0.,0.,0.,0.,0.,0.);
#8949=(NAMED_UNIT(*)SI_UNIT($,.STERADIAN.)SOLID_ANGLE_UNIT());
#8950=(LENGTH_UNIT()NAMED_UNIT(*)SI_UNIT(.MILLI.,.METRE.));
#8951=UNCERTAINTY_MEASURE_WITH_UNIT(LENGTH_MEASURE(1.000000E-03),#8950,'DISTANCE_ACCURACY_VALUE','Maximum Tolerance applied to model');
#8952=(GEOMETRIC_REPRESENTATION_CONTEXT(3)GLOBAL_UNCERTAINTY_ASSIGNED_CONTEXT((#8951))GLOBAL_UNIT_ASSIGNED_CONTEXT((#8950,#8947,#8949))REPRESENTATION_CONTEXT('','U7~LED-SMD_L3.5-W2.8-FD-2835_WHITE~LED-SMD_L3.5-W2.8-FD-2835_WHITE~QmFs'));
#8964=CARTESIAN_POINT('',(0.,0.,0.));
#8965=DIRECTION('',(0.,0.,1.));
#8966=DIRECTION('',(1.,0.,-0.));
#8967=AXIS2_PLACEMENT_3D('',#8964,#8965,#8966);
#8968=ITEM_DEFINED_TRANSFORMATION('','',#8967,#15);
#8969=(REPRESENTATION_RELATIONSHIP('','',#8954,#3335)REPRESENTATION_RELATIONSHIP_WITH_TRANSFORMATION(#8968)SHAPE_REPRESENTATION_RELATIONSHIP());
#8970=NEXT_ASSEMBLY_USAGE_OCCURRENCE('U7~LED-SMD_L3.5-W2.8-FD-2835_WHITE~LED-SMD_L3.5-W2.8-FD-2835_WHITE~QmFs_153','U7~LED-SMD_L3.5-W2.8-FD-2835_WHITE~LED-SMD_L3.5-W2.8-FD-2835_WHITE~QmFs','U7~LED-SMD_L3.5-W2.8-FD-2835_WHITE~LED-SMD_L3.5-W2.8-FD-2835_WHITE~QmFs',#3344,#8963,$);
#8971=PRODUCT_DEFINITION_SHAPE('','',#8970);
#8972=CONTEXT_DEPENDENT_SHAPE_REPRESENTATION(#8969,#8971);
#8973=(NAMED_UNIT(*)PLANE_ANGLE_UNIT()SI_UNIT($,.RADIAN.));
#8974=PLANE_ANGLE_MEASURE_WITH_UNIT(PLANE_ANGLE_MEASURE(0.0174532925),#8973);
#8975=(CONVERSION_BASED_UNIT('DEGREE',#8974)NAMED_UNIT(#8976)PLANE_ANGLE_UNIT());
#8976=DIMENSIONAL_EXPONENTS(0.,0.,0.,0.,0.,0.,0.);
#8977=(NAMED_UNIT(*)SI_UNIT($,.STERADIAN.)SOLID_ANGLE_UNIT());
#8978=(LENGTH_UNIT()NAMED_UNIT(*)SI_UNIT(.MILLI.,.METRE.));
#8979=UNCERTAINTY_MEASURE_WITH_UNIT(LENGTH_MEASURE(1.000000E-03),#8978,'DISTANCE_ACCURACY_VALUE','Maximum Tolerance applied to model');
#8980=(GEOMETRIC_REPRESENTATION_CONTEXT(3)GLOBAL_UNCERTAINTY_ASSIGNED_CONTEXT((#8979))GLOBAL_UNIT_ASSIGNED_CONTEXT((#8978,#8975,#8977))REPRESENTATION_CONTEXT('','LED-SMD_L3.5-W2.8-FD-2835_WHITE~LED-SMD_L3.5-W2.8-FD-2835_WHITE~QmFs'));
#8992=CARTESIAN_POINT('',(0.,0.,0.));
#8993=DIRECTION('',(0.,0.,1.));
#8994=DIRECTION('',(1.,0.,-0.));
#8995=AXIS2_PLACEMENT_3D('',#8992,#8993,#8994);
#8996=ITEM_DEFINED_TRANSFORMATION('','',#8995,#15);
#8997=(REPRESENTATION_RELATIONSHIP('','',#8982,#8954)REPRESENTATION_RELATIONSHIP_WITH_TRANSFORMATION(#8996)SHAPE_REPRESENTATION_RELATIONSHIP());
#8998=NEXT_ASSEMBLY_USAGE_OCCURRENCE('LED-SMD_L3.5-W2.8-FD-2835_WHITE~LED-SMD_L3.5-W2.8-FD-2835_WHITE~QmFs_154','LED-SMD_L3.5-W2.8-FD-2835_WHITE~LED-SMD_L3.5-W2.8-FD-2835_WHITE~QmFs','LED-SMD_L3.5-W2.8-FD-2835_WHITE~LED-SMD_L3.5-W2.8-FD-2835_WHITE~QmFs',#8963,#8991,$);
#8999=PRODUCT_DEFINITION_SHAPE('','',#8998);
#9000=CONTEXT_DEPENDENT_SHAPE_REPRESENTATION(#8997,#8999);
#8982=SHAPE_REPRESENTATION('LED-SMD_L3.5-W2.8-FD-2835_WHITE~LED-SMD_L3.5-W2.8-FD-2835_WHITE~QmFs',(#15),#8980);
#9001=CARTESIAN_POINT('',(0.,0.,0.));
#9002=DIRECTION('',(0.,0.,1.));
#9003=DIRECTION('',(1.,0.,0.));
#9004=AXIS2_PLACEMENT_3D('',#9001,#9002,#9003);
#9006=MAPPED_ITEM('',#9005,#9004);
#9005=REPRESENTATION_MAP(#9004,#8982);
#8990=PRODUCT('LED-SMD_L3.5-W2.8-FD-2835_WHITE~LED-SMD_L3.5-W2.8-FD-2835_WHITE~QmFs','LED-SMD_L3.5-W2.8-FD-2835_WHITE~LED-SMD_L3.5-W2.8-FD-2835_WHITE~QmFs','',(#3390));
#9007=PRODUCT_RELATED_PRODUCT_CATEGORY('part','',(#8990));
#9008=PRODUCT_DEFINITION_FORMATION_WITH_SPECIFIED_SOURCE('','',#8990,.NOT_KNOWN.);
#8991=PRODUCT_DEFINITION('design','',#9008,#3391);
#8989=PRODUCT_DEFINITION_SHAPE('','',#8991);
#9009=SHAPE_DEFINITION_REPRESENTATION(#8989,#8982);
#8981=DRAUGHTING_MODEL('',(#9006),#8980);
#8954=SHAPE_REPRESENTATION('U7~LED-SMD_L3.5-W2.8-FD-2835_WHITE~LED-SMD_L3.5-W2.8-FD-2835_WHITE~QmFs',(#15,#8995),#8952);
#9010=CARTESIAN_POINT('',(0.,0.,0.));
#9011=DIRECTION('',(0.,0.,1.));
#9012=DIRECTION('',(1.,0.,0.));
#9013=AXIS2_PLACEMENT_3D('',#9010,#9011,#9012);
#9015=MAPPED_ITEM('',#9014,#9013);
#9014=REPRESENTATION_MAP(#9013,#8954);
#8962=PRODUCT('U7~LED-SMD_L3.5-W2.8-FD-2835_WHITE~LED-SMD_L3.5-W2.8-FD-2835_WHITE~QmFs','U7~LED-SMD_L3.5-W2.8-FD-2835_WHITE~LED-SMD_L3.5-W2.8-FD-2835_WHITE~QmFs','',(#3390));
#9016=PRODUCT_RELATED_PRODUCT_CATEGORY('part','',(#8962));
#9017=PRODUCT_DEFINITION_FORMATION_WITH_SPECIFIED_SOURCE('','',#8962,.NOT_KNOWN.);
#8963=PRODUCT_DEFINITION('design','',#9017,#3391);
#8961=PRODUCT_DEFINITION_SHAPE('','',#8963);
#9018=SHAPE_DEFINITION_REPRESENTATION(#8961,#8954);
#8953=DRAUGHTING_MODEL('',(#9015),#8952);
#9019=(NAMED_UNIT(*)PLANE_ANGLE_UNIT()SI_UNIT($,.RADIAN.));
#9020=PLANE_ANGLE_MEASURE_WITH_UNIT(PLANE_ANGLE_MEASURE(0.0174532925),#9019);
#9021=(CONVERSION_BASED_UNIT('DEGREE',#9020)NAMED_UNIT(#9022)PLANE_ANGLE_UNIT());
#9022=DIMENSIONAL_EXPONENTS(0.,0.,0.,0.,0.,0.,0.);
#9023=(NAMED_UNIT(*)SI_UNIT($,.STERADIAN.)SOLID_ANGLE_UNIT());
#9024=(LENGTH_UNIT()NAMED_UNIT(*)SI_UNIT(.MILLI.,.METRE.));
#9025=UNCERTAINTY_MEASURE_WITH_UNIT(LENGTH_MEASURE(1.000000E-03),#9024,'DISTANCE_ACCURACY_VALUE','Maximum Tolerance applied to model');
#9026=(GEOMETRIC_REPRESENTATION_CONTEXT(3)GLOBAL_UNCERTAINTY_ASSIGNED_CONTEXT((#9025))GLOBAL_UNIT_ASSIGNED_CONTEXT((#9024,#9021,#9023))REPRESENTATION_CONTEXT('','FPC1~FPC-SMD_24P-P0.50_AFC01-S24FCA-00-R~FPC-SMD_24P-P0.50_AFC01-S24FCA-00~QmFs'));
#9038=CARTESIAN_POINT('',(0.,0.,0.));
#9039=DIRECTION('',(0.,0.,1.));
#9040=DIRECTION('',(1.,0.,-0.));
#9041=AXIS2_PLACEMENT_3D('',#9038,#9039,#9040);
#9042=ITEM_DEFINED_TRANSFORMATION('','',#9041,#15);
#9043=(REPRESENTATION_RELATIONSHIP('','',#9028,#3335)REPRESENTATION_RELATIONSHIP_WITH_TRANSFORMATION(#9042)SHAPE_REPRESENTATION_RELATIONSHIP());
#9044=NEXT_ASSEMBLY_USAGE_OCCURRENCE('FPC1~FPC-SMD_24P-P0.50_AFC01-S24FCA-00-R~FPC-SMD_24P-P0.50_AFC01-S24FCA-00~QmFs_155','FPC1~FPC-SMD_24P-P0.50_AFC01-S24FCA-00-R~FPC-SMD_24P-P0.50_AFC01-S24FCA-00~QmFs','FPC1~FPC-SMD_24P-P0.50_AFC01-S24FCA-00-R~FPC-SMD_24P-P0.50_AFC01-S24FCA-00~QmFs',#3344,#9037,$);
#9045=PRODUCT_DEFINITION_SHAPE('','',#9044);
#9046=CONTEXT_DEPENDENT_SHAPE_REPRESENTATION(#9043,#9045);
#9047=(NAMED_UNIT(*)PLANE_ANGLE_UNIT()SI_UNIT($,.RADIAN.));
#9048=PLANE_ANGLE_MEASURE_WITH_UNIT(PLANE_ANGLE_MEASURE(0.0174532925),#9047);
#9049=(CONVERSION_BASED_UNIT('DEGREE',#9048)NAMED_UNIT(#9050)PLANE_ANGLE_UNIT());
#9050=DIMENSIONAL_EXPONENTS(0.,0.,0.,0.,0.,0.,0.);
#9051=(NAMED_UNIT(*)SI_UNIT($,.STERADIAN.)SOLID_ANGLE_UNIT());
#9052=(LENGTH_UNIT()NAMED_UNIT(*)SI_UNIT(.MILLI.,.METRE.));
#9053=UNCERTAINTY_MEASURE_WITH_UNIT(LENGTH_MEASURE(1.000000E-03),#9052,'DISTANCE_ACCURACY_VALUE','Maximum Tolerance applied to model');
#9054=(GEOMETRIC_REPRESENTATION_CONTEXT(3)GLOBAL_UNCERTAINTY_ASSIGNED_CONTEXT((#9053))GLOBAL_UNIT_ASSIGNED_CONTEXT((#9052,#9049,#9051))REPRESENTATION_CONTEXT('','FPC-SMD_24P-P0.50_AFC01-S24FCA-00-R~FPC-SMD_24P-P0.50_AFC01-S24FCA-00~QmFs'));
#9066=CARTESIAN_POINT('',(0.,0.,0.));
#9067=DIRECTION('',(0.,0.,1.));
#9068=DIRECTION('',(1.,0.,-0.));
#9069=AXIS2_PLACEMENT_3D('',#9066,#9067,#9068);
#9070=ITEM_DEFINED_TRANSFORMATION('','',#9069,#15);
#9071=(REPRESENTATION_RELATIONSHIP('','',#9056,#9028)REPRESENTATION_RELATIONSHIP_WITH_TRANSFORMATION(#9070)SHAPE_REPRESENTATION_RELATIONSHIP());
#9072=NEXT_ASSEMBLY_USAGE_OCCURRENCE('FPC-SMD_24P-P0.50_AFC01-S24FCA-00-R~FPC-SMD_24P-P0.50_AFC01-S24FCA-00~QmFs_156','FPC-SMD_24P-P0.50_AFC01-S24FCA-00-R~FPC-SMD_24P-P0.50_AFC01-S24FCA-00~QmFs','FPC-SMD_24P-P0.50_AFC01-S24FCA-00-R~FPC-SMD_24P-P0.50_AFC01-S24FCA-00~QmFs',#9037,#9065,$);
#9073=PRODUCT_DEFINITION_SHAPE('','',#9072);
#9074=CONTEXT_DEPENDENT_SHAPE_REPRESENTATION(#9071,#9073);
#9056=SHAPE_REPRESENTATION('FPC-SMD_24P-P0.50_AFC01-S24FCA-00-R~FPC-SMD_24P-P0.50_AFC01-S24FCA-00~QmFs',(#15),#9054);
#9075=CARTESIAN_POINT('',(0.,0.,0.));
#9076=DIRECTION('',(0.,0.,1.));
#9077=DIRECTION('',(1.,0.,0.));
#9078=AXIS2_PLACEMENT_3D('',#9075,#9076,#9077);
#9080=MAPPED_ITEM('',#9079,#9078);
#9079=REPRESENTATION_MAP(#9078,#9056);
#9064=PRODUCT('FPC-SMD_24P-P0.50_AFC01-S24FCA-00-R~FPC-SMD_24P-P0.50_AFC01-S24FCA-00~QmFs','FPC-SMD_24P-P0.50_AFC01-S24FCA-00-R~FPC-SMD_24P-P0.50_AFC01-S24FCA-00~QmFs','',(#3390));
#9081=PRODUCT_RELATED_PRODUCT_CATEGORY('part','',(#9064));
#9082=PRODUCT_DEFINITION_FORMATION_WITH_SPECIFIED_SOURCE('','',#9064,.NOT_KNOWN.);
#9065=PRODUCT_DEFINITION('design','',#9082,#3391);
#9063=PRODUCT_DEFINITION_SHAPE('','',#9065);
#9083=SHAPE_DEFINITION_REPRESENTATION(#9063,#9056);
#9055=DRAUGHTING_MODEL('',(#9080),#9054);
#9028=SHAPE_REPRESENTATION('FPC1~FPC-SMD_24P-P0.50_AFC01-S24FCA-00-R~FPC-SMD_24P-P0.50_AFC01-S24FCA-00~QmFs',(#15,#9069),#9026);
#9084=CARTESIAN_POINT('',(0.,0.,0.));
#9085=DIRECTION('',(0.,0.,1.));
#9086=DIRECTION('',(1.,0.,0.));
#9087=AXIS2_PLACEMENT_3D('',#9084,#9085,#9086);
#9089=MAPPED_ITEM('',#9088,#9087);
#9088=REPRESENTATION_MAP(#9087,#9028);
#9036=PRODUCT('FPC1~FPC-SMD_24P-P0.50_AFC01-S24FCA-00-R~FPC-SMD_24P-P0.50_AFC01-S24FCA-00~QmFs','FPC1~FPC-SMD_24P-P0.50_AFC01-S24FCA-00-R~FPC-SMD_24P-P0.50_AFC01-S24FCA-00~QmFs','',(#3390));
#9090=PRODUCT_RELATED_PRODUCT_CATEGORY('part','',(#9036));
#9091=PRODUCT_DEFINITION_FORMATION_WITH_SPECIFIED_SOURCE('','',#9036,.NOT_KNOWN.);
#9037=PRODUCT_DEFINITION('design','',#9091,#3391);
#9035=PRODUCT_DEFINITION_SHAPE('','',#9037);
#9092=SHAPE_DEFINITION_REPRESENTATION(#9035,#9028);
#9027=DRAUGHTING_MODEL('',(#9089),#9026);
#3335=SHAPE_REPRESENTATION('3D_PCB1_2025-08-29.step',(#15,#3376,#3417,#3454,#3491,#3528,#3565,#3639,#3713,#3787,#3861,#3935,#4009,#4083,#4157,#4231,#4305,#4379,#4453,#4527,#4601,#4675,#4749,#4823,#4897,#4971,
#5045,#5119,#5193,#5267,#5341,#5415,#5489,#5563,#5637,#5711,#5785,#5859,#5933,#6007,#6081,#6155,#6229,#6303,#6377,#6451,#6525,#6599,#6673,#6747,#6821,
#6895,#6969,#7043,#7117,#7191,#7265,#7339,#7413,#7487,#7561,#7635,#7709,#7783,#7857,#7931,#8005,#8079,#8153,#8227,#8301,#8375,#8449,#8523,#8597,#8671,
#8745,#8819,#8893,#8967,#9041),#3333);
#9093=CARTESIAN_POINT('',(0.,0.,0.));
#9094=DIRECTION('',(0.,0.,1.));
#9095=DIRECTION('',(1.,0.,0.));
#9096=AXIS2_PLACEMENT_3D('',#9093,#9094,#9095);
#9098=MAPPED_ITEM('',#9097,#9096);
#9097=REPRESENTATION_MAP(#9096,#3335);
#3343=PRODUCT('3D_PCB1_2025-08-29.step','3D_PCB1_2025-08-29.step','',(#3390));
#9099=PRODUCT_RELATED_PRODUCT_CATEGORY('part','',(#3343));
#9100=PRODUCT_DEFINITION_FORMATION_WITH_SPECIFIED_SOURCE('','',#3343,.NOT_KNOWN.);
#3344=PRODUCT_DEFINITION('design','',#9100,#3391);
#3342=PRODUCT_DEFINITION_SHAPE('','',#3344);
#9101=SHAPE_DEFINITION_REPRESENTATION(#3342,#3335);
#3334=DRAUGHTING_MODEL('',(#9098),#3333);
#16=SHAPE_REPRESENTATION('root',(#15,#3348),#10);
#17=ADVANCED_BREP_SHAPE_REPRESENTATION('root',(#3102,#3163,#3217,#3271,#3325),#10);
#9109=SHAPE_REPRESENTATION_RELATIONSHIP('','',#16,#17);
#9110=CARTESIAN_POINT('',(0.,0.,0.));
#9111=DIRECTION('',(0.,0.,1.));
#9112=DIRECTION('',(1.,0.,0.));
#9113=AXIS2_PLACEMENT_3D('',#9110,#9111,#9112);
#9115=MAPPED_ITEM('',#9114,#9113);
#9114=REPRESENTATION_MAP(#9113,#16);
#24=PRODUCT('root','root','',(#3390));
#9116=PRODUCT_RELATED_PRODUCT_CATEGORY('part','',(#24));
#9117=PRODUCT_DEFINITION_FORMATION_WITH_SPECIFIED_SOURCE('','',#24,.NOT_KNOWN.);
#25=PRODUCT_DEFINITION('design','',#9117,#3391);
#23=PRODUCT_DEFINITION_SHAPE('','',#25);
#9118=SHAPE_DEFINITION_REPRESENTATION(#23,#16);
#11=DRAUGHTING_MODEL('',(#9115),#10);
#9119=DESCRIPTIVE_REPRESENTATION_ITEM('KEY','C:\\Users\\admin\\AppData\\Local\\Packages\\Shapr3D.Shapr3D_j403pzjkqtqbj\\TempState\\e833221c-fea2-4cee-a0b0-2166b08ae899.tmp');
#9120=PROPERTY_DEFINITION('KEY','',#25);
#9121=REPRESENTATION('',(#9119),#10);
#9122=PROPERTY_DEFINITION_REPRESENTATION(#9120,#9121);
#9123=GENERAL_PROPERTY('','KEY','');
#9124=GENERAL_PROPERTY_ASSOCIATION('','',#9123,#9120);
#1=MECHANICAL_DESIGN_GEOMETRIC_PRESENTATION_REPRESENTATION('',(#26,#3110,#3164,#3218,#3272),#10);
ENDSEC;
END-ISO-10303-21;
