ISO-10303-21;
HEADER;

/* File generated by Shapr3D Version 5.930.9346.0 */

FILE_DESCRIPTION(('HOOPS Exchange Step'),'2;1');

FILE_NAME('C:\\Users\\admin\\AppData\\Local\\Packages\\Shapr3D.Shapr3D_j403pzjkqtqbj\\TempState\\export\\temp_export',
'2025-08-30T14:12:52+08:00',
('admin'),
('Shapr3D Limited'),
'HOOPS Exchange 2025.5',
'Shapr3D',
'Authorized');

FILE_SCHEMA( ('AP242_MANAGED_MODEL_BASED_3D_ENGINEERING_MIM_LF {1 0 10303 442 1 1 4}') );

ENDSEC;

DATA;
#3=(NAMED_UNIT(*)PLANE_ANGLE_UNIT()SI_UNIT($,.RADIAN.));
#4=PLANE_ANGLE_MEASURE_WITH_UNIT(PLANE_ANGLE_MEASURE(0.0174532925),#3);
#5=(CONVERSION_BASED_UNIT('DEGREE',#4)NAMED_UNIT(#6)PLANE_ANGLE_UNIT());
#6=DIMENSIONAL_EXPONENTS(0.,0.,0.,0.,0.,0.,0.);
#7=(NAMED_UNIT(*)SI_UNIT($,.STERADIAN.)SOLID_ANGLE_UNIT());
#8=(LENGTH_UNIT()NAMED_UNIT(*)SI_UNIT(.MILLI.,.METRE.));
#9=UNCERTAINTY_MEASURE_WITH_UNIT(LENGTH_MEASURE(1.000000E-05),#8,'DISTANCE_ACCURACY_VALUE','Maximum Tolerance applied to model');
#10=(GEOMETRIC_REPRESENTATION_CONTEXT(3)GLOBAL_UNCERTAINTY_ASSIGNED_CONTEXT((#9))GLOBAL_UNIT_ASSIGNED_CONTEXT((#8,#5,#7))REPRESENTATION_CONTEXT('','root'));
#12=CARTESIAN_POINT('',(0.,0.,0.));
#13=DIRECTION('',(0.,0.,1.));
#14=DIRECTION('',(1.,0.,0.));
#15=AXIS2_PLACEMENT_3D('',#12,#13,#14);
#27=CARTESIAN_POINT('',(149.85,97.5,0.));
#28=DIRECTION('',(0.,-1.,0.));
#29=DIRECTION('',(0.,0.,-1.));
#30=AXIS2_PLACEMENT_3D('',#27,#28,#29);
#31=PLANE('',#30);
#32=CARTESIAN_POINT('',(120.9,97.5,0.));
#33=VERTEX_POINT('',#32);
#34=CARTESIAN_POINT('',(130.4,97.5,0.));
#35=VERTEX_POINT('',#34);
#36=CARTESIAN_POINT('',(120.9,97.5,0.));
#37=DIRECTION('',(1.,0.,-0.));
#38=VECTOR('',#37,9.5);
#39=LINE('',#36,#38);
#40=EDGE_CURVE('',#33,#35,#39,.T.);
#41=ORIENTED_EDGE('',*,*,#40,.T.);
#42=CARTESIAN_POINT('',(130.4,97.5,5.));
#43=VERTEX_POINT('',#42);
#44=CARTESIAN_POINT('',(130.4,97.5,0.));
#45=DIRECTION('',(0.,0.,1.));
#46=VECTOR('',#45,5.);
#47=LINE('',#44,#46);
#48=EDGE_CURVE('',#35,#43,#47,.T.);
#49=ORIENTED_EDGE('',*,*,#48,.T.);
#50=CARTESIAN_POINT('',(120.9,97.5,5.));
#51=VERTEX_POINT('',#50);
#52=CARTESIAN_POINT('',(130.4,97.5,5.));
#53=DIRECTION('',(-1.,0.,0.));
#54=VECTOR('',#53,9.5);
#55=LINE('',#52,#54);
#56=EDGE_CURVE('',#43,#51,#55,.T.);
#57=ORIENTED_EDGE('',*,*,#56,.T.);
#58=CARTESIAN_POINT('',(120.9,97.5,0.));
#59=DIRECTION('',(0.,0.,1.));
#60=VECTOR('',#59,5.);
#61=LINE('',#58,#60);
#62=EDGE_CURVE('',#33,#51,#61,.T.);
#63=ORIENTED_EDGE('',*,*,#62,.F.);
#64=EDGE_LOOP('',(#41,#49,#57,#63));
#65=FACE_BOUND('',#64,.T.);
#66=ADVANCED_FACE('',(#65),#31,.T.);
#67=CARTESIAN_POINT('',(0.,1.,5.));
#68=DIRECTION('',(-0.,0.,1.));
#69=DIRECTION('',(1.,0.,0.));
#70=AXIS2_PLACEMENT_3D('',#67,#68,#69);
#71=PLANE('',#70);
#72=CARTESIAN_POINT('',(119.75,124.,5.));
#73=VERTEX_POINT('',#72);
#74=CARTESIAN_POINT('',(118.95,124.,5.));
#75=DIRECTION('',(-0.,0.,1.));
#76=DIRECTION('',(1.,0.,0.));
#77=AXIS2_PLACEMENT_3D('',#74,#75,#76);
#78=CIRCLE('',#77,0.8);
#79=EDGE_CURVE('',#73,#73,#78,.T.);
#80=ORIENTED_EDGE('',*,*,#79,.F.);
#81=EDGE_LOOP('',(#80));
#82=FACE_BOUND('',#81,.T.);
#83=CARTESIAN_POINT('',(155.05,49.15,5.));
#84=VERTEX_POINT('',#83);
#85=CARTESIAN_POINT('',(154.05,49.15,5.));
#86=DIRECTION('',(-0.,0.,1.));
#87=DIRECTION('',(1.,0.,0.));
#88=AXIS2_PLACEMENT_3D('',#85,#86,#87);
#89=CIRCLE('',#88,1.);
#90=EDGE_CURVE('',#84,#84,#89,.T.);
#91=ORIENTED_EDGE('',*,*,#90,.F.);
#92=EDGE_LOOP('',(#91));
#93=FACE_BOUND('',#92,.T.);
#94=CARTESIAN_POINT('',(119.95,49.15,5.));
#95=VERTEX_POINT('',#94);
#96=CARTESIAN_POINT('',(118.95,49.15,5.));
#97=DIRECTION('',(-0.,0.,1.));
#98=DIRECTION('',(1.,0.,0.));
#99=AXIS2_PLACEMENT_3D('',#96,#97,#98);
#100=CIRCLE('',#99,1.);
#101=EDGE_CURVE('',#95,#95,#100,.T.);
#102=ORIENTED_EDGE('',*,*,#101,.F.);
#103=EDGE_LOOP('',(#102));
#104=FACE_BOUND('',#103,.T.);
#105=ORIENTED_EDGE('',*,*,#56,.F.);
#106=CARTESIAN_POINT('',(130.4,98.5,5.));
#107=VERTEX_POINT('',#106);
#108=CARTESIAN_POINT('',(130.4,97.5,5.));
#109=DIRECTION('',(0.,1.,0.));
#110=VECTOR('',#109,1.);
#111=LINE('',#108,#110);
#112=EDGE_CURVE('',#43,#107,#111,.T.);
#113=ORIENTED_EDGE('',*,*,#112,.T.);
#114=CARTESIAN_POINT('',(131.4,98.5,5.));
#115=VERTEX_POINT('',#114);
#116=CARTESIAN_POINT('',(130.4,98.5,5.));
#117=DIRECTION('',(1.,0.,-0.));
#118=VECTOR('',#117,1.);
#119=LINE('',#116,#118);
#120=EDGE_CURVE('',#107,#115,#119,.T.);
#121=ORIENTED_EDGE('',*,*,#120,.T.);
#122=CARTESIAN_POINT('',(131.4,112.,5.));
#123=VERTEX_POINT('',#122);
#124=CARTESIAN_POINT('',(131.4,98.5,5.));
#125=DIRECTION('',(0.,1.,0.));
#126=VECTOR('',#125,13.5);
#127=LINE('',#124,#126);
#128=EDGE_CURVE('',#115,#123,#127,.T.);
#129=ORIENTED_EDGE('',*,*,#128,.T.);
#130=CARTESIAN_POINT('',(142.6,112.,5.));
#131=VERTEX_POINT('',#130);
#132=CARTESIAN_POINT('',(131.4,112.,5.));
#133=DIRECTION('',(1.,0.,0.));
#134=VECTOR('',#133,11.2);
#135=LINE('',#132,#134);
#136=EDGE_CURVE('',#123,#131,#135,.T.);
#137=ORIENTED_EDGE('',*,*,#136,.T.);
#138=CARTESIAN_POINT('',(142.6,134.,5.));
#139=VERTEX_POINT('',#138);
#140=CARTESIAN_POINT('',(142.6,112.,5.));
#141=DIRECTION('',(0.,1.,0.));
#142=VECTOR('',#141,22.);
#143=LINE('',#140,#142);
#144=EDGE_CURVE('',#131,#139,#143,.T.);
#145=ORIENTED_EDGE('',*,*,#144,.T.);
#146=CARTESIAN_POINT('',(137.5,134.,5.));
#147=VERTEX_POINT('',#146);
#148=CARTESIAN_POINT('',(137.5,134.,5.));
#149=DIRECTION('',(1.,0.,0.));
#150=VECTOR('',#149,5.1);
#151=LINE('',#148,#150);
#152=EDGE_CURVE('',#147,#139,#151,.T.);
#153=ORIENTED_EDGE('',*,*,#152,.F.);
#154=CARTESIAN_POINT('',(137.5,126.291287847,5.));
#155=VERTEX_POINT('',#154);
#156=CARTESIAN_POINT('',(137.5,126.291287847,5.));
#157=DIRECTION('',(0.,1.,0.));
#158=VECTOR('',#157,7.708712153);
#159=LINE('',#156,#158);
#160=EDGE_CURVE('',#155,#147,#159,.T.);
#161=ORIENTED_EDGE('',*,*,#160,.F.);
#162=CARTESIAN_POINT('',(139.,124.,5.));
#163=VERTEX_POINT('',#162);
#164=CARTESIAN_POINT('',(136.5,124.,5.));
#165=DIRECTION('',(-0.,0.,1.));
#166=DIRECTION('',(1.,0.,0.));
#167=AXIS2_PLACEMENT_3D('',#164,#165,#166);
#168=CIRCLE('',#167,2.5);
#169=EDGE_CURVE('',#163,#155,#168,.T.);
#170=ORIENTED_EDGE('',*,*,#169,.F.);
#171=CARTESIAN_POINT('',(137.5,121.708712153,5.));
#172=VERTEX_POINT('',#171);
#173=CARTESIAN_POINT('',(136.5,124.,5.));
#174=DIRECTION('',(-0.,0.,1.));
#175=DIRECTION('',(1.,0.,0.));
#176=AXIS2_PLACEMENT_3D('',#173,#174,#175);
#177=CIRCLE('',#176,2.5);
#178=EDGE_CURVE('',#172,#163,#177,.T.);
#179=ORIENTED_EDGE('',*,*,#178,.F.);
#180=CARTESIAN_POINT('',(137.5,116.,5.));
#181=VERTEX_POINT('',#180);
#182=CARTESIAN_POINT('',(137.5,116.,5.));
#183=DIRECTION('',(0.,1.,0.));
#184=VECTOR('',#183,5.708712153);
#185=LINE('',#182,#184);
#186=EDGE_CURVE('',#181,#172,#185,.T.);
#187=ORIENTED_EDGE('',*,*,#186,.F.);
#188=CARTESIAN_POINT('',(135.5,116.,5.));
#189=VERTEX_POINT('',#188);
#190=CARTESIAN_POINT('',(135.5,116.,5.));
#191=DIRECTION('',(1.,0.,0.));
#192=VECTOR('',#191,2.);
#193=LINE('',#190,#192);
#194=EDGE_CURVE('',#189,#181,#193,.T.);
#195=ORIENTED_EDGE('',*,*,#194,.F.);
#196=CARTESIAN_POINT('',(135.5,121.708712153,5.));
#197=VERTEX_POINT('',#196);
#198=CARTESIAN_POINT('',(135.5,121.708712153,5.));
#199=DIRECTION('',(0.,-1.,0.));
#200=VECTOR('',#199,5.708712153);
#201=LINE('',#198,#200);
#202=EDGE_CURVE('',#197,#189,#201,.T.);
#203=ORIENTED_EDGE('',*,*,#202,.F.);
#204=CARTESIAN_POINT('',(135.494023904,126.288670377,5.));
#205=VERTEX_POINT('',#204);
#206=CARTESIAN_POINT('',(136.5,124.,5.));
#207=DIRECTION('',(-0.,0.,1.));
#208=DIRECTION('',(1.,0.,0.));
#209=AXIS2_PLACEMENT_3D('',#206,#207,#208);
#210=CIRCLE('',#209,2.5);
#211=EDGE_CURVE('',#205,#197,#210,.T.);
#212=ORIENTED_EDGE('',*,*,#211,.F.);
#213=CARTESIAN_POINT('',(135.5,126.297825059,5.));
#214=VERTEX_POINT('',#213);
#215=CARTESIAN_POINT('',(135.49,126.297825059,5.));
#216=DIRECTION('',(-0.,0.,1.));
#217=DIRECTION('',(1.,0.,0.));
#218=AXIS2_PLACEMENT_3D('',#215,#216,#217);
#219=CIRCLE('',#218,0.01);
#220=EDGE_CURVE('',#205,#214,#219,.T.);
#221=ORIENTED_EDGE('',*,*,#220,.T.);
#222=CARTESIAN_POINT('',(135.5,134.,5.));
#223=VERTEX_POINT('',#222);
#224=CARTESIAN_POINT('',(135.5,134.,5.));
#225=DIRECTION('',(0.,-1.,0.));
#226=VECTOR('',#225,7.702174941);
#227=LINE('',#224,#226);
#228=EDGE_CURVE('',#223,#214,#227,.T.);
#229=ORIENTED_EDGE('',*,*,#228,.F.);
#230=CARTESIAN_POINT('',(117.5,134.,5.));
#231=VERTEX_POINT('',#230);
#232=CARTESIAN_POINT('',(135.5,134.,5.));
#233=DIRECTION('',(-1.,0.,-0.));
#234=VECTOR('',#233,18.);
#235=LINE('',#232,#234);
#236=EDGE_CURVE('',#223,#231,#235,.T.);
#237=ORIENTED_EDGE('',*,*,#236,.T.);
#238=CARTESIAN_POINT('',(116.5,133.,5.));
#239=VERTEX_POINT('',#238);
#240=CARTESIAN_POINT('',(117.5,133.,5.));
#241=DIRECTION('',(-0.,0.,1.));
#242=DIRECTION('',(1.,0.,0.));
#243=AXIS2_PLACEMENT_3D('',#240,#241,#242);
#244=CIRCLE('',#243,1.);
#245=EDGE_CURVE('',#231,#239,#244,.T.);
#246=ORIENTED_EDGE('',*,*,#245,.T.);
#247=CARTESIAN_POINT('',(116.5,47.5,5.));
#248=VERTEX_POINT('',#247);
#249=CARTESIAN_POINT('',(116.5,47.5,5.));
#250=DIRECTION('',(0.,1.,0.));
#251=VECTOR('',#250,85.5);
#252=LINE('',#249,#251);
#253=EDGE_CURVE('',#248,#239,#252,.T.);
#254=ORIENTED_EDGE('',*,*,#253,.F.);
#255=CARTESIAN_POINT('',(117.5,46.5,5.));
#256=VERTEX_POINT('',#255);
#257=CARTESIAN_POINT('',(117.5,47.5,5.));
#258=DIRECTION('',(-0.,0.,1.));
#259=DIRECTION('',(1.,0.,0.));
#260=AXIS2_PLACEMENT_3D('',#257,#258,#259);
#261=CIRCLE('',#260,1.);
#262=EDGE_CURVE('',#248,#256,#261,.T.);
#263=ORIENTED_EDGE('',*,*,#262,.T.);
#264=CARTESIAN_POINT('',(155.5,46.5,5.));
#265=VERTEX_POINT('',#264);
#266=CARTESIAN_POINT('',(117.5,46.5,5.));
#267=DIRECTION('',(1.,0.,0.));
#268=VECTOR('',#267,38.);
#269=LINE('',#266,#268);
#270=EDGE_CURVE('',#256,#265,#269,.T.);
#271=ORIENTED_EDGE('',*,*,#270,.T.);
#272=CARTESIAN_POINT('',(156.5,47.5,5.));
#273=VERTEX_POINT('',#272);
#274=CARTESIAN_POINT('',(155.5,47.5,5.));
#275=DIRECTION('',(-0.,0.,1.));
#276=DIRECTION('',(1.,0.,0.));
#277=AXIS2_PLACEMENT_3D('',#274,#275,#276);
#278=CIRCLE('',#277,1.);
#279=EDGE_CURVE('',#265,#273,#278,.T.);
#280=ORIENTED_EDGE('',*,*,#279,.T.);
#281=CARTESIAN_POINT('',(156.5,54.4,5.));
#282=VERTEX_POINT('',#281);
#283=CARTESIAN_POINT('',(156.5,47.5,5.));
#284=DIRECTION('',(0.,1.,0.));
#285=VECTOR('',#284,6.9);
#286=LINE('',#283,#285);
#287=EDGE_CURVE('',#273,#282,#286,.T.);
#288=ORIENTED_EDGE('',*,*,#287,.T.);
#289=CARTESIAN_POINT('',(152.1,54.4,5.));
#290=VERTEX_POINT('',#289);
#291=CARTESIAN_POINT('',(156.5,54.4,5.));
#292=DIRECTION('',(-1.,0.,-0.));
#293=VECTOR('',#292,4.4);
#294=LINE('',#291,#293);
#295=EDGE_CURVE('',#282,#290,#294,.T.);
#296=ORIENTED_EDGE('',*,*,#295,.T.);
#297=CARTESIAN_POINT('',(152.1,51.3,5.));
#298=VERTEX_POINT('',#297);
#299=CARTESIAN_POINT('',(152.1,51.3,5.));
#300=DIRECTION('',(0.,1.,0.));
#301=VECTOR('',#300,3.1);
#302=LINE('',#299,#301);
#303=EDGE_CURVE('',#298,#290,#302,.T.);
#304=ORIENTED_EDGE('',*,*,#303,.F.);
#305=CARTESIAN_POINT('',(120.9,51.3,5.));
#306=VERTEX_POINT('',#305);
#307=CARTESIAN_POINT('',(120.9,51.3,5.));
#308=DIRECTION('',(1.,-0.,0.));
#309=VECTOR('',#308,31.2);
#310=LINE('',#307,#309);
#311=EDGE_CURVE('',#306,#298,#310,.T.);
#312=ORIENTED_EDGE('',*,*,#311,.F.);
#313=CARTESIAN_POINT('',(120.9,97.5,5.));
#314=DIRECTION('',(-0.,-1.,0.));
#315=VECTOR('',#314,46.2);
#316=LINE('',#313,#315);
#317=EDGE_CURVE('',#51,#306,#316,.T.);
#318=ORIENTED_EDGE('',*,*,#317,.F.);
#319=EDGE_LOOP('',(#105,#113,#121,#129,#137,#145,#153,#161,#170,#179,#187,#195,#203,#212,#221,#229,#237,#246,#254,#263,#271,#280,#288,#296,#304,#312,
#318));
#320=FACE_BOUND('',#319,.T.);
#321=ADVANCED_FACE('',(#82,#93,#104,#320),#71,.T.);
#322=CARTESIAN_POINT('',(0.,0.,-2.));
#323=DIRECTION('',(-0.,0.,1.));
#324=DIRECTION('',(1.,0.,0.));
#325=AXIS2_PLACEMENT_3D('',#322,#323,#324);
#326=PLANE('',#325);
#327=CARTESIAN_POINT('',(149.100242758,111.759485835,-2.));
#328=VERTEX_POINT('',#327);
#329=CARTESIAN_POINT('',(147.648318315,111.527176732,-2.));
#330=VERTEX_POINT('',#329);
#331=CARTESIAN_POINT('',(149.100242758,111.759485835,-2.));
#332=CARTESIAN_POINT('',(148.563532734,111.759470934,-2.));
#333=CARTESIAN_POINT('',(148.07955792,111.6820445,-2.));
#334=CARTESIAN_POINT('',(147.648318315,111.527176732,-2.));
#335=B_SPLINE_CURVE_WITH_KNOTS('',3,(#331,#332,#333,#334),.UNSPECIFIED.,.F.,.F.,(4,4),(0.581983766,0.651622636),.UNSPECIFIED.);
#336=EDGE_CURVE('',#328,#330,#335,.T.);
#337=ORIENTED_EDGE('',*,*,#336,.T.);
#338=CARTESIAN_POINT('',(146.492777967,110.822232598,-2.));
#339=VERTEX_POINT('',#338);
#340=CARTESIAN_POINT('',(147.648318315,111.527176732,-2.));
#341=CARTESIAN_POINT('',(147.217063808,111.372294062,-2.));
#342=CARTESIAN_POINT('',(146.831883693,111.137317652,-2.));
#343=CARTESIAN_POINT('',(146.492777967,110.822232598,-2.));
#344=B_SPLINE_CURVE_WITH_KNOTS('',3,(#340,#341,#342,#343),.UNSPECIFIED.,.F.,.F.,(4,4),(0.651622636,0.721264403),.UNSPECIFIED.);
#345=EDGE_CURVE('',#330,#339,#344,.T.);
#346=ORIENTED_EDGE('',*,*,#345,.T.);
#347=CARTESIAN_POINT('',(145.861937308,109.98711192,-2.));
#348=VERTEX_POINT('',#347);
#349=CARTESIAN_POINT('',(146.492777967,110.822232598,-2.));
#350=CARTESIAN_POINT('',(146.199046278,110.547186965,-2.));
#351=CARTESIAN_POINT('',(145.988761091,110.268833274,-2.));
#352=CARTESIAN_POINT('',(145.861937308,109.98711192,-2.));
#353=B_SPLINE_CURVE_WITH_KNOTS('',3,(#349,#350,#351,#352),.UNSPECIFIED.,.F.,.F.,(4,4),(0.721264403,0.781805365),.UNSPECIFIED.);
#354=EDGE_CURVE('',#339,#348,#353,.T.);
#355=ORIENTED_EDGE('',*,*,#354,.T.);
#356=CARTESIAN_POINT('',(146.564869785,106.640653843,-2.));
#357=VERTEX_POINT('',#356);
#358=CARTESIAN_POINT('',(145.861937308,109.98711192,-2.));
#359=CARTESIAN_POINT('',(145.735098624,109.705405468,-2.));
#360=CARTESIAN_POINT('',(145.671679282,109.372290009,-2.));
#361=CARTESIAN_POINT('',(145.671679282,108.987780446,-2.));
#362=CARTESIAN_POINT('',(145.671679282,107.986452216,-2.));
#363=CARTESIAN_POINT('',(145.969404483,107.204066747,-2.));
#364=CARTESIAN_POINT('',(146.564869785,106.640653843,-2.));
#365=B_SPLINE_CURVE_WITH_KNOTS('',3,(#358,#359,#360,#361,#362,#363,#364),.UNSPECIFIED.,.F.,.F.,(4,3,4),(0.781805365,0.842344862,1.),.UNSPECIFIED.);
#366=EDGE_CURVE('',#348,#357,#365,.T.);
#367=ORIENTED_EDGE('',*,*,#366,.T.);
#368=CARTESIAN_POINT('',(150.237767601,105.907680625,-2.));
#369=VERTEX_POINT('',#368);
#370=CARTESIAN_POINT('',(146.564869785,106.640653843,-2.));
#371=CARTESIAN_POINT('',(147.160335088,106.077240938,-2.));
#372=CARTESIAN_POINT('',(147.986768389,105.795534486,-2.));
#373=CARTESIAN_POINT('',(149.044169688,105.795534486,-2.));
#374=CARTESIAN_POINT('',(149.508787894,105.795534486,-2.));
#375=CARTESIAN_POINT('',(149.906663799,105.832906598,-2.));
#376=CARTESIAN_POINT('',(150.237767601,105.907680625,-2.));
#377=B_SPLINE_CURVE_WITH_KNOTS('',3,(#370,#371,#372,#373,#374,#375,#376),.UNSPECIFIED.,.F.,.F.,(4,3,4),(0.,0.092970957,0.13382205),.UNSPECIFIED.);
#378=EDGE_CURVE('',#357,#369,#377,.T.);
#379=ORIENTED_EDGE('',*,*,#378,.T.);
#380=CARTESIAN_POINT('',(151.022805476,106.248127455,-2.));
#381=VERTEX_POINT('',#380);
#382=CARTESIAN_POINT('',(150.237767601,105.907680625,-2.));
#383=CARTESIAN_POINT('',(150.568871403,105.98243975,-2.));
#384=CARTESIAN_POINT('',(150.830550694,106.095926994,-2.));
#385=CARTESIAN_POINT('',(151.022805476,106.248127455,-2.));
#386=B_SPLINE_CURVE_WITH_KNOTS('',3,(#382,#383,#384,#385),.UNSPECIFIED.,.F.,.F.,(4,4),(0.13382205,0.174672748),.UNSPECIFIED.);
#387=EDGE_CURVE('',#369,#381,#386,.T.);
#388=ORIENTED_EDGE('',*,*,#387,.T.);
#389=CARTESIAN_POINT('',(151.853917742,107.325570816,-2.));
#390=VERTEX_POINT('',#389);
#391=CARTESIAN_POINT('',(151.022805476,106.248127455,-2.));
#392=CARTESIAN_POINT('',(151.3939785,106.539191836,-2.));
#393=CARTESIAN_POINT('',(151.671005988,106.898324722,-2.));
#394=CARTESIAN_POINT('',(151.853917742,107.325570816,-2.));
#395=B_SPLINE_CURVE_WITH_KNOTS('',3,(#391,#392,#393,#394),.UNSPECIFIED.,.F.,.F.,(4,4),(0.174672748,0.253253889),.UNSPECIFIED.);
#396=EDGE_CURVE('',#381,#390,#395,.T.);
#397=ORIENTED_EDGE('',*,*,#396,.T.);
#398=CARTESIAN_POINT('',(151.337234879,110.994460219,-2.));
#399=VERTEX_POINT('',#398);
#400=CARTESIAN_POINT('',(151.853917742,107.325570816,-2.));
#401=CARTESIAN_POINT('',(152.036829495,107.752802008,-2.));
#402=CARTESIAN_POINT('',(152.128292823,108.257474536,-2.));
#403=CARTESIAN_POINT('',(152.128292823,108.839588398,-2.));
#404=CARTESIAN_POINT('',(152.128292823,109.766157502,-2.));
#405=CARTESIAN_POINT('',(151.864601874,110.484438175,-2.));
#406=CARTESIAN_POINT('',(151.337234879,110.994460219,-2.));
#407=B_SPLINE_CURVE_WITH_KNOTS('',3,(#400,#401,#402,#403,#404,#405,#406),.UNSPECIFIED.,.F.,.F.,(4,3,4),(0.253253889,0.331832714,0.456909123),.UNSPECIFIED.);
#408=EDGE_CURVE('',#390,#399,#407,.T.);
#409=ORIENTED_EDGE('',*,*,#408,.T.);
#410=CARTESIAN_POINT('',(151.337234879,110.994460219,-2.));
#411=CARTESIAN_POINT('',(150.809867883,111.504467362,-2.));
#412=CARTESIAN_POINT('',(150.064198875,111.759470934,-2.));
#413=CARTESIAN_POINT('',(149.100242758,111.759485835,-2.));
#414=B_SPLINE_CURVE_WITH_KNOTS('',3,(#410,#411,#412,#413),.UNSPECIFIED.,.F.,.F.,(4,4),(0.456909123,0.581983766),.UNSPECIFIED.);
#415=EDGE_CURVE('',#399,#328,#414,.T.);
#416=ORIENTED_EDGE('',*,*,#415,.T.);
#417=EDGE_LOOP('',(#337,#346,#355,#367,#379,#388,#397,#409,#416));
#418=FACE_BOUND('',#417,.T.);
#419=CARTESIAN_POINT('',(147.648318315,98.645987147,-2.));
#420=VERTEX_POINT('',#419);
#421=CARTESIAN_POINT('',(146.492777967,97.941057914,-2.));
#422=VERTEX_POINT('',#421);
#423=CARTESIAN_POINT('',(147.648318315,98.645987147,-2.));
#424=CARTESIAN_POINT('',(147.217063808,98.491119379,-2.));
#425=CARTESIAN_POINT('',(146.831883693,98.256142968,-2.));
#426=CARTESIAN_POINT('',(146.492777967,97.941057914,-2.));
#427=B_SPLINE_CURVE_WITH_KNOTS('',3,(#423,#424,#425,#426),.UNSPECIFIED.,.F.,.F.,(4,4),(0.651631138,0.721271919),.UNSPECIFIED.);
#428=EDGE_CURVE('',#420,#422,#427,.T.);
#429=ORIENTED_EDGE('',*,*,#428,.T.);
#430=CARTESIAN_POINT('',(145.861937308,97.105937237,-2.));
#431=VERTEX_POINT('',#430);
#432=CARTESIAN_POINT('',(146.492777967,97.941057914,-2.));
#433=CARTESIAN_POINT('',(146.199046278,97.666027182,-2.));
#434=CARTESIAN_POINT('',(145.988761091,97.387643689,-2.));
#435=CARTESIAN_POINT('',(145.861937308,97.105937237,-2.));
#436=B_SPLINE_CURVE_WITH_KNOTS('',3,(#432,#433,#434,#435),.UNSPECIFIED.,.F.,.F.,(4,4),(0.721271919,0.781810491),.UNSPECIFIED.);
#437=EDGE_CURVE('',#422,#431,#436,.T.);
#438=ORIENTED_EDGE('',*,*,#437,.T.);
#439=CARTESIAN_POINT('',(146.564869785,93.759479159,-2.));
#440=VERTEX_POINT('',#439);
#441=CARTESIAN_POINT('',(145.861937308,97.105937237,-2.));
#442=CARTESIAN_POINT('',(145.735098624,96.824230784,-2.));
#443=CARTESIAN_POINT('',(145.671679282,96.491130227,-2.));
#444=CARTESIAN_POINT('',(145.671679282,96.106605762,-2.));
#445=CARTESIAN_POINT('',(145.671679282,95.105277532,-2.));
#446=CARTESIAN_POINT('',(145.969404483,94.322892064,-2.));
#447=CARTESIAN_POINT('',(146.564869785,93.759479159,-2.));
#448=B_SPLINE_CURVE_WITH_KNOTS('',3,(#441,#442,#443,#444,#445,#446,#447),.UNSPECIFIED.,.F.,.F.,(4,3,4),(0.781810491,0.842350261,1.),.UNSPECIFIED.);
#449=EDGE_CURVE('',#431,#440,#448,.T.);
#450=ORIENTED_EDGE('',*,*,#449,.T.);
#451=CARTESIAN_POINT('',(150.237767601,93.026505941,-2.));
#452=VERTEX_POINT('',#451);
#453=CARTESIAN_POINT('',(146.564869785,93.759479159,-2.));
#454=CARTESIAN_POINT('',(147.160335088,93.196058804,-2.));
#455=CARTESIAN_POINT('',(147.986768389,92.914352351,-2.));
#456=CARTESIAN_POINT('',(149.044169688,92.914352351,-2.));
#457=CARTESIAN_POINT('',(149.508787894,92.914352351,-2.));
#458=CARTESIAN_POINT('',(149.906663799,92.951731914,-2.));
#459=CARTESIAN_POINT('',(150.237767601,93.026505941,-2.));
#460=B_SPLINE_CURVE_WITH_KNOTS('',3,(#453,#454,#455,#456,#457,#458,#459),.UNSPECIFIED.,.F.,.F.,(4,3,4),(0.,0.092973496,0.133825705),.UNSPECIFIED.);
#461=EDGE_CURVE('',#440,#452,#460,.T.);
#462=ORIENTED_EDGE('',*,*,#461,.T.);
#463=CARTESIAN_POINT('',(151.022805476,93.366952771,-2.));
#464=VERTEX_POINT('',#463);
#465=CARTESIAN_POINT('',(150.237767601,93.026505941,-2.));
#466=CARTESIAN_POINT('',(150.568871403,93.101265067,-2.));
#467=CARTESIAN_POINT('',(150.830550694,93.214752311,-2.));
#468=CARTESIAN_POINT('',(151.022805476,93.366952771,-2.));
#469=B_SPLINE_CURVE_WITH_KNOTS('',3,(#465,#466,#467,#468),.UNSPECIFIED.,.F.,.F.,(4,4),(0.133825705,0.174677519),.UNSPECIFIED.);
#470=EDGE_CURVE('',#452,#464,#469,.T.);
#471=ORIENTED_EDGE('',*,*,#470,.T.);
#472=CARTESIAN_POINT('',(151.853917742,94.444396132,-2.));
#473=VERTEX_POINT('',#472);
#474=CARTESIAN_POINT('',(151.022805476,93.366952771,-2.));
#475=CARTESIAN_POINT('',(151.3939785,93.658002251,-2.));
#476=CARTESIAN_POINT('',(151.671005988,94.017150038,-2.));
#477=CARTESIAN_POINT('',(151.853917742,94.444396132,-2.));
#478=B_SPLINE_CURVE_WITH_KNOTS('',3,(#474,#475,#476,#477),.UNSPECIFIED.,.F.,.F.,(4,4),(0.174677519,0.253259275),.UNSPECIFIED.);
#479=EDGE_CURVE('',#464,#473,#478,.T.);
#480=ORIENTED_EDGE('',*,*,#479,.T.);
#481=CARTESIAN_POINT('',(151.337234879,98.113285536,-2.));
#482=VERTEX_POINT('',#481);
#483=CARTESIAN_POINT('',(151.853917742,94.444396132,-2.));
#484=CARTESIAN_POINT('',(152.036829495,94.871627325,-2.));
#485=CARTESIAN_POINT('',(152.128292823,95.376299852,-2.));
#486=CARTESIAN_POINT('',(152.128292823,95.958413714,-2.));
#487=CARTESIAN_POINT('',(152.128292823,96.884982818,-2.));
#488=CARTESIAN_POINT('',(151.864601874,97.603263491,-2.));
#489=CARTESIAN_POINT('',(151.337234879,98.113285536,-2.));
#490=B_SPLINE_CURVE_WITH_KNOTS('',3,(#483,#484,#485,#486,#487,#488,#489),.UNSPECIFIED.,.F.,.F.,(4,3,4),(0.253259275,0.331838715,0.456916102),.UNSPECIFIED.);
#491=EDGE_CURVE('',#473,#482,#490,.T.);
#492=ORIENTED_EDGE('',*,*,#491,.T.);
#493=CARTESIAN_POINT('',(151.337234879,98.113285536,-2.));
#494=CARTESIAN_POINT('',(150.809867883,98.623292679,-2.));
#495=CARTESIAN_POINT('',(150.064198875,98.87829625,-2.));
#496=CARTESIAN_POINT('',(149.100242758,98.87829625,-2.));
#497=CARTESIAN_POINT('',(148.563532734,98.87829625,-2.));
#498=CARTESIAN_POINT('',(148.07955792,98.800869817,-2.));
#499=CARTESIAN_POINT('',(147.648318315,98.645987147,-2.));
#500=B_SPLINE_CURVE_WITH_KNOTS('',3,(#493,#494,#495,#496,#497,#498,#499),.UNSPECIFIED.,.F.,.F.,(4,3,4),(0.456916102,0.581991724,0.651631138),.UNSPECIFIED.);
#501=EDGE_CURVE('',#482,#420,#500,.T.);
#502=ORIENTED_EDGE('',*,*,#501,.T.);
#503=EDGE_LOOP('',(#429,#438,#450,#462,#471,#480,#492,#502));
#504=FACE_BOUND('',#503,.T.);
#505=CARTESIAN_POINT('',(148.275150561,82.656676108,-2.));
#506=VERTEX_POINT('',#505);
#507=CARTESIAN_POINT('',(148.347242379,80.910349423,-2.));
#508=VERTEX_POINT('',#507);
#509=CARTESIAN_POINT('',(148.275150561,82.656676108,-2.));
#510=DIRECTION('',(0.041246845,-0.999148987,0.));
#511=VECTOR('',#510,1.747814098);
#512=LINE('',#509,#511);
#513=EDGE_CURVE('',#506,#508,#512,.T.);
#514=ORIENTED_EDGE('',*,*,#513,.T.);
#515=CARTESIAN_POINT('',(148.223085904,79.644659692,-2.));
#516=VERTEX_POINT('',#515);
#517=CARTESIAN_POINT('',(148.347242379,80.910349423,-2.));
#518=DIRECTION('',(-0.097625355,-0.995223236,-0.));
#519=VECTOR('',#518,1.27176465);
#520=LINE('',#517,#519);
#521=EDGE_CURVE('',#508,#516,#520,.T.);
#522=ORIENTED_EDGE('',*,*,#521,.T.);
#523=CARTESIAN_POINT('',(147.305859828,79.644659692,-2.));
#524=VERTEX_POINT('',#523);
#525=CARTESIAN_POINT('',(148.223085904,79.644659692,-2.));
#526=DIRECTION('',(-1.,0.,-0.));
#527=VECTOR('',#526,0.917226076);
#528=LINE('',#525,#527);
#529=EDGE_CURVE('',#516,#524,#528,.T.);
#530=ORIENTED_EDGE('',*,*,#529,.T.);
#531=CARTESIAN_POINT('',(147.305859828,79.832913512,-2.));
#532=VERTEX_POINT('',#531);
#533=CARTESIAN_POINT('',(147.305859828,79.644659692,-2.));
#534=DIRECTION('',(0.,1.,0.));
#535=VECTOR('',#534,0.18825382);
#536=LINE('',#533,#535);
#537=EDGE_CURVE('',#524,#532,#536,.T.);
#538=ORIENTED_EDGE('',*,*,#537,.T.);
#539=CARTESIAN_POINT('',(147.317870164,82.192057902,-2.));
#540=VERTEX_POINT('',#539);
#541=CARTESIAN_POINT('',(147.305859828,79.832913512,-2.));
#542=CARTESIAN_POINT('',(147.305859828,80.818222994,-2.));
#543=CARTESIAN_POINT('',(147.30986824,81.604601973,-2.));
#544=CARTESIAN_POINT('',(147.317870164,82.192057902,-2.));
#545=B_SPLINE_CURVE_WITH_KNOTS('',3,(#541,#542,#543,#544),.UNSPECIFIED.,.F.,.F.,(4,4),(0.,0.173947617),.UNSPECIFIED.);
#546=EDGE_CURVE('',#532,#540,#545,.T.);
#547=ORIENTED_EDGE('',*,*,#546,.T.);
#548=CARTESIAN_POINT('',(147.353916073,83.369629616,-2.));
#549=VERTEX_POINT('',#548);
#550=CARTESIAN_POINT('',(147.317870164,82.192057902,-2.));
#551=CARTESIAN_POINT('',(147.325886989,82.779506379,-2.));
#552=CARTESIAN_POINT('',(147.337897325,83.172025317,-2.));
#553=CARTESIAN_POINT('',(147.353916073,83.369629616,-2.));
#554=B_SPLINE_CURVE_WITH_KNOTS('',3,(#550,#551,#552,#553),.UNSPECIFIED.,.F.,.F.,(4,4),(0.173947617,0.347893089),.UNSPECIFIED.);
#555=EDGE_CURVE('',#540,#549,#554,.T.);
#556=ORIENTED_EDGE('',*,*,#555,.T.);
#557=CARTESIAN_POINT('',(145.755796337,83.441721433,-2.));
#558=VERTEX_POINT('',#557);
#559=CARTESIAN_POINT('',(147.353916073,83.369629616,-2.));
#560=CARTESIAN_POINT('',(147.062866592,83.369629616,-2.));
#561=CARTESIAN_POINT('',(146.784498,83.375634784,-2.));
#562=CARTESIAN_POINT('',(146.518810296,83.38765257,-2.));
#563=CARTESIAN_POINT('',(146.253122592,83.399670357,-2.));
#564=CARTESIAN_POINT('',(145.998774672,83.41768586,-2.));
#565=CARTESIAN_POINT('',(145.755796337,83.441721433,-2.));
#566=B_SPLINE_CURVE_WITH_KNOTS('',3,(#559,#560,#561,#562,#563,#564,#565),.UNSPECIFIED.,.F.,.F.,(4,3,4),(0.347893089,0.603258019,0.858622948),.UNSPECIFIED.);
#567=EDGE_CURVE('',#549,#558,#566,.T.);
#568=ORIENTED_EDGE('',*,*,#567,.T.);
#569=CARTESIAN_POINT('',(145.723743939,83.383644158,-2.));
#570=VERTEX_POINT('',#569);
#571=CARTESIAN_POINT('',(145.755796337,83.441721433,-2.));
#572=CARTESIAN_POINT('',(145.739762688,83.420360619,-2.));
#573=CARTESIAN_POINT('',(145.729093456,83.40099656,-2.));
#574=CARTESIAN_POINT('',(145.723743939,83.383644158,-2.));
#575=B_SPLINE_CURVE_WITH_KNOTS('',3,(#571,#572,#573,#574),.UNSPECIFIED.,.F.,.F.,(4,4),(0.858622948,0.886557021),.UNSPECIFIED.);
#576=EDGE_CURVE('',#558,#570,#575,.T.);
#577=ORIENTED_EDGE('',*,*,#576,.T.);
#578=CARTESIAN_POINT('',(145.719735527,83.145322436,-2.));
#579=VERTEX_POINT('',#578);
#580=CARTESIAN_POINT('',(145.723743939,83.383644158,-2.));
#581=CARTESIAN_POINT('',(145.718409324,83.366291755,-2.));
#582=CARTESIAN_POINT('',(145.715742016,83.342926735,-2.));
#583=CARTESIAN_POINT('',(145.715742016,83.313549095,-2.));
#584=CARTESIAN_POINT('',(145.715742016,83.297530347,-2.));
#585=CARTESIAN_POINT('',(145.717068219,83.241457278,-2.));
#586=CARTESIAN_POINT('',(145.719735527,83.145322436,-2.));
#587=B_SPLINE_CURVE_WITH_KNOTS('',3,(#580,#581,#582,#583,#584,#585,#586),.UNSPECIFIED.,.F.,.F.,(4,3,4),(0.886557021,0.914484349,0.929712286),.UNSPECIFIED.);
#588=EDGE_CURVE('',#570,#579,#587,.T.);
#589=ORIENTED_EDGE('',*,*,#588,.T.);
#590=CARTESIAN_POINT('',(145.771815085,81.8115493,-2.));
#591=VERTEX_POINT('',#590);
#592=CARTESIAN_POINT('',(145.719735527,83.145322436,-2.));
#593=CARTESIAN_POINT('',(145.7437711,82.702072495,-2.));
#594=CARTESIAN_POINT('',(145.761130953,82.257473999,-2.));
#595=CARTESIAN_POINT('',(145.771815085,81.8115493,-2.));
#596=B_SPLINE_CURVE_WITH_KNOTS('',3,(#592,#593,#594,#595),.UNSPECIFIED.,.F.,.F.,(4,4),(0.929712286,1.),.UNSPECIFIED.);
#597=EDGE_CURVE('',#579,#591,#596,.T.);
#598=ORIENTED_EDGE('',*,*,#597,.T.);
#599=CARTESIAN_POINT('',(145.81987133,79.98110556,-2.));
#600=VERTEX_POINT('',#599);
#601=CARTESIAN_POINT('',(145.771815085,81.8115493,-2.));
#602=DIRECTION('',(0.026244834,-0.999655545,0.));
#603=VECTOR('',#602,1.831074463);
#604=LINE('',#601,#603);
#605=EDGE_CURVE('',#591,#600,#604,.T.);
#606=ORIENTED_EDGE('',*,*,#605,.T.);
#607=CARTESIAN_POINT('',(145.731760764,78.194724554,-2.));
#608=VERTEX_POINT('',#607);
#609=CARTESIAN_POINT('',(145.81987133,79.98110556,-2.));
#610=DIRECTION('',(-0.049263613,-0.998785811,-0.));
#611=VECTOR('',#610,1.788552647);
#612=LINE('',#609,#611);
#613=EDGE_CURVE('',#600,#608,#612,.T.);
#614=ORIENTED_EDGE('',*,*,#613,.T.);
#615=CARTESIAN_POINT('',(149.168341064,78.322896892,-2.));
#616=VERTEX_POINT('',#615);
#617=CARTESIAN_POINT('',(145.731760764,78.194724554,-2.));
#618=DIRECTION('',(0.999305211,0.037270564,0.));
#619=VECTOR('',#618,3.438969658);
#620=LINE('',#617,#619);
#621=EDGE_CURVE('',#608,#616,#620,.T.);
#622=ORIENTED_EDGE('',*,*,#621,.T.);
#623=CARTESIAN_POINT('',(151.711730862,78.178705806,-2.));
#624=VERTEX_POINT('',#623);
#625=CARTESIAN_POINT('',(149.168341064,78.322896892,-2.));
#626=DIRECTION('',(0.998396845,-0.056601597,0.));
#627=VECTOR('',#626,2.547473794);
#628=LINE('',#625,#627);
#629=EDGE_CURVE('',#616,#624,#628,.T.);
#630=ORIENTED_EDGE('',*,*,#629,.T.);
#631=CARTESIAN_POINT('',(151.883958483,81.62329548,-2.));
#632=VERTEX_POINT('',#631);
#633=CARTESIAN_POINT('',(151.711730862,78.178705806,-2.));
#634=DIRECTION('',(0.049937078,0.998752366,0.));
#635=VECTOR('',#634,3.448892631);
#636=LINE('',#633,#635);
#637=EDGE_CURVE('',#624,#632,#636,.T.);
#638=ORIENTED_EDGE('',*,*,#637,.T.);
#639=CARTESIAN_POINT('',(151.867939734,83.269493812,-2.));
#640=VERTEX_POINT('',#639);
#641=CARTESIAN_POINT('',(151.883958483,81.62329548,-2.));
#642=DIRECTION('',(-0.009730292,0.99995266,-0.));
#643=VECTOR('',#642,1.646276268);
#644=LINE('',#641,#643);
#645=EDGE_CURVE('',#632,#640,#644,.T.);
#646=ORIENTED_EDGE('',*,*,#645,.T.);
#647=CARTESIAN_POINT('',(150.774477625,83.261484438,-2.));
#648=VERTEX_POINT('',#647);
#649=CARTESIAN_POINT('',(151.867939734,83.269493812,-2.));
#650=DIRECTION('',(-0.999973175,-0.007324588,-0.));
#651=VECTOR('',#650,1.093491443);
#652=LINE('',#649,#651);
#653=EDGE_CURVE('',#640,#648,#652,.T.);
#654=ORIENTED_EDGE('',*,*,#653,.T.);
#655=CARTESIAN_POINT('',(150.758458877,81.771494979,-2.));
#656=VERTEX_POINT('',#655);
#657=CARTESIAN_POINT('',(150.774477625,83.261484438,-2.));
#658=DIRECTION('',(-0.010750293,-0.999942214,-0.));
#659=VECTOR('',#658,1.490075565);
#660=LINE('',#657,#659);
#661=EDGE_CURVE('',#648,#656,#660,.T.);
#662=ORIENTED_EDGE('',*,*,#661,.T.);
#663=CARTESIAN_POINT('',(150.686367059,80.277504557,-2.));
#664=VERTEX_POINT('',#663);
#665=CARTESIAN_POINT('',(150.758458877,81.771494979,-2.));
#666=DIRECTION('',(-0.048198456,-0.998837779,-0.));
#667=VECTOR('',#666,1.495728789);
#668=LINE('',#665,#667);
#669=EDGE_CURVE('',#656,#664,#668,.T.);
#670=ORIENTED_EDGE('',*,*,#669,.T.);
#671=CARTESIAN_POINT('',(149.552850628,80.333577627,-2.));
#672=VERTEX_POINT('',#671);
#673=CARTESIAN_POINT('',(150.686367059,80.277504557,-2.));
#674=DIRECTION('',(-0.998778687,0.04940783,-0.));
#675=VECTOR('',#674,1.134902502);
#676=LINE('',#673,#675);
#677=EDGE_CURVE('',#664,#672,#676,.T.);
#678=ORIENTED_EDGE('',*,*,#677,.T.);
#679=CARTESIAN_POINT('',(149.544833803,80.690050656,-2.));
#680=VERTEX_POINT('',#679);
#681=CARTESIAN_POINT('',(149.552850628,80.333577627,-2.));
#682=CARTESIAN_POINT('',(149.552850628,80.37095719,-2.));
#683=CARTESIAN_POINT('',(149.551509523,80.416353577,-2.));
#684=CARTESIAN_POINT('',(149.548842216,80.469759339,-2.));
#685=CARTESIAN_POINT('',(149.546174908,80.523165101,-2.));
#686=CARTESIAN_POINT('',(149.544833803,80.560544664,-2.));
#687=CARTESIAN_POINT('',(149.544833803,80.581905478,-2.));
#688=CARTESIAN_POINT('',(149.544833803,80.592589611,-2.));
#689=CARTESIAN_POINT('',(149.544833803,80.62863552,-2.));
#690=CARTESIAN_POINT('',(149.544833803,80.690050656,-2.));
#691=B_SPLINE_CURVE_WITH_KNOTS('',3,(#681,#682,#683,#684,#685,#686,#687,#688,#689,#690),.UNSPECIFIED.,.F.,.F.,(4,3,3,4),(0.,0.097849456,0.195698911,0.244640704),.UNSPECIFIED.);
#692=EDGE_CURVE('',#672,#680,#691,.T.);
#693=ORIENTED_EDGE('',*,*,#692,.T.);
#694=CARTESIAN_POINT('',(149.560867453,82.668693894,-2.));
#695=VERTEX_POINT('',#694);
#696=CARTESIAN_POINT('',(149.544833803,80.690050656,-2.));
#697=CARTESIAN_POINT('',(149.539499187,81.013152534,-2.));
#698=CARTESIAN_POINT('',(149.53683188,81.334913307,-2.));
#699=CARTESIAN_POINT('',(149.53683188,81.655340427,-2.));
#700=CARTESIAN_POINT('',(149.53683188,81.965083414,-2.));
#701=CARTESIAN_POINT('',(149.538828635,82.186715835,-2.));
#702=CARTESIAN_POINT('',(149.542837048,82.32023024,-2.));
#703=CARTESIAN_POINT('',(149.54684546,82.453737193,-2.));
#704=CARTESIAN_POINT('',(149.552850628,82.569891745,-2.));
#705=CARTESIAN_POINT('',(149.560867453,82.668693894,-2.));
#706=B_SPLINE_CURVE_WITH_KNOTS('',3,(#696,#697,#698,#699,#700,#701,#702,#703,#704,#705),.UNSPECIFIED.,.F.,.F.,(4,3,3,4),(0.244640704,0.502156055,0.751084967,1.),.UNSPECIFIED.);
#707=EDGE_CURVE('',#680,#695,#706,.T.);
#708=ORIENTED_EDGE('',*,*,#707,.T.);
#709=CARTESIAN_POINT('',(149.560867453,82.668693894,-2.));
#710=DIRECTION('',(-0.999956318,-0.00934674,-0.));
#711=VECTOR('',#710,1.285773056);
#712=LINE('',#709,#711);
#713=EDGE_CURVE('',#695,#506,#712,.T.);
#714=ORIENTED_EDGE('',*,*,#713,.T.);
#715=EDGE_LOOP('',(#514,#522,#530,#538,#547,#556,#568,#577,#589,#598,#606,#614,#622,#630,#638,#646,#654,#662,#670,#678,#693,#708,#714));
#716=FACE_BOUND('',#715,.T.);
#717=CARTESIAN_POINT('',(147.203712368,70.772828692,-2.));
#718=VERTEX_POINT('',#717);
#719=CARTESIAN_POINT('',(146.436689997,70.368291968,-2.));
#720=VERTEX_POINT('',#719);
#721=CARTESIAN_POINT('',(147.203712368,70.772828692,-2.));
#722=CARTESIAN_POINT('',(146.895303035,70.69272005,-2.));
#723=CARTESIAN_POINT('',(146.639628911,70.557879442,-2.));
#724=CARTESIAN_POINT('',(146.436689997,70.368291968,-2.));
#725=B_SPLINE_CURVE_WITH_KNOTS('',3,(#721,#722,#723,#724),.UNSPECIFIED.,.F.,.F.,(4,4),(0.145638975,0.242306357),.UNSPECIFIED.);
#726=EDGE_CURVE('',#718,#720,#725,.T.);
#727=ORIENTED_EDGE('',*,*,#726,.T.);
#728=CARTESIAN_POINT('',(145.972071791,66.891657346,-2.));
#729=VERTEX_POINT('',#728);
#730=CARTESIAN_POINT('',(146.436689997,70.368291968,-2.));
#731=CARTESIAN_POINT('',(146.18302753,70.135982865,-2.));
#732=CARTESIAN_POINT('',(145.992098951,69.852935308,-2.));
#733=CARTESIAN_POINT('',(145.863934064,69.519156748,-2.));
#734=CARTESIAN_POINT('',(145.735769176,69.185378188,-2.));
#735=CARTESIAN_POINT('',(145.671679282,68.806210691,-2.));
#736=CARTESIAN_POINT('',(145.671679282,68.381639355,-2.));
#737=CARTESIAN_POINT('',(145.671679282,67.788848811,-2.));
#738=CARTESIAN_POINT('',(145.771815085,67.292185658,-2.));
#739=CARTESIAN_POINT('',(145.972071791,66.891657346,-2.));
#740=B_SPLINE_CURVE_WITH_KNOTS('',3,(#730,#731,#732,#733,#734,#735,#736,#737,#738,#739),.UNSPECIFIED.,.F.,.F.,(4,3,3,4),(0.242306357,0.362032699,0.481759041,0.648922101),.UNSPECIFIED.);
#741=EDGE_CURVE('',#720,#729,#740,.T.);
#742=ORIENTED_EDGE('',*,*,#741,.T.);
#743=CARTESIAN_POINT('',(146.853251958,66.010477179,-2.));
#744=VERTEX_POINT('',#743);
#745=CARTESIAN_POINT('',(145.972071791,66.891657346,-2.));
#746=CARTESIAN_POINT('',(146.172343397,66.491121584,-2.));
#747=CARTESIAN_POINT('',(146.466075087,66.197397345,-2.));
#748=CARTESIAN_POINT('',(146.853251958,66.010477179,-2.));
#749=B_SPLINE_CURVE_WITH_KNOTS('',3,(#745,#746,#747,#748),.UNSPECIFIED.,.F.,.F.,(4,4),(0.648922101,0.816090136),.UNSPECIFIED.);
#750=EDGE_CURVE('',#729,#744,#749,.T.);
#751=ORIENTED_EDGE('',*,*,#750,.T.);
#752=CARTESIAN_POINT('',(149.61293211,65.69005006,-2.));
#753=VERTEX_POINT('',#752);
#754=CARTESIAN_POINT('',(146.853251958,66.010477179,-2.));
#755=CARTESIAN_POINT('',(147.066875005,65.909007722,-2.));
#756=CARTESIAN_POINT('',(147.403313422,65.831573838,-2.));
#757=CARTESIAN_POINT('',(147.862597013,65.778168076,-2.));
#758=CARTESIAN_POINT('',(148.321880603,65.724762315,-2.));
#759=CARTESIAN_POINT('',(148.905320668,65.695392126,-2.));
#760=CARTESIAN_POINT('',(149.61293211,65.69005006,-2.));
#761=B_SPLINE_CURVE_WITH_KNOTS('',3,(#754,#755,#756,#757,#758,#759,#760),.UNSPECIFIED.,.F.,.F.,(4,3,4),(0.816090136,0.908045068,1.),.UNSPECIFIED.);
#762=EDGE_CURVE('',#744,#753,#761,.T.);
#763=ORIENTED_EDGE('',*,*,#762,.T.);
#764=CARTESIAN_POINT('',(151.996104622,65.682040685,-2.));
#765=VERTEX_POINT('',#764);
#766=CARTESIAN_POINT('',(149.61293211,65.69005006,-2.));
#767=DIRECTION('',(0.999994353,-0.003360784,0.));
#768=VECTOR('',#767,2.383185971);
#769=LINE('',#766,#768);
#770=EDGE_CURVE('',#753,#765,#769,.T.);
#771=ORIENTED_EDGE('',*,*,#770,.T.);
#772=CARTESIAN_POINT('',(151.883958483,67.544521922,-2.));
#773=VERTEX_POINT('',#772);
#774=CARTESIAN_POINT('',(151.996104622,65.682040685,-2.));
#775=DIRECTION('',(-0.060104439,0.998192094,-0.));
#776=VECTOR('',#775,1.865854526);
#777=LINE('',#774,#776);
#778=EDGE_CURVE('',#765,#773,#777,.T.);
#779=ORIENTED_EDGE('',*,*,#778,.T.);
#780=CARTESIAN_POINT('',(150.085567141,67.552538747,-2.));
#781=VERTEX_POINT('',#780);
#782=CARTESIAN_POINT('',(151.883958483,67.544521922,-2.));
#783=DIRECTION('',(-0.999990064,0.004457731,-0.));
#784=VECTOR('',#783,1.798409211);
#785=LINE('',#782,#784);
#786=EDGE_CURVE('',#773,#781,#785,.T.);
#787=ORIENTED_EDGE('',*,*,#786,.T.);
#788=CARTESIAN_POINT('',(147.237761521,67.700730795,-2.));
#789=VERTEX_POINT('',#788);
#790=CARTESIAN_POINT('',(150.085567141,67.552538747,-2.));
#791=DIRECTION('',(-0.998648804,0.051966964,-0.));
#792=VECTOR('',#791,2.851658768);
#793=LINE('',#790,#792);
#794=EDGE_CURVE('',#781,#789,#793,.T.);
#795=ORIENTED_EDGE('',*,*,#794,.T.);
#796=CARTESIAN_POINT('',(147.213725948,69.33491134,-2.));
#797=VERTEX_POINT('',#796);
#798=CARTESIAN_POINT('',(147.237761521,67.700730795,-2.));
#799=DIRECTION('',(-0.014706437,0.999891855,-0.));
#800=VECTOR('',#799,1.634357294);
#801=LINE('',#798,#800);
#802=EDGE_CURVE('',#789,#797,#801,.T.);
#803=ORIENTED_EDGE('',*,*,#802,.T.);
#804=CARTESIAN_POINT('',(149.95337894,69.415019983,-2.));
#805=VERTEX_POINT('',#804);
#806=CARTESIAN_POINT('',(147.213725948,69.33491134,-2.));
#807=DIRECTION('',(0.999572772,0.029227942,0.));
#808=VECTOR('',#807,2.740823947);
#809=LINE('',#806,#808);
#810=EDGE_CURVE('',#797,#805,#809,.T.);
#811=ORIENTED_EDGE('',*,*,#810,.T.);
#812=CARTESIAN_POINT('',(151.847912574,69.274829859,-2.));
#813=VERTEX_POINT('',#812);
#814=CARTESIAN_POINT('',(149.95337894,69.415019983,-2.));
#815=DIRECTION('',(0.997273402,-0.073795408,0.));
#816=VECTOR('',#815,1.899713389);
#817=LINE('',#814,#816);
#818=EDGE_CURVE('',#805,#813,#817,.T.);
#819=ORIENTED_EDGE('',*,*,#818,.T.);
#820=CARTESIAN_POINT('',(151.907994056,70.832910174,-2.));
#821=VERTEX_POINT('',#820);
#822=CARTESIAN_POINT('',(151.847912574,69.274829859,-2.));
#823=DIRECTION('',(0.038532585,0.999257344,0.));
#824=VECTOR('',#823,1.559238293);
#825=LINE('',#822,#824);
#826=EDGE_CURVE('',#813,#821,#825,.T.);
#827=ORIENTED_EDGE('',*,*,#826,.T.);
#828=CARTESIAN_POINT('',(150.257794762,70.868956083,-2.));
#829=VERTEX_POINT('',#828);
#830=CARTESIAN_POINT('',(151.907994056,70.832910174,-2.));
#831=DIRECTION('',(-0.999761519,0.021838158,-0.));
#832=VECTOR('',#831,1.650592929);
#833=LINE('',#830,#832);
#834=EDGE_CURVE('',#821,#829,#833,.T.);
#835=ORIENTED_EDGE('',*,*,#834,.T.);
#836=CARTESIAN_POINT('',(149.234427714,70.886979038,-2.));
#837=VERTEX_POINT('',#836);
#838=CARTESIAN_POINT('',(150.257794762,70.868956083,-2.));
#839=CARTESIAN_POINT('',(149.854584241,70.876972908,-2.));
#840=CARTESIAN_POINT('',(149.513466859,70.882978076,-2.));
#841=CARTESIAN_POINT('',(149.234427714,70.886979038,-2.));
#842=B_SPLINE_CURVE_WITH_KNOTS('',3,(#838,#839,#840,#841),.UNSPECIFIED.,.F.,.F.,(4,4),(0.,0.024483604),.UNSPECIFIED.);
#843=EDGE_CURVE('',#829,#837,#842,.T.);
#844=ORIENTED_EDGE('',*,*,#843,.T.);
#845=CARTESIAN_POINT('',(149.234427714,70.886979038,-2.));
#846=CARTESIAN_POINT('',(148.95538857,70.89098745,-2.));
#847=CARTESIAN_POINT('',(148.738427663,70.892991656,-2.));
#848=CARTESIAN_POINT('',(148.583559895,70.892991656,-2.));
#849=CARTESIAN_POINT('',(147.972075844,70.892991656,-2.));
#850=CARTESIAN_POINT('',(147.512136602,70.852937335,-2.));
#851=CARTESIAN_POINT('',(147.203712368,70.772828692,-2.));
#852=B_SPLINE_CURVE_WITH_KNOTS('',3,(#845,#846,#847,#848,#849,#850,#851),.UNSPECIFIED.,.F.,.F.,(4,3,4),(0.024483604,0.048967218,0.145638975),.UNSPECIFIED.);
#853=EDGE_CURVE('',#837,#718,#852,.T.);
#854=ORIENTED_EDGE('',*,*,#853,.T.);
#855=EDGE_LOOP('',(#727,#742,#751,#763,#771,#779,#787,#795,#803,#811,#819,#827,#835,#844,#854));
#856=FACE_BOUND('',#855,.T.);
#857=CARTESIAN_POINT('',(128.,72.5,-2.));
#858=VERTEX_POINT('',#857);
#859=CARTESIAN_POINT('',(128.,60.5,-2.));
#860=VERTEX_POINT('',#859);
#861=CARTESIAN_POINT('',(128.,72.5,-2.));
#862=DIRECTION('',(0.,-1.,0.));
#863=VECTOR('',#862,12.);
#864=LINE('',#861,#863);
#865=EDGE_CURVE('',#858,#860,#864,.T.);
#866=ORIENTED_EDGE('',*,*,#865,.T.);
#867=CARTESIAN_POINT('',(140.,60.5,-2.));
#868=VERTEX_POINT('',#867);
#869=CARTESIAN_POINT('',(128.,60.5,-2.));
#870=DIRECTION('',(1.,0.,0.));
#871=VECTOR('',#870,12.);
#872=LINE('',#869,#871);
#873=EDGE_CURVE('',#860,#868,#872,.T.);
#874=ORIENTED_EDGE('',*,*,#873,.T.);
#875=CARTESIAN_POINT('',(140.,72.5,-2.));
#876=VERTEX_POINT('',#875);
#877=CARTESIAN_POINT('',(140.,60.5,-2.));
#878=DIRECTION('',(0.,1.,0.));
#879=VECTOR('',#878,12.);
#880=LINE('',#877,#879);
#881=EDGE_CURVE('',#868,#876,#880,.T.);
#882=ORIENTED_EDGE('',*,*,#881,.T.);
#883=CARTESIAN_POINT('',(140.,72.5,-2.));
#884=DIRECTION('',(-1.,0.,-0.));
#885=VECTOR('',#884,12.);
#886=LINE('',#883,#885);
#887=EDGE_CURVE('',#876,#858,#886,.T.);
#888=ORIENTED_EDGE('',*,*,#887,.T.);
#889=EDGE_LOOP('',(#866,#874,#882,#888));
#890=FACE_BOUND('',#889,.T.);
#891=CARTESIAN_POINT('',(117.5,50.527497731,-2.));
#892=VERTEX_POINT('',#891);
#893=CARTESIAN_POINT('',(120.080265456,47.5,-2.));
#894=VERTEX_POINT('',#893);
#895=CARTESIAN_POINT('',(118.95,49.15,-2.));
#896=DIRECTION('',(0.,-0.,-1.));
#897=DIRECTION('',(1.,0.,0.));
#898=AXIS2_PLACEMENT_3D('',#895,#896,#897);
#899=CIRCLE('',#898,2.);
#900=EDGE_CURVE('',#892,#894,#899,.T.);
#901=ORIENTED_EDGE('',*,*,#900,.F.);
#902=CARTESIAN_POINT('',(117.5,122.622502269,-2.));
#903=VERTEX_POINT('',#902);
#904=CARTESIAN_POINT('',(117.5,50.527497731,-2.));
#905=DIRECTION('',(0.,1.,0.));
#906=VECTOR('',#905,72.095004537);
#907=LINE('',#904,#906);
#908=EDGE_CURVE('',#892,#903,#907,.T.);
#909=ORIENTED_EDGE('',*,*,#908,.T.);
#910=CARTESIAN_POINT('',(117.5,125.377497731,-2.));
#911=VERTEX_POINT('',#910);
#912=CARTESIAN_POINT('',(118.95,124.,-2.));
#913=DIRECTION('',(0.,-0.,-1.));
#914=DIRECTION('',(1.,0.,0.));
#915=AXIS2_PLACEMENT_3D('',#912,#913,#914);
#916=CIRCLE('',#915,2.);
#917=EDGE_CURVE('',#911,#903,#916,.T.);
#918=ORIENTED_EDGE('',*,*,#917,.F.);
#919=CARTESIAN_POINT('',(117.5,133.,-2.));
#920=VERTEX_POINT('',#919);
#921=CARTESIAN_POINT('',(117.5,125.377497731,-2.));
#922=DIRECTION('',(0.,1.,0.));
#923=VECTOR('',#922,7.622502269);
#924=LINE('',#921,#923);
#925=EDGE_CURVE('',#911,#920,#924,.T.);
#926=ORIENTED_EDGE('',*,*,#925,.T.);
#927=CARTESIAN_POINT('',(135.5,133.,-2.));
#928=VERTEX_POINT('',#927);
#929=CARTESIAN_POINT('',(117.5,133.,-2.));
#930=DIRECTION('',(1.,-0.,0.));
#931=VECTOR('',#930,18.);
#932=LINE('',#929,#931);
#933=EDGE_CURVE('',#920,#928,#932,.T.);
#934=ORIENTED_EDGE('',*,*,#933,.T.);
#935=CARTESIAN_POINT('',(135.5,126.297825059,-2.));
#936=VERTEX_POINT('',#935);
#937=CARTESIAN_POINT('',(135.5,133.,-2.));
#938=DIRECTION('',(0.,-1.,0.));
#939=VECTOR('',#938,6.702174941);
#940=LINE('',#937,#939);
#941=EDGE_CURVE('',#928,#936,#940,.T.);
#942=ORIENTED_EDGE('',*,*,#941,.T.);
#943=CARTESIAN_POINT('',(135.494025029,126.288670872,-2.));
#944=VERTEX_POINT('',#943);
#945=CARTESIAN_POINT('',(135.49,126.297825059,-2.));
#946=DIRECTION('',(0.,-0.,-1.));
#947=DIRECTION('',(1.,0.,0.));
#948=AXIS2_PLACEMENT_3D('',#945,#946,#947);
#949=CIRCLE('',#948,0.01);
#950=EDGE_CURVE('',#936,#944,#949,.T.);
#951=ORIENTED_EDGE('',*,*,#950,.T.);
#952=CARTESIAN_POINT('',(135.5,121.708712153,-2.));
#953=VERTEX_POINT('',#952);
#954=CARTESIAN_POINT('',(136.5,124.,-2.));
#955=DIRECTION('',(-0.,0.,1.));
#956=DIRECTION('',(1.,0.,0.));
#957=AXIS2_PLACEMENT_3D('',#954,#955,#956);
#958=CIRCLE('',#957,2.5);
#959=EDGE_CURVE('',#944,#953,#958,.T.);
#960=ORIENTED_EDGE('',*,*,#959,.T.);
#961=CARTESIAN_POINT('',(135.5,116.,-2.));
#962=VERTEX_POINT('',#961);
#963=CARTESIAN_POINT('',(135.5,121.708712153,-2.));
#964=DIRECTION('',(0.,-1.,0.));
#965=VECTOR('',#964,5.708712153);
#966=LINE('',#963,#965);
#967=EDGE_CURVE('',#953,#962,#966,.T.);
#968=ORIENTED_EDGE('',*,*,#967,.T.);
#969=CARTESIAN_POINT('',(137.5,116.,-2.));
#970=VERTEX_POINT('',#969);
#971=CARTESIAN_POINT('',(135.5,116.,-2.));
#972=DIRECTION('',(1.,0.,0.));
#973=VECTOR('',#972,2.);
#974=LINE('',#971,#973);
#975=EDGE_CURVE('',#962,#970,#974,.T.);
#976=ORIENTED_EDGE('',*,*,#975,.T.);
#977=CARTESIAN_POINT('',(137.5,121.708712153,-2.));
#978=VERTEX_POINT('',#977);
#979=CARTESIAN_POINT('',(137.5,116.,-2.));
#980=DIRECTION('',(0.,1.,0.));
#981=VECTOR('',#980,5.708712153);
#982=LINE('',#979,#981);
#983=EDGE_CURVE('',#970,#978,#982,.T.);
#984=ORIENTED_EDGE('',*,*,#983,.T.);
#985=CARTESIAN_POINT('',(139.,124.,-2.));
#986=VERTEX_POINT('',#985);
#987=CARTESIAN_POINT('',(136.5,124.,-2.));
#988=DIRECTION('',(-0.,0.,1.));
#989=DIRECTION('',(1.,0.,0.));
#990=AXIS2_PLACEMENT_3D('',#987,#988,#989);
#991=CIRCLE('',#990,2.5);
#992=EDGE_CURVE('',#978,#986,#991,.T.);
#993=ORIENTED_EDGE('',*,*,#992,.T.);
#994=CARTESIAN_POINT('',(137.5,126.291287847,-2.));
#995=VERTEX_POINT('',#994);
#996=CARTESIAN_POINT('',(136.5,124.,-2.));
#997=DIRECTION('',(-0.,0.,1.));
#998=DIRECTION('',(1.,0.,0.));
#999=AXIS2_PLACEMENT_3D('',#996,#997,#998);
#1000=CIRCLE('',#999,2.5);
#1001=EDGE_CURVE('',#986,#995,#1000,.T.);
#1002=ORIENTED_EDGE('',*,*,#1001,.T.);
#1003=CARTESIAN_POINT('',(137.5,133.,-2.));
#1004=VERTEX_POINT('',#1003);
#1005=CARTESIAN_POINT('',(137.5,126.291287847,-2.));
#1006=DIRECTION('',(0.,1.,0.));
#1007=VECTOR('',#1006,6.708712153);
#1008=LINE('',#1005,#1007);
#1009=EDGE_CURVE('',#995,#1004,#1008,.T.);
#1010=ORIENTED_EDGE('',*,*,#1009,.T.);
#1011=CARTESIAN_POINT('',(155.5,133.,-2.));
#1012=VERTEX_POINT('',#1011);
#1013=CARTESIAN_POINT('',(137.5,133.,-2.));
#1014=DIRECTION('',(1.,0.,0.));
#1015=VECTOR('',#1014,18.);
#1016=LINE('',#1013,#1015);
#1017=EDGE_CURVE('',#1004,#1012,#1016,.T.);
#1018=ORIENTED_EDGE('',*,*,#1017,.T.);
#1019=CARTESIAN_POINT('',(155.5,125.377497731,-2.));
#1020=VERTEX_POINT('',#1019);
#1021=CARTESIAN_POINT('',(155.5,133.,-2.));
#1022=DIRECTION('',(-0.,-1.,-0.));
#1023=VECTOR('',#1022,7.622502269);
#1024=LINE('',#1021,#1023);
#1025=EDGE_CURVE('',#1012,#1020,#1024,.T.);
#1026=ORIENTED_EDGE('',*,*,#1025,.T.);
#1027=CARTESIAN_POINT('',(152.05,124.,-2.));
#1028=VERTEX_POINT('',#1027);
#1029=CARTESIAN_POINT('',(154.05,124.,-2.));
#1030=DIRECTION('',(0.,-0.,-1.));
#1031=DIRECTION('',(1.,0.,0.));
#1032=AXIS2_PLACEMENT_3D('',#1029,#1030,#1031);
#1033=CIRCLE('',#1032,2.);
#1034=EDGE_CURVE('',#1028,#1020,#1033,.T.);
#1035=ORIENTED_EDGE('',*,*,#1034,.F.);
#1036=CARTESIAN_POINT('',(155.5,122.622502269,-2.));
#1037=VERTEX_POINT('',#1036);
#1038=CARTESIAN_POINT('',(154.05,124.,-2.));
#1039=DIRECTION('',(0.,-0.,-1.));
#1040=DIRECTION('',(1.,0.,0.));
#1041=AXIS2_PLACEMENT_3D('',#1038,#1039,#1040);
#1042=CIRCLE('',#1041,2.);
#1043=EDGE_CURVE('',#1037,#1028,#1042,.T.);
#1044=ORIENTED_EDGE('',*,*,#1043,.F.);
#1045=CARTESIAN_POINT('',(155.5,50.527497731,-2.));
#1046=VERTEX_POINT('',#1045);
#1047=CARTESIAN_POINT('',(155.5,122.622502269,-2.));
#1048=DIRECTION('',(-0.,-1.,-0.));
#1049=VECTOR('',#1048,72.095004537);
#1050=LINE('',#1047,#1049);
#1051=EDGE_CURVE('',#1037,#1046,#1050,.T.);
#1052=ORIENTED_EDGE('',*,*,#1051,.T.);
#1053=CARTESIAN_POINT('',(152.05,49.15,-2.));
#1054=VERTEX_POINT('',#1053);
#1055=CARTESIAN_POINT('',(154.05,49.15,-2.));
#1056=DIRECTION('',(0.,-0.,-1.));
#1057=DIRECTION('',(1.,0.,0.));
#1058=AXIS2_PLACEMENT_3D('',#1055,#1056,#1057);
#1059=CIRCLE('',#1058,2.);
#1060=EDGE_CURVE('',#1054,#1046,#1059,.T.);
#1061=ORIENTED_EDGE('',*,*,#1060,.F.);
#1062=CARTESIAN_POINT('',(152.919734544,47.5,-2.));
#1063=VERTEX_POINT('',#1062);
#1064=CARTESIAN_POINT('',(154.05,49.15,-2.));
#1065=DIRECTION('',(0.,-0.,-1.));
#1066=DIRECTION('',(1.,0.,0.));
#1067=AXIS2_PLACEMENT_3D('',#1064,#1065,#1066);
#1068=CIRCLE('',#1067,2.);
#1069=EDGE_CURVE('',#1063,#1054,#1068,.T.);
#1070=ORIENTED_EDGE('',*,*,#1069,.F.);
#1071=CARTESIAN_POINT('',(152.919734544,47.5,-2.));
#1072=DIRECTION('',(-1.,-0.,-0.));
#1073=VECTOR('',#1072,32.839469089);
#1074=LINE('',#1071,#1073);
#1075=EDGE_CURVE('',#1063,#894,#1074,.T.);
#1076=ORIENTED_EDGE('',*,*,#1075,.T.);
#1077=EDGE_LOOP('',(#901,#909,#918,#926,#934,#942,#951,#960,#968,#976,#984,#993,#1002,#1010,#1018,#1026,#1035,#1044,#1052,#1061,#1070,#1076));
#1078=FACE_BOUND('',#1077,.T.);
#1079=CARTESIAN_POINT('',(151.497452164,64.065890545,-2.));
#1080=VERTEX_POINT('',#1079);
#1081=CARTESIAN_POINT('',(149.576886201,64.792858595,-2.));
#1082=VERTEX_POINT('',#1081);
#1083=CARTESIAN_POINT('',(151.497452164,64.065890545,-2.));
#1084=CARTESIAN_POINT('',(151.07688179,64.563887352,-2.));
#1085=CARTESIAN_POINT('',(150.522141361,64.812885755,-2.));
#1086=CARTESIAN_POINT('',(149.833230877,64.812885755,-2.));
#1087=CARTESIAN_POINT('',(149.806527996,64.812885755,-2.));
#1088=CARTESIAN_POINT('',(149.775816703,64.811544651,-2.));
#1089=CARTESIAN_POINT('',(149.741096997,64.808877343,-2.));
#1090=CARTESIAN_POINT('',(149.706392193,64.806210035,-2.));
#1091=CARTESIAN_POINT('',(149.651645327,64.800867969,-2.));
#1092=CARTESIAN_POINT('',(149.576886201,64.792858595,-2.));
#1093=B_SPLINE_CURVE_WITH_KNOTS('',3,(#1083,#1084,#1085,#1086,#1087,#1088,#1089,#1090,#1091,#1092),.UNSPECIFIED.,.F.,.F.,(4,3,3,4),(0.847633174,0.962864736,0.96733123,0.971795818),.UNSPECIFIED.);
#1094=EDGE_CURVE('',#1080,#1082,#1093,.T.);
#1095=ORIENTED_EDGE('',*,*,#1094,.T.);
#1096=CARTESIAN_POINT('',(149.564860964,64.430372947,-2.));
#1097=VERTEX_POINT('',#1096);
#1098=CARTESIAN_POINT('',(149.576886201,64.792858595,-2.));
#1099=CARTESIAN_POINT('',(149.571536684,64.683379763,-2.));
#1100=CARTESIAN_POINT('',(149.567543173,64.562546247,-2.));
#1101=CARTESIAN_POINT('',(149.564860964,64.430372947,-2.));
#1102=B_SPLINE_CURVE_WITH_KNOTS('',3,(#1098,#1099,#1100,#1101),.UNSPECIFIED.,.F.,.F.,(4,4),(0.971795818,0.978304409),.UNSPECIFIED.);
#1103=EDGE_CURVE('',#1082,#1097,#1102,.T.);
#1104=ORIENTED_EDGE('',*,*,#1103,.T.);
#1105=CARTESIAN_POINT('',(149.600921774,62.902333373,-2.));
#1106=VERTEX_POINT('',#1105);
#1107=CARTESIAN_POINT('',(149.564860964,64.430372947,-2.));
#1108=CARTESIAN_POINT('',(149.562193656,64.298199648,-2.));
#1109=CARTESIAN_POINT('',(149.560867453,64.160013729,-2.));
#1110=CARTESIAN_POINT('',(149.560867453,64.015822643,-2.));
#1111=CARTESIAN_POINT('',(149.560867453,63.847595984,-2.));
#1112=CARTESIAN_POINT('',(149.564205313,63.672030503,-2.));
#1113=CARTESIAN_POINT('',(149.570881033,63.489118749,-2.));
#1114=CARTESIAN_POINT('',(149.577556753,63.306206995,-2.));
#1115=CARTESIAN_POINT('',(149.587570333,63.110614353,-2.));
#1116=CARTESIAN_POINT('',(149.600921774,62.902333373,-2.));
#1117=B_SPLINE_CURVE_WITH_KNOTS('',3,(#1107,#1108,#1109,#1110,#1111,#1112,#1113,#1114,#1115,#1116),.UNSPECIFIED.,.F.,.F.,(4,3,3,4),(0.978304409,0.984812986,0.992406493,1.),.UNSPECIFIED.);
#1118=EDGE_CURVE('',#1097,#1106,#1117,.T.);
#1119=ORIENTED_EDGE('',*,*,#1118,.T.);
#1120=CARTESIAN_POINT('',(150.822548771,62.826233143,-2.));
#1121=VERTEX_POINT('',#1120);
#1122=CARTESIAN_POINT('',(149.600921774,62.902333373,-2.));
#1123=DIRECTION('',(0.998065348,-0.062173645,0.));
#1124=VECTOR('',#1123,1.223995002);
#1125=LINE('',#1122,#1124);
#1126=EDGE_CURVE('',#1106,#1121,#1125,.T.);
#1127=ORIENTED_EDGE('',*,*,#1126,.T.);
#1128=CARTESIAN_POINT('',(150.822548771,61.184043223,-2.));
#1129=VERTEX_POINT('',#1128);
#1130=CARTESIAN_POINT('',(150.822548771,62.826233143,-2.));
#1131=DIRECTION('',(0.,-1.,0.));
#1132=VECTOR('',#1131,1.64218992);
#1133=LINE('',#1130,#1132);
#1134=EDGE_CURVE('',#1121,#1129,#1133,.T.);
#1135=ORIENTED_EDGE('',*,*,#1134,.T.);
#1136=CARTESIAN_POINT('',(148.591576719,61.111951405,-2.));
#1137=VERTEX_POINT('',#1136);
#1138=CARTESIAN_POINT('',(150.822548771,61.184043223,-2.));
#1139=DIRECTION('',(-0.999478309,-0.032297226,-0.));
#1140=VECTOR('',#1139,2.232136538);
#1141=LINE('',#1138,#1140);
#1142=EDGE_CURVE('',#1129,#1137,#1141,.T.);
#1143=ORIENTED_EDGE('',*,*,#1142,.T.);
#1144=CARTESIAN_POINT('',(147.249786758,61.1600151,-2.));
#1145=VERTEX_POINT('',#1144);
#1146=CARTESIAN_POINT('',(148.591576719,61.111951405,-2.));
#1147=DIRECTION('',(-0.99935906,0.035797622,-0.));
#1148=VECTOR('',#1147,1.34265052);
#1149=LINE('',#1146,#1148);
#1150=EDGE_CURVE('',#1137,#1145,#1149,.T.);
#1151=ORIENTED_EDGE('',*,*,#1150,.T.);
#1152=CARTESIAN_POINT('',(147.249786758,63.098596567,-2.));
#1153=VERTEX_POINT('',#1152);
#1154=CARTESIAN_POINT('',(147.249786758,61.1600151,-2.));
#1155=DIRECTION('',(0.,1.,0.));
#1156=VECTOR('',#1155,1.938581467);
#1157=LINE('',#1154,#1156);
#1158=EDGE_CURVE('',#1145,#1153,#1157,.T.);
#1159=ORIENTED_EDGE('',*,*,#1158,.T.);
#1160=CARTESIAN_POINT('',(148.323206806,63.194723958,-2.));
#1161=VERTEX_POINT('',#1160);
#1162=CARTESIAN_POINT('',(147.249786758,63.098596567,-2.));
#1163=DIRECTION('',(0.996014138,0.089195502,0.));
#1164=VECTOR('',#1163,1.077715674);
#1165=LINE('',#1162,#1164);
#1166=EDGE_CURVE('',#1153,#1161,#1165,.T.);
#1167=ORIENTED_EDGE('',*,*,#1166,.T.);
#1168=CARTESIAN_POINT('',(148.223085904,64.788850182,-2.));
#1169=VERTEX_POINT('',#1168);
#1170=CARTESIAN_POINT('',(148.323206806,63.194723958,-2.));
#1171=DIRECTION('',(-0.062682624,0.998033511,-0.));
#1172=VECTOR('',#1171,1.597267233);
#1173=LINE('',#1170,#1172);
#1174=EDGE_CURVE('',#1161,#1169,#1173,.T.);
#1175=ORIENTED_EDGE('',*,*,#1174,.T.);
#1176=CARTESIAN_POINT('',(148.118941689,64.788850182,-2.));
#1177=VERTEX_POINT('',#1176);
#1178=CARTESIAN_POINT('',(148.223085904,64.788850182,-2.));
#1179=DIRECTION('',(-1.,0.,-0.));
#1180=VECTOR('',#1179,0.104144216);
#1181=LINE('',#1178,#1180);
#1182=EDGE_CURVE('',#1169,#1177,#1181,.T.);
#1183=ORIENTED_EDGE('',*,*,#1182,.T.);
#1184=CARTESIAN_POINT('',(146.352587843,64.049864346,-2.));
#1185=VERTEX_POINT('',#1184);
#1186=CARTESIAN_POINT('',(148.118941689,64.788850182,-2.));
#1187=CARTESIAN_POINT('',(147.395311499,64.788850182,-2.));
#1188=CARTESIAN_POINT('',(146.806521916,64.542519087,-2.));
#1189=CARTESIAN_POINT('',(146.352587843,64.049864346,-2.));
#1190=B_SPLINE_CURVE_WITH_KNOTS('',3,(#1186,#1187,#1188,#1189),.UNSPECIFIED.,.F.,.F.,(4,4),(0.,0.108211941),.UNSPECIFIED.);
#1191=EDGE_CURVE('',#1177,#1185,#1190,.T.);
#1192=ORIENTED_EDGE('',*,*,#1191,.T.);
#1193=CARTESIAN_POINT('',(146.532832289,59.862280422,-2.));
#1194=VERTEX_POINT('',#1193);
#1195=CARTESIAN_POINT('',(146.352587843,64.049864346,-2.));
#1196=CARTESIAN_POINT('',(145.898638868,63.557209605,-2.));
#1197=CARTESIAN_POINT('',(145.671679282,62.911683851,-2.));
#1198=CARTESIAN_POINT('',(145.671679282,62.113287085,-2.));
#1199=CARTESIAN_POINT('',(145.671679282,61.168024474,-2.));
#1200=CARTESIAN_POINT('',(145.95872035,60.417691404,-2.));
#1201=CARTESIAN_POINT('',(146.532832289,59.862280422,-2.));
#1202=B_SPLINE_CURVE_WITH_KNOTS('',3,(#1195,#1196,#1197,#1198,#1199,#1200,#1201),.UNSPECIFIED.,.F.,.F.,(4,3,4),(0.108211941,0.216425513,0.344545075),.UNSPECIFIED.);
#1203=EDGE_CURVE('',#1185,#1194,#1202,.T.);
#1204=ORIENTED_EDGE('',*,*,#1203,.T.);
#1205=CARTESIAN_POINT('',(146.532832289,59.862280422,-2.));
#1206=CARTESIAN_POINT('',(147.106929326,59.306876892,-2.));
#1207=CARTESIAN_POINT('',(147.881283069,59.029171401,-2.));
#1208=CARTESIAN_POINT('',(148.855923319,59.029171401,-2.));
#1209=CARTESIAN_POINT('',(149.843900108,59.029171401,-2.));
#1210=CARTESIAN_POINT('',(150.636299157,59.308210546,-2.));
#1211=CARTESIAN_POINT('',(151.233090663,59.866288835,-2.));
#1212=CARTESIAN_POINT('',(151.829882169,60.424367124,-2.));
#1213=CARTESIAN_POINT('',(152.128292823,61.165349716,-2.));
#1214=CARTESIAN_POINT('',(152.128292823,62.089251512,-2.));
#1215=CARTESIAN_POINT('',(152.128292823,62.909009093,-2.));
#1216=CARTESIAN_POINT('',(151.918007636,63.567886287,-2.));
#1217=CARTESIAN_POINT('',(151.497452164,64.065890545,-2.));
#1218=B_SPLINE_CURVE_WITH_KNOTS('',3,(#1205,#1206,#1207,#1208,#1209,#1210,#1211,#1212,#1213,#1214,#1215,#1216,#1217),.UNSPECIFIED.,.F.,.F.,(4,3,3,3,4),(0.344545075,0.472662088,0.602532197,0.732402306,0.847633174),.UNSPECIFIED.);
#1219=EDGE_CURVE('',#1194,#1080,#1218,.T.);
#1220=ORIENTED_EDGE('',*,*,#1219,.T.);
#1221=EDGE_LOOP('',(#1095,#1104,#1119,#1127,#1135,#1143,#1151,#1159,#1167,#1175,#1183,#1192,#1204,#1220));
#1222=FACE_BOUND('',#1221,.T.);
#1223=CARTESIAN_POINT('',(148.863940144,75.707407826,-2.));
#1224=VERTEX_POINT('',#1223);
#1225=CARTESIAN_POINT('',(146.096243167,76.937051648,-2.));
#1226=VERTEX_POINT('',#1225);
#1227=CARTESIAN_POINT('',(148.863940144,75.707407826,-2.));
#1228=CARTESIAN_POINT('',(148.805184865,76.262818807,-2.));
#1229=CARTESIAN_POINT('',(148.634298348,76.700734133,-2.));
#1230=CARTESIAN_POINT('',(148.351250792,77.021161252,-2.));
#1231=CARTESIAN_POINT('',(148.068203235,77.341588372,-2.));
#1232=CARTESIAN_POINT('',(147.714404964,77.501805657,-2.));
#1233=CARTESIAN_POINT('',(147.28984108,77.501805657,-2.));
#1234=CARTESIAN_POINT('',(146.777151728,77.501805657,-2.));
#1235=CARTESIAN_POINT('',(146.379290724,77.313551837,-2.));
#1236=CARTESIAN_POINT('',(146.096243167,76.937051648,-2.));
#1237=B_SPLINE_CURVE_WITH_KNOTS('',3,(#1227,#1228,#1229,#1230,#1231,#1232,#1233,#1234,#1235,#1236),.UNSPECIFIED.,.F.,.F.,(4,3,3,4),(0.494551794,0.595260075,0.695968356,0.817580356),.UNSPECIFIED.);
#1238=EDGE_CURVE('',#1224,#1226,#1237,.T.);
#1239=ORIENTED_EDGE('',*,*,#1238,.T.);
#1240=CARTESIAN_POINT('',(145.835890079,71.902336711,-2.));
#1241=VERTEX_POINT('',#1240);
#1242=CARTESIAN_POINT('',(146.096243167,76.937051648,-2.));
#1243=CARTESIAN_POINT('',(145.81319561,76.560544008,-2.));
#1244=CARTESIAN_POINT('',(145.671679282,76.030509704,-2.));
#1245=CARTESIAN_POINT('',(145.671679282,75.346926385,-2.));
#1246=CARTESIAN_POINT('',(145.671679282,75.176032418,-2.));
#1247=CARTESIAN_POINT('',(145.698382163,74.708746904,-2.));
#1248=CARTESIAN_POINT('',(145.751787925,73.945062393,-2.));
#1249=CARTESIAN_POINT('',(145.805193686,73.181377882,-2.));
#1250=CARTESIAN_POINT('',(145.833222771,72.500469321,-2.));
#1251=CARTESIAN_POINT('',(145.835890079,71.902336711,-2.));
#1252=B_SPLINE_CURVE_WITH_KNOTS('',3,(#1242,#1243,#1244,#1245,#1246,#1247,#1248,#1249,#1250,#1251),.UNSPECIFIED.,.F.,.F.,(4,3,3,4),(0.817580356,0.939193894,0.969596947,1.),.UNSPECIFIED.);
#1253=EDGE_CURVE('',#1226,#1241,#1252,.T.);
#1254=ORIENTED_EDGE('',*,*,#1253,.T.);
#1255=CARTESIAN_POINT('',(147.658331895,72.054537171,-2.));
#1256=VERTEX_POINT('',#1255);
#1257=CARTESIAN_POINT('',(145.835890079,71.902336711,-2.));
#1258=DIRECTION('',(0.996530795,0.083224849,0.));
#1259=VECTOR('',#1258,1.828786252);
#1260=LINE('',#1257,#1259);
#1261=EDGE_CURVE('',#1241,#1256,#1260,.T.);
#1262=ORIENTED_EDGE('',*,*,#1261,.T.);
#1263=CARTESIAN_POINT('',(151.831893826,72.030509049,-2.));
#1264=VERTEX_POINT('',#1263);
#1265=CARTESIAN_POINT('',(147.658331895,72.054537171,-2.));
#1266=DIRECTION('',(0.999983428,-0.005757127,0.));
#1267=VECTOR('',#1266,4.173631098);
#1268=LINE('',#1265,#1267);
#1269=EDGE_CURVE('',#1256,#1264,#1268,.T.);
#1270=ORIENTED_EDGE('',*,*,#1269,.T.);
#1271=CARTESIAN_POINT('',(149.474753642,76.796861523,-2.));
#1272=VERTEX_POINT('',#1271);
#1273=CARTESIAN_POINT('',(151.831893826,72.030509049,-2.));
#1274=CARTESIAN_POINT('',(151.861264014,72.545858258,-2.));
#1275=CARTESIAN_POINT('',(151.882617378,73.024498457,-2.));
#1276=CARTESIAN_POINT('',(151.895968819,73.466422194,-2.));
#1277=CARTESIAN_POINT('',(151.909320259,73.908345932,-2.));
#1278=CARTESIAN_POINT('',(151.915995979,74.326904649,-2.));
#1279=CARTESIAN_POINT('',(151.915995979,74.722098345,-2.));
#1280=CARTESIAN_POINT('',(151.915995979,75.517820352,-2.));
#1281=CARTESIAN_POINT('',(151.793165708,76.125295991,-2.));
#1282=CARTESIAN_POINT('',(151.547505164,76.54452526,-2.));
#1283=CARTESIAN_POINT('',(151.301844621,76.963754529,-2.));
#1284=CARTESIAN_POINT('',(150.945379043,77.173361713,-2.));
#1285=CARTESIAN_POINT('',(150.478078628,77.173361713,-2.));
#1286=CARTESIAN_POINT('',(150.085567141,77.173361713,-2.));
#1287=CARTESIAN_POINT('',(149.751110578,77.047864133,-2.));
#1288=CARTESIAN_POINT('',(149.474753642,76.796861523,-2.));
#1289=B_SPLINE_CURVE_WITH_KNOTS('',3,(#1273,#1274,#1275,#1276,#1277,#1278,#1279,#1280,#1281,#1282,#1283,#1284,#1285,#1286,#1287,#1288),.UNSPECIFIED.,.F.,.F.,(4,3,3,3,3,4),(0.,0.052558521,0.105117041,0.210943556,0.316770072,0.40565962),.UNSPECIFIED.);
#1290=EDGE_CURVE('',#1264,#1272,#1289,.T.);
#1291=ORIENTED_EDGE('',*,*,#1290,.T.);
#1292=CARTESIAN_POINT('',(149.474753642,76.796861523,-2.));
#1293=CARTESIAN_POINT('',(149.198381805,76.545858914,-2.));
#1294=CARTESIAN_POINT('',(148.994772339,76.182710165,-2.));
#1295=CARTESIAN_POINT('',(148.863940144,75.707407826,-2.));
#1296=B_SPLINE_CURVE_WITH_KNOTS('',3,(#1292,#1293,#1294,#1295),.UNSPECIFIED.,.F.,.F.,(4,4),(0.40565962,0.494551794),.UNSPECIFIED.);
#1297=EDGE_CURVE('',#1272,#1224,#1296,.T.);
#1298=ORIENTED_EDGE('',*,*,#1297,.T.);
#1299=EDGE_LOOP('',(#1239,#1254,#1262,#1270,#1291,#1298));
#1300=FACE_BOUND('',#1299,.T.);
#1301=CARTESIAN_POINT('',(148.283152485,91.856943601,-2.));
#1302=VERTEX_POINT('',#1301);
#1303=CARTESIAN_POINT('',(147.173686528,92.177370721,-2.));
#1304=VERTEX_POINT('',#1303);
#1305=CARTESIAN_POINT('',(148.283152485,91.856943601,-2.));
#1306=CARTESIAN_POINT('',(148.018805885,92.070559198,-2.));
#1307=CARTESIAN_POINT('',(147.648973966,92.177370721,-2.));
#1308=CARTESIAN_POINT('',(147.173686528,92.177370721,-2.));
#1309=B_SPLINE_CURVE_WITH_KNOTS('',3,(#1305,#1306,#1307,#1308),.UNSPECIFIED.,.F.,.F.,(4,4),(0.879572985,1.),.UNSPECIFIED.);
#1310=EDGE_CURVE('',#1302,#1304,#1309,.T.);
#1311=ORIENTED_EDGE('',*,*,#1310,.T.);
#1312=CARTESIAN_POINT('',(146.64898684,92.177370721,-2.));
#1313=VERTEX_POINT('',#1312);
#1314=CARTESIAN_POINT('',(147.173686528,92.177370721,-2.));
#1315=DIRECTION('',(-1.,0.,-0.));
#1316=VECTOR('',#1315,0.524699688);
#1317=LINE('',#1314,#1316);
#1318=EDGE_CURVE('',#1304,#1313,#1317,.T.);
#1319=ORIENTED_EDGE('',*,*,#1318,.T.);
#1320=CARTESIAN_POINT('',(145.671679282,92.333579594,-2.));
#1321=VERTEX_POINT('',#1320);
#1322=CARTESIAN_POINT('',(146.64898684,92.177370721,-2.));
#1323=CARTESIAN_POINT('',(146.41132822,92.177370721,-2.));
#1324=CARTESIAN_POINT('',(146.219743991,92.189388508,-2.));
#1325=CARTESIAN_POINT('',(146.074219251,92.21341663,-2.));
#1326=CARTESIAN_POINT('',(145.928679609,92.237444752,-2.));
#1327=CARTESIAN_POINT('',(145.794509554,92.277499074,-2.));
#1328=CARTESIAN_POINT('',(145.671679282,92.333579594,-2.));
#1329=B_SPLINE_CURVE_WITH_KNOTS('',3,(#1322,#1323,#1324,#1325,#1326,#1327,#1328),.UNSPECIFIED.,.F.,.F.,(4,3,4),(0.,0.499975082,1.),.UNSPECIFIED.);
#1330=EDGE_CURVE('',#1313,#1321,#1329,.T.);
#1331=ORIENTED_EDGE('',*,*,#1330,.T.);
#1332=CARTESIAN_POINT('',(145.795835757,90.330908233,-2.));
#1333=VERTEX_POINT('',#1332);
#1334=CARTESIAN_POINT('',(145.671679282,92.333579594,-2.));
#1335=DIRECTION('',(0.061876636,-0.998083805,0.));
#1336=VECTOR('',#1335,2.006516237);
#1337=LINE('',#1334,#1336);
#1338=EDGE_CURVE('',#1321,#1333,#1337,.T.);
#1339=ORIENTED_EDGE('',*,*,#1338,.T.);
#1340=CARTESIAN_POINT('',(146.713061833,90.208741063,-2.));
#1341=VERTEX_POINT('',#1340);
#1342=CARTESIAN_POINT('',(145.795835757,90.330908233,-2.));
#1343=CARTESIAN_POINT('',(146.105586195,90.277502471,-2.));
#1344=CARTESIAN_POINT('',(146.41132822,90.236785048,-2.));
#1345=CARTESIAN_POINT('',(146.713061833,90.208741063,-2.));
#1346=B_SPLINE_CURVE_WITH_KNOTS('',3,(#1342,#1343,#1344,#1345),.UNSPECIFIED.,.F.,.F.,(4,4),(0.,0.441405349),.UNSPECIFIED.);
#1347=EDGE_CURVE('',#1333,#1341,#1346,.T.);
#1348=ORIENTED_EDGE('',*,*,#1347,.T.);
#1349=CARTESIAN_POINT('',(147.806523943,90.170698398,-2.));
#1350=VERTEX_POINT('',#1349);
#1351=CARTESIAN_POINT('',(146.713061833,90.208741063,-2.));
#1352=CARTESIAN_POINT('',(147.014795446,90.180704528,-2.));
#1353=CARTESIAN_POINT('',(147.316543961,90.166689986,-2.));
#1354=CARTESIAN_POINT('',(147.618277574,90.166689986,-2.));
#1355=CARTESIAN_POINT('',(147.658331895,90.166689986,-2.));
#1356=CARTESIAN_POINT('',(147.721080685,90.16802364,-2.));
#1357=CARTESIAN_POINT('',(147.806523943,90.170698398,-2.));
#1358=B_SPLINE_CURVE_WITH_KNOTS('',3,(#1351,#1352,#1353,#1354,#1355,#1356,#1357),.UNSPECIFIED.,.F.,.F.,(4,3,4),(0.441405349,0.882809693,0.941404926),.UNSPECIFIED.);
#1359=EDGE_CURVE('',#1341,#1350,#1358,.T.);
#1360=ORIENTED_EDGE('',*,*,#1359,.T.);
#1361=CARTESIAN_POINT('',(147.994770312,90.17469936,-2.));
#1362=VERTEX_POINT('',#1361);
#1363=CARTESIAN_POINT('',(147.806523943,90.170698398,-2.));
#1364=CARTESIAN_POINT('',(147.891967201,90.173365706,-2.));
#1365=CARTESIAN_POINT('',(147.954715991,90.17469936,-2.));
#1366=CARTESIAN_POINT('',(147.994770312,90.17469936,-2.));
#1367=B_SPLINE_CURVE_WITH_KNOTS('',3,(#1363,#1364,#1365,#1366),.UNSPECIFIED.,.F.,.F.,(4,4),(0.941404926,1.),.UNSPECIFIED.);
#1368=EDGE_CURVE('',#1350,#1362,#1367,.T.);
#1369=ORIENTED_EDGE('',*,*,#1368,.T.);
#1370=CARTESIAN_POINT('',(148.034824634,88.436382049,-2.));
#1371=VERTEX_POINT('',#1370);
#1372=CARTESIAN_POINT('',(147.994770312,90.17469936,-2.));
#1373=DIRECTION('',(0.023035893,-0.999734639,0.));
#1374=VECTOR('',#1373,1.738778716);
#1375=LINE('',#1372,#1374);
#1376=EDGE_CURVE('',#1362,#1371,#1375,.T.);
#1377=ORIENTED_EDGE('',*,*,#1376,.T.);
#1378=CARTESIAN_POINT('',(145.843906903,88.476436371,-2.));
#1379=VERTEX_POINT('',#1378);
#1380=CARTESIAN_POINT('',(148.034824634,88.436382049,-2.));
#1381=DIRECTION('',(-0.999832926,0.018278929,-0.));
#1382=VECTOR('',#1381,2.191283836);
#1383=LINE('',#1380,#1382);
#1384=EDGE_CURVE('',#1371,#1379,#1383,.T.);
#1385=ORIENTED_EDGE('',*,*,#1384,.T.);
#1386=CARTESIAN_POINT('',(145.843906903,86.830238038,-2.));
#1387=VERTEX_POINT('',#1386);
#1388=CARTESIAN_POINT('',(145.843906903,88.476436371,-2.));
#1389=DIRECTION('',(0.,-1.,0.));
#1390=VECTOR('',#1389,1.646198332);
#1391=LINE('',#1388,#1390);
#1392=EDGE_CURVE('',#1379,#1387,#1391,.T.);
#1393=ORIENTED_EDGE('',*,*,#1392,.T.);
#1394=CARTESIAN_POINT('',(148.66767695,86.958410376,-2.));
#1395=VERTEX_POINT('',#1394);
#1396=CARTESIAN_POINT('',(145.843906903,86.830238038,-2.));
#1397=CARTESIAN_POINT('',(146.260468864,86.87029236,-2.));
#1398=CARTESIAN_POINT('',(146.691037917,86.900333101,-2.));
#1399=CARTESIAN_POINT('',(147.135628963,86.920360261,-2.));
#1400=CARTESIAN_POINT('',(147.580220008,86.940387422,-2.));
#1401=CARTESIAN_POINT('',(148.090897703,86.95306831,-2.));
#1402=CARTESIAN_POINT('',(148.66767695,86.958410376,-2.));
#1403=B_SPLINE_CURVE_WITH_KNOTS('',3,(#1396,#1397,#1398,#1399,#1400,#1401,#1402),.UNSPECIFIED.,.F.,.F.,(4,3,4),(0.,0.5,1.),.UNSPECIFIED.);
#1404=EDGE_CURVE('',#1387,#1395,#1403,.T.);
#1405=ORIENTED_EDGE('',*,*,#1404,.T.);
#1406=CARTESIAN_POINT('',(151.823877001,86.986446911,-2.));
#1407=VERTEX_POINT('',#1406);
#1408=CARTESIAN_POINT('',(148.66767695,86.958410376,-2.));
#1409=DIRECTION('',(0.999960548,0.008882653,0.));
#1410=VECTOR('',#1409,3.156324573);
#1411=LINE('',#1408,#1410);
#1412=EDGE_CURVE('',#1395,#1407,#1411,.T.);
#1413=ORIENTED_EDGE('',*,*,#1412,.T.);
#1414=CARTESIAN_POINT('',(151.912002468,88.296191925,-2.));
#1415=VERTEX_POINT('',#1414);
#1416=CARTESIAN_POINT('',(151.823877001,86.986446911,-2.));
#1417=CARTESIAN_POINT('',(151.863931322,87.429704303,-2.));
#1418=CARTESIAN_POINT('',(151.893301511,87.866285974,-2.));
#1419=CARTESIAN_POINT('',(151.912002468,88.296191925,-2.));
#1420=B_SPLINE_CURVE_WITH_KNOTS('',3,(#1416,#1417,#1418,#1419),.UNSPECIFIED.,.F.,.F.,(4,4),(0.,0.077761914),.UNSPECIFIED.);
#1421=EDGE_CURVE('',#1407,#1415,#1420,.T.);
#1422=ORIENTED_EDGE('',*,*,#1421,.T.);
#1423=CARTESIAN_POINT('',(151.549516821,91.644661659,-2.));
#1424=VERTEX_POINT('',#1423);
#1425=CARTESIAN_POINT('',(151.912002468,88.296191925,-2.));
#1426=CARTESIAN_POINT('',(151.930688524,88.726097876,-2.));
#1427=CARTESIAN_POINT('',(151.940031552,89.150669211,-2.));
#1428=CARTESIAN_POINT('',(151.940031552,89.56989103,-2.));
#1429=CARTESIAN_POINT('',(151.940031552,90.520488256,-2.));
#1430=CARTESIAN_POINT('',(151.809855008,91.21208095,-2.));
#1431=CARTESIAN_POINT('',(151.549516821,91.644661659,-2.));
#1432=B_SPLINE_CURVE_WITH_KNOTS('',3,(#1425,#1426,#1427,#1428,#1429,#1430,#1431),.UNSPECIFIED.,.F.,.F.,(4,3,4),(0.077761914,0.155523711,0.331850767),.UNSPECIFIED.);
#1433=EDGE_CURVE('',#1415,#1424,#1432,.T.);
#1434=ORIENTED_EDGE('',*,*,#1433,.T.);
#1435=CARTESIAN_POINT('',(149.286492372,91.927038664,-2.));
#1436=VERTEX_POINT('',#1435);
#1437=CARTESIAN_POINT('',(151.549516821,91.644661659,-2.));
#1438=CARTESIAN_POINT('',(151.289163733,92.077234918,-2.));
#1439=CARTESIAN_POINT('',(150.87194612,92.293525273,-2.));
#1440=CARTESIAN_POINT('',(150.297849083,92.293525273,-2.));
#1441=CARTESIAN_POINT('',(149.889303946,92.293525273,-2.));
#1442=CARTESIAN_POINT('',(149.552180076,92.171358103,-2.));
#1443=CARTESIAN_POINT('',(149.286492372,91.927038664,-2.));
#1444=B_SPLINE_CURVE_WITH_KNOTS('',3,(#1437,#1438,#1439,#1440,#1441,#1442,#1443),.UNSPECIFIED.,.F.,.F.,(4,3,4),(0.331850767,0.508178276,0.633658364),.UNSPECIFIED.);
#1445=EDGE_CURVE('',#1424,#1436,#1444,.T.);
#1446=ORIENTED_EDGE('',*,*,#1445,.T.);
#1447=CARTESIAN_POINT('',(148.771806264,90.887652868,-2.));
#1448=VERTEX_POINT('',#1447);
#1449=CARTESIAN_POINT('',(149.286492372,91.927038664,-2.));
#1450=CARTESIAN_POINT('',(149.020804667,91.682711774,-2.));
#1451=CARTESIAN_POINT('',(148.849247599,91.336244875,-2.));
#1452=CARTESIAN_POINT('',(148.771806264,90.887652868,-2.));
#1453=B_SPLINE_CURVE_WITH_KNOTS('',3,(#1449,#1450,#1451,#1452),.UNSPECIFIED.,.F.,.F.,(4,4),(0.633658364,0.759140204),.UNSPECIFIED.);
#1454=EDGE_CURVE('',#1436,#1448,#1453,.T.);
#1455=ORIENTED_EDGE('',*,*,#1454,.T.);
#1456=CARTESIAN_POINT('',(148.771806264,90.887652868,-2.));
#1457=CARTESIAN_POINT('',(148.710398579,91.320226127,-2.));
#1458=CARTESIAN_POINT('',(148.547513986,91.643320554,-2.));
#1459=CARTESIAN_POINT('',(148.283152485,91.856943601,-2.));
#1460=B_SPLINE_CURVE_WITH_KNOTS('',3,(#1456,#1457,#1458,#1459),.UNSPECIFIED.,.F.,.F.,(4,4),(0.759140204,0.879572985),.UNSPECIFIED.);
#1461=EDGE_CURVE('',#1448,#1302,#1460,.T.);
#1462=ORIENTED_EDGE('',*,*,#1461,.T.);
#1463=EDGE_LOOP('',(#1311,#1319,#1331,#1339,#1348,#1360,#1369,#1377,#1385,#1393,#1405,#1413,#1422,#1434,#1446,#1455,#1462));
#1464=FACE_BOUND('',#1463,.T.);
#1465=CARTESIAN_POINT('',(148.863940144,103.448392981,-2.));
#1466=VERTEX_POINT('',#1465);
#1467=CARTESIAN_POINT('',(148.351250792,104.762153858,-2.));
#1468=VERTEX_POINT('',#1467);
#1469=CARTESIAN_POINT('',(148.863940144,103.448392981,-2.));
#1470=CARTESIAN_POINT('',(148.805184865,104.003803962,-2.));
#1471=CARTESIAN_POINT('',(148.634298348,104.441719288,-2.));
#1472=CARTESIAN_POINT('',(148.351250792,104.762153858,-2.));
#1473=B_SPLINE_CURVE_WITH_KNOTS('',3,(#1469,#1470,#1471,#1472),.UNSPECIFIED.,.F.,.F.,(4,4),(0.494558806,0.595268515),.UNSPECIFIED.);
#1474=EDGE_CURVE('',#1466,#1468,#1473,.T.);
#1475=ORIENTED_EDGE('',*,*,#1474,.T.);
#1476=CARTESIAN_POINT('',(146.096243167,104.678036803,-2.));
#1477=VERTEX_POINT('',#1476);
#1478=CARTESIAN_POINT('',(148.351250792,104.762153858,-2.));
#1479=CARTESIAN_POINT('',(148.068203235,105.082573527,-2.));
#1480=CARTESIAN_POINT('',(147.714404964,105.242790812,-2.));
#1481=CARTESIAN_POINT('',(147.28984108,105.242790812,-2.));
#1482=CARTESIAN_POINT('',(146.777151728,105.242790812,-2.));
#1483=CARTESIAN_POINT('',(146.379290724,105.054544443,-2.));
#1484=CARTESIAN_POINT('',(146.096243167,104.678036803,-2.));
#1485=B_SPLINE_CURVE_WITH_KNOTS('',3,(#1478,#1479,#1480,#1481,#1482,#1483,#1484),.UNSPECIFIED.,.F.,.F.,(4,3,4),(0.595268515,0.695975592,0.81758614),.UNSPECIFIED.);
#1486=EDGE_CURVE('',#1468,#1477,#1485,.T.);
#1487=ORIENTED_EDGE('',*,*,#1486,.T.);
#1488=CARTESIAN_POINT('',(145.835890079,99.643321866,-2.));
#1489=VERTEX_POINT('',#1488);
#1490=CARTESIAN_POINT('',(146.096243167,104.678036803,-2.));
#1491=CARTESIAN_POINT('',(145.81319561,104.301544064,-2.));
#1492=CARTESIAN_POINT('',(145.671679282,103.771494859,-2.));
#1493=CARTESIAN_POINT('',(145.671679282,103.087918991,-2.));
#1494=CARTESIAN_POINT('',(145.671679282,102.917017573,-2.));
#1495=CARTESIAN_POINT('',(145.698382163,102.449732059,-2.));
#1496=CARTESIAN_POINT('',(145.751787925,101.686047548,-2.));
#1497=CARTESIAN_POINT('',(145.805193686,100.922363037,-2.));
#1498=CARTESIAN_POINT('',(145.833222771,100.241454476,-2.));
#1499=CARTESIAN_POINT('',(145.835890079,99.643321866,-2.));
#1500=B_SPLINE_CURVE_WITH_KNOTS('',3,(#1490,#1491,#1492,#1493,#1494,#1495,#1496,#1497,#1498,#1499),.UNSPECIFIED.,.F.,.F.,(4,3,3,4),(0.81758614,0.939193613,0.969596806,1.),.UNSPECIFIED.);
#1501=EDGE_CURVE('',#1477,#1489,#1500,.T.);
#1502=ORIENTED_EDGE('',*,*,#1501,.T.);
#1503=CARTESIAN_POINT('',(147.658331895,99.795522326,-2.));
#1504=VERTEX_POINT('',#1503);
#1505=CARTESIAN_POINT('',(145.835890079,99.643321866,-2.));
#1506=DIRECTION('',(0.996530795,0.083224849,0.));
#1507=VECTOR('',#1506,1.828786252);
#1508=LINE('',#1505,#1507);
#1509=EDGE_CURVE('',#1489,#1504,#1508,.T.);
#1510=ORIENTED_EDGE('',*,*,#1509,.T.);
#1511=CARTESIAN_POINT('',(151.831893826,99.771501654,-2.));
#1512=VERTEX_POINT('',#1511);
#1513=CARTESIAN_POINT('',(147.658331895,99.795522326,-2.));
#1514=DIRECTION('',(0.999983438,-0.005755341,0.));
#1515=VECTOR('',#1514,4.173631055);
#1516=LINE('',#1513,#1515);
#1517=EDGE_CURVE('',#1504,#1512,#1516,.T.);
#1518=ORIENTED_EDGE('',*,*,#1517,.T.);
#1519=CARTESIAN_POINT('',(149.474753642,104.537846678,-2.));
#1520=VERTEX_POINT('',#1519);
#1521=CARTESIAN_POINT('',(151.831893826,99.771501654,-2.));
#1522=CARTESIAN_POINT('',(151.861264014,100.286843413,-2.));
#1523=CARTESIAN_POINT('',(151.882617378,100.765483612,-2.));
#1524=CARTESIAN_POINT('',(151.895968819,101.207407349,-2.));
#1525=CARTESIAN_POINT('',(151.909320259,101.649331087,-2.));
#1526=CARTESIAN_POINT('',(151.915995979,102.067889804,-2.));
#1527=CARTESIAN_POINT('',(151.915995979,102.4630835,-2.));
#1528=CARTESIAN_POINT('',(151.915995979,103.258805507,-2.));
#1529=CARTESIAN_POINT('',(151.793165708,103.866281146,-2.));
#1530=CARTESIAN_POINT('',(151.547505164,104.285510415,-2.));
#1531=CARTESIAN_POINT('',(151.301844621,104.704739684,-2.));
#1532=CARTESIAN_POINT('',(150.945379043,104.914354318,-2.));
#1533=CARTESIAN_POINT('',(150.478078628,104.914354318,-2.));
#1534=CARTESIAN_POINT('',(150.085567141,104.914354318,-2.));
#1535=CARTESIAN_POINT('',(149.751110578,104.788841838,-2.));
#1536=CARTESIAN_POINT('',(149.474753642,104.537846678,-2.));
#1537=B_SPLINE_CURVE_WITH_KNOTS('',3,(#1521,#1522,#1523,#1524,#1525,#1526,#1527,#1528,#1529,#1530,#1531,#1532,#1533,#1534,#1535,#1536),.UNSPECIFIED.,.F.,.F.,(4,3,3,3,3,4),(0.,0.052559266,0.105118532,0.210946547,0.316774562,0.405665371),.UNSPECIFIED.);
#1538=EDGE_CURVE('',#1512,#1520,#1537,.T.);
#1539=ORIENTED_EDGE('',*,*,#1538,.T.);
#1540=CARTESIAN_POINT('',(149.474753642,104.537846678,-2.));
#1541=CARTESIAN_POINT('',(149.198381805,104.286851519,-2.));
#1542=CARTESIAN_POINT('',(148.994772339,103.92369532,-2.));
#1543=CARTESIAN_POINT('',(148.863940144,103.448392981,-2.));
#1544=B_SPLINE_CURVE_WITH_KNOTS('',3,(#1540,#1541,#1542,#1543),.UNSPECIFIED.,.F.,.F.,(4,4),(0.405665371,0.494558806),.UNSPECIFIED.);
#1545=EDGE_CURVE('',#1520,#1466,#1544,.T.);
#1546=ORIENTED_EDGE('',*,*,#1545,.T.);
#1547=EDGE_LOOP('',(#1475,#1487,#1502,#1510,#1518,#1539,#1546));
#1548=FACE_BOUND('',#1547,.T.);
#1549=CARTESIAN_POINT('',(146.476744318,115.664692754,-2.));
#1550=VERTEX_POINT('',#1549);
#1551=CARTESIAN_POINT('',(146.096243167,115.670697922,-2.));
#1552=VERTEX_POINT('',#1551);
#1553=CARTESIAN_POINT('',(146.476744318,115.664692754,-2.));
#1554=CARTESIAN_POINT('',(146.345912123,115.664677852,-2.));
#1555=CARTESIAN_POINT('',(146.219073439,115.666689509,-2.));
#1556=CARTESIAN_POINT('',(146.096243167,115.670697922,-2.));
#1557=B_SPLINE_CURVE_WITH_KNOTS('',3,(#1553,#1554,#1555,#1556),.UNSPECIFIED.,.F.,.F.,(4,4),(0.,0.031933643),.UNSPECIFIED.);
#1558=EDGE_CURVE('',#1550,#1552,#1557,.T.);
#1559=ORIENTED_EDGE('',*,*,#1558,.T.);
#1560=CARTESIAN_POINT('',(145.731760764,115.688713425,-2.));
#1561=VERTEX_POINT('',#1560);
#1562=CARTESIAN_POINT('',(146.096243167,115.670697922,-2.));
#1563=CARTESIAN_POINT('',(145.973412895,115.674691433,-2.));
#1564=CARTESIAN_POINT('',(145.851923728,115.680696601,-2.));
#1565=CARTESIAN_POINT('',(145.731760764,115.688713425,-2.));
#1566=B_SPLINE_CURVE_WITH_KNOTS('',3,(#1562,#1563,#1564,#1565),.UNSPECIFIED.,.F.,.F.,(4,4),(0.031933643,0.06386716),.UNSPECIFIED.);
#1567=EDGE_CURVE('',#1552,#1561,#1566,.T.);
#1568=ORIENTED_EDGE('',*,*,#1567,.T.);
#1569=CARTESIAN_POINT('',(145.841910148,114.64932763,-2.));
#1570=VERTEX_POINT('',#1569);
#1571=CARTESIAN_POINT('',(145.731760764,115.688713425,-2.));
#1572=CARTESIAN_POINT('',(145.779817009,115.301536554,-2.));
#1573=CARTESIAN_POINT('',(145.81653347,114.955069655,-2.));
#1574=CARTESIAN_POINT('',(145.841910148,114.64932763,-2.));
#1575=B_SPLINE_CURVE_WITH_KNOTS('',3,(#1571,#1572,#1573,#1574),.UNSPECIFIED.,.F.,.F.,(4,4),(0.06386716,0.167319645),.UNSPECIFIED.);
#1576=EDGE_CURVE('',#1561,#1570,#1575,.T.);
#1577=ORIENTED_EDGE('',*,*,#1576,.T.);
#1578=CARTESIAN_POINT('',(145.887969637,113.802196616,-2.));
#1579=VERTEX_POINT('',#1578);
#1580=CARTESIAN_POINT('',(145.841910148,114.64932763,-2.));
#1581=CARTESIAN_POINT('',(145.867271924,114.343585604,-2.));
#1582=CARTESIAN_POINT('',(145.88262012,114.0612086,-2.));
#1583=CARTESIAN_POINT('',(145.887969637,113.802196616,-2.));
#1584=B_SPLINE_CURVE_WITH_KNOTS('',3,(#1580,#1581,#1582,#1583),.UNSPECIFIED.,.F.,.F.,(4,4),(0.167319645,0.270771715),.UNSPECIFIED.);
#1585=EDGE_CURVE('',#1570,#1579,#1584,.T.);
#1586=ORIENTED_EDGE('',*,*,#1585,.T.);
#1587=CARTESIAN_POINT('',(150.257794762,113.918366069,-2.));
#1588=VERTEX_POINT('',#1587);
#1589=CARTESIAN_POINT('',(145.887969637,113.802196616,-2.));
#1590=CARTESIAN_POINT('',(146.611599827,113.839583629,-2.));
#1591=CARTESIAN_POINT('',(147.33655622,113.868298167,-2.));
#1592=CARTESIAN_POINT('',(148.062868619,113.888325328,-2.));
#1593=CARTESIAN_POINT('',(148.789166117,113.908352488,-2.));
#1594=CARTESIAN_POINT('',(149.520813131,113.918366069,-2.));
#1595=CARTESIAN_POINT('',(150.257794762,113.918366069,-2.));
#1596=B_SPLINE_CURVE_WITH_KNOTS('',3,(#1589,#1590,#1591,#1592,#1593,#1594,#1595),.UNSPECIFIED.,.F.,.F.,(4,3,4),(0.270771715,0.560120904,0.84946416),.UNSPECIFIED.);
#1597=EDGE_CURVE('',#1579,#1588,#1596,.T.);
#1598=ORIENTED_EDGE('',*,*,#1597,.T.);
#1599=CARTESIAN_POINT('',(150.265796685,113.750131959,-2.));
#1600=VERTEX_POINT('',#1599);
#1601=CARTESIAN_POINT('',(150.257794762,113.918366069,-2.));
#1602=CARTESIAN_POINT('',(150.26046207,113.878311747,-2.));
#1603=CARTESIAN_POINT('',(150.263129377,113.822223777,-2.));
#1604=CARTESIAN_POINT('',(150.265796685,113.750131959,-2.));
#1605=B_SPLINE_CURVE_WITH_KNOTS('',3,(#1601,#1602,#1603,#1604),.UNSPECIFIED.,.F.,.F.,(4,4),(0.84946416,0.865224548),.UNSPECIFIED.);
#1606=EDGE_CURVE('',#1588,#1600,#1605,.T.);
#1607=ORIENTED_EDGE('',*,*,#1606,.T.);
#1608=CARTESIAN_POINT('',(150.281830335,112.552540535,-2.));
#1609=VERTEX_POINT('',#1608);
#1610=CARTESIAN_POINT('',(150.265796685,113.750131959,-2.));
#1611=CARTESIAN_POINT('',(150.281830335,113.378973836,-2.));
#1612=CARTESIAN_POINT('',(150.289832258,113.117294544,-2.));
#1613=CARTESIAN_POINT('',(150.289832258,112.965079182,-2.));
#1614=CARTESIAN_POINT('',(150.289832258,112.903671497,-2.));
#1615=CARTESIAN_POINT('',(150.28716495,112.76614868,-2.));
#1616=CARTESIAN_POINT('',(150.281830335,112.552540535,-2.));
#1617=B_SPLINE_CURVE_WITH_KNOTS('',3,(#1610,#1611,#1612,#1613,#1614,#1615,#1616),.UNSPECIFIED.,.F.,.F.,(4,3,4),(0.865224548,0.946385604,0.979128112),.UNSPECIFIED.);
#1618=EDGE_CURVE('',#1600,#1609,#1617,.T.);
#1619=ORIENTED_EDGE('',*,*,#1618,.T.);
#1620=CARTESIAN_POINT('',(150.27381351,112.220095628,-2.));
#1621=VERTEX_POINT('',#1620);
#1622=CARTESIAN_POINT('',(150.281830335,112.552540535,-2.));
#1623=CARTESIAN_POINT('',(150.279148126,112.416358823,-2.));
#1624=CARTESIAN_POINT('',(150.276480818,112.305538887,-2.));
#1625=CARTESIAN_POINT('',(150.27381351,112.220095628,-2.));
#1626=B_SPLINE_CURVE_WITH_KNOTS('',3,(#1622,#1623,#1624,#1625),.UNSPECIFIED.,.F.,.F.,(4,4),(0.979128112,1.),.UNSPECIFIED.);
#1627=EDGE_CURVE('',#1609,#1621,#1626,.T.);
#1628=ORIENTED_EDGE('',*,*,#1627,.T.);
#1629=CARTESIAN_POINT('',(151.996104622,112.292187446,-2.));
#1630=VERTEX_POINT('',#1629);
#1631=CARTESIAN_POINT('',(150.27381351,112.220095628,-2.));
#1632=DIRECTION('',(0.9991251,0.041821469,0.));
#1633=VECTOR('',#1632,1.723799265);
#1634=LINE('',#1631,#1633);
#1635=EDGE_CURVE('',#1621,#1630,#1634,.T.);
#1636=ORIENTED_EDGE('',*,*,#1635,.T.);
#1637=CARTESIAN_POINT('',(151.883958483,114.727439517,-2.));
#1638=VERTEX_POINT('',#1637);
#1639=CARTESIAN_POINT('',(151.996104622,112.292187446,-2.));
#1640=DIRECTION('',(-0.046002389,0.99894133,-0.));
#1641=VECTOR('',#1640,2.437832932);
#1642=LINE('',#1639,#1641);
#1643=EDGE_CURVE('',#1630,#1638,#1642,.T.);
#1644=ORIENTED_EDGE('',*,*,#1643,.T.);
#1645=CARTESIAN_POINT('',(151.924012804,117.270829314,-2.));
#1646=VERTEX_POINT('',#1645);
#1647=CARTESIAN_POINT('',(151.883958483,114.727439517,-2.));
#1648=DIRECTION('',(0.015746448,0.999876017,0.));
#1649=VECTOR('',#1648,2.543705173);
#1650=LINE('',#1647,#1649);
#1651=EDGE_CURVE('',#1638,#1646,#1650,.T.);
#1652=ORIENTED_EDGE('',*,*,#1651,.T.);
#1653=CARTESIAN_POINT('',(151.2951689,117.204742664,-2.));
#1654=VERTEX_POINT('',#1653);
#1655=CARTESIAN_POINT('',(151.924012804,117.270829314,-2.));
#1656=CARTESIAN_POINT('',(151.737092638,117.241444224,-2.));
#1657=CARTESIAN_POINT('',(151.527478004,117.219420308,-2.));
#1658=CARTESIAN_POINT('',(151.2951689,117.204742664,-2.));
#1659=B_SPLINE_CURVE_WITH_KNOTS('',3,(#1655,#1656,#1657,#1658),.UNSPECIFIED.,.F.,.F.,(4,4),(0.,0.49999899),.UNSPECIFIED.);
#1660=EDGE_CURVE('',#1646,#1654,#1659,.T.);
#1661=ORIENTED_EDGE('',*,*,#1660,.T.);
#1662=CARTESIAN_POINT('',(150.546176934,117.182703847,-2.));
#1663=VERTEX_POINT('',#1662);
#1664=CARTESIAN_POINT('',(151.2951689,117.204742664,-2.));
#1665=CARTESIAN_POINT('',(151.062859797,117.190050119,-2.));
#1666=CARTESIAN_POINT('',(150.813205743,117.182703847,-2.));
#1667=CARTESIAN_POINT('',(150.546176934,117.182703847,-2.));
#1668=B_SPLINE_CURVE_WITH_KNOTS('',3,(#1664,#1665,#1666,#1667),.UNSPECIFIED.,.F.,.F.,(4,4),(0.49999899,1.),.UNSPECIFIED.);
#1669=EDGE_CURVE('',#1654,#1663,#1668,.T.);
#1670=ORIENTED_EDGE('',*,*,#1669,.T.);
#1671=CARTESIAN_POINT('',(150.6342875,115.712748998,-2.));
#1672=VERTEX_POINT('',#1671);
#1673=CARTESIAN_POINT('',(150.546176934,117.182703847,-2.));
#1674=DIRECTION('',(0.059833609,-0.998208365,0.));
#1675=VECTOR('',#1674,1.472593198);
#1676=LINE('',#1673,#1675);
#1677=EDGE_CURVE('',#1663,#1672,#1676,.T.);
#1678=ORIENTED_EDGE('',*,*,#1677,.T.);
#1679=CARTESIAN_POINT('',(147.229759598,115.664692754,-2.));
#1680=VERTEX_POINT('',#1679);
#1681=CARTESIAN_POINT('',(150.6342875,115.712748998,-2.));
#1682=DIRECTION('',(-0.999900393,-0.014113986,-0.));
#1683=VECTOR('',#1682,3.404867052);
#1684=LINE('',#1681,#1683);
#1685=EDGE_CURVE('',#1672,#1680,#1684,.T.);
#1686=ORIENTED_EDGE('',*,*,#1685,.T.);
#1687=CARTESIAN_POINT('',(147.229759598,115.664692754,-2.));
#1688=DIRECTION('',(-1.,0.,-0.));
#1689=VECTOR('',#1688,0.75301528);
#1690=LINE('',#1687,#1689);
#1691=EDGE_CURVE('',#1680,#1550,#1690,.T.);
#1692=ORIENTED_EDGE('',*,*,#1691,.T.);
#1693=EDGE_LOOP('',(#1559,#1568,#1577,#1586,#1598,#1607,#1619,#1628,#1636,#1644,#1652,#1661,#1670,#1678,#1686,#1692));
#1694=FACE_BOUND('',#1693,.T.);
#1695=CARTESIAN_POINT('',(130.4,98.5,-2.));
#1696=VERTEX_POINT('',#1695);
#1697=CARTESIAN_POINT('',(135.6,98.5,-2.));
#1698=VERTEX_POINT('',#1697);
#1699=CARTESIAN_POINT('',(130.4,98.5,-2.));
#1700=DIRECTION('',(1.,0.,0.));
#1701=VECTOR('',#1700,5.2);
#1702=LINE('',#1699,#1701);
#1703=EDGE_CURVE('',#1696,#1698,#1702,.T.);
#1704=ORIENTED_EDGE('',*,*,#1703,.F.);
#1705=CARTESIAN_POINT('',(130.4,87.5,-2.));
#1706=VERTEX_POINT('',#1705);
#1707=CARTESIAN_POINT('',(130.4,98.5,-2.));
#1708=DIRECTION('',(0.,-1.,0.));
#1709=VECTOR('',#1708,11.);
#1710=LINE('',#1707,#1709);
#1711=EDGE_CURVE('',#1696,#1706,#1710,.T.);
#1712=ORIENTED_EDGE('',*,*,#1711,.T.);
#1713=CARTESIAN_POINT('',(135.6,87.5,-2.));
#1714=VERTEX_POINT('',#1713);
#1715=CARTESIAN_POINT('',(130.4,87.5,-2.));
#1716=DIRECTION('',(1.,0.,-0.));
#1717=VECTOR('',#1716,5.2);
#1718=LINE('',#1715,#1717);
#1719=EDGE_CURVE('',#1706,#1714,#1718,.T.);
#1720=ORIENTED_EDGE('',*,*,#1719,.T.);
#1721=CARTESIAN_POINT('',(135.6,87.5,-2.));
#1722=DIRECTION('',(0.,1.,0.));
#1723=VECTOR('',#1722,11.);
#1724=LINE('',#1721,#1723);
#1725=EDGE_CURVE('',#1714,#1698,#1724,.T.);
#1726=ORIENTED_EDGE('',*,*,#1725,.T.);
#1727=EDGE_LOOP('',(#1704,#1712,#1720,#1726));
#1728=FACE_BOUND('',#1727,.T.);
#1729=ADVANCED_FACE('',(#418,#504,#716,#856,#890,#1078,#1222,#1300,#1464,#1548,#1694,#1728),#326,.F.);
#1730=CARTESIAN_POINT('',(19.,-1.,1.));
#1731=DIRECTION('',(-0.,0.,1.));
#1732=DIRECTION('',(1.,0.,0.));
#1733=AXIS2_PLACEMENT_3D('',#1730,#1731,#1732);
#1734=PLANE('',#1733);
#1735=CARTESIAN_POINT('',(131.4,98.5,1.));
#1736=VERTEX_POINT('',#1735);
#1737=CARTESIAN_POINT('',(135.6,98.5,1.));
#1738=VERTEX_POINT('',#1737);
#1739=CARTESIAN_POINT('',(131.4,98.5,1.));
#1740=DIRECTION('',(1.,0.,0.));
#1741=VECTOR('',#1740,4.2);
#1742=LINE('',#1739,#1741);
#1743=EDGE_CURVE('',#1736,#1738,#1742,.T.);
#1744=ORIENTED_EDGE('',*,*,#1743,.T.);
#1745=CARTESIAN_POINT('',(135.6,97.5,1.));
#1746=VERTEX_POINT('',#1745);
#1747=CARTESIAN_POINT('',(135.6,98.5,1.));
#1748=DIRECTION('',(0.,-1.,0.));
#1749=VECTOR('',#1748,1.);
#1750=LINE('',#1747,#1749);
#1751=EDGE_CURVE('',#1738,#1746,#1750,.T.);
#1752=ORIENTED_EDGE('',*,*,#1751,.T.);
#1753=CARTESIAN_POINT('',(147.6,97.5,1.));
#1754=VERTEX_POINT('',#1753);
#1755=CARTESIAN_POINT('',(135.6,97.5,1.));
#1756=DIRECTION('',(1.,0.,0.));
#1757=VECTOR('',#1756,12.);
#1758=LINE('',#1755,#1757);
#1759=EDGE_CURVE('',#1746,#1754,#1758,.T.);
#1760=ORIENTED_EDGE('',*,*,#1759,.T.);
#1761=CARTESIAN_POINT('',(147.6,134.,1.));
#1762=VERTEX_POINT('',#1761);
#1763=CARTESIAN_POINT('',(147.6,97.5,1.));
#1764=DIRECTION('',(0.,1.,0.));
#1765=VECTOR('',#1764,36.5);
#1766=LINE('',#1763,#1765);
#1767=EDGE_CURVE('',#1754,#1762,#1766,.T.);
#1768=ORIENTED_EDGE('',*,*,#1767,.T.);
#1769=CARTESIAN_POINT('',(142.6,134.,1.));
#1770=VERTEX_POINT('',#1769);
#1771=CARTESIAN_POINT('',(142.6,134.,1.));
#1772=DIRECTION('',(1.,0.,0.));
#1773=VECTOR('',#1772,5.);
#1774=LINE('',#1771,#1773);
#1775=EDGE_CURVE('',#1770,#1762,#1774,.T.);
#1776=ORIENTED_EDGE('',*,*,#1775,.F.);
#1777=CARTESIAN_POINT('',(142.6,112.,1.));
#1778=VERTEX_POINT('',#1777);
#1779=CARTESIAN_POINT('',(142.6,112.,1.));
#1780=DIRECTION('',(0.,1.,0.));
#1781=VECTOR('',#1780,22.);
#1782=LINE('',#1779,#1781);
#1783=EDGE_CURVE('',#1778,#1770,#1782,.T.);
#1784=ORIENTED_EDGE('',*,*,#1783,.F.);
#1785=CARTESIAN_POINT('',(131.4,112.,1.));
#1786=VERTEX_POINT('',#1785);
#1787=CARTESIAN_POINT('',(131.4,112.,1.));
#1788=DIRECTION('',(1.,0.,0.));
#1789=VECTOR('',#1788,11.2);
#1790=LINE('',#1787,#1789);
#1791=EDGE_CURVE('',#1786,#1778,#1790,.T.);
#1792=ORIENTED_EDGE('',*,*,#1791,.F.);
#1793=CARTESIAN_POINT('',(131.4,98.5,1.));
#1794=DIRECTION('',(0.,1.,0.));
#1795=VECTOR('',#1794,13.5);
#1796=LINE('',#1793,#1795);
#1797=EDGE_CURVE('',#1736,#1786,#1796,.T.);
#1798=ORIENTED_EDGE('',*,*,#1797,.F.);
#1799=EDGE_LOOP('',(#1744,#1752,#1760,#1768,#1776,#1784,#1792,#1798));
#1800=FACE_BOUND('',#1799,.T.);
#1801=ADVANCED_FACE('',(#1800),#1734,.T.);
#1802=CARTESIAN_POINT('',(152.8,54.4,3.));
#1803=DIRECTION('',(0.,1.,0.));
#1804=DIRECTION('',(-0.,0.,1.));
#1805=AXIS2_PLACEMENT_3D('',#1802,#1803,#1804);
#1806=PLANE('',#1805);
#1807=CARTESIAN_POINT('',(156.5,54.4,3.));
#1808=VERTEX_POINT('',#1807);
#1809=CARTESIAN_POINT('',(152.1,54.4,3.));
#1810=VERTEX_POINT('',#1809);
#1811=CARTESIAN_POINT('',(156.5,54.4,3.));
#1812=DIRECTION('',(-1.,0.,-0.));
#1813=VECTOR('',#1812,4.4);
#1814=LINE('',#1811,#1813);
#1815=EDGE_CURVE('',#1808,#1810,#1814,.T.);
#1816=ORIENTED_EDGE('',*,*,#1815,.T.);
#1817=CARTESIAN_POINT('',(152.1,54.4,3.));
#1818=DIRECTION('',(0.,0.,1.));
#1819=VECTOR('',#1818,2.);
#1820=LINE('',#1817,#1819);
#1821=EDGE_CURVE('',#1810,#290,#1820,.T.);
#1822=ORIENTED_EDGE('',*,*,#1821,.T.);
#1823=ORIENTED_EDGE('',*,*,#295,.F.);
#1824=CARTESIAN_POINT('',(156.5,54.4,3.));
#1825=DIRECTION('',(-0.,0.,1.));
#1826=VECTOR('',#1825,2.);
#1827=LINE('',#1824,#1826);
#1828=EDGE_CURVE('',#1808,#282,#1827,.T.);
#1829=ORIENTED_EDGE('',*,*,#1828,.F.);
#1830=EDGE_LOOP('',(#1816,#1822,#1823,#1829));
#1831=FACE_BOUND('',#1830,.T.);
#1832=ADVANCED_FACE('',(#1831),#1806,.T.);
#1833=CARTESIAN_POINT('',(0.,1.,5.));
#1834=DIRECTION('',(-0.,0.,1.));
#1835=DIRECTION('',(1.,0.,0.));
#1836=AXIS2_PLACEMENT_3D('',#1833,#1834,#1835);
#1837=PLANE('',#1836);
#1838=CARTESIAN_POINT('',(154.85,124.,5.));
#1839=VERTEX_POINT('',#1838);
#1840=CARTESIAN_POINT('',(154.05,124.,5.));
#1841=DIRECTION('',(-0.,0.,1.));
#1842=DIRECTION('',(1.,0.,0.));
#1843=AXIS2_PLACEMENT_3D('',#1840,#1841,#1842);
#1844=CIRCLE('',#1843,0.8);
#1845=EDGE_CURVE('',#1839,#1839,#1844,.T.);
#1846=ORIENTED_EDGE('',*,*,#1845,.F.);
#1847=EDGE_LOOP('',(#1846));
#1848=FACE_BOUND('',#1847,.T.);
#1849=CARTESIAN_POINT('',(147.6,97.5,5.));
#1850=VERTEX_POINT('',#1849);
#1851=CARTESIAN_POINT('',(152.1,97.5,5.));
#1852=VERTEX_POINT('',#1851);
#1853=CARTESIAN_POINT('',(147.6,97.5,5.));
#1854=DIRECTION('',(1.,0.,-0.));
#1855=VECTOR('',#1854,4.5);
#1856=LINE('',#1853,#1855);
#1857=EDGE_CURVE('',#1850,#1852,#1856,.T.);
#1858=ORIENTED_EDGE('',*,*,#1857,.T.);
#1859=CARTESIAN_POINT('',(152.1,81.9,5.));
#1860=VERTEX_POINT('',#1859);
#1861=CARTESIAN_POINT('',(152.1,97.5,5.));
#1862=DIRECTION('',(0.,-1.,0.));
#1863=VECTOR('',#1862,15.6);
#1864=LINE('',#1861,#1863);
#1865=EDGE_CURVE('',#1852,#1860,#1864,.T.);
#1866=ORIENTED_EDGE('',*,*,#1865,.T.);
#1867=CARTESIAN_POINT('',(156.5,81.9,5.));
#1868=VERTEX_POINT('',#1867);
#1869=CARTESIAN_POINT('',(156.5,81.9,5.));
#1870=DIRECTION('',(-1.,0.,-0.));
#1871=VECTOR('',#1870,4.4);
#1872=LINE('',#1869,#1871);
#1873=EDGE_CURVE('',#1868,#1860,#1872,.T.);
#1874=ORIENTED_EDGE('',*,*,#1873,.F.);
#1875=CARTESIAN_POINT('',(156.5,133.,5.));
#1876=VERTEX_POINT('',#1875);
#1877=CARTESIAN_POINT('',(156.5,81.9,5.));
#1878=DIRECTION('',(0.,1.,0.));
#1879=VECTOR('',#1878,51.1);
#1880=LINE('',#1877,#1879);
#1881=EDGE_CURVE('',#1868,#1876,#1880,.T.);
#1882=ORIENTED_EDGE('',*,*,#1881,.T.);
#1883=CARTESIAN_POINT('',(155.5,134.,5.));
#1884=VERTEX_POINT('',#1883);
#1885=CARTESIAN_POINT('',(155.5,133.,5.));
#1886=DIRECTION('',(-0.,0.,1.));
#1887=DIRECTION('',(1.,0.,0.));
#1888=AXIS2_PLACEMENT_3D('',#1885,#1886,#1887);
#1889=CIRCLE('',#1888,1.);
#1890=EDGE_CURVE('',#1876,#1884,#1889,.T.);
#1891=ORIENTED_EDGE('',*,*,#1890,.T.);
#1892=CARTESIAN_POINT('',(147.6,134.,5.));
#1893=VERTEX_POINT('',#1892);
#1894=CARTESIAN_POINT('',(147.6,134.,5.));
#1895=DIRECTION('',(1.,0.,0.));
#1896=VECTOR('',#1895,7.9);
#1897=LINE('',#1894,#1896);
#1898=EDGE_CURVE('',#1893,#1884,#1897,.T.);
#1899=ORIENTED_EDGE('',*,*,#1898,.F.);
#1900=CARTESIAN_POINT('',(147.6,97.5,5.));
#1901=DIRECTION('',(0.,1.,0.));
#1902=VECTOR('',#1901,36.5);
#1903=LINE('',#1900,#1902);
#1904=EDGE_CURVE('',#1850,#1893,#1903,.T.);
#1905=ORIENTED_EDGE('',*,*,#1904,.F.);
#1906=EDGE_LOOP('',(#1858,#1866,#1874,#1882,#1891,#1899,#1905));
#1907=FACE_BOUND('',#1906,.T.);
#1908=ADVANCED_FACE('',(#1848,#1907),#1837,.T.);
#1909=CARTESIAN_POINT('',(151.6,74.4,0.));
#1910=DIRECTION('',(1.,0.,0.));
#1911=DIRECTION('',(0.,0.,-1.));
#1912=AXIS2_PLACEMENT_3D('',#1909,#1910,#1911);
#1913=PLANE('',#1912);
#1914=CARTESIAN_POINT('',(151.6,54.4,0.));
#1915=VERTEX_POINT('',#1914);
#1916=CARTESIAN_POINT('',(151.6,81.9,0.));
#1917=VERTEX_POINT('',#1916);
#1918=CARTESIAN_POINT('',(151.6,54.4,0.));
#1919=DIRECTION('',(0.,1.,0.));
#1920=VECTOR('',#1919,27.5);
#1921=LINE('',#1918,#1920);
#1922=EDGE_CURVE('',#1915,#1917,#1921,.T.);
#1923=ORIENTED_EDGE('',*,*,#1922,.F.);
#1924=CARTESIAN_POINT('',(151.6,54.4,3.));
#1925=VERTEX_POINT('',#1924);
#1926=CARTESIAN_POINT('',(151.6,54.4,0.));
#1927=DIRECTION('',(0.,0.,1.));
#1928=VECTOR('',#1927,3.);
#1929=LINE('',#1926,#1928);
#1930=EDGE_CURVE('',#1915,#1925,#1929,.T.);
#1931=ORIENTED_EDGE('',*,*,#1930,.T.);
#1932=CARTESIAN_POINT('',(151.6,81.9,3.));
#1933=VERTEX_POINT('',#1932);
#1934=CARTESIAN_POINT('',(151.6,81.9,3.));
#1935=DIRECTION('',(0.,-1.,0.));
#1936=VECTOR('',#1935,27.5);
#1937=LINE('',#1934,#1936);
#1938=EDGE_CURVE('',#1933,#1925,#1937,.T.);
#1939=ORIENTED_EDGE('',*,*,#1938,.F.);
#1940=CARTESIAN_POINT('',(151.6,81.9,0.));
#1941=DIRECTION('',(0.,0.,1.));
#1942=VECTOR('',#1941,3.);
#1943=LINE('',#1940,#1942);
#1944=EDGE_CURVE('',#1917,#1933,#1943,.T.);
#1945=ORIENTED_EDGE('',*,*,#1944,.F.);
#1946=EDGE_LOOP('',(#1923,#1931,#1939,#1945));
#1947=FACE_BOUND('',#1946,.T.);
#1948=ADVANCED_FACE('',(#1947),#1913,.F.);
#1949=CARTESIAN_POINT('',(152.8,81.9,3.));
#1950=DIRECTION('',(0.,1.,0.));
#1951=DIRECTION('',(-0.,0.,1.));
#1952=AXIS2_PLACEMENT_3D('',#1949,#1950,#1951);
#1953=PLANE('',#1952);
#1954=CARTESIAN_POINT('',(152.1,81.9,3.));
#1955=VERTEX_POINT('',#1954);
#1956=CARTESIAN_POINT('',(152.1,81.9,3.));
#1957=DIRECTION('',(0.,0.,1.));
#1958=VECTOR('',#1957,2.);
#1959=LINE('',#1956,#1958);
#1960=EDGE_CURVE('',#1955,#1860,#1959,.T.);
#1961=ORIENTED_EDGE('',*,*,#1960,.F.);
#1962=CARTESIAN_POINT('',(156.5,81.9,3.));
#1963=VERTEX_POINT('',#1962);
#1964=CARTESIAN_POINT('',(156.5,81.9,3.));
#1965=DIRECTION('',(-1.,0.,-0.));
#1966=VECTOR('',#1965,4.4);
#1967=LINE('',#1964,#1966);
#1968=EDGE_CURVE('',#1963,#1955,#1967,.T.);
#1969=ORIENTED_EDGE('',*,*,#1968,.F.);
#1970=CARTESIAN_POINT('',(156.5,81.9,5.));
#1971=DIRECTION('',(0.,0.,-1.));
#1972=VECTOR('',#1971,2.);
#1973=LINE('',#1970,#1972);
#1974=EDGE_CURVE('',#1868,#1963,#1973,.T.);
#1975=ORIENTED_EDGE('',*,*,#1974,.F.);
#1976=ORIENTED_EDGE('',*,*,#1873,.T.);
#1977=EDGE_LOOP('',(#1961,#1969,#1975,#1976));
#1978=FACE_BOUND('',#1977,.T.);
#1979=ADVANCED_FACE('',(#1978),#1953,.F.);
#1980=CARTESIAN_POINT('',(0.,0.,-2.));
#1981=DIRECTION('',(-0.,0.,1.));
#1982=DIRECTION('',(1.,0.,0.));
#1983=AXIS2_PLACEMENT_3D('',#1980,#1981,#1982);
#1984=PLANE('',#1983);
#1985=CARTESIAN_POINT('',(117.819734544,47.5,-2.));
#1986=VERTEX_POINT('',#1985);
#1987=CARTESIAN_POINT('',(117.5,47.5,-2.));
#1988=VERTEX_POINT('',#1987);
#1989=CARTESIAN_POINT('',(117.819734544,47.5,-2.));
#1990=DIRECTION('',(-1.,-0.,-0.));
#1991=VECTOR('',#1990,0.319734544);
#1992=LINE('',#1989,#1991);
#1993=EDGE_CURVE('',#1986,#1988,#1992,.T.);
#1994=ORIENTED_EDGE('',*,*,#1993,.T.);
#1995=CARTESIAN_POINT('',(117.5,47.772502269,-2.));
#1996=VERTEX_POINT('',#1995);
#1997=CARTESIAN_POINT('',(117.5,47.5,-2.));
#1998=DIRECTION('',(0.,1.,0.));
#1999=VECTOR('',#1998,0.272502269);
#2000=LINE('',#1997,#1999);
#2001=EDGE_CURVE('',#1988,#1996,#2000,.T.);
#2002=ORIENTED_EDGE('',*,*,#2001,.T.);
#2003=CARTESIAN_POINT('',(118.95,49.15,-2.));
#2004=DIRECTION('',(0.,-0.,-1.));
#2005=DIRECTION('',(1.,0.,0.));
#2006=AXIS2_PLACEMENT_3D('',#2003,#2004,#2005);
#2007=CIRCLE('',#2006,2.);
#2008=EDGE_CURVE('',#1986,#1996,#2007,.T.);
#2009=ORIENTED_EDGE('',*,*,#2008,.F.);
#2010=EDGE_LOOP('',(#1994,#2002,#2009));
#2011=FACE_BOUND('',#2010,.T.);
#2012=ADVANCED_FACE('',(#2011),#1984,.F.);
#2013=CARTESIAN_POINT('',(0.,0.,-2.));
#2014=DIRECTION('',(-0.,0.,1.));
#2015=DIRECTION('',(1.,0.,0.));
#2016=AXIS2_PLACEMENT_3D('',#2013,#2014,#2015);
#2017=PLANE('',#2016);
#2018=CARTESIAN_POINT('',(155.5,47.772502269,-2.));
#2019=VERTEX_POINT('',#2018);
#2020=CARTESIAN_POINT('',(155.5,47.5,-2.));
#2021=VERTEX_POINT('',#2020);
#2022=CARTESIAN_POINT('',(155.5,47.772502269,-2.));
#2023=DIRECTION('',(-0.,-1.,-0.));
#2024=VECTOR('',#2023,0.272502269);
#2025=LINE('',#2022,#2024);
#2026=EDGE_CURVE('',#2019,#2021,#2025,.T.);
#2027=ORIENTED_EDGE('',*,*,#2026,.T.);
#2028=CARTESIAN_POINT('',(155.180265456,47.5,-2.));
#2029=VERTEX_POINT('',#2028);
#2030=CARTESIAN_POINT('',(155.5,47.5,-2.));
#2031=DIRECTION('',(-1.,-0.,-0.));
#2032=VECTOR('',#2031,0.319734544);
#2033=LINE('',#2030,#2032);
#2034=EDGE_CURVE('',#2021,#2029,#2033,.T.);
#2035=ORIENTED_EDGE('',*,*,#2034,.T.);
#2036=CARTESIAN_POINT('',(154.05,49.15,-2.));
#2037=DIRECTION('',(0.,-0.,-1.));
#2038=DIRECTION('',(1.,0.,0.));
#2039=AXIS2_PLACEMENT_3D('',#2036,#2037,#2038);
#2040=CIRCLE('',#2039,2.);
#2041=EDGE_CURVE('',#2019,#2029,#2040,.T.);
#2042=ORIENTED_EDGE('',*,*,#2041,.F.);
#2043=EDGE_LOOP('',(#2027,#2035,#2042));
#2044=FACE_BOUND('',#2043,.T.);
#2045=ADVANCED_FACE('',(#2044),#2017,.F.);
#2046=CARTESIAN_POINT('',(0.,0.,-0.));
#2047=DIRECTION('',(-0.,0.,1.));
#2048=DIRECTION('',(1.,0.,0.));
#2049=AXIS2_PLACEMENT_3D('',#2046,#2047,#2048);
#2050=PLANE('',#2049);
#2051=CARTESIAN_POINT('',(130.4,87.5,-0.));
#2052=VERTEX_POINT('',#2051);
#2053=CARTESIAN_POINT('',(130.4,97.5,-0.));
#2054=DIRECTION('',(0.,-1.,0.));
#2055=VECTOR('',#2054,10.);
#2056=LINE('',#2053,#2055);
#2057=EDGE_CURVE('',#35,#2052,#2056,.T.);
#2058=ORIENTED_EDGE('',*,*,#2057,.F.);
#2059=ORIENTED_EDGE('',*,*,#40,.F.);
#2060=CARTESIAN_POINT('',(120.9,51.3,0.));
#2061=VERTEX_POINT('',#2060);
#2062=CARTESIAN_POINT('',(120.9,97.5,0.));
#2063=DIRECTION('',(-0.,-1.,0.));
#2064=VECTOR('',#2063,46.2);
#2065=LINE('',#2062,#2064);
#2066=EDGE_CURVE('',#33,#2061,#2065,.T.);
#2067=ORIENTED_EDGE('',*,*,#2066,.T.);
#2068=CARTESIAN_POINT('',(152.1,51.3,0.));
#2069=VERTEX_POINT('',#2068);
#2070=CARTESIAN_POINT('',(120.9,51.3,0.));
#2071=DIRECTION('',(1.,-0.,0.));
#2072=VECTOR('',#2071,31.2);
#2073=LINE('',#2070,#2072);
#2074=EDGE_CURVE('',#2061,#2069,#2073,.T.);
#2075=ORIENTED_EDGE('',*,*,#2074,.T.);
#2076=CARTESIAN_POINT('',(152.1,54.4,0.));
#2077=VERTEX_POINT('',#2076);
#2078=CARTESIAN_POINT('',(152.1,51.3,0.));
#2079=DIRECTION('',(0.,1.,0.));
#2080=VECTOR('',#2079,3.1);
#2081=LINE('',#2078,#2080);
#2082=EDGE_CURVE('',#2069,#2077,#2081,.T.);
#2083=ORIENTED_EDGE('',*,*,#2082,.T.);
#2084=CARTESIAN_POINT('',(152.1,54.4,0.));
#2085=DIRECTION('',(-1.,0.,0.));
#2086=VECTOR('',#2085,0.5);
#2087=LINE('',#2084,#2086);
#2088=EDGE_CURVE('',#2077,#1915,#2087,.T.);
#2089=ORIENTED_EDGE('',*,*,#2088,.T.);
#2090=ORIENTED_EDGE('',*,*,#1922,.T.);
#2091=CARTESIAN_POINT('',(152.1,81.9,0.));
#2092=VERTEX_POINT('',#2091);
#2093=CARTESIAN_POINT('',(152.1,81.9,0.));
#2094=DIRECTION('',(-1.,0.,0.));
#2095=VECTOR('',#2094,0.5);
#2096=LINE('',#2093,#2095);
#2097=EDGE_CURVE('',#2092,#1917,#2096,.T.);
#2098=ORIENTED_EDGE('',*,*,#2097,.F.);
#2099=CARTESIAN_POINT('',(152.1,97.5,0.));
#2100=VERTEX_POINT('',#2099);
#2101=CARTESIAN_POINT('',(152.1,97.5,0.));
#2102=DIRECTION('',(0.,-1.,0.));
#2103=VECTOR('',#2102,15.6);
#2104=LINE('',#2101,#2103);
#2105=EDGE_CURVE('',#2100,#2092,#2104,.T.);
#2106=ORIENTED_EDGE('',*,*,#2105,.F.);
#2107=CARTESIAN_POINT('',(135.6,97.5,0.));
#2108=VERTEX_POINT('',#2107);
#2109=CARTESIAN_POINT('',(135.6,97.5,0.));
#2110=DIRECTION('',(1.,0.,-0.));
#2111=VECTOR('',#2110,16.5);
#2112=LINE('',#2109,#2111);
#2113=EDGE_CURVE('',#2108,#2100,#2112,.T.);
#2114=ORIENTED_EDGE('',*,*,#2113,.F.);
#2115=CARTESIAN_POINT('',(135.6,87.5,0.));
#2116=VERTEX_POINT('',#2115);
#2117=CARTESIAN_POINT('',(135.6,87.5,0.));
#2118=DIRECTION('',(0.,1.,0.));
#2119=VECTOR('',#2118,10.);
#2120=LINE('',#2117,#2119);
#2121=EDGE_CURVE('',#2116,#2108,#2120,.T.);
#2122=ORIENTED_EDGE('',*,*,#2121,.F.);
#2123=CARTESIAN_POINT('',(130.4,87.5,0.));
#2124=DIRECTION('',(1.,0.,-0.));
#2125=VECTOR('',#2124,5.2);
#2126=LINE('',#2123,#2125);
#2127=EDGE_CURVE('',#2052,#2116,#2126,.T.);
#2128=ORIENTED_EDGE('',*,*,#2127,.F.);
#2129=EDGE_LOOP('',(#2058,#2059,#2067,#2075,#2083,#2089,#2090,#2098,#2106,#2114,#2122,#2128));
#2130=FACE_BOUND('',#2129,.T.);
#2131=CARTESIAN_POINT('',(128.,60.5,-0.));
#2132=VERTEX_POINT('',#2131);
#2133=CARTESIAN_POINT('',(140.,60.5,0.));
#2134=VERTEX_POINT('',#2133);
#2135=CARTESIAN_POINT('',(128.,60.5,0.));
#2136=DIRECTION('',(1.,0.,0.));
#2137=VECTOR('',#2136,12.);
#2138=LINE('',#2135,#2137);
#2139=EDGE_CURVE('',#2132,#2134,#2138,.T.);
#2140=ORIENTED_EDGE('',*,*,#2139,.F.);
#2141=CARTESIAN_POINT('',(128.,72.5,0.));
#2142=VERTEX_POINT('',#2141);
#2143=CARTESIAN_POINT('',(128.,72.5,0.));
#2144=DIRECTION('',(0.,-1.,0.));
#2145=VECTOR('',#2144,12.);
#2146=LINE('',#2143,#2145);
#2147=EDGE_CURVE('',#2142,#2132,#2146,.T.);
#2148=ORIENTED_EDGE('',*,*,#2147,.F.);
#2149=CARTESIAN_POINT('',(140.,72.5,0.));
#2150=VERTEX_POINT('',#2149);
#2151=CARTESIAN_POINT('',(140.,72.5,0.));
#2152=DIRECTION('',(-1.,0.,-0.));
#2153=VECTOR('',#2152,12.);
#2154=LINE('',#2151,#2153);
#2155=EDGE_CURVE('',#2150,#2142,#2154,.T.);
#2156=ORIENTED_EDGE('',*,*,#2155,.F.);
#2157=CARTESIAN_POINT('',(140.,60.5,0.));
#2158=DIRECTION('',(0.,1.,0.));
#2159=VECTOR('',#2158,12.);
#2160=LINE('',#2157,#2159);
#2161=EDGE_CURVE('',#2134,#2150,#2160,.T.);
#2162=ORIENTED_EDGE('',*,*,#2161,.F.);
#2163=EDGE_LOOP('',(#2140,#2148,#2156,#2162));
#2164=FACE_BOUND('',#2163,.T.);
#2165=ADVANCED_FACE('',(#2130,#2164),#2050,.T.);
#2166=CARTESIAN_POINT('',(154.05,49.15,-5.));
#2167=DIRECTION('',(-0.,0.,1.));
#2168=DIRECTION('',(1.,0.,0.));
#2169=AXIS2_PLACEMENT_3D('',#2166,#2167,#2168);
#2170=CYLINDRICAL_SURFACE('',#2169,1.);
#2171=CARTESIAN_POINT('',(155.05,49.15,0.));
#2172=VERTEX_POINT('',#2171);
#2173=CARTESIAN_POINT('',(155.05,49.15,5.));
#2174=DIRECTION('',(0.,-0.,-1.));
#2175=VECTOR('',#2174,5.);
#2176=LINE('',#2173,#2175);
#2177=EDGE_CURVE('',#84,#2172,#2176,.T.);
#2178=ORIENTED_EDGE('',*,*,#2177,.F.);
#2179=ORIENTED_EDGE('',*,*,#90,.T.);
#2180=ORIENTED_EDGE('',*,*,#2177,.T.);
#2181=CARTESIAN_POINT('',(153.05,49.15,0.));
#2182=VERTEX_POINT('',#2181);
#2183=CARTESIAN_POINT('',(154.05,49.15,0.));
#2184=DIRECTION('',(-0.,0.,1.));
#2185=DIRECTION('',(-1.,0.,-0.));
#2186=AXIS2_PLACEMENT_3D('',#2183,#2184,#2185);
#2187=CIRCLE('',#2186,1.);
#2188=EDGE_CURVE('',#2182,#2172,#2187,.T.);
#2189=ORIENTED_EDGE('',*,*,#2188,.F.);
#2190=CARTESIAN_POINT('',(154.05,49.15,0.));
#2191=DIRECTION('',(-0.,0.,1.));
#2192=DIRECTION('',(-1.,0.,-0.));
#2193=AXIS2_PLACEMENT_3D('',#2190,#2191,#2192);
#2194=CIRCLE('',#2193,1.);
#2195=EDGE_CURVE('',#2172,#2182,#2194,.T.);
#2196=ORIENTED_EDGE('',*,*,#2195,.F.);
#2197=EDGE_LOOP('',(#2178,#2179,#2180,#2189,#2196));
#2198=FACE_BOUND('',#2197,.T.);
#2199=ADVANCED_FACE('',(#2198),#2170,.F.);
#2200=CARTESIAN_POINT('',(118.95,49.15,-5.));
#2201=DIRECTION('',(-0.,0.,1.));
#2202=DIRECTION('',(1.,0.,0.));
#2203=AXIS2_PLACEMENT_3D('',#2200,#2201,#2202);
#2204=CYLINDRICAL_SURFACE('',#2203,1.);
#2205=CARTESIAN_POINT('',(119.95,49.15,-0.));
#2206=VERTEX_POINT('',#2205);
#2207=CARTESIAN_POINT('',(119.95,49.15,5.));
#2208=DIRECTION('',(0.,-0.,-1.));
#2209=VECTOR('',#2208,5.);
#2210=LINE('',#2207,#2209);
#2211=EDGE_CURVE('',#95,#2206,#2210,.T.);
#2212=ORIENTED_EDGE('',*,*,#2211,.F.);
#2213=ORIENTED_EDGE('',*,*,#101,.T.);
#2214=ORIENTED_EDGE('',*,*,#2211,.T.);
#2215=CARTESIAN_POINT('',(117.95,49.15,-0.));
#2216=VERTEX_POINT('',#2215);
#2217=CARTESIAN_POINT('',(118.95,49.15,-0.));
#2218=DIRECTION('',(-0.,0.,1.));
#2219=DIRECTION('',(-1.,0.,-0.));
#2220=AXIS2_PLACEMENT_3D('',#2217,#2218,#2219);
#2221=CIRCLE('',#2220,1.);
#2222=EDGE_CURVE('',#2216,#2206,#2221,.T.);
#2223=ORIENTED_EDGE('',*,*,#2222,.F.);
#2224=CARTESIAN_POINT('',(118.95,49.15,-0.));
#2225=DIRECTION('',(-0.,0.,1.));
#2226=DIRECTION('',(-1.,0.,-0.));
#2227=AXIS2_PLACEMENT_3D('',#2224,#2225,#2226);
#2228=CIRCLE('',#2227,1.);
#2229=EDGE_CURVE('',#2206,#2216,#2228,.T.);
#2230=ORIENTED_EDGE('',*,*,#2229,.F.);
#2231=EDGE_LOOP('',(#2212,#2213,#2214,#2223,#2230));
#2232=FACE_BOUND('',#2231,.T.);
#2233=ADVANCED_FACE('',(#2232),#2204,.F.);
#2234=CARTESIAN_POINT('',(118.95,124.,-5.));
#2235=DIRECTION('',(-0.,0.,1.));
#2236=DIRECTION('',(1.,0.,0.));
#2237=AXIS2_PLACEMENT_3D('',#2234,#2235,#2236);
#2238=CYLINDRICAL_SURFACE('',#2237,0.8);
#2239=CARTESIAN_POINT('',(119.75,124.,-0.));
#2240=VERTEX_POINT('',#2239);
#2241=CARTESIAN_POINT('',(119.75,124.,5.));
#2242=DIRECTION('',(0.,-0.,-1.));
#2243=VECTOR('',#2242,5.);
#2244=LINE('',#2241,#2243);
#2245=EDGE_CURVE('',#73,#2240,#2244,.T.);
#2246=ORIENTED_EDGE('',*,*,#2245,.F.);
#2247=ORIENTED_EDGE('',*,*,#79,.T.);
#2248=ORIENTED_EDGE('',*,*,#2245,.T.);
#2249=CARTESIAN_POINT('',(118.15,124.,-0.));
#2250=VERTEX_POINT('',#2249);
#2251=CARTESIAN_POINT('',(118.95,124.,-0.));
#2252=DIRECTION('',(-0.,0.,1.));
#2253=DIRECTION('',(-1.,0.,-0.));
#2254=AXIS2_PLACEMENT_3D('',#2251,#2252,#2253);
#2255=CIRCLE('',#2254,0.8);
#2256=EDGE_CURVE('',#2250,#2240,#2255,.T.);
#2257=ORIENTED_EDGE('',*,*,#2256,.F.);
#2258=CARTESIAN_POINT('',(118.95,124.,-0.));
#2259=DIRECTION('',(-0.,0.,1.));
#2260=DIRECTION('',(-1.,0.,-0.));
#2261=AXIS2_PLACEMENT_3D('',#2258,#2259,#2260);
#2262=CIRCLE('',#2261,0.8);
#2263=EDGE_CURVE('',#2240,#2250,#2262,.T.);
#2264=ORIENTED_EDGE('',*,*,#2263,.F.);
#2265=EDGE_LOOP('',(#2246,#2247,#2248,#2257,#2264));
#2266=FACE_BOUND('',#2265,.T.);
#2267=ADVANCED_FACE('',(#2266),#2238,.F.);
#2268=CARTESIAN_POINT('',(154.05,124.,-5.));
#2269=DIRECTION('',(-0.,0.,1.));
#2270=DIRECTION('',(1.,0.,0.));
#2271=AXIS2_PLACEMENT_3D('',#2268,#2269,#2270);
#2272=CYLINDRICAL_SURFACE('',#2271,0.8);
#2273=CARTESIAN_POINT('',(154.85,124.,0.));
#2274=VERTEX_POINT('',#2273);
#2275=CARTESIAN_POINT('',(154.85,124.,5.));
#2276=DIRECTION('',(0.,-0.,-1.));
#2277=VECTOR('',#2276,5.);
#2278=LINE('',#2275,#2277);
#2279=EDGE_CURVE('',#1839,#2274,#2278,.T.);
#2280=ORIENTED_EDGE('',*,*,#2279,.F.);
#2281=ORIENTED_EDGE('',*,*,#1845,.T.);
#2282=ORIENTED_EDGE('',*,*,#2279,.T.);
#2283=CARTESIAN_POINT('',(153.25,124.,0.));
#2284=VERTEX_POINT('',#2283);
#2285=CARTESIAN_POINT('',(154.05,124.,0.));
#2286=DIRECTION('',(-0.,0.,1.));
#2287=DIRECTION('',(-1.,0.,-0.));
#2288=AXIS2_PLACEMENT_3D('',#2285,#2286,#2287);
#2289=CIRCLE('',#2288,0.8);
#2290=EDGE_CURVE('',#2284,#2274,#2289,.T.);
#2291=ORIENTED_EDGE('',*,*,#2290,.F.);
#2292=CARTESIAN_POINT('',(154.05,124.,0.));
#2293=DIRECTION('',(-0.,0.,1.));
#2294=DIRECTION('',(-1.,0.,-0.));
#2295=AXIS2_PLACEMENT_3D('',#2292,#2293,#2294);
#2296=CIRCLE('',#2295,0.8);
#2297=EDGE_CURVE('',#2274,#2284,#2296,.T.);
#2298=ORIENTED_EDGE('',*,*,#2297,.F.);
#2299=EDGE_LOOP('',(#2280,#2281,#2282,#2291,#2298));
#2300=FACE_BOUND('',#2299,.T.);
#2301=ADVANCED_FACE('',(#2300),#2272,.F.);
#2302=CARTESIAN_POINT('',(156.5,90.25,-5.));
#2303=DIRECTION('',(1.,0.,0.));
#2304=DIRECTION('',(0.,0.,-1.));
#2305=AXIS2_PLACEMENT_3D('',#2302,#2303,#2304);
#2306=PLANE('',#2305);
#2307=ORIENTED_EDGE('',*,*,#287,.F.);
#2308=CARTESIAN_POINT('',(156.5,47.5,-1.));
#2309=VERTEX_POINT('',#2308);
#2310=CARTESIAN_POINT('',(156.5,47.5,5.));
#2311=DIRECTION('',(0.,-0.,-1.));
#2312=VECTOR('',#2311,6.);
#2313=LINE('',#2310,#2312);
#2314=EDGE_CURVE('',#273,#2309,#2313,.T.);
#2315=ORIENTED_EDGE('',*,*,#2314,.T.);
#2316=CARTESIAN_POINT('',(156.5,133.,-1.));
#2317=VERTEX_POINT('',#2316);
#2318=CARTESIAN_POINT('',(156.5,47.5,-1.));
#2319=DIRECTION('',(0.,1.,0.));
#2320=VECTOR('',#2319,85.5);
#2321=LINE('',#2318,#2320);
#2322=EDGE_CURVE('',#2309,#2317,#2321,.T.);
#2323=ORIENTED_EDGE('',*,*,#2322,.T.);
#2324=CARTESIAN_POINT('',(156.5,133.,-1.));
#2325=DIRECTION('',(-0.,0.,1.));
#2326=VECTOR('',#2325,6.);
#2327=LINE('',#2324,#2326);
#2328=EDGE_CURVE('',#2317,#1876,#2327,.T.);
#2329=ORIENTED_EDGE('',*,*,#2328,.T.);
#2330=ORIENTED_EDGE('',*,*,#1881,.F.);
#2331=ORIENTED_EDGE('',*,*,#1974,.T.);
#2332=CARTESIAN_POINT('',(156.5,81.9,3.));
#2333=DIRECTION('',(0.,-1.,0.));
#2334=VECTOR('',#2333,27.5);
#2335=LINE('',#2332,#2334);
#2336=EDGE_CURVE('',#1963,#1808,#2335,.T.);
#2337=ORIENTED_EDGE('',*,*,#2336,.T.);
#2338=ORIENTED_EDGE('',*,*,#1828,.T.);
#2339=EDGE_LOOP('',(#2307,#2315,#2323,#2329,#2330,#2331,#2337,#2338));
#2340=FACE_BOUND('',#2339,.T.);
#2341=ADVANCED_FACE('',(#2340),#2306,.T.);
#2342=CARTESIAN_POINT('',(137.75,46.5,-5.));
#2343=DIRECTION('',(0.,-1.,0.));
#2344=DIRECTION('',(0.,0.,-1.));
#2345=AXIS2_PLACEMENT_3D('',#2342,#2343,#2344);
#2346=PLANE('',#2345);
#2347=ORIENTED_EDGE('',*,*,#270,.F.);
#2348=CARTESIAN_POINT('',(117.5,46.5,-1.));
#2349=VERTEX_POINT('',#2348);
#2350=CARTESIAN_POINT('',(117.5,46.5,5.));
#2351=DIRECTION('',(0.,-0.,-1.));
#2352=VECTOR('',#2351,6.);
#2353=LINE('',#2350,#2352);
#2354=EDGE_CURVE('',#256,#2349,#2353,.T.);
#2355=ORIENTED_EDGE('',*,*,#2354,.T.);
#2356=CARTESIAN_POINT('',(155.5,46.5,-1.));
#2357=VERTEX_POINT('',#2356);
#2358=CARTESIAN_POINT('',(117.5,46.5,-1.));
#2359=DIRECTION('',(1.,0.,0.));
#2360=VECTOR('',#2359,38.);
#2361=LINE('',#2358,#2360);
#2362=EDGE_CURVE('',#2349,#2357,#2361,.T.);
#2363=ORIENTED_EDGE('',*,*,#2362,.T.);
#2364=CARTESIAN_POINT('',(155.5,46.5,-1.));
#2365=DIRECTION('',(-0.,0.,1.));
#2366=VECTOR('',#2365,6.);
#2367=LINE('',#2364,#2366);
#2368=EDGE_CURVE('',#2357,#265,#2367,.T.);
#2369=ORIENTED_EDGE('',*,*,#2368,.T.);
#2370=EDGE_LOOP('',(#2347,#2355,#2363,#2369));
#2371=FACE_BOUND('',#2370,.T.);
#2372=ADVANCED_FACE('',(#2371),#2346,.T.);
#2373=CARTESIAN_POINT('',(155.25,134.,-5.));
#2374=DIRECTION('',(0.,-1.,0.));
#2375=DIRECTION('',(0.,0.,-1.));
#2376=AXIS2_PLACEMENT_3D('',#2373,#2374,#2375);
#2377=PLANE('',#2376);
#2378=ORIENTED_EDGE('',*,*,#1898,.T.);
#2379=CARTESIAN_POINT('',(155.5,134.,-1.));
#2380=VERTEX_POINT('',#2379);
#2381=CARTESIAN_POINT('',(155.5,134.,5.));
#2382=DIRECTION('',(0.,-0.,-1.));
#2383=VECTOR('',#2382,6.);
#2384=LINE('',#2381,#2383);
#2385=EDGE_CURVE('',#1884,#2380,#2384,.T.);
#2386=ORIENTED_EDGE('',*,*,#2385,.T.);
#2387=CARTESIAN_POINT('',(137.5,134.,-1.));
#2388=VERTEX_POINT('',#2387);
#2389=CARTESIAN_POINT('',(155.5,134.,-1.));
#2390=DIRECTION('',(-1.,-0.,-0.));
#2391=VECTOR('',#2390,18.);
#2392=LINE('',#2389,#2391);
#2393=EDGE_CURVE('',#2380,#2388,#2392,.T.);
#2394=ORIENTED_EDGE('',*,*,#2393,.T.);
#2395=CARTESIAN_POINT('',(137.5,134.,-1.));
#2396=DIRECTION('',(-0.,0.,1.));
#2397=VECTOR('',#2396,6.);
#2398=LINE('',#2395,#2397);
#2399=EDGE_CURVE('',#2388,#147,#2398,.T.);
#2400=ORIENTED_EDGE('',*,*,#2399,.T.);
#2401=ORIENTED_EDGE('',*,*,#152,.T.);
#2402=CARTESIAN_POINT('',(142.6,134.,1.));
#2403=DIRECTION('',(-0.,0.,1.));
#2404=VECTOR('',#2403,4.);
#2405=LINE('',#2402,#2404);
#2406=EDGE_CURVE('',#1770,#139,#2405,.T.);
#2407=ORIENTED_EDGE('',*,*,#2406,.F.);
#2408=ORIENTED_EDGE('',*,*,#1775,.T.);
#2409=CARTESIAN_POINT('',(147.6,134.,1.));
#2410=DIRECTION('',(-0.,0.,1.));
#2411=VECTOR('',#2410,4.);
#2412=LINE('',#2409,#2411);
#2413=EDGE_CURVE('',#1762,#1893,#2412,.T.);
#2414=ORIENTED_EDGE('',*,*,#2413,.T.);
#2415=EDGE_LOOP('',(#2378,#2386,#2394,#2400,#2401,#2407,#2408,#2414));
#2416=FACE_BOUND('',#2415,.T.);
#2417=ADVANCED_FACE('',(#2416),#2377,.F.);
#2418=CARTESIAN_POINT('',(117.75,134.,-5.));
#2419=DIRECTION('',(0.,1.,0.));
#2420=DIRECTION('',(-0.,0.,1.));
#2421=AXIS2_PLACEMENT_3D('',#2418,#2419,#2420);
#2422=PLANE('',#2421);
#2423=CARTESIAN_POINT('',(135.5,134.,-1.));
#2424=VERTEX_POINT('',#2423);
#2425=CARTESIAN_POINT('',(117.5,134.,-1.));
#2426=VERTEX_POINT('',#2425);
#2427=CARTESIAN_POINT('',(135.5,134.,-1.));
#2428=DIRECTION('',(-1.,0.,-0.));
#2429=VECTOR('',#2428,18.);
#2430=LINE('',#2427,#2429);
#2431=EDGE_CURVE('',#2424,#2426,#2430,.T.);
#2432=ORIENTED_EDGE('',*,*,#2431,.T.);
#2433=CARTESIAN_POINT('',(117.5,134.,-1.));
#2434=DIRECTION('',(-0.,0.,1.));
#2435=VECTOR('',#2434,6.);
#2436=LINE('',#2433,#2435);
#2437=EDGE_CURVE('',#2426,#231,#2436,.T.);
#2438=ORIENTED_EDGE('',*,*,#2437,.T.);
#2439=ORIENTED_EDGE('',*,*,#236,.F.);
#2440=CARTESIAN_POINT('',(135.5,134.,-1.));
#2441=DIRECTION('',(-0.,0.,1.));
#2442=VECTOR('',#2441,6.);
#2443=LINE('',#2440,#2442);
#2444=EDGE_CURVE('',#2424,#223,#2443,.T.);
#2445=ORIENTED_EDGE('',*,*,#2444,.F.);
#2446=EDGE_LOOP('',(#2432,#2438,#2439,#2445));
#2447=FACE_BOUND('',#2446,.T.);
#2448=ADVANCED_FACE('',(#2447),#2422,.T.);
#2449=CARTESIAN_POINT('',(116.5,90.25,-5.));
#2450=DIRECTION('',(1.,0.,0.));
#2451=DIRECTION('',(0.,0.,-1.));
#2452=AXIS2_PLACEMENT_3D('',#2449,#2450,#2451);
#2453=PLANE('',#2452);
#2454=CARTESIAN_POINT('',(116.5,133.,-1.));
#2455=VERTEX_POINT('',#2454);
#2456=CARTESIAN_POINT('',(116.5,47.5,-1.));
#2457=VERTEX_POINT('',#2456);
#2458=CARTESIAN_POINT('',(116.5,133.,-1.));
#2459=DIRECTION('',(-0.,-1.,-0.));
#2460=VECTOR('',#2459,85.5);
#2461=LINE('',#2458,#2460);
#2462=EDGE_CURVE('',#2455,#2457,#2461,.T.);
#2463=ORIENTED_EDGE('',*,*,#2462,.T.);
#2464=CARTESIAN_POINT('',(116.5,47.5,-1.));
#2465=DIRECTION('',(-0.,0.,1.));
#2466=VECTOR('',#2465,6.);
#2467=LINE('',#2464,#2466);
#2468=EDGE_CURVE('',#2457,#248,#2467,.T.);
#2469=ORIENTED_EDGE('',*,*,#2468,.T.);
#2470=ORIENTED_EDGE('',*,*,#253,.T.);
#2471=CARTESIAN_POINT('',(116.5,133.,5.));
#2472=DIRECTION('',(0.,-0.,-1.));
#2473=VECTOR('',#2472,6.);
#2474=LINE('',#2471,#2473);
#2475=EDGE_CURVE('',#239,#2455,#2474,.T.);
#2476=ORIENTED_EDGE('',*,*,#2475,.T.);
#2477=EDGE_LOOP('',(#2463,#2469,#2470,#2476));
#2478=FACE_BOUND('',#2477,.T.);
#2479=ADVANCED_FACE('',(#2478),#2453,.F.);
#2480=CARTESIAN_POINT('',(136.5,124.,-5.));
#2481=DIRECTION('',(-0.,0.,1.));
#2482=DIRECTION('',(1.,0.,0.));
#2483=AXIS2_PLACEMENT_3D('',#2480,#2481,#2482);
#2484=CYLINDRICAL_SURFACE('',#2483,2.5);
#2485=CARTESIAN_POINT('',(135.5,121.708712153,-2.));
#2486=DIRECTION('',(-0.,0.,1.));
#2487=VECTOR('',#2486,7.);
#2488=LINE('',#2485,#2487);
#2489=EDGE_CURVE('',#953,#197,#2488,.T.);
#2490=ORIENTED_EDGE('',*,*,#2489,.F.);
#2491=ORIENTED_EDGE('',*,*,#959,.F.);
#2492=CARTESIAN_POINT('',(135.494023904,126.288670377,-2.));
#2493=DIRECTION('',(-0.,0.,1.));
#2494=VECTOR('',#2493,7.);
#2495=LINE('',#2492,#2494);
#2496=EDGE_CURVE('',#944,#205,#2495,.T.);
#2497=ORIENTED_EDGE('',*,*,#2496,.T.);
#2498=ORIENTED_EDGE('',*,*,#211,.T.);
#2499=EDGE_LOOP('',(#2490,#2491,#2497,#2498));
#2500=FACE_BOUND('',#2499,.T.);
#2501=ADVANCED_FACE('',(#2500),#2484,.F.);
#2502=CARTESIAN_POINT('',(19.,-1.,3.));
#2503=DIRECTION('',(-0.,0.,1.));
#2504=DIRECTION('',(1.,0.,0.));
#2505=AXIS2_PLACEMENT_3D('',#2502,#2503,#2504);
#2506=PLANE('',#2505);
#2507=ORIENTED_EDGE('',*,*,#1815,.F.);
#2508=ORIENTED_EDGE('',*,*,#2336,.F.);
#2509=ORIENTED_EDGE('',*,*,#1968,.T.);
#2510=CARTESIAN_POINT('',(152.1,81.9,3.));
#2511=DIRECTION('',(-1.,0.,-0.));
#2512=VECTOR('',#2511,0.5);
#2513=LINE('',#2510,#2512);
#2514=EDGE_CURVE('',#1955,#1933,#2513,.T.);
#2515=ORIENTED_EDGE('',*,*,#2514,.T.);
#2516=ORIENTED_EDGE('',*,*,#1938,.T.);
#2517=CARTESIAN_POINT('',(152.1,54.4,3.));
#2518=DIRECTION('',(-1.,0.,-0.));
#2519=VECTOR('',#2518,0.5);
#2520=LINE('',#2517,#2519);
#2521=EDGE_CURVE('',#1810,#1925,#2520,.T.);
#2522=ORIENTED_EDGE('',*,*,#2521,.F.);
#2523=EDGE_LOOP('',(#2507,#2508,#2509,#2515,#2516,#2522));
#2524=FACE_BOUND('',#2523,.T.);
#2525=ADVANCED_FACE('',(#2524),#2506,.T.);
#2526=CARTESIAN_POINT('',(131.4,104.5,2.));
#2527=DIRECTION('',(1.,0.,0.));
#2528=DIRECTION('',(0.,0.,-1.));
#2529=AXIS2_PLACEMENT_3D('',#2526,#2527,#2528);
#2530=PLANE('',#2529);
#2531=CARTESIAN_POINT('',(131.4,98.5,1.));
#2532=DIRECTION('',(0.,0.,1.));
#2533=VECTOR('',#2532,4.);
#2534=LINE('',#2531,#2533);
#2535=EDGE_CURVE('',#1736,#115,#2534,.T.);
#2536=ORIENTED_EDGE('',*,*,#2535,.F.);
#2537=ORIENTED_EDGE('',*,*,#1797,.T.);
#2538=CARTESIAN_POINT('',(131.4,112.,1.));
#2539=DIRECTION('',(-0.,0.,1.));
#2540=VECTOR('',#2539,4.);
#2541=LINE('',#2538,#2540);
#2542=EDGE_CURVE('',#1786,#123,#2541,.T.);
#2543=ORIENTED_EDGE('',*,*,#2542,.T.);
#2544=ORIENTED_EDGE('',*,*,#128,.F.);
#2545=EDGE_LOOP('',(#2536,#2537,#2543,#2544));
#2546=FACE_BOUND('',#2545,.T.);
#2547=ADVANCED_FACE('',(#2546),#2530,.T.);
#2548=CARTESIAN_POINT('',(147.6,115.5,2.));
#2549=DIRECTION('',(1.,0.,0.));
#2550=DIRECTION('',(0.,0.,-1.));
#2551=AXIS2_PLACEMENT_3D('',#2548,#2549,#2550);
#2552=PLANE('',#2551);
#2553=ORIENTED_EDGE('',*,*,#1767,.F.);
#2554=CARTESIAN_POINT('',(147.6,97.5,1.));
#2555=DIRECTION('',(0.,0.,1.));
#2556=VECTOR('',#2555,4.);
#2557=LINE('',#2554,#2556);
#2558=EDGE_CURVE('',#1754,#1850,#2557,.T.);
#2559=ORIENTED_EDGE('',*,*,#2558,.T.);
#2560=ORIENTED_EDGE('',*,*,#1904,.T.);
#2561=ORIENTED_EDGE('',*,*,#2413,.F.);
#2562=EDGE_LOOP('',(#2553,#2559,#2560,#2561));
#2563=FACE_BOUND('',#2562,.T.);
#2564=ADVANCED_FACE('',(#2563),#2552,.F.);
#2565=CARTESIAN_POINT('',(142.6,123.,2.));
#2566=DIRECTION('',(1.,0.,0.));
#2567=DIRECTION('',(0.,0.,-1.));
#2568=AXIS2_PLACEMENT_3D('',#2565,#2566,#2567);
#2569=PLANE('',#2568);
#2570=ORIENTED_EDGE('',*,*,#144,.F.);
#2571=CARTESIAN_POINT('',(142.6,112.,1.));
#2572=DIRECTION('',(-0.,0.,1.));
#2573=VECTOR('',#2572,4.);
#2574=LINE('',#2571,#2573);
#2575=EDGE_CURVE('',#1778,#131,#2574,.T.);
#2576=ORIENTED_EDGE('',*,*,#2575,.F.);
#2577=ORIENTED_EDGE('',*,*,#1783,.T.);
#2578=ORIENTED_EDGE('',*,*,#2406,.T.);
#2579=EDGE_LOOP('',(#2570,#2576,#2577,#2578));
#2580=FACE_BOUND('',#2579,.T.);
#2581=ADVANCED_FACE('',(#2580),#2569,.T.);
#2582=CARTESIAN_POINT('',(137.,112.,2.));
#2583=DIRECTION('',(0.,-1.,0.));
#2584=DIRECTION('',(0.,0.,-1.));
#2585=AXIS2_PLACEMENT_3D('',#2582,#2583,#2584);
#2586=PLANE('',#2585);
#2587=ORIENTED_EDGE('',*,*,#136,.F.);
#2588=ORIENTED_EDGE('',*,*,#2542,.F.);
#2589=ORIENTED_EDGE('',*,*,#1791,.T.);
#2590=ORIENTED_EDGE('',*,*,#2575,.T.);
#2591=EDGE_LOOP('',(#2587,#2588,#2589,#2590));
#2592=FACE_BOUND('',#2591,.T.);
#2593=ADVANCED_FACE('',(#2592),#2586,.T.);
#2594=CARTESIAN_POINT('',(135.5,130.145643924,-5.));
#2595=DIRECTION('',(-1.,0.,-0.));
#2596=DIRECTION('',(-0.,0.,1.));
#2597=AXIS2_PLACEMENT_3D('',#2594,#2595,#2596);
#2598=PLANE('',#2597);
#2599=ORIENTED_EDGE('',*,*,#941,.F.);
#2600=CARTESIAN_POINT('',(135.5,133.,-1.));
#2601=DIRECTION('',(1.,-0.,0.));
#2602=DIRECTION('',(-0.,0.,1.));
#2603=AXIS2_PLACEMENT_3D('',#2600,#2601,#2602);
#2604=CIRCLE('',#2603,1.);
#2605=EDGE_CURVE('',#928,#2424,#2604,.T.);
#2606=ORIENTED_EDGE('',*,*,#2605,.T.);
#2607=ORIENTED_EDGE('',*,*,#2444,.T.);
#2608=ORIENTED_EDGE('',*,*,#228,.T.);
#2609=CARTESIAN_POINT('',(135.5,126.297825059,5.));
#2610=DIRECTION('',(0.,-0.,-1.));
#2611=VECTOR('',#2610,7.);
#2612=LINE('',#2609,#2611);
#2613=EDGE_CURVE('',#214,#936,#2612,.T.);
#2614=ORIENTED_EDGE('',*,*,#2613,.T.);
#2615=EDGE_LOOP('',(#2599,#2606,#2607,#2608,#2614));
#2616=FACE_BOUND('',#2615,.T.);
#2617=ADVANCED_FACE('',(#2616),#2598,.F.);
#2618=CARTESIAN_POINT('',(137.5,130.145643924,-5.));
#2619=DIRECTION('',(1.,0.,0.));
#2620=DIRECTION('',(0.,0.,-1.));
#2621=AXIS2_PLACEMENT_3D('',#2618,#2619,#2620);
#2622=PLANE('',#2621);
#2623=ORIENTED_EDGE('',*,*,#2399,.F.);
#2624=CARTESIAN_POINT('',(137.5,133.,-1.));
#2625=DIRECTION('',(-1.,-0.,-0.));
#2626=DIRECTION('',(0.,0.,-1.));
#2627=AXIS2_PLACEMENT_3D('',#2624,#2625,#2626);
#2628=CIRCLE('',#2627,1.);
#2629=EDGE_CURVE('',#2388,#1004,#2628,.T.);
#2630=ORIENTED_EDGE('',*,*,#2629,.T.);
#2631=ORIENTED_EDGE('',*,*,#1009,.F.);
#2632=CARTESIAN_POINT('',(137.5,126.291287847,-2.));
#2633=DIRECTION('',(-0.,0.,1.));
#2634=VECTOR('',#2633,7.);
#2635=LINE('',#2632,#2634);
#2636=EDGE_CURVE('',#995,#155,#2635,.T.);
#2637=ORIENTED_EDGE('',*,*,#2636,.T.);
#2638=ORIENTED_EDGE('',*,*,#160,.T.);
#2639=EDGE_LOOP('',(#2623,#2630,#2631,#2637,#2638));
#2640=FACE_BOUND('',#2639,.T.);
#2641=ADVANCED_FACE('',(#2640),#2622,.F.);
#2642=CARTESIAN_POINT('',(136.5,124.,-5.));
#2643=DIRECTION('',(-0.,0.,1.));
#2644=DIRECTION('',(1.,0.,0.));
#2645=AXIS2_PLACEMENT_3D('',#2642,#2643,#2644);
#2646=CYLINDRICAL_SURFACE('',#2645,2.5);
#2647=CARTESIAN_POINT('',(139.,124.,5.));
#2648=DIRECTION('',(0.,-0.,-1.));
#2649=VECTOR('',#2648,7.);
#2650=LINE('',#2647,#2649);
#2651=EDGE_CURVE('',#163,#986,#2650,.T.);
#2652=ORIENTED_EDGE('',*,*,#2651,.F.);
#2653=ORIENTED_EDGE('',*,*,#169,.T.);
#2654=ORIENTED_EDGE('',*,*,#2636,.F.);
#2655=ORIENTED_EDGE('',*,*,#1001,.F.);
#2656=EDGE_LOOP('',(#2652,#2653,#2654,#2655));
#2657=FACE_BOUND('',#2656,.T.);
#2658=ADVANCED_FACE('',(#2657),#2646,.F.);
#2659=CARTESIAN_POINT('',(135.49,126.297825059,-5.));
#2660=DIRECTION('',(-0.,0.,1.));
#2661=DIRECTION('',(1.,0.,0.));
#2662=AXIS2_PLACEMENT_3D('',#2659,#2660,#2661);
#2663=CYLINDRICAL_SURFACE('',#2662,0.01);
#2664=ORIENTED_EDGE('',*,*,#950,.F.);
#2665=ORIENTED_EDGE('',*,*,#2613,.F.);
#2666=ORIENTED_EDGE('',*,*,#220,.F.);
#2667=ORIENTED_EDGE('',*,*,#2496,.F.);
#2668=EDGE_LOOP('',(#2664,#2665,#2666,#2667));
#2669=FACE_BOUND('',#2668,.T.);
#2670=ADVANCED_FACE('',(#2669),#2663,.T.);
#2671=CARTESIAN_POINT('',(135.5,118.854356076,-5.));
#2672=DIRECTION('',(-1.,0.,-0.));
#2673=DIRECTION('',(-0.,0.,1.));
#2674=AXIS2_PLACEMENT_3D('',#2671,#2672,#2673);
#2675=PLANE('',#2674);
#2676=ORIENTED_EDGE('',*,*,#202,.T.);
#2677=CARTESIAN_POINT('',(135.5,116.,-2.));
#2678=DIRECTION('',(-0.,0.,1.));
#2679=VECTOR('',#2678,7.);
#2680=LINE('',#2677,#2679);
#2681=EDGE_CURVE('',#962,#189,#2680,.T.);
#2682=ORIENTED_EDGE('',*,*,#2681,.F.);
#2683=ORIENTED_EDGE('',*,*,#967,.F.);
#2684=ORIENTED_EDGE('',*,*,#2489,.T.);
#2685=EDGE_LOOP('',(#2676,#2682,#2683,#2684));
#2686=FACE_BOUND('',#2685,.T.);
#2687=ADVANCED_FACE('',(#2686),#2675,.F.);
#2688=CARTESIAN_POINT('',(136.5,116.,-5.));
#2689=DIRECTION('',(0.,-1.,0.));
#2690=DIRECTION('',(0.,0.,-1.));
#2691=AXIS2_PLACEMENT_3D('',#2688,#2689,#2690);
#2692=PLANE('',#2691);
#2693=ORIENTED_EDGE('',*,*,#194,.T.);
#2694=CARTESIAN_POINT('',(137.5,116.,-2.));
#2695=DIRECTION('',(-0.,0.,1.));
#2696=VECTOR('',#2695,7.);
#2697=LINE('',#2694,#2696);
#2698=EDGE_CURVE('',#970,#181,#2697,.T.);
#2699=ORIENTED_EDGE('',*,*,#2698,.F.);
#2700=ORIENTED_EDGE('',*,*,#975,.F.);
#2701=ORIENTED_EDGE('',*,*,#2681,.T.);
#2702=EDGE_LOOP('',(#2693,#2699,#2700,#2701));
#2703=FACE_BOUND('',#2702,.T.);
#2704=ADVANCED_FACE('',(#2703),#2692,.F.);
#2705=CARTESIAN_POINT('',(137.5,118.854356076,-5.));
#2706=DIRECTION('',(1.,0.,0.));
#2707=DIRECTION('',(0.,0.,-1.));
#2708=AXIS2_PLACEMENT_3D('',#2705,#2706,#2707);
#2709=PLANE('',#2708);
#2710=ORIENTED_EDGE('',*,*,#186,.T.);
#2711=CARTESIAN_POINT('',(137.5,121.708712153,-2.));
#2712=DIRECTION('',(-0.,0.,1.));
#2713=VECTOR('',#2712,7.);
#2714=LINE('',#2711,#2713);
#2715=EDGE_CURVE('',#978,#172,#2714,.T.);
#2716=ORIENTED_EDGE('',*,*,#2715,.F.);
#2717=ORIENTED_EDGE('',*,*,#983,.F.);
#2718=ORIENTED_EDGE('',*,*,#2698,.T.);
#2719=EDGE_LOOP('',(#2710,#2716,#2717,#2718));
#2720=FACE_BOUND('',#2719,.T.);
#2721=ADVANCED_FACE('',(#2720),#2709,.F.);
#2722=CARTESIAN_POINT('',(154.05,124.,0.));
#2723=DIRECTION('',(0.,0.,-1.));
#2724=DIRECTION('',(-1.,0.,-0.));
#2725=AXIS2_PLACEMENT_3D('',#2722,#2723,#2724);
#2726=CYLINDRICAL_SURFACE('',#2725,2.);
#2727=CARTESIAN_POINT('',(152.05,124.,0.));
#2728=VERTEX_POINT('',#2727);
#2729=CARTESIAN_POINT('',(152.05,124.,-2.));
#2730=DIRECTION('',(-0.,-0.,1.));
#2731=VECTOR('',#2730,2.);
#2732=LINE('',#2729,#2731);
#2733=EDGE_CURVE('',#1028,#2728,#2732,.T.);
#2734=ORIENTED_EDGE('',*,*,#2733,.F.);
#2735=ORIENTED_EDGE('',*,*,#1034,.T.);
#2736=CARTESIAN_POINT('',(155.5,125.377497731,-2.));
#2737=CARTESIAN_POINT('',(155.588803386,125.284020329,-2.));
#2738=CARTESIAN_POINT('',(155.666878398,125.183956481,-1.988472819));
#2739=CARTESIAN_POINT('',(155.735109488,125.077221431,-1.971968893));
#2740=CARTESIAN_POINT('',(155.803340578,124.970486381,-1.955464967));
#2741=CARTESIAN_POINT('',(155.861425112,124.857051438,-1.9337887));
#2742=CARTESIAN_POINT('',(155.907938986,124.740312585,-1.913009193));
#2743=CARTESIAN_POINT('',(155.95445286,124.623573732,-1.892229686));
#2744=CARTESIAN_POINT('',(155.990281955,124.501453653,-1.872009213));
#2745=CARTESIAN_POINT('',(156.014213951,124.376647788,-1.857661946));
#2746=CARTESIAN_POINT('',(156.038145946,124.251841923,-1.84331468));
#2747=CARTESIAN_POINT('',(156.050011514,124.126248626,-1.835157072));
#2748=CARTESIAN_POINT('',(156.049999992,123.999817724,-1.83516466));
#2749=CARTESIAN_POINT('',(156.049988469,123.873386822,-1.835172248));
#2750=CARTESIAN_POINT('',(156.037665748,123.74450888,-1.843628091));
#2751=CARTESIAN_POINT('',(156.013558998,123.619952553,-1.858054287));
#2752=CARTESIAN_POINT('',(155.989452248,123.495396226,-1.872480484));
#2753=CARTESIAN_POINT('',(155.953952209,123.374734903,-1.892508409));
#2754=CARTESIAN_POINT('',(155.906993791,123.257319677,-1.913430925));
#2755=CARTESIAN_POINT('',(155.860035372,123.139904451,-1.934353441));
#2756=CARTESIAN_POINT('',(155.802070459,123.02737273,-1.95582406));
#2757=CARTESIAN_POINT('',(155.734395197,122.92166201,-1.972141395));
#2758=CARTESIAN_POINT('',(155.666719935,122.815951289,-1.988458729));
#2759=CARTESIAN_POINT('',(155.589041186,122.716229987,-2.));
#2760=CARTESIAN_POINT('',(155.5,122.622502269,-2.));
#2761=B_SPLINE_CURVE_WITH_KNOTS('',3,(#2736,#2737,#2738,#2739,#2740,#2741,#2742,#2743,#2744,#2745,#2746,#2747,#2748,#2749,#2750,#2751,#2752,#2753,#2754,#2755,#2756,#2757,#2758,#2759,#2760),.UNSPECIFIED.,.F.,.F.,(4,3,3,3,3,3,3,3,4),(0.,0.000382163,0.000764327,0.00114649,0.001528654,0.001910817,0.002292981,0.002675144,0.003057308),.UNSPECIFIED.);
#2762=EDGE_CURVE('',#1020,#1037,#2761,.T.);
#2763=ORIENTED_EDGE('',*,*,#2762,.T.);
#2764=ORIENTED_EDGE('',*,*,#1043,.T.);
#2765=ORIENTED_EDGE('',*,*,#2733,.T.);
#2766=CARTESIAN_POINT('',(154.05,124.,0.));
#2767=DIRECTION('',(0.,0.,-1.));
#2768=DIRECTION('',(-1.,0.,-0.));
#2769=AXIS2_PLACEMENT_3D('',#2766,#2767,#2768);
#2770=CIRCLE('',#2769,2.);
#2771=EDGE_CURVE('',#2728,#2728,#2770,.T.);
#2772=ORIENTED_EDGE('',*,*,#2771,.F.);
#2773=EDGE_LOOP('',(#2734,#2735,#2763,#2764,#2765,#2772));
#2774=FACE_BOUND('',#2773,.T.);
#2775=ADVANCED_FACE('',(#2774),#2726,.F.);
#2776=CARTESIAN_POINT('',(0.,0.,-0.));
#2777=DIRECTION('',(0.,0.,-1.));
#2778=DIRECTION('',(1.,0.,0.));
#2779=AXIS2_PLACEMENT_3D('',#2776,#2777,#2778);
#2780=PLANE('',#2779);
#2781=ORIENTED_EDGE('',*,*,#2771,.T.);
#2782=EDGE_LOOP('',(#2781));
#2783=FACE_BOUND('',#2782,.T.);
#2784=ORIENTED_EDGE('',*,*,#2290,.T.);
#2785=ORIENTED_EDGE('',*,*,#2297,.T.);
#2786=EDGE_LOOP('',(#2784,#2785));
#2787=FACE_BOUND('',#2786,.T.);
#2788=ADVANCED_FACE('',(#2783,#2787),#2780,.T.);
#2789=CARTESIAN_POINT('',(118.95,124.,-0.));
#2790=DIRECTION('',(0.,0.,-1.));
#2791=DIRECTION('',(-1.,0.,-0.));
#2792=AXIS2_PLACEMENT_3D('',#2789,#2790,#2791);
#2793=CYLINDRICAL_SURFACE('',#2792,2.);
#2794=CARTESIAN_POINT('',(116.95,124.,-1.835164655));
#2795=VERTEX_POINT('',#2794);
#2796=CARTESIAN_POINT('',(116.95,124.,-0.));
#2797=VERTEX_POINT('',#2796);
#2798=CARTESIAN_POINT('',(116.95,124.,-1.835164655));
#2799=DIRECTION('',(-0.,-0.,1.));
#2800=VECTOR('',#2799,1.835164655);
#2801=LINE('',#2798,#2800);
#2802=EDGE_CURVE('',#2795,#2797,#2801,.T.);
#2803=ORIENTED_EDGE('',*,*,#2802,.F.);
#2804=CARTESIAN_POINT('',(117.5,122.622502269,-2.));
#2805=CARTESIAN_POINT('',(117.411196614,122.715979671,-2.));
#2806=CARTESIAN_POINT('',(117.333121602,122.816043519,-1.988472819));
#2807=CARTESIAN_POINT('',(117.264890512,122.922778569,-1.971968893));
#2808=CARTESIAN_POINT('',(117.196659422,123.029513619,-1.955464967));
#2809=CARTESIAN_POINT('',(117.138574888,123.142948562,-1.9337887));
#2810=CARTESIAN_POINT('',(117.092061014,123.259687415,-1.913009193));
#2811=CARTESIAN_POINT('',(117.04554714,123.376426268,-1.892229686));
#2812=CARTESIAN_POINT('',(117.009718045,123.498546347,-1.872009213));
#2813=CARTESIAN_POINT('',(116.985786049,123.623352212,-1.857661946));
#2814=CARTESIAN_POINT('',(116.961854054,123.748158077,-1.84331468));
#2815=CARTESIAN_POINT('',(116.949988486,123.873751374,-1.835157072));
#2816=CARTESIAN_POINT('',(116.950000008,124.000182276,-1.83516466));
#2817=CARTESIAN_POINT('',(116.950011531,124.126613178,-1.835172248));
#2818=CARTESIAN_POINT('',(116.962334252,124.25549112,-1.843628091));
#2819=CARTESIAN_POINT('',(116.986441002,124.380047447,-1.858054287));
#2820=CARTESIAN_POINT('',(117.010547752,124.504603774,-1.872480484));
#2821=CARTESIAN_POINT('',(117.046047791,124.625265097,-1.892508409));
#2822=CARTESIAN_POINT('',(117.093006209,124.742680323,-1.913430925));
#2823=CARTESIAN_POINT('',(117.139964628,124.860095549,-1.934353441));
#2824=CARTESIAN_POINT('',(117.197929541,124.97262727,-1.95582406));
#2825=CARTESIAN_POINT('',(117.265604803,125.07833799,-1.972141395));
#2826=CARTESIAN_POINT('',(117.333280065,125.184048711,-1.988458729));
#2827=CARTESIAN_POINT('',(117.410958814,125.283770013,-2.));
#2828=CARTESIAN_POINT('',(117.5,125.377497731,-2.));
#2829=B_SPLINE_CURVE_WITH_KNOTS('',3,(#2804,#2805,#2806,#2807,#2808,#2809,#2810,#2811,#2812,#2813,#2814,#2815,#2816,#2817,#2818,#2819,#2820,#2821,#2822,#2823,#2824,#2825,#2826,#2827,#2828),.UNSPECIFIED.,.F.,.F.,(4,3,3,3,3,3,3,3,4),(0.,0.000382163,0.000764327,0.00114649,0.001528654,0.001910817,0.002292981,0.002675144,0.003057308),.UNSPECIFIED.);
#2830=EDGE_CURVE('',#2795,#911,#2829,.T.);
#2831=ORIENTED_EDGE('',*,*,#2830,.T.);
#2832=ORIENTED_EDGE('',*,*,#917,.T.);
#2833=CARTESIAN_POINT('',(117.5,122.622502269,-2.));
#2834=CARTESIAN_POINT('',(117.411196614,122.715979671,-2.));
#2835=CARTESIAN_POINT('',(117.333121602,122.816043519,-1.988472819));
#2836=CARTESIAN_POINT('',(117.264890512,122.922778569,-1.971968893));
#2837=CARTESIAN_POINT('',(117.196659422,123.029513619,-1.955464967));
#2838=CARTESIAN_POINT('',(117.138574888,123.142948562,-1.9337887));
#2839=CARTESIAN_POINT('',(117.092061014,123.259687415,-1.913009193));
#2840=CARTESIAN_POINT('',(117.04554714,123.376426268,-1.892229686));
#2841=CARTESIAN_POINT('',(117.009718045,123.498546347,-1.872009213));
#2842=CARTESIAN_POINT('',(116.985786049,123.623352212,-1.857661946));
#2843=CARTESIAN_POINT('',(116.961854054,123.748158077,-1.84331468));
#2844=CARTESIAN_POINT('',(116.949988486,123.873751374,-1.835157072));
#2845=CARTESIAN_POINT('',(116.950000008,124.000182276,-1.83516466));
#2846=CARTESIAN_POINT('',(116.950011531,124.126613178,-1.835172248));
#2847=CARTESIAN_POINT('',(116.962334252,124.25549112,-1.843628091));
#2848=CARTESIAN_POINT('',(116.986441002,124.380047447,-1.858054287));
#2849=CARTESIAN_POINT('',(117.010547752,124.504603774,-1.872480484));
#2850=CARTESIAN_POINT('',(117.046047791,124.625265097,-1.892508409));
#2851=CARTESIAN_POINT('',(117.093006209,124.742680323,-1.913430925));
#2852=CARTESIAN_POINT('',(117.139964628,124.860095549,-1.934353441));
#2853=CARTESIAN_POINT('',(117.197929541,124.97262727,-1.95582406));
#2854=CARTESIAN_POINT('',(117.265604803,125.07833799,-1.972141395));
#2855=CARTESIAN_POINT('',(117.333280065,125.184048711,-1.988458729));
#2856=CARTESIAN_POINT('',(117.410958814,125.283770013,-2.));
#2857=CARTESIAN_POINT('',(117.5,125.377497731,-2.));
#2858=B_SPLINE_CURVE_WITH_KNOTS('',3,(#2833,#2834,#2835,#2836,#2837,#2838,#2839,#2840,#2841,#2842,#2843,#2844,#2845,#2846,#2847,#2848,#2849,#2850,#2851,#2852,#2853,#2854,#2855,#2856,#2857),.UNSPECIFIED.,.F.,.F.,(4,3,3,3,3,3,3,3,4),(0.,0.000382163,0.000764327,0.00114649,0.001528654,0.001910817,0.002292981,0.002675144,0.003057308),.UNSPECIFIED.);
#2859=EDGE_CURVE('',#903,#2795,#2858,.T.);
#2860=ORIENTED_EDGE('',*,*,#2859,.T.);
#2861=ORIENTED_EDGE('',*,*,#2802,.T.);
#2862=CARTESIAN_POINT('',(118.95,124.,-0.));
#2863=DIRECTION('',(0.,0.,-1.));
#2864=DIRECTION('',(-1.,0.,-0.));
#2865=AXIS2_PLACEMENT_3D('',#2862,#2863,#2864);
#2866=CIRCLE('',#2865,2.);
#2867=EDGE_CURVE('',#2797,#2797,#2866,.T.);
#2868=ORIENTED_EDGE('',*,*,#2867,.F.);
#2869=EDGE_LOOP('',(#2803,#2831,#2832,#2860,#2861,#2868));
#2870=FACE_BOUND('',#2869,.T.);
#2871=ADVANCED_FACE('',(#2870),#2793,.F.);
#2872=CARTESIAN_POINT('',(0.,0.,-0.));
#2873=DIRECTION('',(0.,0.,-1.));
#2874=DIRECTION('',(1.,0.,0.));
#2875=AXIS2_PLACEMENT_3D('',#2872,#2873,#2874);
#2876=PLANE('',#2875);
#2877=ORIENTED_EDGE('',*,*,#2867,.T.);
#2878=EDGE_LOOP('',(#2877));
#2879=FACE_BOUND('',#2878,.T.);
#2880=ORIENTED_EDGE('',*,*,#2256,.T.);
#2881=ORIENTED_EDGE('',*,*,#2263,.T.);
#2882=EDGE_LOOP('',(#2880,#2881));
#2883=FACE_BOUND('',#2882,.T.);
#2884=ADVANCED_FACE('',(#2879,#2883),#2876,.T.);
#2885=CARTESIAN_POINT('',(118.95,49.15,-0.));
#2886=DIRECTION('',(0.,0.,-1.));
#2887=DIRECTION('',(-1.,0.,-0.));
#2888=AXIS2_PLACEMENT_3D('',#2885,#2886,#2887);
#2889=CYLINDRICAL_SURFACE('',#2888,2.);
#2890=CARTESIAN_POINT('',(116.95,49.15,-1.835164655));
#2891=VERTEX_POINT('',#2890);
#2892=CARTESIAN_POINT('',(116.95,49.15,-0.));
#2893=VERTEX_POINT('',#2892);
#2894=CARTESIAN_POINT('',(116.95,49.15,-1.835164655));
#2895=DIRECTION('',(-0.,-0.,1.));
#2896=VECTOR('',#2895,1.835164655);
#2897=LINE('',#2894,#2896);
#2898=EDGE_CURVE('',#2891,#2893,#2897,.T.);
#2899=ORIENTED_EDGE('',*,*,#2898,.F.);
#2900=CARTESIAN_POINT('',(117.5,47.772502269,-2.));
#2901=CARTESIAN_POINT('',(117.411196614,47.865979671,-2.));
#2902=CARTESIAN_POINT('',(117.333121602,47.966043519,-1.988472819));
#2903=CARTESIAN_POINT('',(117.264890512,48.072778569,-1.971968893));
#2904=CARTESIAN_POINT('',(117.196659422,48.179513619,-1.955464967));
#2905=CARTESIAN_POINT('',(117.138574888,48.292948562,-1.9337887));
#2906=CARTESIAN_POINT('',(117.092061014,48.409687415,-1.913009193));
#2907=CARTESIAN_POINT('',(117.04554714,48.526426268,-1.892229686));
#2908=CARTESIAN_POINT('',(117.009718045,48.648546347,-1.872009213));
#2909=CARTESIAN_POINT('',(116.985786049,48.773352212,-1.857661946));
#2910=CARTESIAN_POINT('',(116.961854054,48.898158077,-1.84331468));
#2911=CARTESIAN_POINT('',(116.949988486,49.023751374,-1.835157072));
#2912=CARTESIAN_POINT('',(116.950000008,49.150182276,-1.83516466));
#2913=CARTESIAN_POINT('',(116.950011531,49.276613178,-1.835172248));
#2914=CARTESIAN_POINT('',(116.962334252,49.40549112,-1.843628091));
#2915=CARTESIAN_POINT('',(116.986441002,49.530047447,-1.858054287));
#2916=CARTESIAN_POINT('',(117.010547752,49.654603774,-1.872480484));
#2917=CARTESIAN_POINT('',(117.046047791,49.775265097,-1.892508409));
#2918=CARTESIAN_POINT('',(117.093006209,49.892680323,-1.913430925));
#2919=CARTESIAN_POINT('',(117.139964628,50.010095549,-1.934353441));
#2920=CARTESIAN_POINT('',(117.197929541,50.12262727,-1.95582406));
#2921=CARTESIAN_POINT('',(117.265604803,50.22833799,-1.972141395));
#2922=CARTESIAN_POINT('',(117.333280065,50.334048711,-1.988458729));
#2923=CARTESIAN_POINT('',(117.410958814,50.433770013,-2.));
#2924=CARTESIAN_POINT('',(117.5,50.527497731,-2.));
#2925=B_SPLINE_CURVE_WITH_KNOTS('',3,(#2900,#2901,#2902,#2903,#2904,#2905,#2906,#2907,#2908,#2909,#2910,#2911,#2912,#2913,#2914,#2915,#2916,#2917,#2918,#2919,#2920,#2921,#2922,#2923,#2924),.UNSPECIFIED.,.F.,.F.,(4,3,3,3,3,3,3,3,4),(0.,0.000382163,0.000764327,0.00114649,0.001528654,0.001910817,0.002292981,0.002675144,0.003057308),.UNSPECIFIED.);
#2926=EDGE_CURVE('',#2891,#892,#2925,.T.);
#2927=ORIENTED_EDGE('',*,*,#2926,.T.);
#2928=ORIENTED_EDGE('',*,*,#900,.T.);
#2929=CARTESIAN_POINT('',(120.080265456,47.5,-2.));
#2930=CARTESIAN_POINT('',(119.913220513,47.38557265,-2.));
#2931=CARTESIAN_POINT('',(119.734155727,47.299199688,-1.98156789));
#2932=CARTESIAN_POINT('',(119.542264682,47.239706162,-1.96552945));
#2933=CARTESIAN_POINT('',(119.350373637,47.180212636,-1.949491009));
#2934=CARTESIAN_POINT('',(119.152365456,47.150154575,-1.936807449));
#2935=CARTESIAN_POINT('',(118.951537212,47.150000591,-1.936749921));
#2936=CARTESIAN_POINT('',(118.85112309,47.149923598,-1.936721157));
#2937=CARTESIAN_POINT('',(118.749874696,47.157538052,-1.939664131));
#2938=CARTESIAN_POINT('',(118.651220805,47.172443176,-1.944831481));
#2939=CARTESIAN_POINT('',(118.552566915,47.1873483,-1.949998831));
#2940=CARTESIAN_POINT('',(118.455575482,47.209506558,-1.957364362));
#2941=CARTESIAN_POINT('',(118.360155704,47.23895743,-1.96532729));
#2942=CARTESIAN_POINT('',(118.264735925,47.268408301,-1.973290219));
#2943=CARTESIAN_POINT('',(118.17050174,47.305433983,-1.981879805));
#2944=CARTESIAN_POINT('',(118.080263935,47.349011611,-1.988535536));
#2945=CARTESIAN_POINT('',(117.99002613,47.392589239,-1.995191268));
#2946=CARTESIAN_POINT('',(117.903192997,47.442830178,-2.));
#2947=CARTESIAN_POINT('',(117.819734544,47.5,-2.));
#2948=B_SPLINE_CURVE_WITH_KNOTS('',3,(#2929,#2930,#2931,#2932,#2933,#2934,#2935,#2936,#2937,#2938,#2939,#2940,#2941,#2942,#2943,#2944,#2945,#2946,#2947),.UNSPECIFIED.,.F.,.F.,(4,3,3,3,3,3,4),(0.,0.000598622,0.001197244,0.001496555,0.001795866,0.002095178,0.002394489),.UNSPECIFIED.);
#2949=EDGE_CURVE('',#894,#1986,#2948,.T.);
#2950=ORIENTED_EDGE('',*,*,#2949,.T.);
#2951=ORIENTED_EDGE('',*,*,#2008,.T.);
#2952=CARTESIAN_POINT('',(117.5,47.772502269,-2.));
#2953=CARTESIAN_POINT('',(117.411196614,47.865979671,-2.));
#2954=CARTESIAN_POINT('',(117.333121602,47.966043519,-1.988472819));
#2955=CARTESIAN_POINT('',(117.264890512,48.072778569,-1.971968893));
#2956=CARTESIAN_POINT('',(117.196659422,48.179513619,-1.955464967));
#2957=CARTESIAN_POINT('',(117.138574888,48.292948562,-1.9337887));
#2958=CARTESIAN_POINT('',(117.092061014,48.409687415,-1.913009193));
#2959=CARTESIAN_POINT('',(117.04554714,48.526426268,-1.892229686));
#2960=CARTESIAN_POINT('',(117.009718045,48.648546347,-1.872009213));
#2961=CARTESIAN_POINT('',(116.985786049,48.773352212,-1.857661946));
#2962=CARTESIAN_POINT('',(116.961854054,48.898158077,-1.84331468));
#2963=CARTESIAN_POINT('',(116.949988486,49.023751374,-1.835157072));
#2964=CARTESIAN_POINT('',(116.950000008,49.150182276,-1.83516466));
#2965=CARTESIAN_POINT('',(116.950011531,49.276613178,-1.835172248));
#2966=CARTESIAN_POINT('',(116.962334252,49.40549112,-1.843628091));
#2967=CARTESIAN_POINT('',(116.986441002,49.530047447,-1.858054287));
#2968=CARTESIAN_POINT('',(117.010547752,49.654603774,-1.872480484));
#2969=CARTESIAN_POINT('',(117.046047791,49.775265097,-1.892508409));
#2970=CARTESIAN_POINT('',(117.093006209,49.892680323,-1.913430925));
#2971=CARTESIAN_POINT('',(117.139964628,50.010095549,-1.934353441));
#2972=CARTESIAN_POINT('',(117.197929541,50.12262727,-1.95582406));
#2973=CARTESIAN_POINT('',(117.265604803,50.22833799,-1.972141395));
#2974=CARTESIAN_POINT('',(117.333280065,50.334048711,-1.988458729));
#2975=CARTESIAN_POINT('',(117.410958814,50.433770013,-2.));
#2976=CARTESIAN_POINT('',(117.5,50.527497731,-2.));
#2977=B_SPLINE_CURVE_WITH_KNOTS('',3,(#2952,#2953,#2954,#2955,#2956,#2957,#2958,#2959,#2960,#2961,#2962,#2963,#2964,#2965,#2966,#2967,#2968,#2969,#2970,#2971,#2972,#2973,#2974,#2975,#2976),.UNSPECIFIED.,.F.,.F.,(4,3,3,3,3,3,3,3,4),(0.,0.000382163,0.000764327,0.00114649,0.001528654,0.001910817,0.002292981,0.002675144,0.003057308),.UNSPECIFIED.);
#2978=EDGE_CURVE('',#1996,#2891,#2977,.T.);
#2979=ORIENTED_EDGE('',*,*,#2978,.T.);
#2980=ORIENTED_EDGE('',*,*,#2898,.T.);
#2981=CARTESIAN_POINT('',(118.95,49.15,-0.));
#2982=DIRECTION('',(0.,0.,-1.));
#2983=DIRECTION('',(-1.,0.,-0.));
#2984=AXIS2_PLACEMENT_3D('',#2981,#2982,#2983);
#2985=CIRCLE('',#2984,2.);
#2986=EDGE_CURVE('',#2893,#2893,#2985,.T.);
#2987=ORIENTED_EDGE('',*,*,#2986,.F.);
#2988=EDGE_LOOP('',(#2899,#2927,#2928,#2950,#2951,#2979,#2980,#2987));
#2989=FACE_BOUND('',#2988,.T.);
#2990=ADVANCED_FACE('',(#2989),#2889,.F.);
#2991=CARTESIAN_POINT('',(0.,0.,-0.));
#2992=DIRECTION('',(0.,0.,-1.));
#2993=DIRECTION('',(1.,0.,0.));
#2994=AXIS2_PLACEMENT_3D('',#2991,#2992,#2993);
#2995=PLANE('',#2994);
#2996=ORIENTED_EDGE('',*,*,#2986,.T.);
#2997=EDGE_LOOP('',(#2996));
#2998=FACE_BOUND('',#2997,.T.);
#2999=ORIENTED_EDGE('',*,*,#2222,.T.);
#3000=ORIENTED_EDGE('',*,*,#2229,.T.);
#3001=EDGE_LOOP('',(#2999,#3000));
#3002=FACE_BOUND('',#3001,.T.);
#3003=ADVANCED_FACE('',(#2998,#3002),#2995,.T.);
#3004=CARTESIAN_POINT('',(154.05,49.15,0.));
#3005=DIRECTION('',(0.,0.,-1.));
#3006=DIRECTION('',(-1.,0.,-0.));
#3007=AXIS2_PLACEMENT_3D('',#3004,#3005,#3006);
#3008=CYLINDRICAL_SURFACE('',#3007,2.);
#3009=CARTESIAN_POINT('',(152.05,49.15,0.));
#3010=VERTEX_POINT('',#3009);
#3011=CARTESIAN_POINT('',(152.05,49.15,-2.));
#3012=DIRECTION('',(-0.,-0.,1.));
#3013=VECTOR('',#3012,2.);
#3014=LINE('',#3011,#3013);
#3015=EDGE_CURVE('',#1054,#3010,#3014,.T.);
#3016=ORIENTED_EDGE('',*,*,#3015,.F.);
#3017=ORIENTED_EDGE('',*,*,#1060,.T.);
#3018=CARTESIAN_POINT('',(155.5,50.527497731,-2.));
#3019=CARTESIAN_POINT('',(155.588803386,50.434020329,-2.));
#3020=CARTESIAN_POINT('',(155.666878398,50.333956481,-1.988472819));
#3021=CARTESIAN_POINT('',(155.735109488,50.227221431,-1.971968893));
#3022=CARTESIAN_POINT('',(155.803340578,50.120486381,-1.955464967));
#3023=CARTESIAN_POINT('',(155.861425112,50.007051438,-1.9337887));
#3024=CARTESIAN_POINT('',(155.907938986,49.890312585,-1.913009193));
#3025=CARTESIAN_POINT('',(155.95445286,49.773573732,-1.892229686));
#3026=CARTESIAN_POINT('',(155.990281955,49.651453653,-1.872009213));
#3027=CARTESIAN_POINT('',(156.014213951,49.526647788,-1.857661946));
#3028=CARTESIAN_POINT('',(156.038145946,49.401841923,-1.84331468));
#3029=CARTESIAN_POINT('',(156.050011514,49.276248626,-1.835157072));
#3030=CARTESIAN_POINT('',(156.049999992,49.149817724,-1.83516466));
#3031=CARTESIAN_POINT('',(156.049988469,49.023386822,-1.835172248));
#3032=CARTESIAN_POINT('',(156.037665748,48.89450888,-1.843628091));
#3033=CARTESIAN_POINT('',(156.013558998,48.769952553,-1.858054287));
#3034=CARTESIAN_POINT('',(155.989452248,48.645396226,-1.872480484));
#3035=CARTESIAN_POINT('',(155.953952209,48.524734903,-1.892508409));
#3036=CARTESIAN_POINT('',(155.906993791,48.407319677,-1.913430925));
#3037=CARTESIAN_POINT('',(155.860035372,48.289904451,-1.934353441));
#3038=CARTESIAN_POINT('',(155.802070459,48.17737273,-1.95582406));
#3039=CARTESIAN_POINT('',(155.734395197,48.07166201,-1.972141395));
#3040=CARTESIAN_POINT('',(155.666719935,47.965951289,-1.988458729));
#3041=CARTESIAN_POINT('',(155.589041186,47.866229987,-2.));
#3042=CARTESIAN_POINT('',(155.5,47.772502269,-2.));
#3043=B_SPLINE_CURVE_WITH_KNOTS('',3,(#3018,#3019,#3020,#3021,#3022,#3023,#3024,#3025,#3026,#3027,#3028,#3029,#3030,#3031,#3032,#3033,#3034,#3035,#3036,#3037,#3038,#3039,#3040,#3041,#3042),.UNSPECIFIED.,.F.,.F.,(4,3,3,3,3,3,3,3,4),(0.,0.000382163,0.000764327,0.00114649,0.001528654,0.001910817,0.002292981,0.002675144,0.003057308),.UNSPECIFIED.);
#3044=EDGE_CURVE('',#1046,#2019,#3043,.T.);
#3045=ORIENTED_EDGE('',*,*,#3044,.T.);
#3046=ORIENTED_EDGE('',*,*,#2041,.T.);
#3047=CARTESIAN_POINT('',(155.180265456,47.5,-2.));
#3048=CARTESIAN_POINT('',(155.013220513,47.38557265,-2.));
#3049=CARTESIAN_POINT('',(154.834155727,47.299199688,-1.98156789));
#3050=CARTESIAN_POINT('',(154.642264682,47.239706162,-1.96552945));
#3051=CARTESIAN_POINT('',(154.450373637,47.180212636,-1.949491009));
#3052=CARTESIAN_POINT('',(154.252365456,47.150154575,-1.936807449));
#3053=CARTESIAN_POINT('',(154.051537212,47.150000591,-1.936749921));
#3054=CARTESIAN_POINT('',(153.95112309,47.149923598,-1.936721157));
#3055=CARTESIAN_POINT('',(153.849874696,47.157538052,-1.939664131));
#3056=CARTESIAN_POINT('',(153.751220805,47.172443176,-1.944831481));
#3057=CARTESIAN_POINT('',(153.652566915,47.1873483,-1.949998831));
#3058=CARTESIAN_POINT('',(153.555575482,47.209506558,-1.957364362));
#3059=CARTESIAN_POINT('',(153.460155704,47.23895743,-1.96532729));
#3060=CARTESIAN_POINT('',(153.364735925,47.268408301,-1.973290219));
#3061=CARTESIAN_POINT('',(153.27050174,47.305433983,-1.981879805));
#3062=CARTESIAN_POINT('',(153.180263935,47.349011611,-1.988535536));
#3063=CARTESIAN_POINT('',(153.09002613,47.392589239,-1.995191268));
#3064=CARTESIAN_POINT('',(153.003192997,47.442830178,-2.));
#3065=CARTESIAN_POINT('',(152.919734544,47.5,-2.));
#3066=B_SPLINE_CURVE_WITH_KNOTS('',3,(#3047,#3048,#3049,#3050,#3051,#3052,#3053,#3054,#3055,#3056,#3057,#3058,#3059,#3060,#3061,#3062,#3063,#3064,#3065),.UNSPECIFIED.,.F.,.F.,(4,3,3,3,3,3,4),(0.,0.000598622,0.001197244,0.001496555,0.001795866,0.002095178,0.002394489),.UNSPECIFIED.);
#3067=EDGE_CURVE('',#2029,#1063,#3066,.T.);
#3068=ORIENTED_EDGE('',*,*,#3067,.T.);
#3069=ORIENTED_EDGE('',*,*,#1069,.T.);
#3070=ORIENTED_EDGE('',*,*,#3015,.T.);
#3071=CARTESIAN_POINT('',(154.05,49.15,0.));
#3072=DIRECTION('',(0.,0.,-1.));
#3073=DIRECTION('',(-1.,0.,-0.));
#3074=AXIS2_PLACEMENT_3D('',#3071,#3072,#3073);
#3075=CIRCLE('',#3074,2.);
#3076=EDGE_CURVE('',#3010,#3010,#3075,.T.);
#3077=ORIENTED_EDGE('',*,*,#3076,.F.);
#3078=EDGE_LOOP('',(#3016,#3017,#3045,#3046,#3068,#3069,#3070,#3077));
#3079=FACE_BOUND('',#3078,.T.);
#3080=ADVANCED_FACE('',(#3079),#3008,.F.);
#3081=CARTESIAN_POINT('',(0.,0.,-0.));
#3082=DIRECTION('',(0.,0.,-1.));
#3083=DIRECTION('',(1.,0.,0.));
#3084=AXIS2_PLACEMENT_3D('',#3081,#3082,#3083);
#3085=PLANE('',#3084);
#3086=ORIENTED_EDGE('',*,*,#3076,.T.);
#3087=EDGE_LOOP('',(#3086));
#3088=FACE_BOUND('',#3087,.T.);
#3089=ORIENTED_EDGE('',*,*,#2188,.T.);
#3090=ORIENTED_EDGE('',*,*,#2195,.T.);
#3091=EDGE_LOOP('',(#3089,#3090));
#3092=FACE_BOUND('',#3091,.T.);
#3093=ADVANCED_FACE('',(#3088,#3092),#3085,.T.);
#3094=CARTESIAN_POINT('',(130.4,94.,-9.7));
#3095=DIRECTION('',(-1.,0.,-0.));
#3096=DIRECTION('',(-0.,0.,1.));
#3097=AXIS2_PLACEMENT_3D('',#3094,#3095,#3096);
#3098=PLANE('',#3097);
#3099=ORIENTED_EDGE('',*,*,#1711,.F.);
#3100=CARTESIAN_POINT('',(130.4,98.5,-2.));
#3101=DIRECTION('',(0.,0.,1.));
#3102=VECTOR('',#3101,7.);
#3103=LINE('',#3100,#3102);
#3104=EDGE_CURVE('',#1696,#107,#3103,.T.);
#3105=ORIENTED_EDGE('',*,*,#3104,.T.);
#3106=ORIENTED_EDGE('',*,*,#112,.F.);
#3107=ORIENTED_EDGE('',*,*,#48,.F.);
#3108=ORIENTED_EDGE('',*,*,#2057,.T.);
#3109=CARTESIAN_POINT('',(130.4,87.5,-2.));
#3110=DIRECTION('',(0.,0.,1.));
#3111=VECTOR('',#3110,2.);
#3112=LINE('',#3109,#3111);
#3113=EDGE_CURVE('',#1706,#2052,#3112,.T.);
#3114=ORIENTED_EDGE('',*,*,#3113,.F.);
#3115=EDGE_LOOP('',(#3099,#3105,#3106,#3107,#3108,#3114));
#3116=FACE_BOUND('',#3115,.T.);
#3117=ADVANCED_FACE('',(#3116),#3098,.F.);
#3118=CARTESIAN_POINT('',(128.,66.5,0.));
#3119=DIRECTION('',(1.,0.,0.));
#3120=DIRECTION('',(0.,0.,-1.));
#3121=AXIS2_PLACEMENT_3D('',#3118,#3119,#3120);
#3122=PLANE('',#3121);
#3123=ORIENTED_EDGE('',*,*,#865,.F.);
#3124=CARTESIAN_POINT('',(128.,72.5,0.));
#3125=DIRECTION('',(0.,0.,-1.));
#3126=VECTOR('',#3125,2.);
#3127=LINE('',#3124,#3126);
#3128=EDGE_CURVE('',#2142,#858,#3127,.T.);
#3129=ORIENTED_EDGE('',*,*,#3128,.F.);
#3130=ORIENTED_EDGE('',*,*,#2147,.T.);
#3131=CARTESIAN_POINT('',(128.,60.5,-0.));
#3132=DIRECTION('',(0.,0.,-1.));
#3133=VECTOR('',#3132,2.);
#3134=LINE('',#3131,#3133);
#3135=EDGE_CURVE('',#2132,#860,#3134,.T.);
#3136=ORIENTED_EDGE('',*,*,#3135,.T.);
#3137=EDGE_LOOP('',(#3123,#3129,#3130,#3136));
#3138=FACE_BOUND('',#3137,.T.);
#3139=ADVANCED_FACE('',(#3138),#3122,.T.);
#3140=CARTESIAN_POINT('',(134.,72.5,0.));
#3141=DIRECTION('',(0.,-1.,0.));
#3142=DIRECTION('',(-0.,0.,1.));
#3143=AXIS2_PLACEMENT_3D('',#3140,#3141,#3142);
#3144=PLANE('',#3143);
#3145=ORIENTED_EDGE('',*,*,#887,.F.);
#3146=CARTESIAN_POINT('',(140.,72.5,0.));
#3147=DIRECTION('',(0.,0.,-1.));
#3148=VECTOR('',#3147,2.);
#3149=LINE('',#3146,#3148);
#3150=EDGE_CURVE('',#2150,#876,#3149,.T.);
#3151=ORIENTED_EDGE('',*,*,#3150,.F.);
#3152=ORIENTED_EDGE('',*,*,#2155,.T.);
#3153=ORIENTED_EDGE('',*,*,#3128,.T.);
#3154=EDGE_LOOP('',(#3145,#3151,#3152,#3153));
#3155=FACE_BOUND('',#3154,.T.);
#3156=ADVANCED_FACE('',(#3155),#3144,.T.);
#3157=CARTESIAN_POINT('',(140.,66.5,0.));
#3158=DIRECTION('',(-1.,0.,-0.));
#3159=DIRECTION('',(-0.,0.,1.));
#3160=AXIS2_PLACEMENT_3D('',#3157,#3158,#3159);
#3161=PLANE('',#3160);
#3162=ORIENTED_EDGE('',*,*,#881,.F.);
#3163=CARTESIAN_POINT('',(140.,60.5,0.));
#3164=DIRECTION('',(0.,0.,-1.));
#3165=VECTOR('',#3164,2.);
#3166=LINE('',#3163,#3165);
#3167=EDGE_CURVE('',#2134,#868,#3166,.T.);
#3168=ORIENTED_EDGE('',*,*,#3167,.F.);
#3169=ORIENTED_EDGE('',*,*,#2161,.T.);
#3170=ORIENTED_EDGE('',*,*,#3150,.T.);
#3171=EDGE_LOOP('',(#3162,#3168,#3169,#3170));
#3172=FACE_BOUND('',#3171,.T.);
#3173=ADVANCED_FACE('',(#3172),#3161,.T.);
#3174=CARTESIAN_POINT('',(134.,60.5,0.));
#3175=DIRECTION('',(0.,1.,0.));
#3176=DIRECTION('',(0.,0.,-1.));
#3177=AXIS2_PLACEMENT_3D('',#3174,#3175,#3176);
#3178=PLANE('',#3177);
#3179=ORIENTED_EDGE('',*,*,#873,.F.);
#3180=ORIENTED_EDGE('',*,*,#3135,.F.);
#3181=ORIENTED_EDGE('',*,*,#2139,.T.);
#3182=ORIENTED_EDGE('',*,*,#3167,.T.);
#3183=EDGE_LOOP('',(#3179,#3180,#3181,#3182));
#3184=FACE_BOUND('',#3183,.T.);
#3185=ADVANCED_FACE('',(#3184),#3178,.T.);
#3186=CARTESIAN_POINT('',(117.75,133.,-1.));
#3187=DIRECTION('',(1.,0.,0.));
#3188=DIRECTION('',(0.,0.,-1.));
#3189=AXIS2_PLACEMENT_3D('',#3186,#3187,#3188);
#3190=CYLINDRICAL_SURFACE('',#3189,1.);
#3191=ORIENTED_EDGE('',*,*,#933,.F.);
#3192=CARTESIAN_POINT('',(117.5,133.,-1.));
#3193=DIRECTION('',(1.,0.,0.));
#3194=DIRECTION('',(0.,0.,-1.));
#3195=AXIS2_PLACEMENT_3D('',#3192,#3193,#3194);
#3196=CIRCLE('',#3195,1.);
#3197=EDGE_CURVE('',#920,#2426,#3196,.T.);
#3198=ORIENTED_EDGE('',*,*,#3197,.T.);
#3199=ORIENTED_EDGE('',*,*,#2431,.F.);
#3200=ORIENTED_EDGE('',*,*,#2605,.F.);
#3201=EDGE_LOOP('',(#3191,#3198,#3199,#3200));
#3202=FACE_BOUND('',#3201,.T.);
#3203=ADVANCED_FACE('',(#3202),#3190,.T.);
#3204=CARTESIAN_POINT('',(-0.,133.,-1.));
#3205=DIRECTION('',(1.,0.,0.));
#3206=DIRECTION('',(0.,0.,-1.));
#3207=AXIS2_PLACEMENT_3D('',#3204,#3205,#3206);
#3208=CYLINDRICAL_SURFACE('',#3207,1.);
#3209=ORIENTED_EDGE('',*,*,#2393,.F.);
#3210=CARTESIAN_POINT('',(155.5,133.,-1.));
#3211=DIRECTION('',(-1.,-0.,-0.));
#3212=DIRECTION('',(0.,0.,-1.));
#3213=AXIS2_PLACEMENT_3D('',#3210,#3211,#3212);
#3214=CIRCLE('',#3213,1.);
#3215=EDGE_CURVE('',#2380,#1012,#3214,.T.);
#3216=ORIENTED_EDGE('',*,*,#3215,.T.);
#3217=ORIENTED_EDGE('',*,*,#1017,.F.);
#3218=ORIENTED_EDGE('',*,*,#2629,.F.);
#3219=EDGE_LOOP('',(#3209,#3216,#3217,#3218));
#3220=FACE_BOUND('',#3219,.T.);
#3221=ADVANCED_FACE('',(#3220),#3208,.T.);
#3222=CARTESIAN_POINT('',(155.5,90.25,-1.));
#3223=DIRECTION('',(0.,-1.,0.));
#3224=DIRECTION('',(0.,0.,-1.));
#3225=AXIS2_PLACEMENT_3D('',#3222,#3223,#3224);
#3226=CYLINDRICAL_SURFACE('',#3225,1.);
#3227=ORIENTED_EDGE('',*,*,#2322,.F.);
#3228=CARTESIAN_POINT('',(155.5,47.5,-1.));
#3229=DIRECTION('',(-0.,1.,-0.));
#3230=DIRECTION('',(0.,0.,-1.));
#3231=AXIS2_PLACEMENT_3D('',#3228,#3229,#3230);
#3232=CIRCLE('',#3231,1.);
#3233=EDGE_CURVE('',#2309,#2021,#3232,.T.);
#3234=ORIENTED_EDGE('',*,*,#3233,.T.);
#3235=ORIENTED_EDGE('',*,*,#2026,.F.);
#3236=ORIENTED_EDGE('',*,*,#3044,.F.);
#3237=ORIENTED_EDGE('',*,*,#1051,.F.);
#3238=ORIENTED_EDGE('',*,*,#2762,.F.);
#3239=ORIENTED_EDGE('',*,*,#1025,.F.);
#3240=CARTESIAN_POINT('',(155.5,133.,-1.));
#3241=DIRECTION('',(0.,1.,0.));
#3242=DIRECTION('',(0.,-0.,1.));
#3243=AXIS2_PLACEMENT_3D('',#3240,#3241,#3242);
#3244=CIRCLE('',#3243,1.);
#3245=EDGE_CURVE('',#2317,#1012,#3244,.T.);
#3246=ORIENTED_EDGE('',*,*,#3245,.F.);
#3247=EDGE_LOOP('',(#3227,#3234,#3235,#3236,#3237,#3238,#3239,#3246));
#3248=FACE_BOUND('',#3247,.T.);
#3249=ADVANCED_FACE('',(#3248),#3226,.T.);
#3250=CARTESIAN_POINT('',(155.5,133.,-1.));
#3251=DIRECTION('',(1.,0.,0.));
#3252=DIRECTION('',(0.,0.,-1.));
#3253=AXIS2_PLACEMENT_3D('',#3250,#3251,#3252);
#3254=SPHERICAL_SURFACE('',#3253,1.);
#3255=ORIENTED_EDGE('',*,*,#3245,.T.);
#3256=ORIENTED_EDGE('',*,*,#3215,.F.);
#3257=CARTESIAN_POINT('',(155.5,133.,-1.));
#3258=DIRECTION('',(0.,0.,1.));
#3259=DIRECTION('',(1.,0.,-0.));
#3260=AXIS2_PLACEMENT_3D('',#3257,#3258,#3259);
#3261=CIRCLE('',#3260,1.);
#3262=EDGE_CURVE('',#2317,#2380,#3261,.T.);
#3263=ORIENTED_EDGE('',*,*,#3262,.F.);
#3264=EDGE_LOOP('',(#3255,#3256,#3263));
#3265=FACE_BOUND('',#3264,.T.);
#3266=ADVANCED_FACE('',(#3265),#3254,.T.);
#3267=CARTESIAN_POINT('',(155.5,133.,-5.));
#3268=DIRECTION('',(0.,0.,-1.));
#3269=DIRECTION('',(-1.,0.,-0.));
#3270=AXIS2_PLACEMENT_3D('',#3267,#3268,#3269);
#3271=CYLINDRICAL_SURFACE('',#3270,1.);
#3272=ORIENTED_EDGE('',*,*,#3262,.T.);
#3273=ORIENTED_EDGE('',*,*,#2385,.F.);
#3274=ORIENTED_EDGE('',*,*,#1890,.F.);
#3275=ORIENTED_EDGE('',*,*,#2328,.F.);
#3276=EDGE_LOOP('',(#3272,#3273,#3274,#3275));
#3277=FACE_BOUND('',#3276,.T.);
#3278=ADVANCED_FACE('',(#3277),#3271,.T.);
#3279=CARTESIAN_POINT('',(137.75,47.5,-1.));
#3280=DIRECTION('',(-1.,0.,-0.));
#3281=DIRECTION('',(-0.,0.,1.));
#3282=AXIS2_PLACEMENT_3D('',#3279,#3280,#3281);
#3283=CYLINDRICAL_SURFACE('',#3282,1.);
#3284=ORIENTED_EDGE('',*,*,#2362,.F.);
#3285=CARTESIAN_POINT('',(117.5,47.5,-1.));
#3286=DIRECTION('',(1.,-0.,0.));
#3287=DIRECTION('',(-0.,0.,1.));
#3288=AXIS2_PLACEMENT_3D('',#3285,#3286,#3287);
#3289=CIRCLE('',#3288,1.);
#3290=EDGE_CURVE('',#2349,#1988,#3289,.T.);
#3291=ORIENTED_EDGE('',*,*,#3290,.T.);
#3292=ORIENTED_EDGE('',*,*,#1993,.F.);
#3293=ORIENTED_EDGE('',*,*,#2949,.F.);
#3294=ORIENTED_EDGE('',*,*,#1075,.F.);
#3295=ORIENTED_EDGE('',*,*,#3067,.F.);
#3296=ORIENTED_EDGE('',*,*,#2034,.F.);
#3297=CARTESIAN_POINT('',(155.5,47.5,-1.));
#3298=DIRECTION('',(1.,0.,0.));
#3299=DIRECTION('',(0.,0.,-1.));
#3300=AXIS2_PLACEMENT_3D('',#3297,#3298,#3299);
#3301=CIRCLE('',#3300,1.);
#3302=EDGE_CURVE('',#2357,#2021,#3301,.T.);
#3303=ORIENTED_EDGE('',*,*,#3302,.F.);
#3304=EDGE_LOOP('',(#3284,#3291,#3292,#3293,#3294,#3295,#3296,#3303));
#3305=FACE_BOUND('',#3304,.T.);
#3306=ADVANCED_FACE('',(#3305),#3283,.T.);
#3307=CARTESIAN_POINT('',(155.5,47.5,-1.));
#3308=DIRECTION('',(0.,-1.,0.));
#3309=DIRECTION('',(0.,0.,-1.));
#3310=AXIS2_PLACEMENT_3D('',#3307,#3308,#3309);
#3311=SPHERICAL_SURFACE('',#3310,1.);
#3312=ORIENTED_EDGE('',*,*,#3302,.T.);
#3313=ORIENTED_EDGE('',*,*,#3233,.F.);
#3314=CARTESIAN_POINT('',(155.5,47.5,-1.));
#3315=DIRECTION('',(0.,0.,1.));
#3316=DIRECTION('',(1.,0.,-0.));
#3317=AXIS2_PLACEMENT_3D('',#3314,#3315,#3316);
#3318=CIRCLE('',#3317,1.);
#3319=EDGE_CURVE('',#2357,#2309,#3318,.T.);
#3320=ORIENTED_EDGE('',*,*,#3319,.F.);
#3321=EDGE_LOOP('',(#3312,#3313,#3320));
#3322=FACE_BOUND('',#3321,.T.);
#3323=ADVANCED_FACE('',(#3322),#3311,.T.);
#3324=CARTESIAN_POINT('',(155.5,47.5,-5.));
#3325=DIRECTION('',(-0.,0.,1.));
#3326=DIRECTION('',(1.,0.,0.));
#3327=AXIS2_PLACEMENT_3D('',#3324,#3325,#3326);
#3328=CYLINDRICAL_SURFACE('',#3327,1.);
#3329=ORIENTED_EDGE('',*,*,#3319,.T.);
#3330=ORIENTED_EDGE('',*,*,#2314,.F.);
#3331=ORIENTED_EDGE('',*,*,#279,.F.);
#3332=ORIENTED_EDGE('',*,*,#2368,.F.);
#3333=EDGE_LOOP('',(#3329,#3330,#3331,#3332));
#3334=FACE_BOUND('',#3333,.T.);
#3335=ADVANCED_FACE('',(#3334),#3328,.T.);
#3336=CARTESIAN_POINT('',(117.5,133.,-5.));
#3337=DIRECTION('',(0.,0.,-1.));
#3338=DIRECTION('',(-1.,0.,-0.));
#3339=AXIS2_PLACEMENT_3D('',#3336,#3337,#3338);
#3340=CYLINDRICAL_SURFACE('',#3339,1.);
#3341=ORIENTED_EDGE('',*,*,#245,.F.);
#3342=ORIENTED_EDGE('',*,*,#2437,.F.);
#3343=CARTESIAN_POINT('',(117.5,133.,-1.));
#3344=DIRECTION('',(0.,0.,-1.));
#3345=DIRECTION('',(-1.,0.,0.));
#3346=AXIS2_PLACEMENT_3D('',#3343,#3344,#3345);
#3347=CIRCLE('',#3346,1.);
#3348=EDGE_CURVE('',#2455,#2426,#3347,.T.);
#3349=ORIENTED_EDGE('',*,*,#3348,.F.);
#3350=ORIENTED_EDGE('',*,*,#2475,.F.);
#3351=EDGE_LOOP('',(#3341,#3342,#3349,#3350));
#3352=FACE_BOUND('',#3351,.T.);
#3353=ADVANCED_FACE('',(#3352),#3340,.T.);
#3354=CARTESIAN_POINT('',(117.5,133.,-1.));
#3355=DIRECTION('',(1.,0.,0.));
#3356=DIRECTION('',(0.,0.,-1.));
#3357=AXIS2_PLACEMENT_3D('',#3354,#3355,#3356);
#3358=SPHERICAL_SURFACE('',#3357,1.);
#3359=ORIENTED_EDGE('',*,*,#3348,.T.);
#3360=ORIENTED_EDGE('',*,*,#3197,.F.);
#3361=CARTESIAN_POINT('',(117.5,133.,-1.));
#3362=DIRECTION('',(0.,-1.,0.));
#3363=DIRECTION('',(0.,0.,-1.));
#3364=AXIS2_PLACEMENT_3D('',#3361,#3362,#3363);
#3365=CIRCLE('',#3364,1.);
#3366=EDGE_CURVE('',#2455,#920,#3365,.T.);
#3367=ORIENTED_EDGE('',*,*,#3366,.F.);
#3368=EDGE_LOOP('',(#3359,#3360,#3367));
#3369=FACE_BOUND('',#3368,.T.);
#3370=ADVANCED_FACE('',(#3369),#3358,.T.);
#3371=CARTESIAN_POINT('',(117.5,0.,-1.));
#3372=DIRECTION('',(0.,1.,0.));
#3373=DIRECTION('',(0.,-0.,1.));
#3374=AXIS2_PLACEMENT_3D('',#3371,#3372,#3373);
#3375=CYLINDRICAL_SURFACE('',#3374,1.);
#3376=ORIENTED_EDGE('',*,*,#2926,.F.);
#3377=ORIENTED_EDGE('',*,*,#2978,.F.);
#3378=ORIENTED_EDGE('',*,*,#2001,.F.);
#3379=CARTESIAN_POINT('',(117.5,47.5,-1.));
#3380=DIRECTION('',(0.,-1.,0.));
#3381=DIRECTION('',(0.,0.,-1.));
#3382=AXIS2_PLACEMENT_3D('',#3379,#3380,#3381);
#3383=CIRCLE('',#3382,1.);
#3384=EDGE_CURVE('',#2457,#1988,#3383,.T.);
#3385=ORIENTED_EDGE('',*,*,#3384,.F.);
#3386=ORIENTED_EDGE('',*,*,#2462,.F.);
#3387=ORIENTED_EDGE('',*,*,#3366,.T.);
#3388=ORIENTED_EDGE('',*,*,#925,.F.);
#3389=ORIENTED_EDGE('',*,*,#2830,.F.);
#3390=ORIENTED_EDGE('',*,*,#2859,.F.);
#3391=ORIENTED_EDGE('',*,*,#908,.F.);
#3392=EDGE_LOOP('',(#3376,#3377,#3378,#3385,#3386,#3387,#3388,#3389,#3390,#3391));
#3393=FACE_BOUND('',#3392,.T.);
#3394=ADVANCED_FACE('',(#3393),#3375,.T.);
#3395=CARTESIAN_POINT('',(117.5,47.5,-1.));
#3396=DIRECTION('',(1.,0.,0.));
#3397=DIRECTION('',(0.,0.,-1.));
#3398=AXIS2_PLACEMENT_3D('',#3395,#3396,#3397);
#3399=SPHERICAL_SURFACE('',#3398,1.);
#3400=ORIENTED_EDGE('',*,*,#3384,.T.);
#3401=ORIENTED_EDGE('',*,*,#3290,.F.);
#3402=CARTESIAN_POINT('',(117.5,47.5,-1.));
#3403=DIRECTION('',(0.,0.,1.));
#3404=DIRECTION('',(1.,0.,-0.));
#3405=AXIS2_PLACEMENT_3D('',#3402,#3403,#3404);
#3406=CIRCLE('',#3405,1.);
#3407=EDGE_CURVE('',#2457,#2349,#3406,.T.);
#3408=ORIENTED_EDGE('',*,*,#3407,.F.);
#3409=EDGE_LOOP('',(#3400,#3401,#3408));
#3410=FACE_BOUND('',#3409,.T.);
#3411=ADVANCED_FACE('',(#3410),#3399,.T.);
#3412=CARTESIAN_POINT('',(117.5,47.5,-5.));
#3413=DIRECTION('',(0.,0.,-1.));
#3414=DIRECTION('',(-1.,0.,-0.));
#3415=AXIS2_PLACEMENT_3D('',#3412,#3413,#3414);
#3416=CYLINDRICAL_SURFACE('',#3415,1.);
#3417=ORIENTED_EDGE('',*,*,#3407,.T.);
#3418=ORIENTED_EDGE('',*,*,#2354,.F.);
#3419=ORIENTED_EDGE('',*,*,#262,.F.);
#3420=ORIENTED_EDGE('',*,*,#2468,.F.);
#3421=EDGE_LOOP('',(#3417,#3418,#3419,#3420));
#3422=FACE_BOUND('',#3421,.T.);
#3423=ADVANCED_FACE('',(#3422),#3416,.T.);
#3424=CARTESIAN_POINT('',(151.497452164,64.065890545,-1.6));
#3425=CARTESIAN_POINT('',(151.497452164,64.065890545,-2.));
#3426=CARTESIAN_POINT('',(151.07688179,64.563887352,-1.6));
#3427=CARTESIAN_POINT('',(151.07688179,64.563887352,-2.));
#3428=CARTESIAN_POINT('',(150.522141361,64.812885755,-1.6));
#3429=CARTESIAN_POINT('',(150.522141361,64.812885755,-2.));
#3430=CARTESIAN_POINT('',(149.833230877,64.812885755,-1.6));
#3431=CARTESIAN_POINT('',(149.833230877,64.812885755,-2.));
#3432=CARTESIAN_POINT('',(149.806527996,64.812885755,-1.6));
#3433=CARTESIAN_POINT('',(149.806527996,64.812885755,-2.));
#3434=CARTESIAN_POINT('',(149.775816703,64.811544651,-1.6));
#3435=CARTESIAN_POINT('',(149.775816703,64.811544651,-2.));
#3436=CARTESIAN_POINT('',(149.741096997,64.808877343,-1.6));
#3437=CARTESIAN_POINT('',(149.741096997,64.808877343,-2.));
#3438=CARTESIAN_POINT('',(149.706392193,64.806210035,-1.6));
#3439=CARTESIAN_POINT('',(149.706392193,64.806210035,-2.));
#3440=CARTESIAN_POINT('',(149.651645327,64.800867969,-1.6));
#3441=CARTESIAN_POINT('',(149.651645327,64.800867969,-2.));
#3442=CARTESIAN_POINT('',(149.576886201,64.792858595,-1.6));
#3443=CARTESIAN_POINT('',(149.576886201,64.792858595,-2.));
#3444=B_SPLINE_SURFACE_WITH_KNOTS('',3,1,((#3424,#3425),(#3426,#3427),(#3428,#3429),(#3430,#3431),(#3432,#3433),(#3434,#3435),(#3436,#3437),(#3438,#3439),(#3440,#3441),(#3442,#3443)),.UNSPECIFIED.,.F.,.F.,.U.,(4,3,3,4),(2,2),(0.847633174,0.962864736,0.96733123,0.971795818),(0.,1.),.UNSPECIFIED.);
#3445=ORIENTED_EDGE('',*,*,#1094,.F.);
#3446=CARTESIAN_POINT('',(151.497452164,64.065890545,-1.6));
#3447=VERTEX_POINT('',#3446);
#3448=CARTESIAN_POINT('',(151.497452164,64.065890545,-1.6));
#3449=DIRECTION('',(0.,0.,-1.));
#3450=VECTOR('',#3449,0.4);
#3451=LINE('',#3448,#3450);
#3452=EDGE_CURVE('',#3447,#1080,#3451,.T.);
#3453=ORIENTED_EDGE('',*,*,#3452,.F.);
#3454=CARTESIAN_POINT('',(149.576886201,64.792858595,-1.6));
#3455=VERTEX_POINT('',#3454);
#3456=CARTESIAN_POINT('',(151.497452164,64.065890545,-1.6));
#3457=CARTESIAN_POINT('',(151.07688179,64.563887352,-1.6));
#3458=CARTESIAN_POINT('',(150.522141361,64.812885755,-1.6));
#3459=CARTESIAN_POINT('',(149.833230877,64.812885755,-1.6));
#3460=CARTESIAN_POINT('',(149.806527996,64.812885755,-1.6));
#3461=CARTESIAN_POINT('',(149.775816703,64.811544651,-1.6));
#3462=CARTESIAN_POINT('',(149.741096997,64.808877343,-1.6));
#3463=CARTESIAN_POINT('',(149.706392193,64.806210035,-1.6));
#3464=CARTESIAN_POINT('',(149.651645327,64.800867969,-1.6));
#3465=CARTESIAN_POINT('',(149.576886201,64.792858595,-1.6));
#3466=B_SPLINE_CURVE_WITH_KNOTS('',3,(#3456,#3457,#3458,#3459,#3460,#3461,#3462,#3463,#3464,#3465),.UNSPECIFIED.,.F.,.F.,(4,3,3,4),(0.847633174,0.962864736,0.96733123,0.971795818),.UNSPECIFIED.);
#3467=EDGE_CURVE('',#3447,#3455,#3466,.T.);
#3468=ORIENTED_EDGE('',*,*,#3467,.T.);
#3469=CARTESIAN_POINT('',(149.576886201,64.792858595,-1.6));
#3470=DIRECTION('',(0.,0.,-1.));
#3471=VECTOR('',#3470,0.4);
#3472=LINE('',#3469,#3471);
#3473=EDGE_CURVE('',#3455,#1082,#3472,.T.);
#3474=ORIENTED_EDGE('',*,*,#3473,.T.);
#3475=EDGE_LOOP('',(#3445,#3453,#3468,#3474));
#3476=FACE_BOUND('',#3475,.T.);
#3477=ADVANCED_FACE('',(#3476),#3444,.T.);
#3478=CARTESIAN_POINT('',(146.532832289,59.862280422,-1.6));
#3479=CARTESIAN_POINT('',(146.532832289,59.862280422,-2.));
#3480=CARTESIAN_POINT('',(147.106929326,59.306876892,-1.6));
#3481=CARTESIAN_POINT('',(147.106929326,59.306876892,-2.));
#3482=CARTESIAN_POINT('',(147.881283069,59.029171401,-1.6));
#3483=CARTESIAN_POINT('',(147.881283069,59.029171401,-2.));
#3484=CARTESIAN_POINT('',(148.855923319,59.029171401,-1.6));
#3485=CARTESIAN_POINT('',(148.855923319,59.029171401,-2.));
#3486=CARTESIAN_POINT('',(149.843900108,59.029171401,-1.6));
#3487=CARTESIAN_POINT('',(149.843900108,59.029171401,-2.));
#3488=CARTESIAN_POINT('',(150.636299157,59.308210546,-1.6));
#3489=CARTESIAN_POINT('',(150.636299157,59.308210546,-2.));
#3490=CARTESIAN_POINT('',(151.233090663,59.866288835,-1.6));
#3491=CARTESIAN_POINT('',(151.233090663,59.866288835,-2.));
#3492=CARTESIAN_POINT('',(151.829882169,60.424367124,-1.6));
#3493=CARTESIAN_POINT('',(151.829882169,60.424367124,-2.));
#3494=CARTESIAN_POINT('',(152.128292823,61.165349716,-1.6));
#3495=CARTESIAN_POINT('',(152.128292823,61.165349716,-2.));
#3496=CARTESIAN_POINT('',(152.128292823,62.089251512,-1.6));
#3497=CARTESIAN_POINT('',(152.128292823,62.089251512,-2.));
#3498=CARTESIAN_POINT('',(152.128292823,62.909009093,-1.6));
#3499=CARTESIAN_POINT('',(152.128292823,62.909009093,-2.));
#3500=CARTESIAN_POINT('',(151.918007636,63.567886287,-1.6));
#3501=CARTESIAN_POINT('',(151.918007636,63.567886287,-2.));
#3502=CARTESIAN_POINT('',(151.497452164,64.065890545,-1.6));
#3503=CARTESIAN_POINT('',(151.497452164,64.065890545,-2.));
#3504=B_SPLINE_SURFACE_WITH_KNOTS('',3,1,((#3478,#3479),(#3480,#3481),(#3482,#3483),(#3484,#3485),(#3486,#3487),(#3488,#3489),(#3490,#3491),(#3492,#3493),(#3494,#3495),(#3496,#3497),(#3498,#3499),(#3500,#3501),(#3502,#3503)),.UNSPECIFIED.,.F.,.F.,.U.,(4,3,3,3,4),(2,2),(0.344545075,0.472662088,0.602532197,0.732402306,0.847633174),(0.,1.),.UNSPECIFIED.);
#3505=ORIENTED_EDGE('',*,*,#1219,.F.);
#3506=CARTESIAN_POINT('',(146.532832289,59.862280422,-1.6));
#3507=VERTEX_POINT('',#3506);
#3508=CARTESIAN_POINT('',(146.532832289,59.862280422,-1.6));
#3509=DIRECTION('',(0.,0.,-1.));
#3510=VECTOR('',#3509,0.4);
#3511=LINE('',#3508,#3510);
#3512=EDGE_CURVE('',#3507,#1194,#3511,.T.);
#3513=ORIENTED_EDGE('',*,*,#3512,.F.);
#3514=CARTESIAN_POINT('',(146.532832289,59.862280422,-1.6));
#3515=CARTESIAN_POINT('',(147.106929326,59.306876892,-1.6));
#3516=CARTESIAN_POINT('',(147.881283069,59.029171401,-1.6));
#3517=CARTESIAN_POINT('',(148.855923319,59.029171401,-1.6));
#3518=CARTESIAN_POINT('',(149.843900108,59.029171401,-1.6));
#3519=CARTESIAN_POINT('',(150.636299157,59.308210546,-1.6));
#3520=CARTESIAN_POINT('',(151.233090663,59.866288835,-1.6));
#3521=CARTESIAN_POINT('',(151.829882169,60.424367124,-1.6));
#3522=CARTESIAN_POINT('',(152.128292823,61.165349716,-1.6));
#3523=CARTESIAN_POINT('',(152.128292823,62.089251512,-1.6));
#3524=CARTESIAN_POINT('',(152.128292823,62.909009093,-1.6));
#3525=CARTESIAN_POINT('',(151.918007636,63.567886287,-1.6));
#3526=CARTESIAN_POINT('',(151.497452164,64.065890545,-1.6));
#3527=B_SPLINE_CURVE_WITH_KNOTS('',3,(#3514,#3515,#3516,#3517,#3518,#3519,#3520,#3521,#3522,#3523,#3524,#3525,#3526),.UNSPECIFIED.,.F.,.F.,(4,3,3,3,4),(0.344545075,0.472662088,0.602532197,0.732402306,0.847633174),.UNSPECIFIED.);
#3528=EDGE_CURVE('',#3507,#3447,#3527,.T.);
#3529=ORIENTED_EDGE('',*,*,#3528,.T.);
#3530=ORIENTED_EDGE('',*,*,#3452,.T.);
#3531=EDGE_LOOP('',(#3505,#3513,#3529,#3530));
#3532=FACE_BOUND('',#3531,.T.);
#3533=ADVANCED_FACE('',(#3532),#3504,.T.);
#3534=CARTESIAN_POINT('',(146.352587843,64.049864346,-1.6));
#3535=CARTESIAN_POINT('',(146.352587843,64.049864346,-2.));
#3536=CARTESIAN_POINT('',(145.898638868,63.557209605,-1.6));
#3537=CARTESIAN_POINT('',(145.898638868,63.557209605,-2.));
#3538=CARTESIAN_POINT('',(145.671679282,62.911683851,-1.6));
#3539=CARTESIAN_POINT('',(145.671679282,62.911683851,-2.));
#3540=CARTESIAN_POINT('',(145.671679282,62.113287085,-1.6));
#3541=CARTESIAN_POINT('',(145.671679282,62.113287085,-2.));
#3542=CARTESIAN_POINT('',(145.671679282,61.168024474,-1.6));
#3543=CARTESIAN_POINT('',(145.671679282,61.168024474,-2.));
#3544=CARTESIAN_POINT('',(145.95872035,60.417691404,-1.6));
#3545=CARTESIAN_POINT('',(145.95872035,60.417691404,-2.));
#3546=CARTESIAN_POINT('',(146.532832289,59.862280422,-1.6));
#3547=CARTESIAN_POINT('',(146.532832289,59.862280422,-2.));
#3548=B_SPLINE_SURFACE_WITH_KNOTS('',3,1,((#3534,#3535),(#3536,#3537),(#3538,#3539),(#3540,#3541),(#3542,#3543),(#3544,#3545),(#3546,#3547)),.UNSPECIFIED.,.F.,.F.,.U.,(4,3,4),(2,2),(0.108211941,0.216425513,0.344545075),(0.,1.),.UNSPECIFIED.);
#3549=ORIENTED_EDGE('',*,*,#1203,.F.);
#3550=CARTESIAN_POINT('',(146.352587843,64.049864346,-1.6));
#3551=VERTEX_POINT('',#3550);
#3552=CARTESIAN_POINT('',(146.352587843,64.049864346,-1.6));
#3553=DIRECTION('',(0.,0.,-1.));
#3554=VECTOR('',#3553,0.4);
#3555=LINE('',#3552,#3554);
#3556=EDGE_CURVE('',#3551,#1185,#3555,.T.);
#3557=ORIENTED_EDGE('',*,*,#3556,.F.);
#3558=CARTESIAN_POINT('',(146.352587843,64.049864346,-1.6));
#3559=CARTESIAN_POINT('',(145.898638868,63.557209605,-1.6));
#3560=CARTESIAN_POINT('',(145.671679282,62.911683851,-1.6));
#3561=CARTESIAN_POINT('',(145.671679282,62.113287085,-1.6));
#3562=CARTESIAN_POINT('',(145.671679282,61.168024474,-1.6));
#3563=CARTESIAN_POINT('',(145.95872035,60.417691404,-1.6));
#3564=CARTESIAN_POINT('',(146.532832289,59.862280422,-1.6));
#3565=B_SPLINE_CURVE_WITH_KNOTS('',3,(#3558,#3559,#3560,#3561,#3562,#3563,#3564),.UNSPECIFIED.,.F.,.F.,(4,3,4),(0.108211941,0.216425513,0.344545075),.UNSPECIFIED.);
#3566=EDGE_CURVE('',#3551,#3507,#3565,.T.);
#3567=ORIENTED_EDGE('',*,*,#3566,.T.);
#3568=ORIENTED_EDGE('',*,*,#3512,.T.);
#3569=EDGE_LOOP('',(#3549,#3557,#3567,#3568));
#3570=FACE_BOUND('',#3569,.T.);
#3571=ADVANCED_FACE('',(#3570),#3548,.T.);
#3572=CARTESIAN_POINT('',(148.118941689,64.788850182,-1.6));
#3573=CARTESIAN_POINT('',(148.118941689,64.788850182,-2.));
#3574=CARTESIAN_POINT('',(147.395311499,64.788850182,-1.6));
#3575=CARTESIAN_POINT('',(147.395311499,64.788850182,-2.));
#3576=CARTESIAN_POINT('',(146.806521916,64.542519087,-1.6));
#3577=CARTESIAN_POINT('',(146.806521916,64.542519087,-2.));
#3578=CARTESIAN_POINT('',(146.352587843,64.049864346,-1.6));
#3579=CARTESIAN_POINT('',(146.352587843,64.049864346,-2.));
#3580=B_SPLINE_SURFACE_WITH_KNOTS('',3,1,((#3572,#3573),(#3574,#3575),(#3576,#3577),(#3578,#3579)),.UNSPECIFIED.,.F.,.F.,.U.,(4,4),(2,2),(0.,0.108211941),(0.,1.),.UNSPECIFIED.);
#3581=ORIENTED_EDGE('',*,*,#1191,.F.);
#3582=CARTESIAN_POINT('',(148.118941689,64.788850182,-1.6));
#3583=VERTEX_POINT('',#3582);
#3584=CARTESIAN_POINT('',(148.118941689,64.788850182,-1.6));
#3585=DIRECTION('',(0.,0.,-1.));
#3586=VECTOR('',#3585,0.4);
#3587=LINE('',#3584,#3586);
#3588=EDGE_CURVE('',#3583,#1177,#3587,.T.);
#3589=ORIENTED_EDGE('',*,*,#3588,.F.);
#3590=CARTESIAN_POINT('',(148.118941689,64.788850182,-1.6));
#3591=CARTESIAN_POINT('',(147.395311499,64.788850182,-1.6));
#3592=CARTESIAN_POINT('',(146.806521916,64.542519087,-1.6));
#3593=CARTESIAN_POINT('',(146.352587843,64.049864346,-1.6));
#3594=B_SPLINE_CURVE_WITH_KNOTS('',3,(#3590,#3591,#3592,#3593),.UNSPECIFIED.,.F.,.F.,(4,4),(0.,0.108211941),.UNSPECIFIED.);
#3595=EDGE_CURVE('',#3583,#3551,#3594,.T.);
#3596=ORIENTED_EDGE('',*,*,#3595,.T.);
#3597=ORIENTED_EDGE('',*,*,#3556,.T.);
#3598=EDGE_LOOP('',(#3581,#3589,#3596,#3597));
#3599=FACE_BOUND('',#3598,.T.);
#3600=ADVANCED_FACE('',(#3599),#3580,.T.);
#3601=CARTESIAN_POINT('',(148.171013796,64.788850182,-1.6));
#3602=DIRECTION('',(0.,-1.,0.));
#3603=DIRECTION('',(0.,0.,-1.));
#3604=AXIS2_PLACEMENT_3D('',#3601,#3602,#3603);
#3605=PLANE('',#3604);
#3606=ORIENTED_EDGE('',*,*,#1182,.F.);
#3607=CARTESIAN_POINT('',(148.223085904,64.788850182,-1.6));
#3608=VERTEX_POINT('',#3607);
#3609=CARTESIAN_POINT('',(148.223085904,64.788850182,-1.6));
#3610=DIRECTION('',(0.,0.,-1.));
#3611=VECTOR('',#3610,0.4);
#3612=LINE('',#3609,#3611);
#3613=EDGE_CURVE('',#3608,#1169,#3612,.T.);
#3614=ORIENTED_EDGE('',*,*,#3613,.F.);
#3615=CARTESIAN_POINT('',(148.223085904,64.788850182,-1.6));
#3616=DIRECTION('',(-1.,0.,-0.));
#3617=VECTOR('',#3616,0.104144216);
#3618=LINE('',#3615,#3617);
#3619=EDGE_CURVE('',#3608,#3583,#3618,.T.);
#3620=ORIENTED_EDGE('',*,*,#3619,.T.);
#3621=ORIENTED_EDGE('',*,*,#3588,.T.);
#3622=EDGE_LOOP('',(#3606,#3614,#3620,#3621));
#3623=FACE_BOUND('',#3622,.T.);
#3624=ADVANCED_FACE('',(#3623),#3605,.T.);
#3625=CARTESIAN_POINT('',(148.273146355,63.99178707,-1.6));
#3626=DIRECTION('',(-0.998033511,-0.062682624,-0.));
#3627=DIRECTION('',(0.062682624,-0.998033511,0.));
#3628=AXIS2_PLACEMENT_3D('',#3625,#3626,#3627);
#3629=PLANE('',#3628);
#3630=ORIENTED_EDGE('',*,*,#1174,.F.);
#3631=CARTESIAN_POINT('',(148.323206806,63.194723958,-1.6));
#3632=VERTEX_POINT('',#3631);
#3633=CARTESIAN_POINT('',(148.323206806,63.194723958,-1.6));
#3634=DIRECTION('',(0.,0.,-1.));
#3635=VECTOR('',#3634,0.4);
#3636=LINE('',#3633,#3635);
#3637=EDGE_CURVE('',#3632,#1161,#3636,.T.);
#3638=ORIENTED_EDGE('',*,*,#3637,.F.);
#3639=CARTESIAN_POINT('',(148.323206806,63.194723958,-1.6));
#3640=DIRECTION('',(-0.062682624,0.998033511,-0.));
#3641=VECTOR('',#3640,1.597267233);
#3642=LINE('',#3639,#3641);
#3643=EDGE_CURVE('',#3632,#3608,#3642,.T.);
#3644=ORIENTED_EDGE('',*,*,#3643,.T.);
#3645=ORIENTED_EDGE('',*,*,#3613,.T.);
#3646=EDGE_LOOP('',(#3630,#3638,#3644,#3645));
#3647=FACE_BOUND('',#3646,.T.);
#3648=ADVANCED_FACE('',(#3647),#3629,.T.);
#3649=CARTESIAN_POINT('',(147.786496782,63.146660262,-1.6));
#3650=DIRECTION('',(-0.089195502,0.996014138,-0.));
#3651=DIRECTION('',(-0.996014138,-0.089195502,0.));
#3652=AXIS2_PLACEMENT_3D('',#3649,#3650,#3651);
#3653=PLANE('',#3652);
#3654=ORIENTED_EDGE('',*,*,#1166,.F.);
#3655=CARTESIAN_POINT('',(147.249786758,63.098596567,-1.6));
#3656=VERTEX_POINT('',#3655);
#3657=CARTESIAN_POINT('',(147.249786758,63.098596567,-1.6));
#3658=DIRECTION('',(0.,0.,-1.));
#3659=VECTOR('',#3658,0.4);
#3660=LINE('',#3657,#3659);
#3661=EDGE_CURVE('',#3656,#1153,#3660,.T.);
#3662=ORIENTED_EDGE('',*,*,#3661,.F.);
#3663=CARTESIAN_POINT('',(147.249786758,63.098596567,-1.6));
#3664=DIRECTION('',(0.996014138,0.089195502,0.));
#3665=VECTOR('',#3664,1.077715674);
#3666=LINE('',#3663,#3665);
#3667=EDGE_CURVE('',#3656,#3632,#3666,.T.);
#3668=ORIENTED_EDGE('',*,*,#3667,.T.);
#3669=ORIENTED_EDGE('',*,*,#3637,.T.);
#3670=EDGE_LOOP('',(#3654,#3662,#3668,#3669));
#3671=FACE_BOUND('',#3670,.T.);
#3672=ADVANCED_FACE('',(#3671),#3653,.T.);
#3673=CARTESIAN_POINT('',(147.249786758,62.129305834,-1.6));
#3674=DIRECTION('',(-1.,0.,-0.));
#3675=DIRECTION('',(-0.,0.,1.));
#3676=AXIS2_PLACEMENT_3D('',#3673,#3674,#3675);
#3677=PLANE('',#3676);
#3678=ORIENTED_EDGE('',*,*,#1158,.F.);
#3679=CARTESIAN_POINT('',(147.249786758,61.1600151,-1.6));
#3680=VERTEX_POINT('',#3679);
#3681=CARTESIAN_POINT('',(147.249786758,61.1600151,-1.6));
#3682=DIRECTION('',(0.,0.,-1.));
#3683=VECTOR('',#3682,0.4);
#3684=LINE('',#3681,#3683);
#3685=EDGE_CURVE('',#3680,#1145,#3684,.T.);
#3686=ORIENTED_EDGE('',*,*,#3685,.F.);
#3687=CARTESIAN_POINT('',(147.249786758,61.1600151,-1.6));
#3688=DIRECTION('',(0.,1.,0.));
#3689=VECTOR('',#3688,1.938581467);
#3690=LINE('',#3687,#3689);
#3691=EDGE_CURVE('',#3680,#3656,#3690,.T.);
#3692=ORIENTED_EDGE('',*,*,#3691,.T.);
#3693=ORIENTED_EDGE('',*,*,#3661,.T.);
#3694=EDGE_LOOP('',(#3678,#3686,#3692,#3693));
#3695=FACE_BOUND('',#3694,.T.);
#3696=ADVANCED_FACE('',(#3695),#3677,.T.);
#3697=CARTESIAN_POINT('',(147.920681739,61.135983253,-1.6));
#3698=DIRECTION('',(-0.035797622,-0.99935906,-0.));
#3699=DIRECTION('',(0.99935906,-0.035797622,0.));
#3700=AXIS2_PLACEMENT_3D('',#3697,#3698,#3699);
#3701=PLANE('',#3700);
#3702=ORIENTED_EDGE('',*,*,#1150,.F.);
#3703=CARTESIAN_POINT('',(148.591576719,61.111951405,-1.6));
#3704=VERTEX_POINT('',#3703);
#3705=CARTESIAN_POINT('',(148.591576719,61.111951405,-1.6));
#3706=DIRECTION('',(0.,0.,-1.));
#3707=VECTOR('',#3706,0.4);
#3708=LINE('',#3705,#3707);
#3709=EDGE_CURVE('',#3704,#1137,#3708,.T.);
#3710=ORIENTED_EDGE('',*,*,#3709,.F.);
#3711=CARTESIAN_POINT('',(148.591576719,61.111951405,-1.6));
#3712=DIRECTION('',(-0.99935906,0.035797622,-0.));
#3713=VECTOR('',#3712,1.34265052);
#3714=LINE('',#3711,#3713);
#3715=EDGE_CURVE('',#3704,#3680,#3714,.T.);
#3716=ORIENTED_EDGE('',*,*,#3715,.T.);
#3717=ORIENTED_EDGE('',*,*,#3685,.T.);
#3718=EDGE_LOOP('',(#3702,#3710,#3716,#3717));
#3719=FACE_BOUND('',#3718,.T.);
#3720=ADVANCED_FACE('',(#3719),#3701,.T.);
#3721=CARTESIAN_POINT('',(149.707062745,61.147997314,-1.6));
#3722=DIRECTION('',(0.032297226,-0.999478309,0.));
#3723=DIRECTION('',(0.999478309,0.032297226,0.));
#3724=AXIS2_PLACEMENT_3D('',#3721,#3722,#3723);
#3725=PLANE('',#3724);
#3726=ORIENTED_EDGE('',*,*,#1142,.F.);
#3727=CARTESIAN_POINT('',(150.822548771,61.184043223,-1.6));
#3728=VERTEX_POINT('',#3727);
#3729=CARTESIAN_POINT('',(150.822548771,61.184043223,-1.6));
#3730=DIRECTION('',(0.,0.,-1.));
#3731=VECTOR('',#3730,0.4);
#3732=LINE('',#3729,#3731);
#3733=EDGE_CURVE('',#3728,#1129,#3732,.T.);
#3734=ORIENTED_EDGE('',*,*,#3733,.F.);
#3735=CARTESIAN_POINT('',(150.822548771,61.184043223,-1.6));
#3736=DIRECTION('',(-0.999478309,-0.032297226,-0.));
#3737=VECTOR('',#3736,2.232136538);
#3738=LINE('',#3735,#3737);
#3739=EDGE_CURVE('',#3728,#3704,#3738,.T.);
#3740=ORIENTED_EDGE('',*,*,#3739,.T.);
#3741=ORIENTED_EDGE('',*,*,#3709,.T.);
#3742=EDGE_LOOP('',(#3726,#3734,#3740,#3741));
#3743=FACE_BOUND('',#3742,.T.);
#3744=ADVANCED_FACE('',(#3743),#3725,.T.);
#3745=CARTESIAN_POINT('',(150.822548771,62.005138183,-1.6));
#3746=DIRECTION('',(1.,0.,0.));
#3747=DIRECTION('',(0.,0.,-1.));
#3748=AXIS2_PLACEMENT_3D('',#3745,#3746,#3747);
#3749=PLANE('',#3748);
#3750=ORIENTED_EDGE('',*,*,#1134,.F.);
#3751=CARTESIAN_POINT('',(150.822548771,62.826233143,-1.6));
#3752=VERTEX_POINT('',#3751);
#3753=CARTESIAN_POINT('',(150.822548771,62.826233143,-1.6));
#3754=DIRECTION('',(0.,0.,-1.));
#3755=VECTOR('',#3754,0.4);
#3756=LINE('',#3753,#3755);
#3757=EDGE_CURVE('',#3752,#1121,#3756,.T.);
#3758=ORIENTED_EDGE('',*,*,#3757,.F.);
#3759=CARTESIAN_POINT('',(150.822548771,62.826233143,-1.6));
#3760=DIRECTION('',(0.,-1.,0.));
#3761=VECTOR('',#3760,1.64218992);
#3762=LINE('',#3759,#3761);
#3763=EDGE_CURVE('',#3752,#3728,#3762,.T.);
#3764=ORIENTED_EDGE('',*,*,#3763,.T.);
#3765=ORIENTED_EDGE('',*,*,#3733,.T.);
#3766=EDGE_LOOP('',(#3750,#3758,#3764,#3765));
#3767=FACE_BOUND('',#3766,.T.);
#3768=ADVANCED_FACE('',(#3767),#3749,.T.);
#3769=CARTESIAN_POINT('',(150.211735272,62.864283258,-1.6));
#3770=DIRECTION('',(0.062173645,0.998065348,0.));
#3771=DIRECTION('',(-0.998065348,0.062173645,0.));
#3772=AXIS2_PLACEMENT_3D('',#3769,#3770,#3771);
#3773=PLANE('',#3772);
#3774=ORIENTED_EDGE('',*,*,#1126,.F.);
#3775=CARTESIAN_POINT('',(149.600921774,62.902333373,-1.6));
#3776=VERTEX_POINT('',#3775);
#3777=CARTESIAN_POINT('',(149.600921774,62.902333373,-1.6));
#3778=DIRECTION('',(0.,0.,-1.));
#3779=VECTOR('',#3778,0.4);
#3780=LINE('',#3777,#3779);
#3781=EDGE_CURVE('',#3776,#1106,#3780,.T.);
#3782=ORIENTED_EDGE('',*,*,#3781,.F.);
#3783=CARTESIAN_POINT('',(149.600921774,62.902333373,-1.6));
#3784=DIRECTION('',(0.998065348,-0.062173645,0.));
#3785=VECTOR('',#3784,1.223995002);
#3786=LINE('',#3783,#3785);
#3787=EDGE_CURVE('',#3776,#3752,#3786,.T.);
#3788=ORIENTED_EDGE('',*,*,#3787,.T.);
#3789=ORIENTED_EDGE('',*,*,#3757,.T.);
#3790=EDGE_LOOP('',(#3774,#3782,#3788,#3789));
#3791=FACE_BOUND('',#3790,.T.);
#3792=ADVANCED_FACE('',(#3791),#3773,.T.);
#3793=CARTESIAN_POINT('',(149.564860964,64.430372947,-1.6));
#3794=CARTESIAN_POINT('',(149.564860964,64.430372947,-2.));
#3795=CARTESIAN_POINT('',(149.562193656,64.298199648,-1.6));
#3796=CARTESIAN_POINT('',(149.562193656,64.298199648,-2.));
#3797=CARTESIAN_POINT('',(149.560867453,64.160013729,-1.6));
#3798=CARTESIAN_POINT('',(149.560867453,64.160013729,-2.));
#3799=CARTESIAN_POINT('',(149.560867453,64.015822643,-1.6));
#3800=CARTESIAN_POINT('',(149.560867453,64.015822643,-2.));
#3801=CARTESIAN_POINT('',(149.560867453,63.847595984,-1.6));
#3802=CARTESIAN_POINT('',(149.560867453,63.847595984,-2.));
#3803=CARTESIAN_POINT('',(149.564205313,63.672030503,-1.6));
#3804=CARTESIAN_POINT('',(149.564205313,63.672030503,-2.));
#3805=CARTESIAN_POINT('',(149.570881033,63.489118749,-1.6));
#3806=CARTESIAN_POINT('',(149.570881033,63.489118749,-2.));
#3807=CARTESIAN_POINT('',(149.577556753,63.306206995,-1.6));
#3808=CARTESIAN_POINT('',(149.577556753,63.306206995,-2.));
#3809=CARTESIAN_POINT('',(149.587570333,63.110614353,-1.6));
#3810=CARTESIAN_POINT('',(149.587570333,63.110614353,-2.));
#3811=CARTESIAN_POINT('',(149.600921774,62.902333373,-1.6));
#3812=CARTESIAN_POINT('',(149.600921774,62.902333373,-2.));
#3813=B_SPLINE_SURFACE_WITH_KNOTS('',3,1,((#3793,#3794),(#3795,#3796),(#3797,#3798),(#3799,#3800),(#3801,#3802),(#3803,#3804),(#3805,#3806),(#3807,#3808),(#3809,#3810),(#3811,#3812)),.UNSPECIFIED.,.F.,.F.,.U.,(4,3,3,4),(2,2),(0.978304409,0.984812986,0.992406493,1.),(0.,1.),.UNSPECIFIED.);
#3814=ORIENTED_EDGE('',*,*,#1118,.F.);
#3815=CARTESIAN_POINT('',(149.564860964,64.430372947,-1.6));
#3816=VERTEX_POINT('',#3815);
#3817=CARTESIAN_POINT('',(149.564860964,64.430372947,-1.6));
#3818=DIRECTION('',(0.,0.,-1.));
#3819=VECTOR('',#3818,0.4);
#3820=LINE('',#3817,#3819);
#3821=EDGE_CURVE('',#3816,#1097,#3820,.T.);
#3822=ORIENTED_EDGE('',*,*,#3821,.F.);
#3823=CARTESIAN_POINT('',(149.564860964,64.430372947,-1.6));
#3824=CARTESIAN_POINT('',(149.562193656,64.298199648,-1.6));
#3825=CARTESIAN_POINT('',(149.560867453,64.160013729,-1.6));
#3826=CARTESIAN_POINT('',(149.560867453,64.015822643,-1.6));
#3827=CARTESIAN_POINT('',(149.560867453,63.847595984,-1.6));
#3828=CARTESIAN_POINT('',(149.564205313,63.672030503,-1.6));
#3829=CARTESIAN_POINT('',(149.570881033,63.489118749,-1.6));
#3830=CARTESIAN_POINT('',(149.577556753,63.306206995,-1.6));
#3831=CARTESIAN_POINT('',(149.587570333,63.110614353,-1.6));
#3832=CARTESIAN_POINT('',(149.600921774,62.902333373,-1.6));
#3833=B_SPLINE_CURVE_WITH_KNOTS('',3,(#3823,#3824,#3825,#3826,#3827,#3828,#3829,#3830,#3831,#3832),.UNSPECIFIED.,.F.,.F.,(4,3,3,4),(0.978304409,0.984812986,0.992406493,1.),.UNSPECIFIED.);
#3834=EDGE_CURVE('',#3816,#3776,#3833,.T.);
#3835=ORIENTED_EDGE('',*,*,#3834,.T.);
#3836=ORIENTED_EDGE('',*,*,#3781,.T.);
#3837=EDGE_LOOP('',(#3814,#3822,#3835,#3836));
#3838=FACE_BOUND('',#3837,.T.);
#3839=ADVANCED_FACE('',(#3838),#3813,.T.);
#3840=CARTESIAN_POINT('',(149.576886201,64.792858595,-1.6));
#3841=CARTESIAN_POINT('',(149.576886201,64.792858595,-2.));
#3842=CARTESIAN_POINT('',(149.571536684,64.683379763,-1.6));
#3843=CARTESIAN_POINT('',(149.571536684,64.683379763,-2.));
#3844=CARTESIAN_POINT('',(149.567543173,64.562546247,-1.6));
#3845=CARTESIAN_POINT('',(149.567543173,64.562546247,-2.));
#3846=CARTESIAN_POINT('',(149.564860964,64.430372947,-1.6));
#3847=CARTESIAN_POINT('',(149.564860964,64.430372947,-2.));
#3848=B_SPLINE_SURFACE_WITH_KNOTS('',3,1,((#3840,#3841),(#3842,#3843),(#3844,#3845),(#3846,#3847)),.UNSPECIFIED.,.F.,.F.,.U.,(4,4),(2,2),(0.971795818,0.978304409),(0.,1.),.UNSPECIFIED.);
#3849=ORIENTED_EDGE('',*,*,#1103,.F.);
#3850=ORIENTED_EDGE('',*,*,#3473,.F.);
#3851=CARTESIAN_POINT('',(149.576886201,64.792858595,-1.6));
#3852=CARTESIAN_POINT('',(149.571536684,64.683379763,-1.6));
#3853=CARTESIAN_POINT('',(149.567543173,64.562546247,-1.6));
#3854=CARTESIAN_POINT('',(149.564860964,64.430372947,-1.6));
#3855=B_SPLINE_CURVE_WITH_KNOTS('',3,(#3851,#3852,#3853,#3854),.UNSPECIFIED.,.F.,.F.,(4,4),(0.971795818,0.978304409),.UNSPECIFIED.);
#3856=EDGE_CURVE('',#3455,#3816,#3855,.T.);
#3857=ORIENTED_EDGE('',*,*,#3856,.T.);
#3858=ORIENTED_EDGE('',*,*,#3821,.T.);
#3859=EDGE_LOOP('',(#3849,#3850,#3857,#3858));
#3860=FACE_BOUND('',#3859,.T.);
#3861=ADVANCED_FACE('',(#3860),#3848,.T.);
#3862=CARTESIAN_POINT('',(148.899986053,88.150000358,-1.6));
#3863=DIRECTION('',(0.,0.,-1.));
#3864=DIRECTION('',(0.,1.,0.));
#3865=AXIS2_PLACEMENT_3D('',#3862,#3863,#3864);
#3866=PLANE('',#3865);
#3867=ORIENTED_EDGE('',*,*,#3467,.F.);
#3868=ORIENTED_EDGE('',*,*,#3528,.F.);
#3869=ORIENTED_EDGE('',*,*,#3566,.F.);
#3870=ORIENTED_EDGE('',*,*,#3595,.F.);
#3871=ORIENTED_EDGE('',*,*,#3619,.F.);
#3872=ORIENTED_EDGE('',*,*,#3643,.F.);
#3873=ORIENTED_EDGE('',*,*,#3667,.F.);
#3874=ORIENTED_EDGE('',*,*,#3691,.F.);
#3875=ORIENTED_EDGE('',*,*,#3715,.F.);
#3876=ORIENTED_EDGE('',*,*,#3739,.F.);
#3877=ORIENTED_EDGE('',*,*,#3763,.F.);
#3878=ORIENTED_EDGE('',*,*,#3787,.F.);
#3879=ORIENTED_EDGE('',*,*,#3834,.F.);
#3880=ORIENTED_EDGE('',*,*,#3856,.F.);
#3881=EDGE_LOOP('',(#3867,#3868,#3869,#3870,#3871,#3872,#3873,#3874,#3875,#3876,#3877,#3878,#3879,#3880));
#3882=FACE_BOUND('',#3881,.T.);
#3883=ADVANCED_FACE('',(#3882),#3866,.T.);
#3884=CARTESIAN_POINT('',(147.203712368,70.772828692,-1.6));
#3885=CARTESIAN_POINT('',(147.203712368,70.772828692,-2.));
#3886=CARTESIAN_POINT('',(146.895303035,70.69272005,-1.6));
#3887=CARTESIAN_POINT('',(146.895303035,70.69272005,-2.));
#3888=CARTESIAN_POINT('',(146.639628911,70.557879442,-1.6));
#3889=CARTESIAN_POINT('',(146.639628911,70.557879442,-2.));
#3890=CARTESIAN_POINT('',(146.436689997,70.368291968,-1.6));
#3891=CARTESIAN_POINT('',(146.436689997,70.368291968,-2.));
#3892=B_SPLINE_SURFACE_WITH_KNOTS('',3,1,((#3884,#3885),(#3886,#3887),(#3888,#3889),(#3890,#3891)),.UNSPECIFIED.,.F.,.F.,.U.,(4,4),(2,2),(0.145638975,0.242306357),(0.,1.),.UNSPECIFIED.);
#3893=ORIENTED_EDGE('',*,*,#726,.F.);
#3894=CARTESIAN_POINT('',(147.203712368,70.772828692,-1.6));
#3895=VERTEX_POINT('',#3894);
#3896=CARTESIAN_POINT('',(147.203712368,70.772828692,-1.6));
#3897=DIRECTION('',(0.,0.,-1.));
#3898=VECTOR('',#3897,0.4);
#3899=LINE('',#3896,#3898);
#3900=EDGE_CURVE('',#3895,#718,#3899,.T.);
#3901=ORIENTED_EDGE('',*,*,#3900,.F.);
#3902=CARTESIAN_POINT('',(146.436689997,70.368291968,-1.6));
#3903=VERTEX_POINT('',#3902);
#3904=CARTESIAN_POINT('',(147.203712368,70.772828692,-1.6));
#3905=CARTESIAN_POINT('',(146.895303035,70.69272005,-1.6));
#3906=CARTESIAN_POINT('',(146.639628911,70.557879442,-1.6));
#3907=CARTESIAN_POINT('',(146.436689997,70.368291968,-1.6));
#3908=B_SPLINE_CURVE_WITH_KNOTS('',3,(#3904,#3905,#3906,#3907),.UNSPECIFIED.,.F.,.F.,(4,4),(0.145638975,0.242306357),.UNSPECIFIED.);
#3909=EDGE_CURVE('',#3895,#3903,#3908,.T.);
#3910=ORIENTED_EDGE('',*,*,#3909,.T.);
#3911=CARTESIAN_POINT('',(146.436689997,70.368291968,-1.6));
#3912=DIRECTION('',(0.,0.,-1.));
#3913=VECTOR('',#3912,0.4);
#3914=LINE('',#3911,#3913);
#3915=EDGE_CURVE('',#3903,#720,#3914,.T.);
#3916=ORIENTED_EDGE('',*,*,#3915,.T.);
#3917=EDGE_LOOP('',(#3893,#3901,#3910,#3916));
#3918=FACE_BOUND('',#3917,.T.);
#3919=ADVANCED_FACE('',(#3918),#3892,.T.);
#3920=CARTESIAN_POINT('',(149.234427714,70.886979038,-1.6));
#3921=CARTESIAN_POINT('',(149.234427714,70.886979038,-2.));
#3922=CARTESIAN_POINT('',(148.95538857,70.89098745,-1.6));
#3923=CARTESIAN_POINT('',(148.95538857,70.89098745,-2.));
#3924=CARTESIAN_POINT('',(148.738427663,70.892991656,-1.6));
#3925=CARTESIAN_POINT('',(148.738427663,70.892991656,-2.));
#3926=CARTESIAN_POINT('',(148.583559895,70.892991656,-1.6));
#3927=CARTESIAN_POINT('',(148.583559895,70.892991656,-2.));
#3928=CARTESIAN_POINT('',(147.972075844,70.892991656,-1.6));
#3929=CARTESIAN_POINT('',(147.972075844,70.892991656,-2.));
#3930=CARTESIAN_POINT('',(147.512136602,70.852937335,-1.6));
#3931=CARTESIAN_POINT('',(147.512136602,70.852937335,-2.));
#3932=CARTESIAN_POINT('',(147.203712368,70.772828692,-1.6));
#3933=CARTESIAN_POINT('',(147.203712368,70.772828692,-2.));
#3934=B_SPLINE_SURFACE_WITH_KNOTS('',3,1,((#3920,#3921),(#3922,#3923),(#3924,#3925),(#3926,#3927),(#3928,#3929),(#3930,#3931),(#3932,#3933)),.UNSPECIFIED.,.F.,.F.,.U.,(4,3,4),(2,2),(0.024483604,0.048967218,0.145638975),(0.,1.),.UNSPECIFIED.);
#3935=ORIENTED_EDGE('',*,*,#853,.F.);
#3936=CARTESIAN_POINT('',(149.234427714,70.886979038,-1.6));
#3937=VERTEX_POINT('',#3936);
#3938=CARTESIAN_POINT('',(149.234427714,70.886979038,-1.6));
#3939=DIRECTION('',(0.,0.,-1.));
#3940=VECTOR('',#3939,0.4);
#3941=LINE('',#3938,#3940);
#3942=EDGE_CURVE('',#3937,#837,#3941,.T.);
#3943=ORIENTED_EDGE('',*,*,#3942,.F.);
#3944=CARTESIAN_POINT('',(149.234427714,70.886979038,-1.6));
#3945=CARTESIAN_POINT('',(148.95538857,70.89098745,-1.6));
#3946=CARTESIAN_POINT('',(148.738427663,70.892991656,-1.6));
#3947=CARTESIAN_POINT('',(148.583559895,70.892991656,-1.6));
#3948=CARTESIAN_POINT('',(147.972075844,70.892991656,-1.6));
#3949=CARTESIAN_POINT('',(147.512136602,70.852937335,-1.6));
#3950=CARTESIAN_POINT('',(147.203712368,70.772828692,-1.6));
#3951=B_SPLINE_CURVE_WITH_KNOTS('',3,(#3944,#3945,#3946,#3947,#3948,#3949,#3950),.UNSPECIFIED.,.F.,.F.,(4,3,4),(0.024483604,0.048967218,0.145638975),.UNSPECIFIED.);
#3952=EDGE_CURVE('',#3937,#3895,#3951,.T.);
#3953=ORIENTED_EDGE('',*,*,#3952,.T.);
#3954=ORIENTED_EDGE('',*,*,#3900,.T.);
#3955=EDGE_LOOP('',(#3935,#3943,#3953,#3954));
#3956=FACE_BOUND('',#3955,.T.);
#3957=ADVANCED_FACE('',(#3956),#3934,.T.);
#3958=CARTESIAN_POINT('',(150.257794762,70.868956083,-1.6));
#3959=CARTESIAN_POINT('',(150.257794762,70.868956083,-2.));
#3960=CARTESIAN_POINT('',(149.854584241,70.876972908,-1.6));
#3961=CARTESIAN_POINT('',(149.854584241,70.876972908,-2.));
#3962=CARTESIAN_POINT('',(149.513466859,70.882978076,-1.6));
#3963=CARTESIAN_POINT('',(149.513466859,70.882978076,-2.));
#3964=CARTESIAN_POINT('',(149.234427714,70.886979038,-1.6));
#3965=CARTESIAN_POINT('',(149.234427714,70.886979038,-2.));
#3966=B_SPLINE_SURFACE_WITH_KNOTS('',3,1,((#3958,#3959),(#3960,#3961),(#3962,#3963),(#3964,#3965)),.UNSPECIFIED.,.F.,.F.,.U.,(4,4),(2,2),(0.,0.024483604),(0.,1.),.UNSPECIFIED.);
#3967=ORIENTED_EDGE('',*,*,#843,.F.);
#3968=CARTESIAN_POINT('',(150.257794762,70.868956083,-1.6));
#3969=VERTEX_POINT('',#3968);
#3970=CARTESIAN_POINT('',(150.257794762,70.868956083,-1.6));
#3971=DIRECTION('',(0.,0.,-1.));
#3972=VECTOR('',#3971,0.4);
#3973=LINE('',#3970,#3972);
#3974=EDGE_CURVE('',#3969,#829,#3973,.T.);
#3975=ORIENTED_EDGE('',*,*,#3974,.F.);
#3976=CARTESIAN_POINT('',(150.257794762,70.868956083,-1.6));
#3977=CARTESIAN_POINT('',(149.854584241,70.876972908,-1.6));
#3978=CARTESIAN_POINT('',(149.513466859,70.882978076,-1.6));
#3979=CARTESIAN_POINT('',(149.234427714,70.886979038,-1.6));
#3980=B_SPLINE_CURVE_WITH_KNOTS('',3,(#3976,#3977,#3978,#3979),.UNSPECIFIED.,.F.,.F.,(4,4),(0.,0.024483604),.UNSPECIFIED.);
#3981=EDGE_CURVE('',#3969,#3937,#3980,.T.);
#3982=ORIENTED_EDGE('',*,*,#3981,.T.);
#3983=ORIENTED_EDGE('',*,*,#3942,.T.);
#3984=EDGE_LOOP('',(#3967,#3975,#3982,#3983));
#3985=FACE_BOUND('',#3984,.T.);
#3986=ADVANCED_FACE('',(#3985),#3966,.T.);
#3987=CARTESIAN_POINT('',(151.082894409,70.850933129,-1.6));
#3988=DIRECTION('',(-0.021838158,-0.999761519,-0.));
#3989=DIRECTION('',(0.999761519,-0.021838158,0.));
#3990=AXIS2_PLACEMENT_3D('',#3987,#3988,#3989);
#3991=PLANE('',#3990);
#3992=ORIENTED_EDGE('',*,*,#834,.F.);
#3993=CARTESIAN_POINT('',(151.907994056,70.832910174,-1.6));
#3994=VERTEX_POINT('',#3993);
#3995=CARTESIAN_POINT('',(151.907994056,70.832910174,-1.6));
#3996=DIRECTION('',(0.,0.,-1.));
#3997=VECTOR('',#3996,0.4);
#3998=LINE('',#3995,#3997);
#3999=EDGE_CURVE('',#3994,#821,#3998,.T.);
#4000=ORIENTED_EDGE('',*,*,#3999,.F.);
#4001=CARTESIAN_POINT('',(151.907994056,70.832910174,-1.6));
#4002=DIRECTION('',(-0.999761519,0.021838158,-0.));
#4003=VECTOR('',#4002,1.650592929);
#4004=LINE('',#4001,#4003);
#4005=EDGE_CURVE('',#3994,#3969,#4004,.T.);
#4006=ORIENTED_EDGE('',*,*,#4005,.T.);
#4007=ORIENTED_EDGE('',*,*,#3974,.T.);
#4008=EDGE_LOOP('',(#3992,#4000,#4006,#4007));
#4009=FACE_BOUND('',#4008,.T.);
#4010=ADVANCED_FACE('',(#4009),#3991,.T.);
#4011=CARTESIAN_POINT('',(151.877953315,70.053870016,-1.6));
#4012=DIRECTION('',(-0.999257344,0.038532585,-0.));
#4013=DIRECTION('',(-0.038532585,-0.999257344,0.));
#4014=AXIS2_PLACEMENT_3D('',#4011,#4012,#4013);
#4015=PLANE('',#4014);
#4016=ORIENTED_EDGE('',*,*,#826,.F.);
#4017=CARTESIAN_POINT('',(151.847912574,69.274829859,-1.6));
#4018=VERTEX_POINT('',#4017);
#4019=CARTESIAN_POINT('',(151.847912574,69.274829859,-1.6));
#4020=DIRECTION('',(0.,0.,-1.));
#4021=VECTOR('',#4020,0.4);
#4022=LINE('',#4019,#4021);
#4023=EDGE_CURVE('',#4018,#813,#4022,.T.);
#4024=ORIENTED_EDGE('',*,*,#4023,.F.);
#4025=CARTESIAN_POINT('',(151.847912574,69.274829859,-1.6));
#4026=DIRECTION('',(0.038532585,0.999257344,0.));
#4027=VECTOR('',#4026,1.559238293);
#4028=LINE('',#4025,#4027);
#4029=EDGE_CURVE('',#4018,#3994,#4028,.T.);
#4030=ORIENTED_EDGE('',*,*,#4029,.T.);
#4031=ORIENTED_EDGE('',*,*,#3999,.T.);
#4032=EDGE_LOOP('',(#4016,#4024,#4030,#4031));
#4033=FACE_BOUND('',#4032,.T.);
#4034=ADVANCED_FACE('',(#4033),#4015,.T.);
#4035=CARTESIAN_POINT('',(150.900645757,69.344924921,-1.6));
#4036=DIRECTION('',(0.073795408,0.997273402,0.));
#4037=DIRECTION('',(-0.997273402,0.073795408,0.));
#4038=AXIS2_PLACEMENT_3D('',#4035,#4036,#4037);
#4039=PLANE('',#4038);
#4040=ORIENTED_EDGE('',*,*,#818,.F.);
#4041=CARTESIAN_POINT('',(149.95337894,69.415019983,-1.6));
#4042=VERTEX_POINT('',#4041);
#4043=CARTESIAN_POINT('',(149.95337894,69.415019983,-1.6));
#4044=DIRECTION('',(0.,0.,-1.));
#4045=VECTOR('',#4044,0.4);
#4046=LINE('',#4043,#4045);
#4047=EDGE_CURVE('',#4042,#805,#4046,.T.);
#4048=ORIENTED_EDGE('',*,*,#4047,.F.);
#4049=CARTESIAN_POINT('',(149.95337894,69.415019983,-1.6));
#4050=DIRECTION('',(0.997273402,-0.073795408,0.));
#4051=VECTOR('',#4050,1.899713389);
#4052=LINE('',#4049,#4051);
#4053=EDGE_CURVE('',#4042,#4018,#4052,.T.);
#4054=ORIENTED_EDGE('',*,*,#4053,.T.);
#4055=ORIENTED_EDGE('',*,*,#4023,.T.);
#4056=EDGE_LOOP('',(#4040,#4048,#4054,#4055));
#4057=FACE_BOUND('',#4056,.T.);
#4058=ADVANCED_FACE('',(#4057),#4039,.T.);
#4059=CARTESIAN_POINT('',(148.583552444,69.374965662,-1.6));
#4060=DIRECTION('',(-0.029227942,0.999572772,-0.));
#4061=DIRECTION('',(-0.999572772,-0.029227942,0.));
#4062=AXIS2_PLACEMENT_3D('',#4059,#4060,#4061);
#4063=PLANE('',#4062);
#4064=ORIENTED_EDGE('',*,*,#810,.F.);
#4065=CARTESIAN_POINT('',(147.213725948,69.33491134,-1.6));
#4066=VERTEX_POINT('',#4065);
#4067=CARTESIAN_POINT('',(147.213725948,69.33491134,-1.6));
#4068=DIRECTION('',(0.,0.,-1.));
#4069=VECTOR('',#4068,0.4);
#4070=LINE('',#4067,#4069);
#4071=EDGE_CURVE('',#4066,#797,#4070,.T.);
#4072=ORIENTED_EDGE('',*,*,#4071,.F.);
#4073=CARTESIAN_POINT('',(147.213725948,69.33491134,-1.6));
#4074=DIRECTION('',(0.999572772,0.029227942,0.));
#4075=VECTOR('',#4074,2.740823947);
#4076=LINE('',#4073,#4075);
#4077=EDGE_CURVE('',#4066,#4042,#4076,.T.);
#4078=ORIENTED_EDGE('',*,*,#4077,.T.);
#4079=ORIENTED_EDGE('',*,*,#4047,.T.);
#4080=EDGE_LOOP('',(#4064,#4072,#4078,#4079));
#4081=FACE_BOUND('',#4080,.T.);
#4082=ADVANCED_FACE('',(#4081),#4063,.T.);
#4083=CARTESIAN_POINT('',(147.225743735,68.517821068,-1.6));
#4084=DIRECTION('',(-0.999891855,-0.014706437,-0.));
#4085=DIRECTION('',(0.014706437,-0.999891855,-0.));
#4086=AXIS2_PLACEMENT_3D('',#4083,#4084,#4085);
#4087=PLANE('',#4086);
#4088=ORIENTED_EDGE('',*,*,#802,.F.);
#4089=CARTESIAN_POINT('',(147.237761521,67.700730795,-1.6));
#4090=VERTEX_POINT('',#4089);
#4091=CARTESIAN_POINT('',(147.237761521,67.700730795,-1.6));
#4092=DIRECTION('',(0.,0.,-1.));
#4093=VECTOR('',#4092,0.4);
#4094=LINE('',#4091,#4093);
#4095=EDGE_CURVE('',#4090,#789,#4094,.T.);
#4096=ORIENTED_EDGE('',*,*,#4095,.F.);
#4097=CARTESIAN_POINT('',(147.237761521,67.700730795,-1.6));
#4098=DIRECTION('',(-0.014706437,0.999891855,-0.));
#4099=VECTOR('',#4098,1.634357294);
#4100=LINE('',#4097,#4099);
#4101=EDGE_CURVE('',#4090,#4066,#4100,.T.);
#4102=ORIENTED_EDGE('',*,*,#4101,.T.);
#4103=ORIENTED_EDGE('',*,*,#4071,.T.);
#4104=EDGE_LOOP('',(#4088,#4096,#4102,#4103));
#4105=FACE_BOUND('',#4104,.T.);
#4106=ADVANCED_FACE('',(#4105),#4087,.T.);
#4107=CARTESIAN_POINT('',(148.661664331,67.626634771,-1.6));
#4108=DIRECTION('',(-0.051966964,-0.998648804,-0.));
#4109=DIRECTION('',(0.998648804,-0.051966964,0.));
#4110=AXIS2_PLACEMENT_3D('',#4107,#4108,#4109);
#4111=PLANE('',#4110);
#4112=ORIENTED_EDGE('',*,*,#794,.F.);
#4113=CARTESIAN_POINT('',(150.085567141,67.552538747,-1.6));
#4114=VERTEX_POINT('',#4113);
#4115=CARTESIAN_POINT('',(150.085567141,67.552538747,-1.6));
#4116=DIRECTION('',(0.,0.,-1.));
#4117=VECTOR('',#4116,0.4);
#4118=LINE('',#4115,#4117);
#4119=EDGE_CURVE('',#4114,#781,#4118,.T.);
#4120=ORIENTED_EDGE('',*,*,#4119,.F.);
#4121=CARTESIAN_POINT('',(150.085567141,67.552538747,-1.6));
#4122=DIRECTION('',(-0.998648804,0.051966964,-0.));
#4123=VECTOR('',#4122,2.851658768);
#4124=LINE('',#4121,#4123);
#4125=EDGE_CURVE('',#4114,#4090,#4124,.T.);
#4126=ORIENTED_EDGE('',*,*,#4125,.T.);
#4127=ORIENTED_EDGE('',*,*,#4095,.T.);
#4128=EDGE_LOOP('',(#4112,#4120,#4126,#4127));
#4129=FACE_BOUND('',#4128,.T.);
#4130=ADVANCED_FACE('',(#4129),#4111,.T.);
#4131=CARTESIAN_POINT('',(150.984762812,67.548530334,-1.6));
#4132=DIRECTION('',(-0.004457731,-0.999990064,-0.));
#4133=DIRECTION('',(0.999990064,-0.004457731,0.));
#4134=AXIS2_PLACEMENT_3D('',#4131,#4132,#4133);
#4135=PLANE('',#4134);
#4136=ORIENTED_EDGE('',*,*,#786,.F.);
#4137=CARTESIAN_POINT('',(151.883958483,67.544521922,-1.6));
#4138=VERTEX_POINT('',#4137);
#4139=CARTESIAN_POINT('',(151.883958483,67.544521922,-1.6));
#4140=DIRECTION('',(0.,0.,-1.));
#4141=VECTOR('',#4140,0.4);
#4142=LINE('',#4139,#4141);
#4143=EDGE_CURVE('',#4138,#773,#4142,.T.);
#4144=ORIENTED_EDGE('',*,*,#4143,.F.);
#4145=CARTESIAN_POINT('',(151.883958483,67.544521922,-1.6));
#4146=DIRECTION('',(-0.999990064,0.004457731,-0.));
#4147=VECTOR('',#4146,1.798409211);
#4148=LINE('',#4145,#4147);
#4149=EDGE_CURVE('',#4138,#4114,#4148,.T.);
#4150=ORIENTED_EDGE('',*,*,#4149,.T.);
#4151=ORIENTED_EDGE('',*,*,#4119,.T.);
#4152=EDGE_LOOP('',(#4136,#4144,#4150,#4151));
#4153=FACE_BOUND('',#4152,.T.);
#4154=ADVANCED_FACE('',(#4153),#4135,.T.);
#4155=CARTESIAN_POINT('',(151.940031552,66.613281304,-1.6));
#4156=DIRECTION('',(-0.998192094,-0.060104439,-0.));
#4157=DIRECTION('',(0.060104439,-0.998192094,-0.));
#4158=AXIS2_PLACEMENT_3D('',#4155,#4156,#4157);
#4159=PLANE('',#4158);
#4160=ORIENTED_EDGE('',*,*,#778,.F.);
#4161=CARTESIAN_POINT('',(151.996104622,65.682040685,-1.6));
#4162=VERTEX_POINT('',#4161);
#4163=CARTESIAN_POINT('',(151.996104622,65.682040685,-1.6));
#4164=DIRECTION('',(0.,0.,-1.));
#4165=VECTOR('',#4164,0.4);
#4166=LINE('',#4163,#4165);
#4167=EDGE_CURVE('',#4162,#765,#4166,.T.);
#4168=ORIENTED_EDGE('',*,*,#4167,.F.);
#4169=CARTESIAN_POINT('',(151.996104622,65.682040685,-1.6));
#4170=DIRECTION('',(-0.060104439,0.998192094,-0.));
#4171=VECTOR('',#4170,1.865854526);
#4172=LINE('',#4169,#4171);
#4173=EDGE_CURVE('',#4162,#4138,#4172,.T.);
#4174=ORIENTED_EDGE('',*,*,#4173,.T.);
#4175=ORIENTED_EDGE('',*,*,#4143,.T.);
#4176=EDGE_LOOP('',(#4160,#4168,#4174,#4175));
#4177=FACE_BOUND('',#4176,.T.);
#4178=ADVANCED_FACE('',(#4177),#4159,.T.);
#4179=CARTESIAN_POINT('',(150.804518366,65.686045372,-1.6));
#4180=DIRECTION('',(0.003360784,0.999994353,0.));
#4181=DIRECTION('',(-0.999994353,0.003360784,0.));
#4182=AXIS2_PLACEMENT_3D('',#4179,#4180,#4181);
#4183=PLANE('',#4182);
#4184=ORIENTED_EDGE('',*,*,#770,.F.);
#4185=CARTESIAN_POINT('',(149.61293211,65.69005006,-1.6));
#4186=VERTEX_POINT('',#4185);
#4187=CARTESIAN_POINT('',(149.61293211,65.69005006,-1.6));
#4188=DIRECTION('',(0.,0.,-1.));
#4189=VECTOR('',#4188,0.4);
#4190=LINE('',#4187,#4189);
#4191=EDGE_CURVE('',#4186,#753,#4190,.T.);
#4192=ORIENTED_EDGE('',*,*,#4191,.F.);
#4193=CARTESIAN_POINT('',(149.61293211,65.69005006,-1.6));
#4194=DIRECTION('',(0.999994353,-0.003360784,0.));
#4195=VECTOR('',#4194,2.383185971);
#4196=LINE('',#4193,#4195);
#4197=EDGE_CURVE('',#4186,#4162,#4196,.T.);
#4198=ORIENTED_EDGE('',*,*,#4197,.T.);
#4199=ORIENTED_EDGE('',*,*,#4167,.T.);
#4200=EDGE_LOOP('',(#4184,#4192,#4198,#4199));
#4201=FACE_BOUND('',#4200,.T.);
#4202=ADVANCED_FACE('',(#4201),#4183,.T.);
#4203=CARTESIAN_POINT('',(146.853251958,66.010477179,-1.6));
#4204=CARTESIAN_POINT('',(146.853251958,66.010477179,-2.));
#4205=CARTESIAN_POINT('',(147.066875005,65.909007722,-1.6));
#4206=CARTESIAN_POINT('',(147.066875005,65.909007722,-2.));
#4207=CARTESIAN_POINT('',(147.403313422,65.831573838,-1.6));
#4208=CARTESIAN_POINT('',(147.403313422,65.831573838,-2.));
#4209=CARTESIAN_POINT('',(147.862597013,65.778168076,-1.6));
#4210=CARTESIAN_POINT('',(147.862597013,65.778168076,-2.));
#4211=CARTESIAN_POINT('',(148.321880603,65.724762315,-1.6));
#4212=CARTESIAN_POINT('',(148.321880603,65.724762315,-2.));
#4213=CARTESIAN_POINT('',(148.905320668,65.695392126,-1.6));
#4214=CARTESIAN_POINT('',(148.905320668,65.695392126,-2.));
#4215=CARTESIAN_POINT('',(149.61293211,65.69005006,-1.6));
#4216=CARTESIAN_POINT('',(149.61293211,65.69005006,-2.));
#4217=B_SPLINE_SURFACE_WITH_KNOTS('',3,1,((#4203,#4204),(#4205,#4206),(#4207,#4208),(#4209,#4210),(#4211,#4212),(#4213,#4214),(#4215,#4216)),.UNSPECIFIED.,.F.,.F.,.U.,(4,3,4),(2,2),(0.816090136,0.908045068,1.),(0.,1.),.UNSPECIFIED.);
#4218=ORIENTED_EDGE('',*,*,#762,.F.);
#4219=CARTESIAN_POINT('',(146.853251958,66.010477179,-1.6));
#4220=VERTEX_POINT('',#4219);
#4221=CARTESIAN_POINT('',(146.853251958,66.010477179,-1.6));
#4222=DIRECTION('',(0.,0.,-1.));
#4223=VECTOR('',#4222,0.4);
#4224=LINE('',#4221,#4223);
#4225=EDGE_CURVE('',#4220,#744,#4224,.T.);
#4226=ORIENTED_EDGE('',*,*,#4225,.F.);
#4227=CARTESIAN_POINT('',(146.853251958,66.010477179,-1.6));
#4228=CARTESIAN_POINT('',(147.066875005,65.909007722,-1.6));
#4229=CARTESIAN_POINT('',(147.403313422,65.831573838,-1.6));
#4230=CARTESIAN_POINT('',(147.862597013,65.778168076,-1.6));
#4231=CARTESIAN_POINT('',(148.321880603,65.724762315,-1.6));
#4232=CARTESIAN_POINT('',(148.905320668,65.695392126,-1.6));
#4233=CARTESIAN_POINT('',(149.61293211,65.69005006,-1.6));
#4234=B_SPLINE_CURVE_WITH_KNOTS('',3,(#4227,#4228,#4229,#4230,#4231,#4232,#4233),.UNSPECIFIED.,.F.,.F.,(4,3,4),(0.816090136,0.908045068,1.),.UNSPECIFIED.);
#4235=EDGE_CURVE('',#4220,#4186,#4234,.T.);
#4236=ORIENTED_EDGE('',*,*,#4235,.T.);
#4237=ORIENTED_EDGE('',*,*,#4191,.T.);
#4238=EDGE_LOOP('',(#4218,#4226,#4236,#4237));
#4239=FACE_BOUND('',#4238,.T.);
#4240=ADVANCED_FACE('',(#4239),#4217,.T.);
#4241=CARTESIAN_POINT('',(145.972071791,66.891657346,-1.6));
#4242=CARTESIAN_POINT('',(145.972071791,66.891657346,-2.));
#4243=CARTESIAN_POINT('',(146.172343397,66.491121584,-1.6));
#4244=CARTESIAN_POINT('',(146.172343397,66.491121584,-2.));
#4245=CARTESIAN_POINT('',(146.466075087,66.197397345,-1.6));
#4246=CARTESIAN_POINT('',(146.466075087,66.197397345,-2.));
#4247=CARTESIAN_POINT('',(146.853251958,66.010477179,-1.6));
#4248=CARTESIAN_POINT('',(146.853251958,66.010477179,-2.));
#4249=B_SPLINE_SURFACE_WITH_KNOTS('',3,1,((#4241,#4242),(#4243,#4244),(#4245,#4246),(#4247,#4248)),.UNSPECIFIED.,.F.,.F.,.U.,(4,4),(2,2),(0.648922101,0.816090136),(0.,1.),.UNSPECIFIED.);
#4250=ORIENTED_EDGE('',*,*,#750,.F.);
#4251=CARTESIAN_POINT('',(145.972071791,66.891657346,-1.6));
#4252=VERTEX_POINT('',#4251);
#4253=CARTESIAN_POINT('',(145.972071791,66.891657346,-1.6));
#4254=DIRECTION('',(0.,0.,-1.));
#4255=VECTOR('',#4254,0.4);
#4256=LINE('',#4253,#4255);
#4257=EDGE_CURVE('',#4252,#729,#4256,.T.);
#4258=ORIENTED_EDGE('',*,*,#4257,.F.);
#4259=CARTESIAN_POINT('',(145.972071791,66.891657346,-1.6));
#4260=CARTESIAN_POINT('',(146.172343397,66.491121584,-1.6));
#4261=CARTESIAN_POINT('',(146.466075087,66.197397345,-1.6));
#4262=CARTESIAN_POINT('',(146.853251958,66.010477179,-1.6));
#4263=B_SPLINE_CURVE_WITH_KNOTS('',3,(#4259,#4260,#4261,#4262),.UNSPECIFIED.,.F.,.F.,(4,4),(0.648922101,0.816090136),.UNSPECIFIED.);
#4264=EDGE_CURVE('',#4252,#4220,#4263,.T.);
#4265=ORIENTED_EDGE('',*,*,#4264,.T.);
#4266=ORIENTED_EDGE('',*,*,#4225,.T.);
#4267=EDGE_LOOP('',(#4250,#4258,#4265,#4266));
#4268=FACE_BOUND('',#4267,.T.);
#4269=ADVANCED_FACE('',(#4268),#4249,.T.);
#4270=CARTESIAN_POINT('',(146.436689997,70.368291968,-1.6));
#4271=CARTESIAN_POINT('',(146.436689997,70.368291968,-2.));
#4272=CARTESIAN_POINT('',(146.18302753,70.135982865,-1.6));
#4273=CARTESIAN_POINT('',(146.18302753,70.135982865,-2.));
#4274=CARTESIAN_POINT('',(145.992098951,69.852935308,-1.6));
#4275=CARTESIAN_POINT('',(145.992098951,69.852935308,-2.));
#4276=CARTESIAN_POINT('',(145.863934064,69.519156748,-1.6));
#4277=CARTESIAN_POINT('',(145.863934064,69.519156748,-2.));
#4278=CARTESIAN_POINT('',(145.735769176,69.185378188,-1.6));
#4279=CARTESIAN_POINT('',(145.735769176,69.185378188,-2.));
#4280=CARTESIAN_POINT('',(145.671679282,68.806210691,-1.6));
#4281=CARTESIAN_POINT('',(145.671679282,68.806210691,-2.));
#4282=CARTESIAN_POINT('',(145.671679282,68.381639355,-1.6));
#4283=CARTESIAN_POINT('',(145.671679282,68.381639355,-2.));
#4284=CARTESIAN_POINT('',(145.671679282,67.788848811,-1.6));
#4285=CARTESIAN_POINT('',(145.671679282,67.788848811,-2.));
#4286=CARTESIAN_POINT('',(145.771815085,67.292185658,-1.6));
#4287=CARTESIAN_POINT('',(145.771815085,67.292185658,-2.));
#4288=CARTESIAN_POINT('',(145.972071791,66.891657346,-1.6));
#4289=CARTESIAN_POINT('',(145.972071791,66.891657346,-2.));
#4290=B_SPLINE_SURFACE_WITH_KNOTS('',3,1,((#4270,#4271),(#4272,#4273),(#4274,#4275),(#4276,#4277),(#4278,#4279),(#4280,#4281),(#4282,#4283),(#4284,#4285),(#4286,#4287),(#4288,#4289)),.UNSPECIFIED.,.F.,.F.,.U.,(4,3,3,4),(2,2),(0.242306357,0.362032699,0.481759041,0.648922101),(0.,1.),.UNSPECIFIED.);
#4291=ORIENTED_EDGE('',*,*,#741,.F.);
#4292=ORIENTED_EDGE('',*,*,#3915,.F.);
#4293=CARTESIAN_POINT('',(146.436689997,70.368291968,-1.6));
#4294=CARTESIAN_POINT('',(146.18302753,70.135982865,-1.6));
#4295=CARTESIAN_POINT('',(145.992098951,69.852935308,-1.6));
#4296=CARTESIAN_POINT('',(145.863934064,69.519156748,-1.6));
#4297=CARTESIAN_POINT('',(145.735769176,69.185378188,-1.6));
#4298=CARTESIAN_POINT('',(145.671679282,68.806210691,-1.6));
#4299=CARTESIAN_POINT('',(145.671679282,68.381639355,-1.6));
#4300=CARTESIAN_POINT('',(145.671679282,67.788848811,-1.6));
#4301=CARTESIAN_POINT('',(145.771815085,67.292185658,-1.6));
#4302=CARTESIAN_POINT('',(145.972071791,66.891657346,-1.6));
#4303=B_SPLINE_CURVE_WITH_KNOTS('',3,(#4293,#4294,#4295,#4296,#4297,#4298,#4299,#4300,#4301,#4302),.UNSPECIFIED.,.F.,.F.,(4,3,3,4),(0.242306357,0.362032699,0.481759041,0.648922101),.UNSPECIFIED.);
#4304=EDGE_CURVE('',#3903,#4252,#4303,.T.);
#4305=ORIENTED_EDGE('',*,*,#4304,.T.);
#4306=ORIENTED_EDGE('',*,*,#4257,.T.);
#4307=EDGE_LOOP('',(#4291,#4292,#4305,#4306));
#4308=FACE_BOUND('',#4307,.T.);
#4309=ADVANCED_FACE('',(#4308),#4290,.T.);
#4310=CARTESIAN_POINT('',(148.899986053,88.150000358,-1.6));
#4311=DIRECTION('',(0.,0.,-1.));
#4312=DIRECTION('',(0.,1.,0.));
#4313=AXIS2_PLACEMENT_3D('',#4310,#4311,#4312);
#4314=PLANE('',#4313);
#4315=ORIENTED_EDGE('',*,*,#3909,.F.);
#4316=ORIENTED_EDGE('',*,*,#3952,.F.);
#4317=ORIENTED_EDGE('',*,*,#3981,.F.);
#4318=ORIENTED_EDGE('',*,*,#4005,.F.);
#4319=ORIENTED_EDGE('',*,*,#4029,.F.);
#4320=ORIENTED_EDGE('',*,*,#4053,.F.);
#4321=ORIENTED_EDGE('',*,*,#4077,.F.);
#4322=ORIENTED_EDGE('',*,*,#4101,.F.);
#4323=ORIENTED_EDGE('',*,*,#4125,.F.);
#4324=ORIENTED_EDGE('',*,*,#4149,.F.);
#4325=ORIENTED_EDGE('',*,*,#4173,.F.);
#4326=ORIENTED_EDGE('',*,*,#4197,.F.);
#4327=ORIENTED_EDGE('',*,*,#4235,.F.);
#4328=ORIENTED_EDGE('',*,*,#4264,.F.);
#4329=ORIENTED_EDGE('',*,*,#4304,.F.);
#4330=EDGE_LOOP('',(#4315,#4316,#4317,#4318,#4319,#4320,#4321,#4322,#4323,#4324,#4325,#4326,#4327,#4328,#4329));
#4331=FACE_BOUND('',#4330,.T.);
#4332=ADVANCED_FACE('',(#4331),#4314,.T.);
#4333=CARTESIAN_POINT('',(148.863940144,75.707407826,-1.6));
#4334=CARTESIAN_POINT('',(148.863940144,75.707407826,-2.));
#4335=CARTESIAN_POINT('',(148.805184865,76.262818807,-1.6));
#4336=CARTESIAN_POINT('',(148.805184865,76.262818807,-2.));
#4337=CARTESIAN_POINT('',(148.634298348,76.700734133,-1.6));
#4338=CARTESIAN_POINT('',(148.634298348,76.700734133,-2.));
#4339=CARTESIAN_POINT('',(148.351250792,77.021161252,-1.6));
#4340=CARTESIAN_POINT('',(148.351250792,77.021161252,-2.));
#4341=CARTESIAN_POINT('',(148.068203235,77.341588372,-1.6));
#4342=CARTESIAN_POINT('',(148.068203235,77.341588372,-2.));
#4343=CARTESIAN_POINT('',(147.714404964,77.501805657,-1.6));
#4344=CARTESIAN_POINT('',(147.714404964,77.501805657,-2.));
#4345=CARTESIAN_POINT('',(147.28984108,77.501805657,-1.6));
#4346=CARTESIAN_POINT('',(147.28984108,77.501805657,-2.));
#4347=CARTESIAN_POINT('',(146.777151728,77.501805657,-1.6));
#4348=CARTESIAN_POINT('',(146.777151728,77.501805657,-2.));
#4349=CARTESIAN_POINT('',(146.379290724,77.313551837,-1.6));
#4350=CARTESIAN_POINT('',(146.379290724,77.313551837,-2.));
#4351=CARTESIAN_POINT('',(146.096243167,76.937051648,-1.6));
#4352=CARTESIAN_POINT('',(146.096243167,76.937051648,-2.));
#4353=B_SPLINE_SURFACE_WITH_KNOTS('',3,1,((#4333,#4334),(#4335,#4336),(#4337,#4338),(#4339,#4340),(#4341,#4342),(#4343,#4344),(#4345,#4346),(#4347,#4348),(#4349,#4350),(#4351,#4352)),.UNSPECIFIED.,.F.,.F.,.U.,(4,3,3,4),(2,2),(0.494551794,0.595260075,0.695968356,0.817580356),(0.,1.),.UNSPECIFIED.);
#4354=ORIENTED_EDGE('',*,*,#1238,.F.);
#4355=CARTESIAN_POINT('',(148.863940144,75.707407826,-1.6));
#4356=VERTEX_POINT('',#4355);
#4357=CARTESIAN_POINT('',(148.863940144,75.707407826,-1.6));
#4358=DIRECTION('',(0.,0.,-1.));
#4359=VECTOR('',#4358,0.4);
#4360=LINE('',#4357,#4359);
#4361=EDGE_CURVE('',#4356,#1224,#4360,.T.);
#4362=ORIENTED_EDGE('',*,*,#4361,.F.);
#4363=CARTESIAN_POINT('',(146.096243167,76.937051648,-1.6));
#4364=VERTEX_POINT('',#4363);
#4365=CARTESIAN_POINT('',(148.863940144,75.707407826,-1.6));
#4366=CARTESIAN_POINT('',(148.805184865,76.262818807,-1.6));
#4367=CARTESIAN_POINT('',(148.634298348,76.700734133,-1.6));
#4368=CARTESIAN_POINT('',(148.351250792,77.021161252,-1.6));
#4369=CARTESIAN_POINT('',(148.068203235,77.341588372,-1.6));
#4370=CARTESIAN_POINT('',(147.714404964,77.501805657,-1.6));
#4371=CARTESIAN_POINT('',(147.28984108,77.501805657,-1.6));
#4372=CARTESIAN_POINT('',(146.777151728,77.501805657,-1.6));
#4373=CARTESIAN_POINT('',(146.379290724,77.313551837,-1.6));
#4374=CARTESIAN_POINT('',(146.096243167,76.937051648,-1.6));
#4375=B_SPLINE_CURVE_WITH_KNOTS('',3,(#4365,#4366,#4367,#4368,#4369,#4370,#4371,#4372,#4373,#4374),.UNSPECIFIED.,.F.,.F.,(4,3,3,4),(0.494551794,0.595260075,0.695968356,0.817580356),.UNSPECIFIED.);
#4376=EDGE_CURVE('',#4356,#4364,#4375,.T.);
#4377=ORIENTED_EDGE('',*,*,#4376,.T.);
#4378=CARTESIAN_POINT('',(146.096243167,76.937051648,-1.6));
#4379=DIRECTION('',(0.,0.,-1.));
#4380=VECTOR('',#4379,0.4);
#4381=LINE('',#4378,#4380);
#4382=EDGE_CURVE('',#4364,#1226,#4381,.T.);
#4383=ORIENTED_EDGE('',*,*,#4382,.T.);
#4384=EDGE_LOOP('',(#4354,#4362,#4377,#4383));
#4385=FACE_BOUND('',#4384,.T.);
#4386=ADVANCED_FACE('',(#4385),#4353,.T.);
#4387=CARTESIAN_POINT('',(149.474753642,76.796861523,-1.6));
#4388=CARTESIAN_POINT('',(149.474753642,76.796861523,-2.));
#4389=CARTESIAN_POINT('',(149.198381805,76.545858914,-1.6));
#4390=CARTESIAN_POINT('',(149.198381805,76.545858914,-2.));
#4391=CARTESIAN_POINT('',(148.994772339,76.182710165,-1.6));
#4392=CARTESIAN_POINT('',(148.994772339,76.182710165,-2.));
#4393=CARTESIAN_POINT('',(148.863940144,75.707407826,-1.6));
#4394=CARTESIAN_POINT('',(148.863940144,75.707407826,-2.));
#4395=B_SPLINE_SURFACE_WITH_KNOTS('',3,1,((#4387,#4388),(#4389,#4390),(#4391,#4392),(#4393,#4394)),.UNSPECIFIED.,.F.,.F.,.U.,(4,4),(2,2),(0.40565962,0.494551794),(0.,1.),.UNSPECIFIED.);
#4396=ORIENTED_EDGE('',*,*,#1297,.F.);
#4397=CARTESIAN_POINT('',(149.474753642,76.796861523,-1.6));
#4398=VERTEX_POINT('',#4397);
#4399=CARTESIAN_POINT('',(149.474753642,76.796861523,-1.6));
#4400=DIRECTION('',(0.,0.,-1.));
#4401=VECTOR('',#4400,0.4);
#4402=LINE('',#4399,#4401);
#4403=EDGE_CURVE('',#4398,#1272,#4402,.T.);
#4404=ORIENTED_EDGE('',*,*,#4403,.F.);
#4405=CARTESIAN_POINT('',(149.474753642,76.796861523,-1.6));
#4406=CARTESIAN_POINT('',(149.198381805,76.545858914,-1.6));
#4407=CARTESIAN_POINT('',(148.994772339,76.182710165,-1.6));
#4408=CARTESIAN_POINT('',(148.863940144,75.707407826,-1.6));
#4409=B_SPLINE_CURVE_WITH_KNOTS('',3,(#4405,#4406,#4407,#4408),.UNSPECIFIED.,.F.,.F.,(4,4),(0.40565962,0.494551794),.UNSPECIFIED.);
#4410=EDGE_CURVE('',#4398,#4356,#4409,.T.);
#4411=ORIENTED_EDGE('',*,*,#4410,.T.);
#4412=ORIENTED_EDGE('',*,*,#4361,.T.);
#4413=EDGE_LOOP('',(#4396,#4404,#4411,#4412));
#4414=FACE_BOUND('',#4413,.T.);
#4415=ADVANCED_FACE('',(#4414),#4395,.T.);
#4416=CARTESIAN_POINT('',(151.831893826,72.030509049,-1.6));
#4417=CARTESIAN_POINT('',(151.831893826,72.030509049,-2.));
#4418=CARTESIAN_POINT('',(151.861264014,72.545858258,-1.6));
#4419=CARTESIAN_POINT('',(151.861264014,72.545858258,-2.));
#4420=CARTESIAN_POINT('',(151.882617378,73.024498457,-1.6));
#4421=CARTESIAN_POINT('',(151.882617378,73.024498457,-2.));
#4422=CARTESIAN_POINT('',(151.895968819,73.466422194,-1.6));
#4423=CARTESIAN_POINT('',(151.895968819,73.466422194,-2.));
#4424=CARTESIAN_POINT('',(151.909320259,73.908345932,-1.6));
#4425=CARTESIAN_POINT('',(151.909320259,73.908345932,-2.));
#4426=CARTESIAN_POINT('',(151.915995979,74.326904649,-1.6));
#4427=CARTESIAN_POINT('',(151.915995979,74.326904649,-2.));
#4428=CARTESIAN_POINT('',(151.915995979,74.722098345,-1.6));
#4429=CARTESIAN_POINT('',(151.915995979,74.722098345,-2.));
#4430=CARTESIAN_POINT('',(151.915995979,75.517820352,-1.6));
#4431=CARTESIAN_POINT('',(151.915995979,75.517820352,-2.));
#4432=CARTESIAN_POINT('',(151.793165708,76.125295991,-1.6));
#4433=CARTESIAN_POINT('',(151.793165708,76.125295991,-2.));
#4434=CARTESIAN_POINT('',(151.547505164,76.54452526,-1.6));
#4435=CARTESIAN_POINT('',(151.547505164,76.54452526,-2.));
#4436=CARTESIAN_POINT('',(151.301844621,76.963754529,-1.6));
#4437=CARTESIAN_POINT('',(151.301844621,76.963754529,-2.));
#4438=CARTESIAN_POINT('',(150.945379043,77.173361713,-1.6));
#4439=CARTESIAN_POINT('',(150.945379043,77.173361713,-2.));
#4440=CARTESIAN_POINT('',(150.478078628,77.173361713,-1.6));
#4441=CARTESIAN_POINT('',(150.478078628,77.173361713,-2.));
#4442=CARTESIAN_POINT('',(150.085567141,77.173361713,-1.6));
#4443=CARTESIAN_POINT('',(150.085567141,77.173361713,-2.));
#4444=CARTESIAN_POINT('',(149.751110578,77.047864133,-1.6));
#4445=CARTESIAN_POINT('',(149.751110578,77.047864133,-2.));
#4446=CARTESIAN_POINT('',(149.474753642,76.796861523,-1.6));
#4447=CARTESIAN_POINT('',(149.474753642,76.796861523,-2.));
#4448=B_SPLINE_SURFACE_WITH_KNOTS('',3,1,((#4416,#4417),(#4418,#4419),(#4420,#4421),(#4422,#4423),(#4424,#4425),(#4426,#4427),(#4428,#4429),(#4430,#4431),(#4432,#4433),(#4434,#4435),(#4436,#4437),(#4438,#4439),(#4440,#4441),(#4442,#4443),(#4444,#4445),(#4446,#4447)),.UNSPECIFIED.,.F.,.F.,.U.,(4,3,3,3,3,4),(2,2),(0.,0.052558521,0.105117041,0.210943556,0.316770072,0.40565962),(0.,1.),.UNSPECIFIED.);
#4449=ORIENTED_EDGE('',*,*,#1290,.F.);
#4450=CARTESIAN_POINT('',(151.831893826,72.030509049,-1.6));
#4451=VERTEX_POINT('',#4450);
#4452=CARTESIAN_POINT('',(151.831893826,72.030509049,-1.6));
#4453=DIRECTION('',(0.,0.,-1.));
#4454=VECTOR('',#4453,0.4);
#4455=LINE('',#4452,#4454);
#4456=EDGE_CURVE('',#4451,#1264,#4455,.T.);
#4457=ORIENTED_EDGE('',*,*,#4456,.F.);
#4458=CARTESIAN_POINT('',(151.831893826,72.030509049,-1.6));
#4459=CARTESIAN_POINT('',(151.861264014,72.545858258,-1.6));
#4460=CARTESIAN_POINT('',(151.882617378,73.024498457,-1.6));
#4461=CARTESIAN_POINT('',(151.895968819,73.466422194,-1.6));
#4462=CARTESIAN_POINT('',(151.909320259,73.908345932,-1.6));
#4463=CARTESIAN_POINT('',(151.915995979,74.326904649,-1.6));
#4464=CARTESIAN_POINT('',(151.915995979,74.722098345,-1.6));
#4465=CARTESIAN_POINT('',(151.915995979,75.517820352,-1.6));
#4466=CARTESIAN_POINT('',(151.793165708,76.125295991,-1.6));
#4467=CARTESIAN_POINT('',(151.547505164,76.54452526,-1.6));
#4468=CARTESIAN_POINT('',(151.301844621,76.963754529,-1.6));
#4469=CARTESIAN_POINT('',(150.945379043,77.173361713,-1.6));
#4470=CARTESIAN_POINT('',(150.478078628,77.173361713,-1.6));
#4471=CARTESIAN_POINT('',(150.085567141,77.173361713,-1.6));
#4472=CARTESIAN_POINT('',(149.751110578,77.047864133,-1.6));
#4473=CARTESIAN_POINT('',(149.474753642,76.796861523,-1.6));
#4474=B_SPLINE_CURVE_WITH_KNOTS('',3,(#4458,#4459,#4460,#4461,#4462,#4463,#4464,#4465,#4466,#4467,#4468,#4469,#4470,#4471,#4472,#4473),.UNSPECIFIED.,.F.,.F.,(4,3,3,3,3,4),(0.,0.052558521,0.105117041,0.210943556,0.316770072,0.40565962),.UNSPECIFIED.);
#4475=EDGE_CURVE('',#4451,#4398,#4474,.T.);
#4476=ORIENTED_EDGE('',*,*,#4475,.T.);
#4477=ORIENTED_EDGE('',*,*,#4403,.T.);
#4478=EDGE_LOOP('',(#4449,#4457,#4476,#4477));
#4479=FACE_BOUND('',#4478,.T.);
#4480=ADVANCED_FACE('',(#4479),#4448,.T.);
#4481=CARTESIAN_POINT('',(149.74511286,72.04252311,-1.6));
#4482=DIRECTION('',(0.005757127,0.999983428,0.));
#4483=DIRECTION('',(-0.999983428,0.005757127,-0.));
#4484=AXIS2_PLACEMENT_3D('',#4481,#4482,#4483);
#4485=PLANE('',#4484);
#4486=ORIENTED_EDGE('',*,*,#1269,.F.);
#4487=CARTESIAN_POINT('',(147.658331895,72.054537171,-1.6));
#4488=VERTEX_POINT('',#4487);
#4489=CARTESIAN_POINT('',(147.658331895,72.054537171,-1.6));
#4490=DIRECTION('',(0.,0.,-1.));
#4491=VECTOR('',#4490,0.4);
#4492=LINE('',#4489,#4491);
#4493=EDGE_CURVE('',#4488,#1256,#4492,.T.);
#4494=ORIENTED_EDGE('',*,*,#4493,.F.);
#4495=CARTESIAN_POINT('',(147.658331895,72.054537171,-1.6));
#4496=DIRECTION('',(0.999983428,-0.005757127,0.));
#4497=VECTOR('',#4496,4.173631098);
#4498=LINE('',#4495,#4497);
#4499=EDGE_CURVE('',#4488,#4451,#4498,.T.);
#4500=ORIENTED_EDGE('',*,*,#4499,.T.);
#4501=ORIENTED_EDGE('',*,*,#4456,.T.);
#4502=EDGE_LOOP('',(#4486,#4494,#4500,#4501));
#4503=FACE_BOUND('',#4502,.T.);
#4504=ADVANCED_FACE('',(#4503),#4485,.T.);
#4505=CARTESIAN_POINT('',(146.747110987,71.978436941,-1.6));
#4506=DIRECTION('',(-0.083224849,0.996530795,-0.));
#4507=DIRECTION('',(-0.996530795,-0.083224849,0.));
#4508=AXIS2_PLACEMENT_3D('',#4505,#4506,#4507);
#4509=PLANE('',#4508);
#4510=ORIENTED_EDGE('',*,*,#1261,.F.);
#4511=CARTESIAN_POINT('',(145.835890079,71.902336711,-1.6));
#4512=VERTEX_POINT('',#4511);
#4513=CARTESIAN_POINT('',(145.835890079,71.902336711,-1.6));
#4514=DIRECTION('',(0.,0.,-1.));
#4515=VECTOR('',#4514,0.4);
#4516=LINE('',#4513,#4515);
#4517=EDGE_CURVE('',#4512,#1241,#4516,.T.);
#4518=ORIENTED_EDGE('',*,*,#4517,.F.);
#4519=CARTESIAN_POINT('',(145.835890079,71.902336711,-1.6));
#4520=DIRECTION('',(0.996530795,0.083224849,0.));
#4521=VECTOR('',#4520,1.828786252);
#4522=LINE('',#4519,#4521);
#4523=EDGE_CURVE('',#4512,#4488,#4522,.T.);
#4524=ORIENTED_EDGE('',*,*,#4523,.T.);
#4525=ORIENTED_EDGE('',*,*,#4493,.T.);
#4526=EDGE_LOOP('',(#4510,#4518,#4524,#4525));
#4527=FACE_BOUND('',#4526,.T.);
#4528=ADVANCED_FACE('',(#4527),#4509,.T.);
#4529=CARTESIAN_POINT('',(150.135627592,75.140657061,-1.6));
#4530=DIRECTION('',(-0.066169364,0.997808406,-0.));
#4531=DIRECTION('',(-0.997808406,-0.066169364,-0.));
#4532=AXIS2_PLACEMENT_3D('',#4529,#4530,#4531);
#4533=PLANE('',#4532);
#4534=CARTESIAN_POINT('',(149.380623007,75.09058916,-2.));
#4535=VERTEX_POINT('',#4534);
#4536=CARTESIAN_POINT('',(150.890632176,75.190724963,-2.));
#4537=VERTEX_POINT('',#4536);
#4538=CARTESIAN_POINT('',(149.380623007,75.09058916,-2.));
#4539=DIRECTION('',(0.997808406,0.066169364,0.));
#4540=VECTOR('',#4539,1.513325765);
#4541=LINE('',#4538,#4540);
#4542=EDGE_CURVE('',#4535,#4537,#4541,.T.);
#4543=ORIENTED_EDGE('',*,*,#4542,.F.);
#4544=CARTESIAN_POINT('',(149.380623007,75.09058916,-1.6));
#4545=VERTEX_POINT('',#4544);
#4546=CARTESIAN_POINT('',(149.380623007,75.09058916,-1.6));
#4547=DIRECTION('',(0.,0.,-1.));
#4548=VECTOR('',#4547,0.4);
#4549=LINE('',#4546,#4548);
#4550=EDGE_CURVE('',#4545,#4535,#4549,.T.);
#4551=ORIENTED_EDGE('',*,*,#4550,.F.);
#4552=CARTESIAN_POINT('',(150.890632176,75.190724963,-1.6));
#4553=VERTEX_POINT('',#4552);
#4554=CARTESIAN_POINT('',(149.380623007,75.09058916,-1.6));
#4555=DIRECTION('',(0.997808406,0.066169364,0.));
#4556=VECTOR('',#4555,1.513325765);
#4557=LINE('',#4554,#4556);
#4558=EDGE_CURVE('',#4545,#4553,#4557,.T.);
#4559=ORIENTED_EDGE('',*,*,#4558,.T.);
#4560=CARTESIAN_POINT('',(150.890632176,75.190724963,-1.6));
#4561=DIRECTION('',(0.,0.,-1.));
#4562=VECTOR('',#4561,0.4);
#4563=LINE('',#4560,#4562);
#4564=EDGE_CURVE('',#4553,#4537,#4563,.T.);
#4565=ORIENTED_EDGE('',*,*,#4564,.T.);
#4566=EDGE_LOOP('',(#4543,#4551,#4559,#4565));
#4567=FACE_BOUND('',#4566,.T.);
#4568=ADVANCED_FACE('',(#4567),#4533,.T.);
#4569=CARTESIAN_POINT('',(149.340568686,74.233444566,-1.6));
#4570=DIRECTION('',(-0.998909941,0.046679008,-0.));
#4571=DIRECTION('',(-0.046679008,-0.998909941,0.));
#4572=AXIS2_PLACEMENT_3D('',#4569,#4570,#4571);
#4573=PLANE('',#4572);
#4574=CARTESIAN_POINT('',(149.300514364,73.376299971,-2.));
#4575=VERTEX_POINT('',#4574);
#4576=CARTESIAN_POINT('',(149.300514364,73.376299971,-2.));
#4577=DIRECTION('',(0.046679008,0.998909941,0.));
#4578=VECTOR('',#4577,1.716159904);
#4579=LINE('',#4576,#4578);
#4580=EDGE_CURVE('',#4575,#4535,#4579,.T.);
#4581=ORIENTED_EDGE('',*,*,#4580,.F.);
#4582=CARTESIAN_POINT('',(149.300514364,73.376299971,-1.6));
#4583=VERTEX_POINT('',#4582);
#4584=CARTESIAN_POINT('',(149.300514364,73.376299971,-1.6));
#4585=DIRECTION('',(0.,0.,-1.));
#4586=VECTOR('',#4585,0.4);
#4587=LINE('',#4584,#4586);
#4588=EDGE_CURVE('',#4583,#4575,#4587,.T.);
#4589=ORIENTED_EDGE('',*,*,#4588,.F.);
#4590=CARTESIAN_POINT('',(149.300514364,73.376299971,-1.6));
#4591=DIRECTION('',(0.046679008,0.998909941,0.));
#4592=VECTOR('',#4591,1.716159904);
#4593=LINE('',#4590,#4592);
#4594=EDGE_CURVE('',#4583,#4545,#4593,.T.);
#4595=ORIENTED_EDGE('',*,*,#4594,.T.);
#4596=ORIENTED_EDGE('',*,*,#4550,.T.);
#4597=EDGE_LOOP('',(#4581,#4589,#4595,#4596));
#4598=FACE_BOUND('',#4597,.T.);
#4599=ADVANCED_FACE('',(#4598),#4573,.T.);
#4600=CARTESIAN_POINT('',(150.09557327,73.414350086,-1.6));
#4601=DIRECTION('',(0.04780352,-0.998856758,0.));
#4602=DIRECTION('',(0.998856758,0.04780352,-0.));
#4603=AXIS2_PLACEMENT_3D('',#4600,#4601,#4602);
#4604=PLANE('',#4603);
#4605=CARTESIAN_POINT('',(150.890632176,73.452400202,-2.));
#4606=VERTEX_POINT('',#4605);
#4607=CARTESIAN_POINT('',(150.890632176,73.452400202,-2.));
#4608=DIRECTION('',(-0.998856758,-0.04780352,-0.));
#4609=VECTOR('',#4608,1.591937782);
#4610=LINE('',#4607,#4609);
#4611=EDGE_CURVE('',#4606,#4575,#4610,.T.);
#4612=ORIENTED_EDGE('',*,*,#4611,.F.);
#4613=CARTESIAN_POINT('',(150.890632176,73.452400202,-1.6));
#4614=VERTEX_POINT('',#4613);
#4615=CARTESIAN_POINT('',(150.890632176,73.452400202,-1.6));
#4616=DIRECTION('',(0.,0.,-1.));
#4617=VECTOR('',#4616,0.4);
#4618=LINE('',#4615,#4617);
#4619=EDGE_CURVE('',#4614,#4606,#4618,.T.);
#4620=ORIENTED_EDGE('',*,*,#4619,.F.);
#4621=CARTESIAN_POINT('',(150.890632176,73.452400202,-1.6));
#4622=DIRECTION('',(-0.998856758,-0.04780352,-0.));
#4623=VECTOR('',#4622,1.591937782);
#4624=LINE('',#4621,#4623);
#4625=EDGE_CURVE('',#4614,#4583,#4624,.T.);
#4626=ORIENTED_EDGE('',*,*,#4625,.T.);
#4627=ORIENTED_EDGE('',*,*,#4588,.T.);
#4628=EDGE_LOOP('',(#4612,#4620,#4626,#4627));
#4629=FACE_BOUND('',#4628,.T.);
#4630=ADVANCED_FACE('',(#4629),#4604,.T.);
#4631=CARTESIAN_POINT('',(146.616934443,73.933044606,-1.6));
#4632=CARTESIAN_POINT('',(146.616934443,73.933044606,-2.));
#4633=CARTESIAN_POINT('',(146.627618575,74.186714524,-1.6));
#4634=CARTESIAN_POINT('',(146.627618575,74.186714524,-2.));
#4635=CARTESIAN_POINT('',(146.64231112,74.449064368,-1.6));
#4636=CARTESIAN_POINT('',(146.64231112,74.449064368,-2.));
#4637=CARTESIAN_POINT('',(146.660997176,74.720094138,-1.6));
#4638=CARTESIAN_POINT('',(146.660997176,74.720094138,-2.));
#4639=CARTESIAN_POINT('',(146.679683232,74.991123909,-1.6));
#4640=CARTESIAN_POINT('',(146.679683232,74.991123909,-2.));
#4641=CARTESIAN_POINT('',(146.703718805,75.273500913,-1.6));
#4642=CARTESIAN_POINT('',(146.703718805,75.273500913,-2.));
#4643=CARTESIAN_POINT('',(146.733088994,75.567225152,-1.6));
#4644=CARTESIAN_POINT('',(146.733088994,75.567225152,-2.));
#4645=B_SPLINE_SURFACE_WITH_KNOTS('',3,1,((#4631,#4632),(#4633,#4634),(#4635,#4636),(#4637,#4638),(#4639,#4640),(#4641,#4642),(#4643,#4644)),.UNSPECIFIED.,.F.,.F.,.U.,(4,3,4),(2,2),(0.,0.5,1.),(0.,1.),.UNSPECIFIED.);
#4646=CARTESIAN_POINT('',(146.616934443,73.933044606,-2.));
#4647=VERTEX_POINT('',#4646);
#4648=CARTESIAN_POINT('',(146.733088994,75.567225152,-2.));
#4649=VERTEX_POINT('',#4648);
#4650=CARTESIAN_POINT('',(146.616934443,73.933044606,-2.));
#4651=CARTESIAN_POINT('',(146.627618575,74.186714524,-2.));
#4652=CARTESIAN_POINT('',(146.64231112,74.449064368,-2.));
#4653=CARTESIAN_POINT('',(146.660997176,74.720094138,-2.));
#4654=CARTESIAN_POINT('',(146.679683232,74.991123909,-2.));
#4655=CARTESIAN_POINT('',(146.703718805,75.273500913,-2.));
#4656=CARTESIAN_POINT('',(146.733088994,75.567225152,-2.));
#4657=B_SPLINE_CURVE_WITH_KNOTS('',3,(#4650,#4651,#4652,#4653,#4654,#4655,#4656),.UNSPECIFIED.,.F.,.F.,(4,3,4),(0.,0.5,1.),.UNSPECIFIED.);
#4658=EDGE_CURVE('',#4647,#4649,#4657,.T.);
#4659=ORIENTED_EDGE('',*,*,#4658,.F.);
#4660=CARTESIAN_POINT('',(146.616934443,73.933044606,-1.6));
#4661=VERTEX_POINT('',#4660);
#4662=CARTESIAN_POINT('',(146.616934443,73.933044606,-1.6));
#4663=DIRECTION('',(0.,0.,-1.));
#4664=VECTOR('',#4663,0.4);
#4665=LINE('',#4662,#4664);
#4666=EDGE_CURVE('',#4661,#4647,#4665,.T.);
#4667=ORIENTED_EDGE('',*,*,#4666,.F.);
#4668=CARTESIAN_POINT('',(146.733088994,75.567225152,-1.6));
#4669=VERTEX_POINT('',#4668);
#4670=CARTESIAN_POINT('',(146.616934443,73.933044606,-1.6));
#4671=CARTESIAN_POINT('',(146.627618575,74.186714524,-1.6));
#4672=CARTESIAN_POINT('',(146.64231112,74.449064368,-1.6));
#4673=CARTESIAN_POINT('',(146.660997176,74.720094138,-1.6));
#4674=CARTESIAN_POINT('',(146.679683232,74.991123909,-1.6));
#4675=CARTESIAN_POINT('',(146.703718805,75.273500913,-1.6));
#4676=CARTESIAN_POINT('',(146.733088994,75.567225152,-1.6));
#4677=B_SPLINE_CURVE_WITH_KNOTS('',3,(#4670,#4671,#4672,#4673,#4674,#4675,#4676),.UNSPECIFIED.,.F.,.F.,(4,3,4),(0.,0.5,1.),.UNSPECIFIED.);
#4678=EDGE_CURVE('',#4661,#4669,#4677,.T.);
#4679=ORIENTED_EDGE('',*,*,#4678,.T.);
#4680=CARTESIAN_POINT('',(146.733088994,75.567225152,-1.6));
#4681=DIRECTION('',(0.,0.,-1.));
#4682=VECTOR('',#4681,0.4);
#4683=LINE('',#4680,#4682);
#4684=EDGE_CURVE('',#4669,#4649,#4683,.T.);
#4685=ORIENTED_EDGE('',*,*,#4684,.T.);
#4686=EDGE_LOOP('',(#4659,#4667,#4679,#4685));
#4687=FACE_BOUND('',#4686,.T.);
#4688=ADVANCED_FACE('',(#4687),#4645,.T.);
#4689=CARTESIAN_POINT('',(147.446042502,73.913017446,-1.6));
#4690=DIRECTION('',(-0.024148023,-0.999708394,-0.));
#4691=DIRECTION('',(0.999708394,-0.024148023,-0.));
#4692=AXIS2_PLACEMENT_3D('',#4689,#4690,#4691);
#4693=PLANE('',#4692);
#4694=CARTESIAN_POINT('',(148.275150561,73.892990285,-2.));
#4695=VERTEX_POINT('',#4694);
#4696=CARTESIAN_POINT('',(148.275150561,73.892990285,-2.));
#4697=DIRECTION('',(-0.999708394,0.024148023,-0.));
#4698=VECTOR('',#4697,1.658699806);
#4699=LINE('',#4696,#4698);
#4700=EDGE_CURVE('',#4695,#4647,#4699,.T.);
#4701=ORIENTED_EDGE('',*,*,#4700,.F.);
#4702=CARTESIAN_POINT('',(148.275150561,73.892990285,-1.6));
#4703=VERTEX_POINT('',#4702);
#4704=CARTESIAN_POINT('',(148.275150561,73.892990285,-1.6));
#4705=DIRECTION('',(0.,0.,-1.));
#4706=VECTOR('',#4705,0.4);
#4707=LINE('',#4704,#4706);
#4708=EDGE_CURVE('',#4703,#4695,#4707,.T.);
#4709=ORIENTED_EDGE('',*,*,#4708,.F.);
#4710=CARTESIAN_POINT('',(148.275150561,73.892990285,-1.6));
#4711=DIRECTION('',(-0.999708394,0.024148023,-0.));
#4712=VECTOR('',#4711,1.658699806);
#4713=LINE('',#4710,#4712);
#4714=EDGE_CURVE('',#4703,#4661,#4713,.T.);
#4715=ORIENTED_EDGE('',*,*,#4714,.T.);
#4716=ORIENTED_EDGE('',*,*,#4666,.T.);
#4717=EDGE_LOOP('',(#4701,#4709,#4715,#4716));
#4718=FACE_BOUND('',#4717,.T.);
#4719=ADVANCED_FACE('',(#4718),#4693,.T.);
#4720=CARTESIAN_POINT('',(148.257127607,74.718089932,-1.6));
#4721=DIRECTION('',(0.999761519,0.021838158,0.));
#4722=DIRECTION('',(-0.021838158,0.999761519,0.));
#4723=AXIS2_PLACEMENT_3D('',#4720,#4721,#4722);
#4724=PLANE('',#4723);
#4725=CARTESIAN_POINT('',(148.239104652,75.543189579,-2.));
#4726=VERTEX_POINT('',#4725);
#4727=CARTESIAN_POINT('',(148.239104652,75.543189579,-2.));
#4728=DIRECTION('',(0.021838158,-0.999761519,0.));
#4729=VECTOR('',#4728,1.650592929);
#4730=LINE('',#4727,#4729);
#4731=EDGE_CURVE('',#4726,#4695,#4730,.T.);
#4732=ORIENTED_EDGE('',*,*,#4731,.F.);
#4733=CARTESIAN_POINT('',(148.239104652,75.543189579,-1.6));
#4734=VERTEX_POINT('',#4733);
#4735=CARTESIAN_POINT('',(148.239104652,75.543189579,-1.6));
#4736=DIRECTION('',(0.,0.,-1.));
#4737=VECTOR('',#4736,0.4);
#4738=LINE('',#4735,#4737);
#4739=EDGE_CURVE('',#4734,#4726,#4738,.T.);
#4740=ORIENTED_EDGE('',*,*,#4739,.F.);
#4741=CARTESIAN_POINT('',(148.239104652,75.543189579,-1.6));
#4742=DIRECTION('',(0.021838158,-0.999761519,0.));
#4743=VECTOR('',#4742,1.650592929);
#4744=LINE('',#4741,#4743);
#4745=EDGE_CURVE('',#4734,#4703,#4744,.T.);
#4746=ORIENTED_EDGE('',*,*,#4745,.T.);
#4747=ORIENTED_EDGE('',*,*,#4708,.T.);
#4748=EDGE_LOOP('',(#4732,#4740,#4746,#4747));
#4749=FACE_BOUND('',#4748,.T.);
#4750=ADVANCED_FACE('',(#4749),#4724,.T.);
#4751=CARTESIAN_POINT('',(150.890632176,74.321562582,-1.6));
#4752=DIRECTION('',(1.,0.,0.));
#4753=DIRECTION('',(0.,0.,-1.));
#4754=AXIS2_PLACEMENT_3D('',#4751,#4752,#4753);
#4755=PLANE('',#4754);
#4756=CARTESIAN_POINT('',(150.890632176,75.190724963,-2.));
#4757=DIRECTION('',(0.,-1.,0.));
#4758=VECTOR('',#4757,1.738324761);
#4759=LINE('',#4756,#4758);
#4760=EDGE_CURVE('',#4537,#4606,#4759,.T.);
#4761=ORIENTED_EDGE('',*,*,#4760,.F.);
#4762=ORIENTED_EDGE('',*,*,#4564,.F.);
#4763=CARTESIAN_POINT('',(150.890632176,75.190724963,-1.6));
#4764=DIRECTION('',(0.,-1.,0.));
#4765=VECTOR('',#4764,1.738324761);
#4766=LINE('',#4763,#4765);
#4767=EDGE_CURVE('',#4553,#4614,#4766,.T.);
#4768=ORIENTED_EDGE('',*,*,#4767,.T.);
#4769=ORIENTED_EDGE('',*,*,#4619,.T.);
#4770=EDGE_LOOP('',(#4761,#4762,#4768,#4769));
#4771=FACE_BOUND('',#4770,.T.);
#4772=ADVANCED_FACE('',(#4771),#4755,.T.);
#4773=CARTESIAN_POINT('',(147.486096823,75.555207366,-1.6));
#4774=DIRECTION('',(0.015957678,0.999872668,0.));
#4775=DIRECTION('',(-0.999872668,0.015957678,0.));
#4776=AXIS2_PLACEMENT_3D('',#4773,#4774,#4775);
#4777=PLANE('',#4776);
#4778=CARTESIAN_POINT('',(146.733088994,75.567225152,-2.));
#4779=DIRECTION('',(0.999872668,-0.015957678,0.));
#4780=VECTOR('',#4779,1.506207447);
#4781=LINE('',#4778,#4780);
#4782=EDGE_CURVE('',#4649,#4726,#4781,.T.);
#4783=ORIENTED_EDGE('',*,*,#4782,.F.);
#4784=ORIENTED_EDGE('',*,*,#4684,.F.);
#4785=CARTESIAN_POINT('',(146.733088994,75.567225152,-1.6));
#4786=DIRECTION('',(0.999872668,-0.015957678,0.));
#4787=VECTOR('',#4786,1.506207447);
#4788=LINE('',#4785,#4787);
#4789=EDGE_CURVE('',#4669,#4734,#4788,.T.);
#4790=ORIENTED_EDGE('',*,*,#4789,.T.);
#4791=ORIENTED_EDGE('',*,*,#4739,.T.);
#4792=EDGE_LOOP('',(#4783,#4784,#4790,#4791));
#4793=FACE_BOUND('',#4792,.T.);
#4794=ADVANCED_FACE('',(#4793),#4777,.T.);
#4795=CARTESIAN_POINT('',(146.096243167,76.937051648,-1.6));
#4796=CARTESIAN_POINT('',(146.096243167,76.937051648,-2.));
#4797=CARTESIAN_POINT('',(145.81319561,76.560544008,-1.6));
#4798=CARTESIAN_POINT('',(145.81319561,76.560544008,-2.));
#4799=CARTESIAN_POINT('',(145.671679282,76.030509704,-1.6));
#4800=CARTESIAN_POINT('',(145.671679282,76.030509704,-2.));
#4801=CARTESIAN_POINT('',(145.671679282,75.346926385,-1.6));
#4802=CARTESIAN_POINT('',(145.671679282,75.346926385,-2.));
#4803=CARTESIAN_POINT('',(145.671679282,75.176032418,-1.6));
#4804=CARTESIAN_POINT('',(145.671679282,75.176032418,-2.));
#4805=CARTESIAN_POINT('',(145.698382163,74.708746904,-1.6));
#4806=CARTESIAN_POINT('',(145.698382163,74.708746904,-2.));
#4807=CARTESIAN_POINT('',(145.751787925,73.945062393,-1.6));
#4808=CARTESIAN_POINT('',(145.751787925,73.945062393,-2.));
#4809=CARTESIAN_POINT('',(145.805193686,73.181377882,-1.6));
#4810=CARTESIAN_POINT('',(145.805193686,73.181377882,-2.));
#4811=CARTESIAN_POINT('',(145.833222771,72.500469321,-1.6));
#4812=CARTESIAN_POINT('',(145.833222771,72.500469321,-2.));
#4813=CARTESIAN_POINT('',(145.835890079,71.902336711,-1.6));
#4814=CARTESIAN_POINT('',(145.835890079,71.902336711,-2.));
#4815=B_SPLINE_SURFACE_WITH_KNOTS('',3,1,((#4795,#4796),(#4797,#4798),(#4799,#4800),(#4801,#4802),(#4803,#4804),(#4805,#4806),(#4807,#4808),(#4809,#4810),(#4811,#4812),(#4813,#4814)),.UNSPECIFIED.,.F.,.F.,.U.,(4,3,3,4),(2,2),(0.817580356,0.939193894,0.969596947,1.),(0.,1.),.UNSPECIFIED.);
#4816=ORIENTED_EDGE('',*,*,#1253,.F.);
#4817=ORIENTED_EDGE('',*,*,#4382,.F.);
#4818=CARTESIAN_POINT('',(146.096243167,76.937051648,-1.6));
#4819=CARTESIAN_POINT('',(145.81319561,76.560544008,-1.6));
#4820=CARTESIAN_POINT('',(145.671679282,76.030509704,-1.6));
#4821=CARTESIAN_POINT('',(145.671679282,75.346926385,-1.6));
#4822=CARTESIAN_POINT('',(145.671679282,75.176032418,-1.6));
#4823=CARTESIAN_POINT('',(145.698382163,74.708746904,-1.6));
#4824=CARTESIAN_POINT('',(145.751787925,73.945062393,-1.6));
#4825=CARTESIAN_POINT('',(145.805193686,73.181377882,-1.6));
#4826=CARTESIAN_POINT('',(145.833222771,72.500469321,-1.6));
#4827=CARTESIAN_POINT('',(145.835890079,71.902336711,-1.6));
#4828=B_SPLINE_CURVE_WITH_KNOTS('',3,(#4818,#4819,#4820,#4821,#4822,#4823,#4824,#4825,#4826,#4827),.UNSPECIFIED.,.F.,.F.,(4,3,3,4),(0.817580356,0.939193894,0.969596947,1.),.UNSPECIFIED.);
#4829=EDGE_CURVE('',#4364,#4512,#4828,.T.);
#4830=ORIENTED_EDGE('',*,*,#4829,.T.);
#4831=ORIENTED_EDGE('',*,*,#4517,.T.);
#4832=EDGE_LOOP('',(#4816,#4817,#4830,#4831));
#4833=FACE_BOUND('',#4832,.T.);
#4834=ADVANCED_FACE('',(#4833),#4815,.T.);
#4835=CARTESIAN_POINT('',(148.899986053,88.150000358,-1.6));
#4836=DIRECTION('',(0.,0.,-1.));
#4837=DIRECTION('',(0.,1.,0.));
#4838=AXIS2_PLACEMENT_3D('',#4835,#4836,#4837);
#4839=PLANE('',#4838);
#4840=ORIENTED_EDGE('',*,*,#4678,.F.);
#4841=ORIENTED_EDGE('',*,*,#4714,.F.);
#4842=ORIENTED_EDGE('',*,*,#4745,.F.);
#4843=ORIENTED_EDGE('',*,*,#4789,.F.);
#4844=EDGE_LOOP('',(#4840,#4841,#4842,#4843));
#4845=FACE_BOUND('',#4844,.T.);
#4846=ORIENTED_EDGE('',*,*,#4558,.F.);
#4847=ORIENTED_EDGE('',*,*,#4594,.F.);
#4848=ORIENTED_EDGE('',*,*,#4625,.F.);
#4849=ORIENTED_EDGE('',*,*,#4767,.F.);
#4850=EDGE_LOOP('',(#4846,#4847,#4848,#4849));
#4851=FACE_BOUND('',#4850,.T.);
#4852=ORIENTED_EDGE('',*,*,#4376,.F.);
#4853=ORIENTED_EDGE('',*,*,#4410,.F.);
#4854=ORIENTED_EDGE('',*,*,#4475,.F.);
#4855=ORIENTED_EDGE('',*,*,#4499,.F.);
#4856=ORIENTED_EDGE('',*,*,#4523,.F.);
#4857=ORIENTED_EDGE('',*,*,#4829,.F.);
#4858=EDGE_LOOP('',(#4852,#4853,#4854,#4855,#4856,#4857));
#4859=FACE_BOUND('',#4858,.T.);
#4860=ADVANCED_FACE('',(#4845,#4851,#4859),#4839,.T.);
#4861=CARTESIAN_POINT('',(0.,0.,-2.));
#4862=DIRECTION('',(-0.,0.,1.));
#4863=DIRECTION('',(1.,0.,0.));
#4864=AXIS2_PLACEMENT_3D('',#4861,#4862,#4863);
#4865=PLANE('',#4864);
#4866=ORIENTED_EDGE('',*,*,#4658,.T.);
#4867=ORIENTED_EDGE('',*,*,#4782,.T.);
#4868=ORIENTED_EDGE('',*,*,#4731,.T.);
#4869=ORIENTED_EDGE('',*,*,#4700,.T.);
#4870=EDGE_LOOP('',(#4866,#4867,#4868,#4869));
#4871=FACE_BOUND('',#4870,.T.);
#4872=ADVANCED_FACE('',(#4871),#4865,.F.);
#4873=CARTESIAN_POINT('',(0.,0.,-2.));
#4874=DIRECTION('',(-0.,0.,1.));
#4875=DIRECTION('',(1.,0.,0.));
#4876=AXIS2_PLACEMENT_3D('',#4873,#4874,#4875);
#4877=PLANE('',#4876);
#4878=ORIENTED_EDGE('',*,*,#4542,.T.);
#4879=ORIENTED_EDGE('',*,*,#4760,.T.);
#4880=ORIENTED_EDGE('',*,*,#4611,.T.);
#4881=ORIENTED_EDGE('',*,*,#4580,.T.);
#4882=EDGE_LOOP('',(#4878,#4879,#4880,#4881));
#4883=FACE_BOUND('',#4882,.T.);
#4884=ADVANCED_FACE('',(#4883),#4877,.F.);
#4885=CARTESIAN_POINT('',(148.31119647,81.783512765,-1.6));
#4886=DIRECTION('',(0.999148987,0.041246845,0.));
#4887=DIRECTION('',(-0.041246845,0.999148987,0.));
#4888=AXIS2_PLACEMENT_3D('',#4885,#4886,#4887);
#4889=PLANE('',#4888);
#4890=ORIENTED_EDGE('',*,*,#513,.F.);
#4891=CARTESIAN_POINT('',(148.275150561,82.656676108,-1.6));
#4892=VERTEX_POINT('',#4891);
#4893=CARTESIAN_POINT('',(148.275150561,82.656676108,-1.6));
#4894=DIRECTION('',(0.,0.,-1.));
#4895=VECTOR('',#4894,0.4);
#4896=LINE('',#4893,#4895);
#4897=EDGE_CURVE('',#4892,#506,#4896,.T.);
#4898=ORIENTED_EDGE('',*,*,#4897,.F.);
#4899=CARTESIAN_POINT('',(148.347242379,80.910349423,-1.6));
#4900=VERTEX_POINT('',#4899);
#4901=CARTESIAN_POINT('',(148.275150561,82.656676108,-1.6));
#4902=DIRECTION('',(0.041246845,-0.999148987,0.));
#4903=VECTOR('',#4902,1.747814098);
#4904=LINE('',#4901,#4903);
#4905=EDGE_CURVE('',#4892,#4900,#4904,.T.);
#4906=ORIENTED_EDGE('',*,*,#4905,.T.);
#4907=CARTESIAN_POINT('',(148.347242379,80.910349423,-1.6));
#4908=DIRECTION('',(0.,0.,-1.));
#4909=VECTOR('',#4908,0.4);
#4910=LINE('',#4907,#4909);
#4911=EDGE_CURVE('',#4900,#508,#4910,.T.);
#4912=ORIENTED_EDGE('',*,*,#4911,.T.);
#4913=EDGE_LOOP('',(#4890,#4898,#4906,#4912));
#4914=FACE_BOUND('',#4913,.T.);
#4915=ADVANCED_FACE('',(#4914),#4889,.T.);
#4916=CARTESIAN_POINT('',(148.918009007,82.662685001,-1.6));
#4917=DIRECTION('',(0.00934674,-0.999956318,0.));
#4918=DIRECTION('',(0.999956318,0.00934674,0.));
#4919=AXIS2_PLACEMENT_3D('',#4916,#4917,#4918);
#4920=PLANE('',#4919);
#4921=ORIENTED_EDGE('',*,*,#713,.F.);
#4922=CARTESIAN_POINT('',(149.560867453,82.668693894,-1.6));
#4923=VERTEX_POINT('',#4922);
#4924=CARTESIAN_POINT('',(149.560867453,82.668693894,-1.6));
#4925=DIRECTION('',(0.,0.,-1.));
#4926=VECTOR('',#4925,0.4);
#4927=LINE('',#4924,#4926);
#4928=EDGE_CURVE('',#4923,#695,#4927,.T.);
#4929=ORIENTED_EDGE('',*,*,#4928,.F.);
#4930=CARTESIAN_POINT('',(149.560867453,82.668693894,-1.6));
#4931=DIRECTION('',(-0.999956318,-0.00934674,-0.));
#4932=VECTOR('',#4931,1.285773056);
#4933=LINE('',#4930,#4932);
#4934=EDGE_CURVE('',#4923,#4892,#4933,.T.);
#4935=ORIENTED_EDGE('',*,*,#4934,.T.);
#4936=ORIENTED_EDGE('',*,*,#4897,.T.);
#4937=EDGE_LOOP('',(#4921,#4929,#4935,#4936));
#4938=FACE_BOUND('',#4937,.T.);
#4939=ADVANCED_FACE('',(#4938),#4920,.T.);
#4940=CARTESIAN_POINT('',(149.544833803,80.690050656,-1.6));
#4941=CARTESIAN_POINT('',(149.544833803,80.690050656,-2.));
#4942=CARTESIAN_POINT('',(149.539499187,81.013152534,-1.6));
#4943=CARTESIAN_POINT('',(149.539499187,81.013152534,-2.));
#4944=CARTESIAN_POINT('',(149.53683188,81.334913307,-1.6));
#4945=CARTESIAN_POINT('',(149.53683188,81.334913307,-2.));
#4946=CARTESIAN_POINT('',(149.53683188,81.655340427,-1.6));
#4947=CARTESIAN_POINT('',(149.53683188,81.655340427,-2.));
#4948=CARTESIAN_POINT('',(149.53683188,81.965083414,-1.6));
#4949=CARTESIAN_POINT('',(149.53683188,81.965083414,-2.));
#4950=CARTESIAN_POINT('',(149.538828635,82.186715835,-1.6));
#4951=CARTESIAN_POINT('',(149.538828635,82.186715835,-2.));
#4952=CARTESIAN_POINT('',(149.542837048,82.32023024,-1.6));
#4953=CARTESIAN_POINT('',(149.542837048,82.32023024,-2.));
#4954=CARTESIAN_POINT('',(149.54684546,82.453737193,-1.6));
#4955=CARTESIAN_POINT('',(149.54684546,82.453737193,-2.));
#4956=CARTESIAN_POINT('',(149.552850628,82.569891745,-1.6));
#4957=CARTESIAN_POINT('',(149.552850628,82.569891745,-2.));
#4958=CARTESIAN_POINT('',(149.560867453,82.668693894,-1.6));
#4959=CARTESIAN_POINT('',(149.560867453,82.668693894,-2.));
#4960=B_SPLINE_SURFACE_WITH_KNOTS('',3,1,((#4940,#4941),(#4942,#4943),(#4944,#4945),(#4946,#4947),(#4948,#4949),(#4950,#4951),(#4952,#4953),(#4954,#4955),(#4956,#4957),(#4958,#4959)),.UNSPECIFIED.,.F.,.F.,.U.,(4,3,3,4),(2,2),(0.244640704,0.502156055,0.751084967,1.),(0.,1.),.UNSPECIFIED.);
#4961=ORIENTED_EDGE('',*,*,#707,.F.);
#4962=CARTESIAN_POINT('',(149.544833803,80.690050656,-1.6));
#4963=VERTEX_POINT('',#4962);
#4964=CARTESIAN_POINT('',(149.544833803,80.690050656,-1.6));
#4965=DIRECTION('',(0.,0.,-1.));
#4966=VECTOR('',#4965,0.4);
#4967=LINE('',#4964,#4966);
#4968=EDGE_CURVE('',#4963,#680,#4967,.T.);
#4969=ORIENTED_EDGE('',*,*,#4968,.F.);
#4970=CARTESIAN_POINT('',(149.544833803,80.690050656,-1.6));
#4971=CARTESIAN_POINT('',(149.539499187,81.013152534,-1.6));
#4972=CARTESIAN_POINT('',(149.53683188,81.334913307,-1.6));
#4973=CARTESIAN_POINT('',(149.53683188,81.655340427,-1.6));
#4974=CARTESIAN_POINT('',(149.53683188,81.965083414,-1.6));
#4975=CARTESIAN_POINT('',(149.538828635,82.186715835,-1.6));
#4976=CARTESIAN_POINT('',(149.542837048,82.32023024,-1.6));
#4977=CARTESIAN_POINT('',(149.54684546,82.453737193,-1.6));
#4978=CARTESIAN_POINT('',(149.552850628,82.569891745,-1.6));
#4979=CARTESIAN_POINT('',(149.560867453,82.668693894,-1.6));
#4980=B_SPLINE_CURVE_WITH_KNOTS('',3,(#4970,#4971,#4972,#4973,#4974,#4975,#4976,#4977,#4978,#4979),.UNSPECIFIED.,.F.,.F.,(4,3,3,4),(0.244640704,0.502156055,0.751084967,1.),.UNSPECIFIED.);
#4981=EDGE_CURVE('',#4963,#4923,#4980,.T.);
#4982=ORIENTED_EDGE('',*,*,#4981,.T.);
#4983=ORIENTED_EDGE('',*,*,#4928,.T.);
#4984=EDGE_LOOP('',(#4961,#4969,#4982,#4983));
#4985=FACE_BOUND('',#4984,.T.);
#4986=ADVANCED_FACE('',(#4985),#4960,.T.);
#4987=CARTESIAN_POINT('',(149.552850628,80.333577627,-1.6));
#4988=CARTESIAN_POINT('',(149.552850628,80.333577627,-2.));
#4989=CARTESIAN_POINT('',(149.552850628,80.37095719,-1.6));
#4990=CARTESIAN_POINT('',(149.552850628,80.37095719,-2.));
#4991=CARTESIAN_POINT('',(149.551509523,80.416353577,-1.6));
#4992=CARTESIAN_POINT('',(149.551509523,80.416353577,-2.));
#4993=CARTESIAN_POINT('',(149.548842216,80.469759339,-1.6));
#4994=CARTESIAN_POINT('',(149.548842216,80.469759339,-2.));
#4995=CARTESIAN_POINT('',(149.546174908,80.523165101,-1.6));
#4996=CARTESIAN_POINT('',(149.546174908,80.523165101,-2.));
#4997=CARTESIAN_POINT('',(149.544833803,80.560544664,-1.6));
#4998=CARTESIAN_POINT('',(149.544833803,80.560544664,-2.));
#4999=CARTESIAN_POINT('',(149.544833803,80.581905478,-1.6));
#5000=CARTESIAN_POINT('',(149.544833803,80.581905478,-2.));
#5001=CARTESIAN_POINT('',(149.544833803,80.592589611,-1.6));
#5002=CARTESIAN_POINT('',(149.544833803,80.592589611,-2.));
#5003=CARTESIAN_POINT('',(149.544833803,80.62863552,-1.6));
#5004=CARTESIAN_POINT('',(149.544833803,80.62863552,-2.));
#5005=CARTESIAN_POINT('',(149.544833803,80.690050656,-1.6));
#5006=CARTESIAN_POINT('',(149.544833803,80.690050656,-2.));
#5007=B_SPLINE_SURFACE_WITH_KNOTS('',3,1,((#4987,#4988),(#4989,#4990),(#4991,#4992),(#4993,#4994),(#4995,#4996),(#4997,#4998),(#4999,#5000),(#5001,#5002),(#5003,#5004),(#5005,#5006)),.UNSPECIFIED.,.F.,.F.,.U.,(4,3,3,4),(2,2),(0.,0.097849456,0.195698911,0.244640704),(0.,1.),.UNSPECIFIED.);
#5008=ORIENTED_EDGE('',*,*,#692,.F.);
#5009=CARTESIAN_POINT('',(149.552850628,80.333577627,-1.6));
#5010=VERTEX_POINT('',#5009);
#5011=CARTESIAN_POINT('',(149.552850628,80.333577627,-1.6));
#5012=DIRECTION('',(0.,0.,-1.));
#5013=VECTOR('',#5012,0.4);
#5014=LINE('',#5011,#5013);
#5015=EDGE_CURVE('',#5010,#672,#5014,.T.);
#5016=ORIENTED_EDGE('',*,*,#5015,.F.);
#5017=CARTESIAN_POINT('',(149.552850628,80.333577627,-1.6));
#5018=CARTESIAN_POINT('',(149.552850628,80.37095719,-1.6));
#5019=CARTESIAN_POINT('',(149.551509523,80.416353577,-1.6));
#5020=CARTESIAN_POINT('',(149.548842216,80.469759339,-1.6));
#5021=CARTESIAN_POINT('',(149.546174908,80.523165101,-1.6));
#5022=CARTESIAN_POINT('',(149.544833803,80.560544664,-1.6));
#5023=CARTESIAN_POINT('',(149.544833803,80.581905478,-1.6));
#5024=CARTESIAN_POINT('',(149.544833803,80.592589611,-1.6));
#5025=CARTESIAN_POINT('',(149.544833803,80.62863552,-1.6));
#5026=CARTESIAN_POINT('',(149.544833803,80.690050656,-1.6));
#5027=B_SPLINE_CURVE_WITH_KNOTS('',3,(#5017,#5018,#5019,#5020,#5021,#5022,#5023,#5024,#5025,#5026),.UNSPECIFIED.,.F.,.F.,(4,3,3,4),(0.,0.097849456,0.195698911,0.244640704),.UNSPECIFIED.);
#5028=EDGE_CURVE('',#5010,#4963,#5027,.T.);
#5029=ORIENTED_EDGE('',*,*,#5028,.T.);
#5030=ORIENTED_EDGE('',*,*,#4968,.T.);
#5031=EDGE_LOOP('',(#5008,#5016,#5029,#5030));
#5032=FACE_BOUND('',#5031,.T.);
#5033=ADVANCED_FACE('',(#5032),#5007,.T.);
#5034=CARTESIAN_POINT('',(150.119608843,80.305541092,-1.6));
#5035=DIRECTION('',(-0.04940783,-0.998778687,-0.));
#5036=DIRECTION('',(0.998778687,-0.04940783,-0.));
#5037=AXIS2_PLACEMENT_3D('',#5034,#5035,#5036);
#5038=PLANE('',#5037);
#5039=ORIENTED_EDGE('',*,*,#677,.F.);
#5040=CARTESIAN_POINT('',(150.686367059,80.277504557,-1.6));
#5041=VERTEX_POINT('',#5040);
#5042=CARTESIAN_POINT('',(150.686367059,80.277504557,-1.6));
#5043=DIRECTION('',(0.,0.,-1.));
#5044=VECTOR('',#5043,0.4);
#5045=LINE('',#5042,#5044);
#5046=EDGE_CURVE('',#5041,#664,#5045,.T.);
#5047=ORIENTED_EDGE('',*,*,#5046,.F.);
#5048=CARTESIAN_POINT('',(150.686367059,80.277504557,-1.6));
#5049=DIRECTION('',(-0.998778687,0.04940783,-0.));
#5050=VECTOR('',#5049,1.134902502);
#5051=LINE('',#5048,#5050);
#5052=EDGE_CURVE('',#5041,#5010,#5051,.T.);
#5053=ORIENTED_EDGE('',*,*,#5052,.T.);
#5054=ORIENTED_EDGE('',*,*,#5015,.T.);
#5055=EDGE_LOOP('',(#5039,#5047,#5053,#5054));
#5056=FACE_BOUND('',#5055,.T.);
#5057=ADVANCED_FACE('',(#5056),#5038,.T.);
#5058=CARTESIAN_POINT('',(150.722412968,81.024499768,-1.6));
#5059=DIRECTION('',(0.998837779,-0.048198456,0.));
#5060=DIRECTION('',(0.048198456,0.998837779,-0.));
#5061=AXIS2_PLACEMENT_3D('',#5058,#5059,#5060);
#5062=PLANE('',#5061);
#5063=ORIENTED_EDGE('',*,*,#669,.F.);
#5064=CARTESIAN_POINT('',(150.758458877,81.771494979,-1.6));
#5065=VERTEX_POINT('',#5064);
#5066=CARTESIAN_POINT('',(150.758458877,81.771494979,-1.6));
#5067=DIRECTION('',(0.,0.,-1.));
#5068=VECTOR('',#5067,0.4);
#5069=LINE('',#5066,#5068);
#5070=EDGE_CURVE('',#5065,#656,#5069,.T.);
#5071=ORIENTED_EDGE('',*,*,#5070,.F.);
#5072=CARTESIAN_POINT('',(150.758458877,81.771494979,-1.6));
#5073=DIRECTION('',(-0.048198456,-0.998837779,-0.));
#5074=VECTOR('',#5073,1.495728789);
#5075=LINE('',#5072,#5074);
#5076=EDGE_CURVE('',#5065,#5041,#5075,.T.);
#5077=ORIENTED_EDGE('',*,*,#5076,.T.);
#5078=ORIENTED_EDGE('',*,*,#5046,.T.);
#5079=EDGE_LOOP('',(#5063,#5071,#5077,#5078));
#5080=FACE_BOUND('',#5079,.T.);
#5081=ADVANCED_FACE('',(#5080),#5062,.T.);
#5082=CARTESIAN_POINT('',(150.766468251,82.516489708,-1.6));
#5083=DIRECTION('',(0.999942214,-0.010750293,0.));
#5084=DIRECTION('',(0.010750293,0.999942214,0.));
#5085=AXIS2_PLACEMENT_3D('',#5082,#5083,#5084);
#5086=PLANE('',#5085);
#5087=ORIENTED_EDGE('',*,*,#661,.F.);
#5088=CARTESIAN_POINT('',(150.774477625,83.261484438,-1.6));
#5089=VERTEX_POINT('',#5088);
#5090=CARTESIAN_POINT('',(150.774477625,83.261484438,-1.6));
#5091=DIRECTION('',(0.,0.,-1.));
#5092=VECTOR('',#5091,0.4);
#5093=LINE('',#5090,#5092);
#5094=EDGE_CURVE('',#5089,#648,#5093,.T.);
#5095=ORIENTED_EDGE('',*,*,#5094,.F.);
#5096=CARTESIAN_POINT('',(150.774477625,83.261484438,-1.6));
#5097=DIRECTION('',(-0.010750293,-0.999942214,-0.));
#5098=VECTOR('',#5097,1.490075565);
#5099=LINE('',#5096,#5098);
#5100=EDGE_CURVE('',#5089,#5065,#5099,.T.);
#5101=ORIENTED_EDGE('',*,*,#5100,.T.);
#5102=ORIENTED_EDGE('',*,*,#5070,.T.);
#5103=EDGE_LOOP('',(#5087,#5095,#5101,#5102));
#5104=FACE_BOUND('',#5103,.T.);
#5105=ADVANCED_FACE('',(#5104),#5086,.T.);
#5106=CARTESIAN_POINT('',(151.32120868,83.265489125,-1.6));
#5107=DIRECTION('',(0.007324588,-0.999973175,0.));
#5108=DIRECTION('',(0.999973175,0.007324588,0.));
#5109=AXIS2_PLACEMENT_3D('',#5106,#5107,#5108);
#5110=PLANE('',#5109);
#5111=ORIENTED_EDGE('',*,*,#653,.F.);
#5112=CARTESIAN_POINT('',(151.867939734,83.269493812,-1.6));
#5113=VERTEX_POINT('',#5112);
#5114=CARTESIAN_POINT('',(151.867939734,83.269493812,-1.6));
#5115=DIRECTION('',(0.,0.,-1.));
#5116=VECTOR('',#5115,0.4);
#5117=LINE('',#5114,#5116);
#5118=EDGE_CURVE('',#5113,#640,#5117,.T.);
#5119=ORIENTED_EDGE('',*,*,#5118,.F.);
#5120=CARTESIAN_POINT('',(151.867939734,83.269493812,-1.6));
#5121=DIRECTION('',(-0.999973175,-0.007324588,-0.));
#5122=VECTOR('',#5121,1.093491443);
#5123=LINE('',#5120,#5122);
#5124=EDGE_CURVE('',#5113,#5089,#5123,.T.);
#5125=ORIENTED_EDGE('',*,*,#5124,.T.);
#5126=ORIENTED_EDGE('',*,*,#5094,.T.);
#5127=EDGE_LOOP('',(#5111,#5119,#5125,#5126));
#5128=FACE_BOUND('',#5127,.T.);
#5129=ADVANCED_FACE('',(#5128),#5110,.T.);
#5130=CARTESIAN_POINT('',(151.875949109,82.446394646,-1.6));
#5131=DIRECTION('',(-0.99995266,-0.009730292,-0.));
#5132=DIRECTION('',(0.009730292,-0.99995266,0.));
#5133=AXIS2_PLACEMENT_3D('',#5130,#5131,#5132);
#5134=PLANE('',#5133);
#5135=ORIENTED_EDGE('',*,*,#645,.F.);
#5136=CARTESIAN_POINT('',(151.883958483,81.62329548,-1.6));
#5137=VERTEX_POINT('',#5136);
#5138=CARTESIAN_POINT('',(151.883958483,81.62329548,-1.6));
#5139=DIRECTION('',(0.,0.,-1.));
#5140=VECTOR('',#5139,0.4);
#5141=LINE('',#5138,#5140);
#5142=EDGE_CURVE('',#5137,#632,#5141,.T.);
#5143=ORIENTED_EDGE('',*,*,#5142,.F.);
#5144=CARTESIAN_POINT('',(151.883958483,81.62329548,-1.6));
#5145=DIRECTION('',(-0.009730292,0.99995266,-0.));
#5146=VECTOR('',#5145,1.646276268);
#5147=LINE('',#5144,#5146);
#5148=EDGE_CURVE('',#5137,#5113,#5147,.T.);
#5149=ORIENTED_EDGE('',*,*,#5148,.T.);
#5150=ORIENTED_EDGE('',*,*,#5118,.T.);
#5151=EDGE_LOOP('',(#5135,#5143,#5149,#5150));
#5152=FACE_BOUND('',#5151,.T.);
#5153=ADVANCED_FACE('',(#5152),#5134,.T.);
#5154=CARTESIAN_POINT('',(151.797844672,79.901000643,-1.6));
#5155=DIRECTION('',(-0.998752366,0.049937078,-0.));
#5156=DIRECTION('',(-0.049937078,-0.998752366,0.));
#5157=AXIS2_PLACEMENT_3D('',#5154,#5155,#5156);
#5158=PLANE('',#5157);
#5159=ORIENTED_EDGE('',*,*,#637,.F.);
#5160=CARTESIAN_POINT('',(151.711730862,78.178705806,-1.6));
#5161=VERTEX_POINT('',#5160);
#5162=CARTESIAN_POINT('',(151.711730862,78.178705806,-1.6));
#5163=DIRECTION('',(0.,0.,-1.));
#5164=VECTOR('',#5163,0.4);
#5165=LINE('',#5162,#5164);
#5166=EDGE_CURVE('',#5161,#624,#5165,.T.);
#5167=ORIENTED_EDGE('',*,*,#5166,.F.);
#5168=CARTESIAN_POINT('',(151.711730862,78.178705806,-1.6));
#5169=DIRECTION('',(0.049937078,0.998752366,0.));
#5170=VECTOR('',#5169,3.448892631);
#5171=LINE('',#5168,#5170);
#5172=EDGE_CURVE('',#5161,#5137,#5171,.T.);
#5173=ORIENTED_EDGE('',*,*,#5172,.T.);
#5174=ORIENTED_EDGE('',*,*,#5142,.T.);
#5175=EDGE_LOOP('',(#5159,#5167,#5173,#5174));
#5176=FACE_BOUND('',#5175,.T.);
#5177=ADVANCED_FACE('',(#5176),#5158,.T.);
#5178=CARTESIAN_POINT('',(150.440035963,78.250801349,-1.6));
#5179=DIRECTION('',(0.056601597,0.998396845,0.));
#5180=DIRECTION('',(-0.998396845,0.056601597,0.));
#5181=AXIS2_PLACEMENT_3D('',#5178,#5179,#5180);
#5182=PLANE('',#5181);
#5183=ORIENTED_EDGE('',*,*,#629,.F.);
#5184=CARTESIAN_POINT('',(149.168341064,78.322896892,-1.6));
#5185=VERTEX_POINT('',#5184);
#5186=CARTESIAN_POINT('',(149.168341064,78.322896892,-1.6));
#5187=DIRECTION('',(0.,0.,-1.));
#5188=VECTOR('',#5187,0.4);
#5189=LINE('',#5186,#5188);
#5190=EDGE_CURVE('',#5185,#616,#5189,.T.);
#5191=ORIENTED_EDGE('',*,*,#5190,.F.);
#5192=CARTESIAN_POINT('',(149.168341064,78.322896892,-1.6));
#5193=DIRECTION('',(0.998396845,-0.056601597,0.));
#5194=VECTOR('',#5193,2.547473794);
#5195=LINE('',#5192,#5194);
#5196=EDGE_CURVE('',#5185,#5161,#5195,.T.);
#5197=ORIENTED_EDGE('',*,*,#5196,.T.);
#5198=ORIENTED_EDGE('',*,*,#5166,.T.);
#5199=EDGE_LOOP('',(#5183,#5191,#5197,#5198));
#5200=FACE_BOUND('',#5199,.T.);
#5201=ADVANCED_FACE('',(#5200),#5182,.T.);
#5202=CARTESIAN_POINT('',(147.450050914,78.258810723,-1.6));
#5203=DIRECTION('',(-0.037270564,0.999305211,-0.));
#5204=DIRECTION('',(-0.999305211,-0.037270564,0.));
#5205=AXIS2_PLACEMENT_3D('',#5202,#5203,#5204);
#5206=PLANE('',#5205);
#5207=ORIENTED_EDGE('',*,*,#621,.F.);
#5208=CARTESIAN_POINT('',(145.731760764,78.194724554,-1.6));
#5209=VERTEX_POINT('',#5208);
#5210=CARTESIAN_POINT('',(145.731760764,78.194724554,-1.6));
#5211=DIRECTION('',(0.,0.,-1.));
#5212=VECTOR('',#5211,0.4);
#5213=LINE('',#5210,#5212);
#5214=EDGE_CURVE('',#5209,#608,#5213,.T.);
#5215=ORIENTED_EDGE('',*,*,#5214,.F.);
#5216=CARTESIAN_POINT('',(145.731760764,78.194724554,-1.6));
#5217=DIRECTION('',(0.999305211,0.037270564,0.));
#5218=VECTOR('',#5217,3.438969658);
#5219=LINE('',#5216,#5218);
#5220=EDGE_CURVE('',#5209,#5185,#5219,.T.);
#5221=ORIENTED_EDGE('',*,*,#5220,.T.);
#5222=ORIENTED_EDGE('',*,*,#5190,.T.);
#5223=EDGE_LOOP('',(#5207,#5215,#5221,#5222));
#5224=FACE_BOUND('',#5223,.T.);
#5225=ADVANCED_FACE('',(#5224),#5206,.T.);
#5226=CARTESIAN_POINT('',(145.775816047,79.087915057,-1.6));
#5227=DIRECTION('',(0.998785811,-0.049263613,0.));
#5228=DIRECTION('',(0.049263613,0.998785811,0.));
#5229=AXIS2_PLACEMENT_3D('',#5226,#5227,#5228);
#5230=PLANE('',#5229);
#5231=ORIENTED_EDGE('',*,*,#613,.F.);
#5232=CARTESIAN_POINT('',(145.81987133,79.98110556,-1.6));
#5233=VERTEX_POINT('',#5232);
#5234=CARTESIAN_POINT('',(145.81987133,79.98110556,-1.6));
#5235=DIRECTION('',(0.,0.,-1.));
#5236=VECTOR('',#5235,0.4);
#5237=LINE('',#5234,#5236);
#5238=EDGE_CURVE('',#5233,#600,#5237,.T.);
#5239=ORIENTED_EDGE('',*,*,#5238,.F.);
#5240=CARTESIAN_POINT('',(145.81987133,79.98110556,-1.6));
#5241=DIRECTION('',(-0.049263613,-0.998785811,-0.));
#5242=VECTOR('',#5241,1.788552647);
#5243=LINE('',#5240,#5242);
#5244=EDGE_CURVE('',#5233,#5209,#5243,.T.);
#5245=ORIENTED_EDGE('',*,*,#5244,.T.);
#5246=ORIENTED_EDGE('',*,*,#5214,.T.);
#5247=EDGE_LOOP('',(#5231,#5239,#5245,#5246));
#5248=FACE_BOUND('',#5247,.T.);
#5249=ADVANCED_FACE('',(#5248),#5230,.T.);
#5250=CARTESIAN_POINT('',(145.795843208,80.89632743,-1.6));
#5251=DIRECTION('',(0.999655545,0.026244834,0.));
#5252=DIRECTION('',(-0.026244834,0.999655545,-0.));
#5253=AXIS2_PLACEMENT_3D('',#5250,#5251,#5252);
#5254=PLANE('',#5253);
#5255=ORIENTED_EDGE('',*,*,#605,.F.);
#5256=CARTESIAN_POINT('',(145.771815085,81.8115493,-1.6));
#5257=VERTEX_POINT('',#5256);
#5258=CARTESIAN_POINT('',(145.771815085,81.8115493,-1.6));
#5259=DIRECTION('',(0.,0.,-1.));
#5260=VECTOR('',#5259,0.4);
#5261=LINE('',#5258,#5260);
#5262=EDGE_CURVE('',#5257,#591,#5261,.T.);
#5263=ORIENTED_EDGE('',*,*,#5262,.F.);
#5264=CARTESIAN_POINT('',(145.771815085,81.8115493,-1.6));
#5265=DIRECTION('',(0.026244834,-0.999655545,0.));
#5266=VECTOR('',#5265,1.831074463);
#5267=LINE('',#5264,#5266);
#5268=EDGE_CURVE('',#5257,#5233,#5267,.T.);
#5269=ORIENTED_EDGE('',*,*,#5268,.T.);
#5270=ORIENTED_EDGE('',*,*,#5238,.T.);
#5271=EDGE_LOOP('',(#5255,#5263,#5269,#5270));
#5272=FACE_BOUND('',#5271,.T.);
#5273=ADVANCED_FACE('',(#5272),#5254,.T.);
#5274=CARTESIAN_POINT('',(145.719735527,83.145322436,-1.6));
#5275=CARTESIAN_POINT('',(145.719735527,83.145322436,-2.));
#5276=CARTESIAN_POINT('',(145.7437711,82.702072495,-1.6));
#5277=CARTESIAN_POINT('',(145.7437711,82.702072495,-2.));
#5278=CARTESIAN_POINT('',(145.761130953,82.257473999,-1.6));
#5279=CARTESIAN_POINT('',(145.761130953,82.257473999,-2.));
#5280=CARTESIAN_POINT('',(145.771815085,81.8115493,-1.6));
#5281=CARTESIAN_POINT('',(145.771815085,81.8115493,-2.));
#5282=B_SPLINE_SURFACE_WITH_KNOTS('',3,1,((#5274,#5275),(#5276,#5277),(#5278,#5279),(#5280,#5281)),.UNSPECIFIED.,.F.,.F.,.U.,(4,4),(2,2),(0.929712286,1.),(0.,1.),.UNSPECIFIED.);
#5283=ORIENTED_EDGE('',*,*,#597,.F.);
#5284=CARTESIAN_POINT('',(145.719735527,83.145322436,-1.6));
#5285=VERTEX_POINT('',#5284);
#5286=CARTESIAN_POINT('',(145.719735527,83.145322436,-1.6));
#5287=DIRECTION('',(0.,0.,-1.));
#5288=VECTOR('',#5287,0.4);
#5289=LINE('',#5286,#5288);
#5290=EDGE_CURVE('',#5285,#579,#5289,.T.);
#5291=ORIENTED_EDGE('',*,*,#5290,.F.);
#5292=CARTESIAN_POINT('',(145.719735527,83.145322436,-1.6));
#5293=CARTESIAN_POINT('',(145.7437711,82.702072495,-1.6));
#5294=CARTESIAN_POINT('',(145.761130953,82.257473999,-1.6));
#5295=CARTESIAN_POINT('',(145.771815085,81.8115493,-1.6));
#5296=B_SPLINE_CURVE_WITH_KNOTS('',3,(#5292,#5293,#5294,#5295),.UNSPECIFIED.,.F.,.F.,(4,4),(0.929712286,1.),.UNSPECIFIED.);
#5297=EDGE_CURVE('',#5285,#5257,#5296,.T.);
#5298=ORIENTED_EDGE('',*,*,#5297,.T.);
#5299=ORIENTED_EDGE('',*,*,#5262,.T.);
#5300=EDGE_LOOP('',(#5283,#5291,#5298,#5299));
#5301=FACE_BOUND('',#5300,.T.);
#5302=ADVANCED_FACE('',(#5301),#5282,.T.);
#5303=CARTESIAN_POINT('',(145.723743939,83.383644158,-1.6));
#5304=CARTESIAN_POINT('',(145.723743939,83.383644158,-2.));
#5305=CARTESIAN_POINT('',(145.718409324,83.366291755,-1.6));
#5306=CARTESIAN_POINT('',(145.718409324,83.366291755,-2.));
#5307=CARTESIAN_POINT('',(145.715742016,83.342926735,-1.6));
#5308=CARTESIAN_POINT('',(145.715742016,83.342926735,-2.));
#5309=CARTESIAN_POINT('',(145.715742016,83.313549095,-1.6));
#5310=CARTESIAN_POINT('',(145.715742016,83.313549095,-2.));
#5311=CARTESIAN_POINT('',(145.715742016,83.297530347,-1.6));
#5312=CARTESIAN_POINT('',(145.715742016,83.297530347,-2.));
#5313=CARTESIAN_POINT('',(145.717068219,83.241457278,-1.6));
#5314=CARTESIAN_POINT('',(145.717068219,83.241457278,-2.));
#5315=CARTESIAN_POINT('',(145.719735527,83.145322436,-1.6));
#5316=CARTESIAN_POINT('',(145.719735527,83.145322436,-2.));
#5317=B_SPLINE_SURFACE_WITH_KNOTS('',3,1,((#5303,#5304),(#5305,#5306),(#5307,#5308),(#5309,#5310),(#5311,#5312),(#5313,#5314),(#5315,#5316)),.UNSPECIFIED.,.F.,.F.,.U.,(4,3,4),(2,2),(0.886557021,0.914484349,0.929712286),(0.,1.),.UNSPECIFIED.);
#5318=ORIENTED_EDGE('',*,*,#588,.F.);
#5319=CARTESIAN_POINT('',(145.723743939,83.383644158,-1.6));
#5320=VERTEX_POINT('',#5319);
#5321=CARTESIAN_POINT('',(145.723743939,83.383644158,-1.6));
#5322=DIRECTION('',(0.,0.,-1.));
#5323=VECTOR('',#5322,0.4);
#5324=LINE('',#5321,#5323);
#5325=EDGE_CURVE('',#5320,#570,#5324,.T.);
#5326=ORIENTED_EDGE('',*,*,#5325,.F.);
#5327=CARTESIAN_POINT('',(145.723743939,83.383644158,-1.6));
#5328=CARTESIAN_POINT('',(145.718409324,83.366291755,-1.6));
#5329=CARTESIAN_POINT('',(145.715742016,83.342926735,-1.6));
#5330=CARTESIAN_POINT('',(145.715742016,83.313549095,-1.6));
#5331=CARTESIAN_POINT('',(145.715742016,83.297530347,-1.6));
#5332=CARTESIAN_POINT('',(145.717068219,83.241457278,-1.6));
#5333=CARTESIAN_POINT('',(145.719735527,83.145322436,-1.6));
#5334=B_SPLINE_CURVE_WITH_KNOTS('',3,(#5327,#5328,#5329,#5330,#5331,#5332,#5333),.UNSPECIFIED.,.F.,.F.,(4,3,4),(0.886557021,0.914484349,0.929712286),.UNSPECIFIED.);
#5335=EDGE_CURVE('',#5320,#5285,#5334,.T.);
#5336=ORIENTED_EDGE('',*,*,#5335,.T.);
#5337=ORIENTED_EDGE('',*,*,#5290,.T.);
#5338=EDGE_LOOP('',(#5318,#5326,#5336,#5337));
#5339=FACE_BOUND('',#5338,.T.);
#5340=ADVANCED_FACE('',(#5339),#5317,.T.);
#5341=CARTESIAN_POINT('',(145.755796337,83.441721433,-1.6));
#5342=CARTESIAN_POINT('',(145.755796337,83.441721433,-2.));
#5343=CARTESIAN_POINT('',(145.739762688,83.420360619,-1.6));
#5344=CARTESIAN_POINT('',(145.739762688,83.420360619,-2.));
#5345=CARTESIAN_POINT('',(145.729093456,83.40099656,-1.6));
#5346=CARTESIAN_POINT('',(145.729093456,83.40099656,-2.));
#5347=CARTESIAN_POINT('',(145.723743939,83.383644158,-1.6));
#5348=CARTESIAN_POINT('',(145.723743939,83.383644158,-2.));
#5349=B_SPLINE_SURFACE_WITH_KNOTS('',3,1,((#5341,#5342),(#5343,#5344),(#5345,#5346),(#5347,#5348)),.UNSPECIFIED.,.F.,.F.,.U.,(4,4),(2,2),(0.858622948,0.886557021),(0.,1.),.UNSPECIFIED.);
#5350=ORIENTED_EDGE('',*,*,#576,.F.);
#5351=CARTESIAN_POINT('',(145.755796337,83.441721433,-1.6));
#5352=VERTEX_POINT('',#5351);
#5353=CARTESIAN_POINT('',(145.755796337,83.441721433,-1.6));
#5354=DIRECTION('',(0.,0.,-1.));
#5355=VECTOR('',#5354,0.4);
#5356=LINE('',#5353,#5355);
#5357=EDGE_CURVE('',#5352,#558,#5356,.T.);
#5358=ORIENTED_EDGE('',*,*,#5357,.F.);
#5359=CARTESIAN_POINT('',(145.755796337,83.441721433,-1.6));
#5360=CARTESIAN_POINT('',(145.739762688,83.420360619,-1.6));
#5361=CARTESIAN_POINT('',(145.729093456,83.40099656,-1.6));
#5362=CARTESIAN_POINT('',(145.723743939,83.383644158,-1.6));
#5363=B_SPLINE_CURVE_WITH_KNOTS('',3,(#5359,#5360,#5361,#5362),.UNSPECIFIED.,.F.,.F.,(4,4),(0.858622948,0.886557021),.UNSPECIFIED.);
#5364=EDGE_CURVE('',#5352,#5320,#5363,.T.);
#5365=ORIENTED_EDGE('',*,*,#5364,.T.);
#5366=ORIENTED_EDGE('',*,*,#5325,.T.);
#5367=EDGE_LOOP('',(#5350,#5358,#5365,#5366));
#5368=FACE_BOUND('',#5367,.T.);
#5369=ADVANCED_FACE('',(#5368),#5349,.T.);
#5370=CARTESIAN_POINT('',(147.353916073,83.369629616,-1.6));
#5371=CARTESIAN_POINT('',(147.353916073,83.369629616,-2.));
#5372=CARTESIAN_POINT('',(147.062866592,83.369629616,-1.6));
#5373=CARTESIAN_POINT('',(147.062866592,83.369629616,-2.));
#5374=CARTESIAN_POINT('',(146.784498,83.375634784,-1.6));
#5375=CARTESIAN_POINT('',(146.784498,83.375634784,-2.));
#5376=CARTESIAN_POINT('',(146.518810296,83.38765257,-1.6));
#5377=CARTESIAN_POINT('',(146.518810296,83.38765257,-2.));
#5378=CARTESIAN_POINT('',(146.253122592,83.399670357,-1.6));
#5379=CARTESIAN_POINT('',(146.253122592,83.399670357,-2.));
#5380=CARTESIAN_POINT('',(145.998774672,83.41768586,-1.6));
#5381=CARTESIAN_POINT('',(145.998774672,83.41768586,-2.));
#5382=CARTESIAN_POINT('',(145.755796337,83.441721433,-1.6));
#5383=CARTESIAN_POINT('',(145.755796337,83.441721433,-2.));
#5384=B_SPLINE_SURFACE_WITH_KNOTS('',3,1,((#5370,#5371),(#5372,#5373),(#5374,#5375),(#5376,#5377),(#5378,#5379),(#5380,#5381),(#5382,#5383)),.UNSPECIFIED.,.F.,.F.,.U.,(4,3,4),(2,2),(0.347893089,0.603258019,0.858622948),(0.,1.),.UNSPECIFIED.);
#5385=ORIENTED_EDGE('',*,*,#567,.F.);
#5386=CARTESIAN_POINT('',(147.353916073,83.369629616,-1.6));
#5387=VERTEX_POINT('',#5386);
#5388=CARTESIAN_POINT('',(147.353916073,83.369629616,-1.6));
#5389=DIRECTION('',(0.,0.,-1.));
#5390=VECTOR('',#5389,0.4);
#5391=LINE('',#5388,#5390);
#5392=EDGE_CURVE('',#5387,#549,#5391,.T.);
#5393=ORIENTED_EDGE('',*,*,#5392,.F.);
#5394=CARTESIAN_POINT('',(147.353916073,83.369629616,-1.6));
#5395=CARTESIAN_POINT('',(147.062866592,83.369629616,-1.6));
#5396=CARTESIAN_POINT('',(146.784498,83.375634784,-1.6));
#5397=CARTESIAN_POINT('',(146.518810296,83.38765257,-1.6));
#5398=CARTESIAN_POINT('',(146.253122592,83.399670357,-1.6));
#5399=CARTESIAN_POINT('',(145.998774672,83.41768586,-1.6));
#5400=CARTESIAN_POINT('',(145.755796337,83.441721433,-1.6));
#5401=B_SPLINE_CURVE_WITH_KNOTS('',3,(#5394,#5395,#5396,#5397,#5398,#5399,#5400),.UNSPECIFIED.,.F.,.F.,(4,3,4),(0.347893089,0.603258019,0.858622948),.UNSPECIFIED.);
#5402=EDGE_CURVE('',#5387,#5352,#5401,.T.);
#5403=ORIENTED_EDGE('',*,*,#5402,.T.);
#5404=ORIENTED_EDGE('',*,*,#5357,.T.);
#5405=EDGE_LOOP('',(#5385,#5393,#5403,#5404));
#5406=FACE_BOUND('',#5405,.T.);
#5407=ADVANCED_FACE('',(#5406),#5384,.T.);
#5408=CARTESIAN_POINT('',(147.317870164,82.192057902,-1.6));
#5409=CARTESIAN_POINT('',(147.317870164,82.192057902,-2.));
#5410=CARTESIAN_POINT('',(147.325886989,82.779506379,-1.6));
#5411=CARTESIAN_POINT('',(147.325886989,82.779506379,-2.));
#5412=CARTESIAN_POINT('',(147.337897325,83.172025317,-1.6));
#5413=CARTESIAN_POINT('',(147.337897325,83.172025317,-2.));
#5414=CARTESIAN_POINT('',(147.353916073,83.369629616,-1.6));
#5415=CARTESIAN_POINT('',(147.353916073,83.369629616,-2.));
#5416=B_SPLINE_SURFACE_WITH_KNOTS('',3,1,((#5408,#5409),(#5410,#5411),(#5412,#5413),(#5414,#5415)),.UNSPECIFIED.,.F.,.F.,.U.,(4,4),(2,2),(0.173947617,0.347893089),(0.,1.),.UNSPECIFIED.);
#5417=ORIENTED_EDGE('',*,*,#555,.F.);
#5418=CARTESIAN_POINT('',(147.317870164,82.192057902,-1.6));
#5419=VERTEX_POINT('',#5418);
#5420=CARTESIAN_POINT('',(147.317870164,82.192057902,-1.6));
#5421=DIRECTION('',(0.,0.,-1.));
#5422=VECTOR('',#5421,0.4);
#5423=LINE('',#5420,#5422);
#5424=EDGE_CURVE('',#5419,#540,#5423,.T.);
#5425=ORIENTED_EDGE('',*,*,#5424,.F.);
#5426=CARTESIAN_POINT('',(147.317870164,82.192057902,-1.6));
#5427=CARTESIAN_POINT('',(147.325886989,82.779506379,-1.6));
#5428=CARTESIAN_POINT('',(147.337897325,83.172025317,-1.6));
#5429=CARTESIAN_POINT('',(147.353916073,83.369629616,-1.6));
#5430=B_SPLINE_CURVE_WITH_KNOTS('',3,(#5426,#5427,#5428,#5429),.UNSPECIFIED.,.F.,.F.,(4,4),(0.173947617,0.347893089),.UNSPECIFIED.);
#5431=EDGE_CURVE('',#5419,#5387,#5430,.T.);
#5432=ORIENTED_EDGE('',*,*,#5431,.T.);
#5433=ORIENTED_EDGE('',*,*,#5392,.T.);
#5434=EDGE_LOOP('',(#5417,#5425,#5432,#5433));
#5435=FACE_BOUND('',#5434,.T.);
#5436=ADVANCED_FACE('',(#5435),#5416,.T.);
#5437=CARTESIAN_POINT('',(147.305859828,79.832913512,-1.6));
#5438=CARTESIAN_POINT('',(147.305859828,79.832913512,-2.));
#5439=CARTESIAN_POINT('',(147.305859828,80.818222994,-1.6));
#5440=CARTESIAN_POINT('',(147.305859828,80.818222994,-2.));
#5441=CARTESIAN_POINT('',(147.30986824,81.604601973,-1.6));
#5442=CARTESIAN_POINT('',(147.30986824,81.604601973,-2.));
#5443=CARTESIAN_POINT('',(147.317870164,82.192057902,-1.6));
#5444=CARTESIAN_POINT('',(147.317870164,82.192057902,-2.));
#5445=B_SPLINE_SURFACE_WITH_KNOTS('',3,1,((#5437,#5438),(#5439,#5440),(#5441,#5442),(#5443,#5444)),.UNSPECIFIED.,.F.,.F.,.U.,(4,4),(2,2),(0.,0.173947617),(0.,1.),.UNSPECIFIED.);
#5446=ORIENTED_EDGE('',*,*,#546,.F.);
#5447=CARTESIAN_POINT('',(147.305859828,79.832913512,-1.6));
#5448=VERTEX_POINT('',#5447);
#5449=CARTESIAN_POINT('',(147.305859828,79.832913512,-1.6));
#5450=DIRECTION('',(0.,0.,-1.));
#5451=VECTOR('',#5450,0.4);
#5452=LINE('',#5449,#5451);
#5453=EDGE_CURVE('',#5448,#532,#5452,.T.);
#5454=ORIENTED_EDGE('',*,*,#5453,.F.);
#5455=CARTESIAN_POINT('',(147.305859828,79.832913512,-1.6));
#5456=CARTESIAN_POINT('',(147.305859828,80.818222994,-1.6));
#5457=CARTESIAN_POINT('',(147.30986824,81.604601973,-1.6));
#5458=CARTESIAN_POINT('',(147.317870164,82.192057902,-1.6));
#5459=B_SPLINE_CURVE_WITH_KNOTS('',3,(#5455,#5456,#5457,#5458),.UNSPECIFIED.,.F.,.F.,(4,4),(0.,0.173947617),.UNSPECIFIED.);
#5460=EDGE_CURVE('',#5448,#5419,#5459,.T.);
#5461=ORIENTED_EDGE('',*,*,#5460,.T.);
#5462=ORIENTED_EDGE('',*,*,#5424,.T.);
#5463=EDGE_LOOP('',(#5446,#5454,#5461,#5462));
#5464=FACE_BOUND('',#5463,.T.);
#5465=ADVANCED_FACE('',(#5464),#5445,.T.);
#5466=CARTESIAN_POINT('',(147.305859828,79.738786602,-1.6));
#5467=DIRECTION('',(-1.,0.,-0.));
#5468=DIRECTION('',(-0.,0.,1.));
#5469=AXIS2_PLACEMENT_3D('',#5466,#5467,#5468);
#5470=PLANE('',#5469);
#5471=ORIENTED_EDGE('',*,*,#537,.F.);
#5472=CARTESIAN_POINT('',(147.305859828,79.644659692,-1.6));
#5473=VERTEX_POINT('',#5472);
#5474=CARTESIAN_POINT('',(147.305859828,79.644659692,-1.6));
#5475=DIRECTION('',(0.,0.,-1.));
#5476=VECTOR('',#5475,0.4);
#5477=LINE('',#5474,#5476);
#5478=EDGE_CURVE('',#5473,#524,#5477,.T.);
#5479=ORIENTED_EDGE('',*,*,#5478,.F.);
#5480=CARTESIAN_POINT('',(147.305859828,79.644659692,-1.6));
#5481=DIRECTION('',(0.,1.,0.));
#5482=VECTOR('',#5481,0.18825382);
#5483=LINE('',#5480,#5482);
#5484=EDGE_CURVE('',#5473,#5448,#5483,.T.);
#5485=ORIENTED_EDGE('',*,*,#5484,.T.);
#5486=ORIENTED_EDGE('',*,*,#5453,.T.);
#5487=EDGE_LOOP('',(#5471,#5479,#5485,#5486));
#5488=FACE_BOUND('',#5487,.T.);
#5489=ADVANCED_FACE('',(#5488),#5470,.T.);
#5490=CARTESIAN_POINT('',(147.764472866,79.644659692,-1.6));
#5491=DIRECTION('',(0.,-1.,0.));
#5492=DIRECTION('',(0.,0.,-1.));
#5493=AXIS2_PLACEMENT_3D('',#5490,#5491,#5492);
#5494=PLANE('',#5493);
#5495=ORIENTED_EDGE('',*,*,#529,.F.);
#5496=CARTESIAN_POINT('',(148.223085904,79.644659692,-1.6));
#5497=VERTEX_POINT('',#5496);
#5498=CARTESIAN_POINT('',(148.223085904,79.644659692,-1.6));
#5499=DIRECTION('',(0.,0.,-1.));
#5500=VECTOR('',#5499,0.4);
#5501=LINE('',#5498,#5500);
#5502=EDGE_CURVE('',#5497,#516,#5501,.T.);
#5503=ORIENTED_EDGE('',*,*,#5502,.F.);
#5504=CARTESIAN_POINT('',(148.223085904,79.644659692,-1.6));
#5505=DIRECTION('',(-1.,0.,-0.));
#5506=VECTOR('',#5505,0.917226076);
#5507=LINE('',#5504,#5506);
#5508=EDGE_CURVE('',#5497,#5473,#5507,.T.);
#5509=ORIENTED_EDGE('',*,*,#5508,.T.);
#5510=ORIENTED_EDGE('',*,*,#5478,.T.);
#5511=EDGE_LOOP('',(#5495,#5503,#5509,#5510));
#5512=FACE_BOUND('',#5511,.T.);
#5513=ADVANCED_FACE('',(#5512),#5494,.T.);
#5514=CARTESIAN_POINT('',(148.285164142,80.277504557,-1.6));
#5515=DIRECTION('',(0.995223236,-0.097625355,0.));
#5516=DIRECTION('',(0.097625355,0.995223236,-0.));
#5517=AXIS2_PLACEMENT_3D('',#5514,#5515,#5516);
#5518=PLANE('',#5517);
#5519=ORIENTED_EDGE('',*,*,#521,.F.);
#5520=ORIENTED_EDGE('',*,*,#4911,.F.);
#5521=CARTESIAN_POINT('',(148.347242379,80.910349423,-1.6));
#5522=DIRECTION('',(-0.097625355,-0.995223236,-0.));
#5523=VECTOR('',#5522,1.27176465);
#5524=LINE('',#5521,#5523);
#5525=EDGE_CURVE('',#4900,#5497,#5524,.T.);
#5526=ORIENTED_EDGE('',*,*,#5525,.T.);
#5527=ORIENTED_EDGE('',*,*,#5502,.T.);
#5528=EDGE_LOOP('',(#5519,#5520,#5526,#5527));
#5529=FACE_BOUND('',#5528,.T.);
#5530=ADVANCED_FACE('',(#5529),#5518,.T.);
#5531=CARTESIAN_POINT('',(148.899986053,88.150000358,-1.6));
#5532=DIRECTION('',(0.,0.,-1.));
#5533=DIRECTION('',(0.,1.,0.));
#5534=AXIS2_PLACEMENT_3D('',#5531,#5532,#5533);
#5535=PLANE('',#5534);
#5536=ORIENTED_EDGE('',*,*,#4905,.F.);
#5537=ORIENTED_EDGE('',*,*,#4934,.F.);
#5538=ORIENTED_EDGE('',*,*,#4981,.F.);
#5539=ORIENTED_EDGE('',*,*,#5028,.F.);
#5540=ORIENTED_EDGE('',*,*,#5052,.F.);
#5541=ORIENTED_EDGE('',*,*,#5076,.F.);
#5542=ORIENTED_EDGE('',*,*,#5100,.F.);
#5543=ORIENTED_EDGE('',*,*,#5124,.F.);
#5544=ORIENTED_EDGE('',*,*,#5148,.F.);
#5545=ORIENTED_EDGE('',*,*,#5172,.F.);
#5546=ORIENTED_EDGE('',*,*,#5196,.F.);
#5547=ORIENTED_EDGE('',*,*,#5220,.F.);
#5548=ORIENTED_EDGE('',*,*,#5244,.F.);
#5549=ORIENTED_EDGE('',*,*,#5268,.F.);
#5550=ORIENTED_EDGE('',*,*,#5297,.F.);
#5551=ORIENTED_EDGE('',*,*,#5335,.F.);
#5552=ORIENTED_EDGE('',*,*,#5364,.F.);
#5553=ORIENTED_EDGE('',*,*,#5402,.F.);
#5554=ORIENTED_EDGE('',*,*,#5431,.F.);
#5555=ORIENTED_EDGE('',*,*,#5460,.F.);
#5556=ORIENTED_EDGE('',*,*,#5484,.F.);
#5557=ORIENTED_EDGE('',*,*,#5508,.F.);
#5558=ORIENTED_EDGE('',*,*,#5525,.F.);
#5559=EDGE_LOOP('',(#5536,#5537,#5538,#5539,#5540,#5541,#5542,#5543,#5544,#5545,#5546,#5547,#5548,#5549,#5550,#5551,#5552,#5553,#5554,#5555,#5556,#5557,#5558));
#5560=FACE_BOUND('',#5559,.T.);
#5561=ADVANCED_FACE('',(#5560),#5535,.T.);
#5562=CARTESIAN_POINT('',(148.283152485,91.856943601,-1.6));
#5563=CARTESIAN_POINT('',(148.283152485,91.856943601,-2.));
#5564=CARTESIAN_POINT('',(148.018805885,92.070559198,-1.6));
#5565=CARTESIAN_POINT('',(148.018805885,92.070559198,-2.));
#5566=CARTESIAN_POINT('',(147.648973966,92.177370721,-1.6));
#5567=CARTESIAN_POINT('',(147.648973966,92.177370721,-2.));
#5568=CARTESIAN_POINT('',(147.173686528,92.177370721,-1.6));
#5569=CARTESIAN_POINT('',(147.173686528,92.177370721,-2.));
#5570=B_SPLINE_SURFACE_WITH_KNOTS('',3,1,((#5562,#5563),(#5564,#5565),(#5566,#5567),(#5568,#5569)),.UNSPECIFIED.,.F.,.F.,.U.,(4,4),(2,2),(0.879572985,1.),(0.,1.),.UNSPECIFIED.);
#5571=ORIENTED_EDGE('',*,*,#1310,.F.);
#5572=CARTESIAN_POINT('',(148.283152485,91.856943601,-1.6));
#5573=VERTEX_POINT('',#5572);
#5574=CARTESIAN_POINT('',(148.283152485,91.856943601,-1.6));
#5575=DIRECTION('',(0.,0.,-1.));
#5576=VECTOR('',#5575,0.4);
#5577=LINE('',#5574,#5576);
#5578=EDGE_CURVE('',#5573,#1302,#5577,.T.);
#5579=ORIENTED_EDGE('',*,*,#5578,.F.);
#5580=CARTESIAN_POINT('',(147.173686528,92.177370721,-1.6));
#5581=VERTEX_POINT('',#5580);
#5582=CARTESIAN_POINT('',(148.283152485,91.856943601,-1.6));
#5583=CARTESIAN_POINT('',(148.018805885,92.070559198,-1.6));
#5584=CARTESIAN_POINT('',(147.648973966,92.177370721,-1.6));
#5585=CARTESIAN_POINT('',(147.173686528,92.177370721,-1.6));
#5586=B_SPLINE_CURVE_WITH_KNOTS('',3,(#5582,#5583,#5584,#5585),.UNSPECIFIED.,.F.,.F.,(4,4),(0.879572985,1.),.UNSPECIFIED.);
#5587=EDGE_CURVE('',#5573,#5581,#5586,.T.);
#5588=ORIENTED_EDGE('',*,*,#5587,.T.);
#5589=CARTESIAN_POINT('',(147.173686528,92.177370721,-1.6));
#5590=DIRECTION('',(0.,0.,-1.));
#5591=VECTOR('',#5590,0.4);
#5592=LINE('',#5589,#5591);
#5593=EDGE_CURVE('',#5581,#1304,#5592,.T.);
#5594=ORIENTED_EDGE('',*,*,#5593,.T.);
#5595=EDGE_LOOP('',(#5571,#5579,#5588,#5594));
#5596=FACE_BOUND('',#5595,.T.);
#5597=ADVANCED_FACE('',(#5596),#5570,.T.);
#5598=CARTESIAN_POINT('',(148.771806264,90.887652868,-1.6));
#5599=CARTESIAN_POINT('',(148.771806264,90.887652868,-2.));
#5600=CARTESIAN_POINT('',(148.710398579,91.320226127,-1.6));
#5601=CARTESIAN_POINT('',(148.710398579,91.320226127,-2.));
#5602=CARTESIAN_POINT('',(148.547513986,91.643320554,-1.6));
#5603=CARTESIAN_POINT('',(148.547513986,91.643320554,-2.));
#5604=CARTESIAN_POINT('',(148.283152485,91.856943601,-1.6));
#5605=CARTESIAN_POINT('',(148.283152485,91.856943601,-2.));
#5606=B_SPLINE_SURFACE_WITH_KNOTS('',3,1,((#5598,#5599),(#5600,#5601),(#5602,#5603),(#5604,#5605)),.UNSPECIFIED.,.F.,.F.,.U.,(4,4),(2,2),(0.759140204,0.879572985),(0.,1.),.UNSPECIFIED.);
#5607=ORIENTED_EDGE('',*,*,#1461,.F.);
#5608=CARTESIAN_POINT('',(148.771806264,90.887652868,-1.6));
#5609=VERTEX_POINT('',#5608);
#5610=CARTESIAN_POINT('',(148.771806264,90.887652868,-1.6));
#5611=DIRECTION('',(0.,0.,-1.));
#5612=VECTOR('',#5611,0.4);
#5613=LINE('',#5610,#5612);
#5614=EDGE_CURVE('',#5609,#1448,#5613,.T.);
#5615=ORIENTED_EDGE('',*,*,#5614,.F.);
#5616=CARTESIAN_POINT('',(148.771806264,90.887652868,-1.6));
#5617=CARTESIAN_POINT('',(148.710398579,91.320226127,-1.6));
#5618=CARTESIAN_POINT('',(148.547513986,91.643320554,-1.6));
#5619=CARTESIAN_POINT('',(148.283152485,91.856943601,-1.6));
#5620=B_SPLINE_CURVE_WITH_KNOTS('',3,(#5616,#5617,#5618,#5619),.UNSPECIFIED.,.F.,.F.,(4,4),(0.759140204,0.879572985),.UNSPECIFIED.);
#5621=EDGE_CURVE('',#5609,#5573,#5620,.T.);
#5622=ORIENTED_EDGE('',*,*,#5621,.T.);
#5623=ORIENTED_EDGE('',*,*,#5578,.T.);
#5624=EDGE_LOOP('',(#5607,#5615,#5622,#5623));
#5625=FACE_BOUND('',#5624,.T.);
#5626=ADVANCED_FACE('',(#5625),#5606,.T.);
#5627=CARTESIAN_POINT('',(149.28649237,91.927038662,-1.6));
#5628=CARTESIAN_POINT('',(149.28649237,91.927038662,-2.));
#5629=CARTESIAN_POINT('',(149.020804667,91.682711773,-1.6));
#5630=CARTESIAN_POINT('',(149.020804667,91.682711773,-2.));
#5631=CARTESIAN_POINT('',(148.849247598,91.336244874,-1.6));
#5632=CARTESIAN_POINT('',(148.849247598,91.336244874,-2.));
#5633=CARTESIAN_POINT('',(148.771806264,90.887652868,-1.6));
#5634=CARTESIAN_POINT('',(148.771806264,90.887652868,-2.));
#5635=B_SPLINE_SURFACE_WITH_KNOTS('',3,1,((#5627,#5628),(#5629,#5630),(#5631,#5632),(#5633,#5634)),.UNSPECIFIED.,.F.,.F.,.U.,(4,4),(2,2),(0.633658364,0.759140204),(0.,1.),.UNSPECIFIED.);
#5636=ORIENTED_EDGE('',*,*,#1454,.F.);
#5637=CARTESIAN_POINT('',(149.286492372,91.927038664,-1.6));
#5638=VERTEX_POINT('',#5637);
#5639=CARTESIAN_POINT('',(149.286492372,91.927038664,-1.6));
#5640=DIRECTION('',(0.,0.,-1.));
#5641=VECTOR('',#5640,0.4);
#5642=LINE('',#5639,#5641);
#5643=EDGE_CURVE('',#5638,#1436,#5642,.T.);
#5644=ORIENTED_EDGE('',*,*,#5643,.F.);
#5645=CARTESIAN_POINT('',(149.286492372,91.927038664,-1.6));
#5646=CARTESIAN_POINT('',(149.020804667,91.682711774,-1.6));
#5647=CARTESIAN_POINT('',(148.849247599,91.336244875,-1.6));
#5648=CARTESIAN_POINT('',(148.771806264,90.887652868,-1.6));
#5649=B_SPLINE_CURVE_WITH_KNOTS('',3,(#5645,#5646,#5647,#5648),.UNSPECIFIED.,.F.,.F.,(4,4),(0.633658364,0.759140204),.UNSPECIFIED.);
#5650=EDGE_CURVE('',#5638,#5609,#5649,.T.);
#5651=ORIENTED_EDGE('',*,*,#5650,.T.);
#5652=ORIENTED_EDGE('',*,*,#5614,.T.);
#5653=EDGE_LOOP('',(#5636,#5644,#5651,#5652));
#5654=FACE_BOUND('',#5653,.T.);
#5655=ADVANCED_FACE('',(#5654),#5635,.T.);
#5656=CARTESIAN_POINT('',(151.549516821,91.644661659,-1.6));
#5657=CARTESIAN_POINT('',(151.549516821,91.644661659,-2.));
#5658=CARTESIAN_POINT('',(151.289163733,92.077234918,-1.6));
#5659=CARTESIAN_POINT('',(151.289163733,92.077234918,-2.));
#5660=CARTESIAN_POINT('',(150.87194612,92.293525273,-1.6));
#5661=CARTESIAN_POINT('',(150.87194612,92.293525273,-2.));
#5662=CARTESIAN_POINT('',(150.297849083,92.293525273,-1.6));
#5663=CARTESIAN_POINT('',(150.297849083,92.293525273,-2.));
#5664=CARTESIAN_POINT('',(149.889303946,92.293525273,-1.6));
#5665=CARTESIAN_POINT('',(149.889303946,92.293525273,-2.));
#5666=CARTESIAN_POINT('',(149.552180076,92.171358103,-1.6));
#5667=CARTESIAN_POINT('',(149.552180076,92.171358103,-2.));
#5668=CARTESIAN_POINT('',(149.286492372,91.927038664,-1.6));
#5669=CARTESIAN_POINT('',(149.286492372,91.927038664,-2.));
#5670=B_SPLINE_SURFACE_WITH_KNOTS('',3,1,((#5656,#5657),(#5658,#5659),(#5660,#5661),(#5662,#5663),(#5664,#5665),(#5666,#5667),(#5668,#5669)),.UNSPECIFIED.,.F.,.F.,.U.,(4,3,4),(2,2),(0.331850767,0.508178276,0.633658364),(0.,1.),.UNSPECIFIED.);
#5671=ORIENTED_EDGE('',*,*,#1445,.F.);
#5672=CARTESIAN_POINT('',(151.549516821,91.644661659,-1.6));
#5673=VERTEX_POINT('',#5672);
#5674=CARTESIAN_POINT('',(151.549516821,91.644661659,-1.6));
#5675=DIRECTION('',(0.,0.,-1.));
#5676=VECTOR('',#5675,0.4);
#5677=LINE('',#5674,#5676);
#5678=EDGE_CURVE('',#5673,#1424,#5677,.T.);
#5679=ORIENTED_EDGE('',*,*,#5678,.F.);
#5680=CARTESIAN_POINT('',(151.549516821,91.644661659,-1.6));
#5681=CARTESIAN_POINT('',(151.289163733,92.077234918,-1.6));
#5682=CARTESIAN_POINT('',(150.87194612,92.293525273,-1.6));
#5683=CARTESIAN_POINT('',(150.297849083,92.293525273,-1.6));
#5684=CARTESIAN_POINT('',(149.889303946,92.293525273,-1.6));
#5685=CARTESIAN_POINT('',(149.552180076,92.171358103,-1.6));
#5686=CARTESIAN_POINT('',(149.286492372,91.927038664,-1.6));
#5687=B_SPLINE_CURVE_WITH_KNOTS('',3,(#5680,#5681,#5682,#5683,#5684,#5685,#5686),.UNSPECIFIED.,.F.,.F.,(4,3,4),(0.331850767,0.508178276,0.633658364),.UNSPECIFIED.);
#5688=EDGE_CURVE('',#5673,#5638,#5687,.T.);
#5689=ORIENTED_EDGE('',*,*,#5688,.T.);
#5690=ORIENTED_EDGE('',*,*,#5643,.T.);
#5691=EDGE_LOOP('',(#5671,#5679,#5689,#5690));
#5692=FACE_BOUND('',#5691,.T.);
#5693=ADVANCED_FACE('',(#5692),#5670,.T.);
#5694=CARTESIAN_POINT('',(151.912002468,88.296191925,-1.6));
#5695=CARTESIAN_POINT('',(151.912002468,88.296191925,-2.));
#5696=CARTESIAN_POINT('',(151.930688524,88.726097876,-1.6));
#5697=CARTESIAN_POINT('',(151.930688524,88.726097876,-2.));
#5698=CARTESIAN_POINT('',(151.940031552,89.150669211,-1.6));
#5699=CARTESIAN_POINT('',(151.940031552,89.150669211,-2.));
#5700=CARTESIAN_POINT('',(151.940031552,89.56989103,-1.6));
#5701=CARTESIAN_POINT('',(151.940031552,89.56989103,-2.));
#5702=CARTESIAN_POINT('',(151.940031552,90.520488256,-1.6));
#5703=CARTESIAN_POINT('',(151.940031552,90.520488256,-2.));
#5704=CARTESIAN_POINT('',(151.809855008,91.21208095,-1.6));
#5705=CARTESIAN_POINT('',(151.809855008,91.21208095,-2.));
#5706=CARTESIAN_POINT('',(151.549516821,91.644661659,-1.6));
#5707=CARTESIAN_POINT('',(151.549516821,91.644661659,-2.));
#5708=B_SPLINE_SURFACE_WITH_KNOTS('',3,1,((#5694,#5695),(#5696,#5697),(#5698,#5699),(#5700,#5701),(#5702,#5703),(#5704,#5705),(#5706,#5707)),.UNSPECIFIED.,.F.,.F.,.U.,(4,3,4),(2,2),(0.077761914,0.155523711,0.331850767),(0.,1.),.UNSPECIFIED.);
#5709=ORIENTED_EDGE('',*,*,#1433,.F.);
#5710=CARTESIAN_POINT('',(151.912002468,88.296191925,-1.6));
#5711=VERTEX_POINT('',#5710);
#5712=CARTESIAN_POINT('',(151.912002468,88.296191925,-1.6));
#5713=DIRECTION('',(0.,0.,-1.));
#5714=VECTOR('',#5713,0.4);
#5715=LINE('',#5712,#5714);
#5716=EDGE_CURVE('',#5711,#1415,#5715,.T.);
#5717=ORIENTED_EDGE('',*,*,#5716,.F.);
#5718=CARTESIAN_POINT('',(151.912002468,88.296191925,-1.6));
#5719=CARTESIAN_POINT('',(151.930688524,88.726097876,-1.6));
#5720=CARTESIAN_POINT('',(151.940031552,89.150669211,-1.6));
#5721=CARTESIAN_POINT('',(151.940031552,89.56989103,-1.6));
#5722=CARTESIAN_POINT('',(151.940031552,90.520488256,-1.6));
#5723=CARTESIAN_POINT('',(151.809855008,91.21208095,-1.6));
#5724=CARTESIAN_POINT('',(151.549516821,91.644661659,-1.6));
#5725=B_SPLINE_CURVE_WITH_KNOTS('',3,(#5718,#5719,#5720,#5721,#5722,#5723,#5724),.UNSPECIFIED.,.F.,.F.,(4,3,4),(0.077761914,0.155523711,0.331850767),.UNSPECIFIED.);
#5726=EDGE_CURVE('',#5711,#5673,#5725,.T.);
#5727=ORIENTED_EDGE('',*,*,#5726,.T.);
#5728=ORIENTED_EDGE('',*,*,#5678,.T.);
#5729=EDGE_LOOP('',(#5709,#5717,#5727,#5728));
#5730=FACE_BOUND('',#5729,.T.);
#5731=ADVANCED_FACE('',(#5730),#5708,.T.);
#5732=CARTESIAN_POINT('',(151.823877001,86.986446911,-1.6));
#5733=CARTESIAN_POINT('',(151.823877001,86.986446911,-2.));
#5734=CARTESIAN_POINT('',(151.863931322,87.429704303,-1.6));
#5735=CARTESIAN_POINT('',(151.863931322,87.429704303,-2.));
#5736=CARTESIAN_POINT('',(151.893301511,87.866285974,-1.6));
#5737=CARTESIAN_POINT('',(151.893301511,87.866285974,-2.));
#5738=CARTESIAN_POINT('',(151.912002468,88.296191925,-1.6));
#5739=CARTESIAN_POINT('',(151.912002468,88.296191925,-2.));
#5740=B_SPLINE_SURFACE_WITH_KNOTS('',3,1,((#5732,#5733),(#5734,#5735),(#5736,#5737),(#5738,#5739)),.UNSPECIFIED.,.F.,.F.,.U.,(4,4),(2,2),(0.,0.077761914),(0.,1.),.UNSPECIFIED.);
#5741=ORIENTED_EDGE('',*,*,#1421,.F.);
#5742=CARTESIAN_POINT('',(151.823877001,86.986446911,-1.6));
#5743=VERTEX_POINT('',#5742);
#5744=CARTESIAN_POINT('',(151.823877001,86.986446911,-1.6));
#5745=DIRECTION('',(0.,0.,-1.));
#5746=VECTOR('',#5745,0.4);
#5747=LINE('',#5744,#5746);
#5748=EDGE_CURVE('',#5743,#1407,#5747,.T.);
#5749=ORIENTED_EDGE('',*,*,#5748,.F.);
#5750=CARTESIAN_POINT('',(151.823877001,86.986446911,-1.6));
#5751=CARTESIAN_POINT('',(151.863931322,87.429704303,-1.6));
#5752=CARTESIAN_POINT('',(151.893301511,87.866285974,-1.6));
#5753=CARTESIAN_POINT('',(151.912002468,88.296191925,-1.6));
#5754=B_SPLINE_CURVE_WITH_KNOTS('',3,(#5750,#5751,#5752,#5753),.UNSPECIFIED.,.F.,.F.,(4,4),(0.,0.077761914),.UNSPECIFIED.);
#5755=EDGE_CURVE('',#5743,#5711,#5754,.T.);
#5756=ORIENTED_EDGE('',*,*,#5755,.T.);
#5757=ORIENTED_EDGE('',*,*,#5716,.T.);
#5758=EDGE_LOOP('',(#5741,#5749,#5756,#5757));
#5759=FACE_BOUND('',#5758,.T.);
#5760=ADVANCED_FACE('',(#5759),#5740,.T.);
#5761=CARTESIAN_POINT('',(150.245776975,86.972428644,-1.6));
#5762=DIRECTION('',(-0.008882653,0.999960548,-0.));
#5763=DIRECTION('',(-0.999960548,-0.008882653,0.));
#5764=AXIS2_PLACEMENT_3D('',#5761,#5762,#5763);
#5765=PLANE('',#5764);
#5766=ORIENTED_EDGE('',*,*,#1412,.F.);
#5767=CARTESIAN_POINT('',(148.66767695,86.958410376,-1.6));
#5768=VERTEX_POINT('',#5767);
#5769=CARTESIAN_POINT('',(148.66767695,86.958410376,-1.6));
#5770=DIRECTION('',(0.,0.,-1.));
#5771=VECTOR('',#5770,0.4);
#5772=LINE('',#5769,#5771);
#5773=EDGE_CURVE('',#5768,#1395,#5772,.T.);
#5774=ORIENTED_EDGE('',*,*,#5773,.F.);
#5775=CARTESIAN_POINT('',(148.66767695,86.958410376,-1.6));
#5776=DIRECTION('',(0.999960548,0.008882653,0.));
#5777=VECTOR('',#5776,3.156324573);
#5778=LINE('',#5775,#5777);
#5779=EDGE_CURVE('',#5768,#5743,#5778,.T.);
#5780=ORIENTED_EDGE('',*,*,#5779,.T.);
#5781=ORIENTED_EDGE('',*,*,#5748,.T.);
#5782=EDGE_LOOP('',(#5766,#5774,#5780,#5781));
#5783=FACE_BOUND('',#5782,.T.);
#5784=ADVANCED_FACE('',(#5783),#5765,.T.);
#5785=CARTESIAN_POINT('',(145.843906903,86.830238038,-1.6));
#5786=CARTESIAN_POINT('',(145.843906903,86.830238038,-2.));
#5787=CARTESIAN_POINT('',(146.260468864,86.87029236,-1.6));
#5788=CARTESIAN_POINT('',(146.260468864,86.87029236,-2.));
#5789=CARTESIAN_POINT('',(146.691037917,86.900333101,-1.6));
#5790=CARTESIAN_POINT('',(146.691037917,86.900333101,-2.));
#5791=CARTESIAN_POINT('',(147.135628963,86.920360261,-1.6));
#5792=CARTESIAN_POINT('',(147.135628963,86.920360261,-2.));
#5793=CARTESIAN_POINT('',(147.580220008,86.940387422,-1.6));
#5794=CARTESIAN_POINT('',(147.580220008,86.940387422,-2.));
#5795=CARTESIAN_POINT('',(148.090897703,86.95306831,-1.6));
#5796=CARTESIAN_POINT('',(148.090897703,86.95306831,-2.));
#5797=CARTESIAN_POINT('',(148.66767695,86.958410376,-1.6));
#5798=CARTESIAN_POINT('',(148.66767695,86.958410376,-2.));
#5799=B_SPLINE_SURFACE_WITH_KNOTS('',3,1,((#5785,#5786),(#5787,#5788),(#5789,#5790),(#5791,#5792),(#5793,#5794),(#5795,#5796),(#5797,#5798)),.UNSPECIFIED.,.F.,.F.,.U.,(4,3,4),(2,2),(0.,0.5,1.),(0.,1.),.UNSPECIFIED.);
#5800=ORIENTED_EDGE('',*,*,#1404,.F.);
#5801=CARTESIAN_POINT('',(145.843906903,86.830238038,-1.6));
#5802=VERTEX_POINT('',#5801);
#5803=CARTESIAN_POINT('',(145.843906903,86.830238038,-1.6));
#5804=DIRECTION('',(0.,0.,-1.));
#5805=VECTOR('',#5804,0.4);
#5806=LINE('',#5803,#5805);
#5807=EDGE_CURVE('',#5802,#1387,#5806,.T.);
#5808=ORIENTED_EDGE('',*,*,#5807,.F.);
#5809=CARTESIAN_POINT('',(145.843906903,86.830238038,-1.6));
#5810=CARTESIAN_POINT('',(146.260468864,86.87029236,-1.6));
#5811=CARTESIAN_POINT('',(146.691037917,86.900333101,-1.6));
#5812=CARTESIAN_POINT('',(147.135628963,86.920360261,-1.6));
#5813=CARTESIAN_POINT('',(147.580220008,86.940387422,-1.6));
#5814=CARTESIAN_POINT('',(148.090897703,86.95306831,-1.6));
#5815=CARTESIAN_POINT('',(148.66767695,86.958410376,-1.6));
#5816=B_SPLINE_CURVE_WITH_KNOTS('',3,(#5809,#5810,#5811,#5812,#5813,#5814,#5815),.UNSPECIFIED.,.F.,.F.,(4,3,4),(0.,0.5,1.),.UNSPECIFIED.);
#5817=EDGE_CURVE('',#5802,#5768,#5816,.T.);
#5818=ORIENTED_EDGE('',*,*,#5817,.T.);
#5819=ORIENTED_EDGE('',*,*,#5773,.T.);
#5820=EDGE_LOOP('',(#5800,#5808,#5818,#5819));
#5821=FACE_BOUND('',#5820,.T.);
#5822=ADVANCED_FACE('',(#5821),#5799,.T.);
#5823=CARTESIAN_POINT('',(145.843906903,87.653337204,-1.6));
#5824=DIRECTION('',(1.,0.,0.));
#5825=DIRECTION('',(0.,0.,-1.));
#5826=AXIS2_PLACEMENT_3D('',#5823,#5824,#5825);
#5827=PLANE('',#5826);
#5828=ORIENTED_EDGE('',*,*,#1392,.F.);
#5829=CARTESIAN_POINT('',(145.843906903,88.476436371,-1.6));
#5830=VERTEX_POINT('',#5829);
#5831=CARTESIAN_POINT('',(145.843906903,88.476436371,-1.6));
#5832=DIRECTION('',(0.,0.,-1.));
#5833=VECTOR('',#5832,0.4);
#5834=LINE('',#5831,#5833);
#5835=EDGE_CURVE('',#5830,#1379,#5834,.T.);
#5836=ORIENTED_EDGE('',*,*,#5835,.F.);
#5837=CARTESIAN_POINT('',(145.843906903,88.476436371,-1.6));
#5838=DIRECTION('',(0.,-1.,0.));
#5839=VECTOR('',#5838,1.646198332);
#5840=LINE('',#5837,#5839);
#5841=EDGE_CURVE('',#5830,#5802,#5840,.T.);
#5842=ORIENTED_EDGE('',*,*,#5841,.T.);
#5843=ORIENTED_EDGE('',*,*,#5807,.T.);
#5844=EDGE_LOOP('',(#5828,#5836,#5842,#5843));
#5845=FACE_BOUND('',#5844,.T.);
#5846=ADVANCED_FACE('',(#5845),#5827,.T.);
#5847=CARTESIAN_POINT('',(146.939365768,88.45640921,-1.6));
#5848=DIRECTION('',(-0.018278929,-0.999832926,-0.));
#5849=DIRECTION('',(0.999832926,-0.018278929,0.));
#5850=AXIS2_PLACEMENT_3D('',#5847,#5848,#5849);
#5851=PLANE('',#5850);
#5852=ORIENTED_EDGE('',*,*,#1384,.F.);
#5853=CARTESIAN_POINT('',(148.034824634,88.436382049,-1.6));
#5854=VERTEX_POINT('',#5853);
#5855=CARTESIAN_POINT('',(148.034824634,88.436382049,-1.6));
#5856=DIRECTION('',(0.,0.,-1.));
#5857=VECTOR('',#5856,0.4);
#5858=LINE('',#5855,#5857);
#5859=EDGE_CURVE('',#5854,#1371,#5858,.T.);
#5860=ORIENTED_EDGE('',*,*,#5859,.F.);
#5861=CARTESIAN_POINT('',(148.034824634,88.436382049,-1.6));
#5862=DIRECTION('',(-0.999832926,0.018278929,-0.));
#5863=VECTOR('',#5862,2.191283836);
#5864=LINE('',#5861,#5863);
#5865=EDGE_CURVE('',#5854,#5830,#5864,.T.);
#5866=ORIENTED_EDGE('',*,*,#5865,.T.);
#5867=ORIENTED_EDGE('',*,*,#5835,.T.);
#5868=EDGE_LOOP('',(#5852,#5860,#5866,#5867));
#5869=FACE_BOUND('',#5868,.T.);
#5870=ADVANCED_FACE('',(#5869),#5851,.T.);
#5871=CARTESIAN_POINT('',(148.014797473,89.305540705,-1.6));
#5872=DIRECTION('',(0.999734639,0.023035893,0.));
#5873=DIRECTION('',(-0.023035893,0.999734639,-0.));
#5874=AXIS2_PLACEMENT_3D('',#5871,#5872,#5873);
#5875=PLANE('',#5874);
#5876=ORIENTED_EDGE('',*,*,#1376,.F.);
#5877=CARTESIAN_POINT('',(147.994770312,90.17469936,-1.6));
#5878=VERTEX_POINT('',#5877);
#5879=CARTESIAN_POINT('',(147.994770312,90.17469936,-1.6));
#5880=DIRECTION('',(0.,0.,-1.));
#5881=VECTOR('',#5880,0.4);
#5882=LINE('',#5879,#5881);
#5883=EDGE_CURVE('',#5878,#1362,#5882,.T.);
#5884=ORIENTED_EDGE('',*,*,#5883,.F.);
#5885=CARTESIAN_POINT('',(147.994770312,90.17469936,-1.6));
#5886=DIRECTION('',(0.023035893,-0.999734639,0.));
#5887=VECTOR('',#5886,1.738778716);
#5888=LINE('',#5885,#5887);
#5889=EDGE_CURVE('',#5878,#5854,#5888,.T.);
#5890=ORIENTED_EDGE('',*,*,#5889,.T.);
#5891=ORIENTED_EDGE('',*,*,#5859,.T.);
#5892=EDGE_LOOP('',(#5876,#5884,#5890,#5891));
#5893=FACE_BOUND('',#5892,.T.);
#5894=ADVANCED_FACE('',(#5893),#5875,.T.);
#5895=CARTESIAN_POINT('',(147.806523943,90.170698398,-1.6));
#5896=CARTESIAN_POINT('',(147.806523943,90.170698398,-2.));
#5897=CARTESIAN_POINT('',(147.891967201,90.173365706,-1.6));
#5898=CARTESIAN_POINT('',(147.891967201,90.173365706,-2.));
#5899=CARTESIAN_POINT('',(147.95471599,90.17469936,-1.6));
#5900=CARTESIAN_POINT('',(147.95471599,90.17469936,-2.));
#5901=CARTESIAN_POINT('',(147.994770311,90.17469936,-1.6));
#5902=CARTESIAN_POINT('',(147.994770311,90.17469936,-2.));
#5903=B_SPLINE_SURFACE_WITH_KNOTS('',3,1,((#5895,#5896),(#5897,#5898),(#5899,#5900),(#5901,#5902)),.UNSPECIFIED.,.F.,.F.,.U.,(4,4),(2,2),(0.941404926,1.),(0.,1.),.UNSPECIFIED.);
#5904=ORIENTED_EDGE('',*,*,#1368,.F.);
#5905=CARTESIAN_POINT('',(147.806523943,90.170698398,-1.6));
#5906=VERTEX_POINT('',#5905);
#5907=CARTESIAN_POINT('',(147.806523943,90.170698398,-1.6));
#5908=DIRECTION('',(0.,0.,-1.));
#5909=VECTOR('',#5908,0.4);
#5910=LINE('',#5907,#5909);
#5911=EDGE_CURVE('',#5906,#1350,#5910,.T.);
#5912=ORIENTED_EDGE('',*,*,#5911,.F.);
#5913=CARTESIAN_POINT('',(147.806523943,90.170698398,-1.6));
#5914=CARTESIAN_POINT('',(147.891967201,90.173365706,-1.6));
#5915=CARTESIAN_POINT('',(147.954715991,90.17469936,-1.6));
#5916=CARTESIAN_POINT('',(147.994770312,90.17469936,-1.6));
#5917=B_SPLINE_CURVE_WITH_KNOTS('',3,(#5913,#5914,#5915,#5916),.UNSPECIFIED.,.F.,.F.,(4,4),(0.941404926,1.),.UNSPECIFIED.);
#5918=EDGE_CURVE('',#5906,#5878,#5917,.T.);
#5919=ORIENTED_EDGE('',*,*,#5918,.T.);
#5920=ORIENTED_EDGE('',*,*,#5883,.T.);
#5921=EDGE_LOOP('',(#5904,#5912,#5919,#5920));
#5922=FACE_BOUND('',#5921,.T.);
#5923=ADVANCED_FACE('',(#5922),#5903,.T.);
#5924=CARTESIAN_POINT('',(146.713061833,90.208741063,-1.6));
#5925=CARTESIAN_POINT('',(146.713061833,90.208741063,-2.));
#5926=CARTESIAN_POINT('',(147.014795446,90.180704528,-1.6));
#5927=CARTESIAN_POINT('',(147.014795446,90.180704528,-2.));
#5928=CARTESIAN_POINT('',(147.316543961,90.166689986,-1.6));
#5929=CARTESIAN_POINT('',(147.316543961,90.166689986,-2.));
#5930=CARTESIAN_POINT('',(147.618277574,90.166689986,-1.6));
#5931=CARTESIAN_POINT('',(147.618277574,90.166689986,-2.));
#5932=CARTESIAN_POINT('',(147.658331895,90.166689986,-1.6));
#5933=CARTESIAN_POINT('',(147.658331895,90.166689986,-2.));
#5934=CARTESIAN_POINT('',(147.721080685,90.16802364,-1.6));
#5935=CARTESIAN_POINT('',(147.721080685,90.16802364,-2.));
#5936=CARTESIAN_POINT('',(147.806523943,90.170698398,-1.6));
#5937=CARTESIAN_POINT('',(147.806523943,90.170698398,-2.));
#5938=B_SPLINE_SURFACE_WITH_KNOTS('',3,1,((#5924,#5925),(#5926,#5927),(#5928,#5929),(#5930,#5931),(#5932,#5933),(#5934,#5935),(#5936,#5937)),.UNSPECIFIED.,.F.,.F.,.U.,(4,3,4),(2,2),(0.441405349,0.882809693,0.941404926),(0.,1.),.UNSPECIFIED.);
#5939=ORIENTED_EDGE('',*,*,#1359,.F.);
#5940=CARTESIAN_POINT('',(146.713061833,90.208741063,-1.6));
#5941=VERTEX_POINT('',#5940);
#5942=CARTESIAN_POINT('',(146.713061833,90.208741063,-1.6));
#5943=DIRECTION('',(0.,0.,-1.));
#5944=VECTOR('',#5943,0.4);
#5945=LINE('',#5942,#5944);
#5946=EDGE_CURVE('',#5941,#1341,#5945,.T.);
#5947=ORIENTED_EDGE('',*,*,#5946,.F.);
#5948=CARTESIAN_POINT('',(146.713061833,90.208741063,-1.6));
#5949=CARTESIAN_POINT('',(147.014795446,90.180704528,-1.6));
#5950=CARTESIAN_POINT('',(147.316543961,90.166689986,-1.6));
#5951=CARTESIAN_POINT('',(147.618277574,90.166689986,-1.6));
#5952=CARTESIAN_POINT('',(147.658331895,90.166689986,-1.6));
#5953=CARTESIAN_POINT('',(147.721080685,90.16802364,-1.6));
#5954=CARTESIAN_POINT('',(147.806523943,90.170698398,-1.6));
#5955=B_SPLINE_CURVE_WITH_KNOTS('',3,(#5948,#5949,#5950,#5951,#5952,#5953,#5954),.UNSPECIFIED.,.F.,.F.,(4,3,4),(0.441405349,0.882809693,0.941404926),.UNSPECIFIED.);
#5956=EDGE_CURVE('',#5941,#5906,#5955,.T.);
#5957=ORIENTED_EDGE('',*,*,#5956,.T.);
#5958=ORIENTED_EDGE('',*,*,#5911,.T.);
#5959=EDGE_LOOP('',(#5939,#5947,#5957,#5958));
#5960=FACE_BOUND('',#5959,.T.);
#5961=ADVANCED_FACE('',(#5960),#5938,.T.);
#5962=CARTESIAN_POINT('',(145.795835757,90.330908233,-1.6));
#5963=CARTESIAN_POINT('',(145.795835757,90.330908233,-2.));
#5964=CARTESIAN_POINT('',(146.105586195,90.277502471,-1.6));
#5965=CARTESIAN_POINT('',(146.105586195,90.277502471,-2.));
#5966=CARTESIAN_POINT('',(146.41132822,90.236785048,-1.6));
#5967=CARTESIAN_POINT('',(146.41132822,90.236785048,-2.));
#5968=CARTESIAN_POINT('',(146.713061833,90.208741063,-1.6));
#5969=CARTESIAN_POINT('',(146.713061833,90.208741063,-2.));
#5970=B_SPLINE_SURFACE_WITH_KNOTS('',3,1,((#5962,#5963),(#5964,#5965),(#5966,#5967),(#5968,#5969)),.UNSPECIFIED.,.F.,.F.,.U.,(4,4),(2,2),(0.,0.441405349),(0.,1.),.UNSPECIFIED.);
#5971=ORIENTED_EDGE('',*,*,#1347,.F.);
#5972=CARTESIAN_POINT('',(145.795835757,90.330908233,-1.6));
#5973=VERTEX_POINT('',#5972);
#5974=CARTESIAN_POINT('',(145.795835757,90.330908233,-1.6));
#5975=DIRECTION('',(0.,0.,-1.));
#5976=VECTOR('',#5975,0.4);
#5977=LINE('',#5974,#5976);
#5978=EDGE_CURVE('',#5973,#1333,#5977,.T.);
#5979=ORIENTED_EDGE('',*,*,#5978,.F.);
#5980=CARTESIAN_POINT('',(145.795835757,90.330908233,-1.6));
#5981=CARTESIAN_POINT('',(146.105586195,90.277502471,-1.6));
#5982=CARTESIAN_POINT('',(146.41132822,90.236785048,-1.6));
#5983=CARTESIAN_POINT('',(146.713061833,90.208741063,-1.6));
#5984=B_SPLINE_CURVE_WITH_KNOTS('',3,(#5980,#5981,#5982,#5983),.UNSPECIFIED.,.F.,.F.,(4,4),(0.,0.441405349),.UNSPECIFIED.);
#5985=EDGE_CURVE('',#5973,#5941,#5984,.T.);
#5986=ORIENTED_EDGE('',*,*,#5985,.T.);
#5987=ORIENTED_EDGE('',*,*,#5946,.T.);
#5988=EDGE_LOOP('',(#5971,#5979,#5986,#5987));
#5989=FACE_BOUND('',#5988,.T.);
#5990=ADVANCED_FACE('',(#5989),#5970,.T.);
#5991=CARTESIAN_POINT('',(145.73375752,91.332243913,-1.6));
#5992=DIRECTION('',(0.998083805,0.061876636,0.));
#5993=DIRECTION('',(-0.061876636,0.998083805,0.));
#5994=AXIS2_PLACEMENT_3D('',#5991,#5992,#5993);
#5995=PLANE('',#5994);
#5996=ORIENTED_EDGE('',*,*,#1338,.F.);
#5997=CARTESIAN_POINT('',(145.671679282,92.333579594,-1.6));
#5998=VERTEX_POINT('',#5997);
#5999=CARTESIAN_POINT('',(145.671679282,92.333579594,-1.6));
#6000=DIRECTION('',(0.,0.,-1.));
#6001=VECTOR('',#6000,0.4);
#6002=LINE('',#5999,#6001);
#6003=EDGE_CURVE('',#5998,#1321,#6002,.T.);
#6004=ORIENTED_EDGE('',*,*,#6003,.F.);
#6005=CARTESIAN_POINT('',(145.671679282,92.333579594,-1.6));
#6006=DIRECTION('',(0.061876636,-0.998083805,0.));
#6007=VECTOR('',#6006,2.006516237);
#6008=LINE('',#6005,#6007);
#6009=EDGE_CURVE('',#5998,#5973,#6008,.T.);
#6010=ORIENTED_EDGE('',*,*,#6009,.T.);
#6011=ORIENTED_EDGE('',*,*,#5978,.T.);
#6012=EDGE_LOOP('',(#5996,#6004,#6010,#6011));
#6013=FACE_BOUND('',#6012,.T.);
#6014=ADVANCED_FACE('',(#6013),#5995,.T.);
#6015=CARTESIAN_POINT('',(146.64898684,92.177370721,-1.6));
#6016=CARTESIAN_POINT('',(146.64898684,92.177370721,-2.));
#6017=CARTESIAN_POINT('',(146.41132822,92.177370721,-1.6));
#6018=CARTESIAN_POINT('',(146.41132822,92.177370721,-2.));
#6019=CARTESIAN_POINT('',(146.219743991,92.189388508,-1.6));
#6020=CARTESIAN_POINT('',(146.219743991,92.189388508,-2.));
#6021=CARTESIAN_POINT('',(146.074219251,92.21341663,-1.6));
#6022=CARTESIAN_POINT('',(146.074219251,92.21341663,-2.));
#6023=CARTESIAN_POINT('',(145.928679609,92.237444752,-1.6));
#6024=CARTESIAN_POINT('',(145.928679609,92.237444752,-2.));
#6025=CARTESIAN_POINT('',(145.794509554,92.277499074,-1.6));
#6026=CARTESIAN_POINT('',(145.794509554,92.277499074,-2.));
#6027=CARTESIAN_POINT('',(145.671679282,92.333579594,-1.6));
#6028=CARTESIAN_POINT('',(145.671679282,92.333579594,-2.));
#6029=B_SPLINE_SURFACE_WITH_KNOTS('',3,1,((#6015,#6016),(#6017,#6018),(#6019,#6020),(#6021,#6022),(#6023,#6024),(#6025,#6026),(#6027,#6028)),.UNSPECIFIED.,.F.,.F.,.U.,(4,3,4),(2,2),(0.,0.499975082,1.),(0.,1.),.UNSPECIFIED.);
#6030=ORIENTED_EDGE('',*,*,#1330,.F.);
#6031=CARTESIAN_POINT('',(146.64898684,92.177370721,-1.6));
#6032=VERTEX_POINT('',#6031);
#6033=CARTESIAN_POINT('',(146.64898684,92.177370721,-1.6));
#6034=DIRECTION('',(0.,0.,-1.));
#6035=VECTOR('',#6034,0.4);
#6036=LINE('',#6033,#6035);
#6037=EDGE_CURVE('',#6032,#1313,#6036,.T.);
#6038=ORIENTED_EDGE('',*,*,#6037,.F.);
#6039=CARTESIAN_POINT('',(146.64898684,92.177370721,-1.6));
#6040=CARTESIAN_POINT('',(146.41132822,92.177370721,-1.6));
#6041=CARTESIAN_POINT('',(146.219743991,92.189388508,-1.6));
#6042=CARTESIAN_POINT('',(146.074219251,92.21341663,-1.6));
#6043=CARTESIAN_POINT('',(145.928679609,92.237444752,-1.6));
#6044=CARTESIAN_POINT('',(145.794509554,92.277499074,-1.6));
#6045=CARTESIAN_POINT('',(145.671679282,92.333579594,-1.6));
#6046=B_SPLINE_CURVE_WITH_KNOTS('',3,(#6039,#6040,#6041,#6042,#6043,#6044,#6045),.UNSPECIFIED.,.F.,.F.,(4,3,4),(0.,0.499975082,1.),.UNSPECIFIED.);
#6047=EDGE_CURVE('',#6032,#5998,#6046,.T.);
#6048=ORIENTED_EDGE('',*,*,#6047,.T.);
#6049=ORIENTED_EDGE('',*,*,#6003,.T.);
#6050=EDGE_LOOP('',(#6030,#6038,#6048,#6049));
#6051=FACE_BOUND('',#6050,.T.);
#6052=ADVANCED_FACE('',(#6051),#6029,.T.);
#6053=CARTESIAN_POINT('',(150.706394219,90.503135854,-1.6));
#6054=CARTESIAN_POINT('',(150.706394219,90.503135854,-2.));
#6055=CARTESIAN_POINT('',(150.722412968,90.324232513,-1.6));
#6056=CARTESIAN_POINT('',(150.722412968,90.324232513,-2.));
#6057=CARTESIAN_POINT('',(150.733752751,90.151334339,-1.6));
#6058=CARTESIAN_POINT('',(150.733752751,90.151334339,-2.));
#6059=CARTESIAN_POINT('',(150.740428472,89.984448785,-1.6));
#6060=CARTESIAN_POINT('',(150.740428472,89.984448785,-2.));
#6061=CARTESIAN_POINT('',(150.747104192,89.817555779,-1.6));
#6062=CARTESIAN_POINT('',(150.747104192,89.817555779,-2.));
#6063=CARTESIAN_POINT('',(150.750442052,89.654000634,-1.6));
#6064=CARTESIAN_POINT('',(150.750442052,89.654000634,-2.));
#6065=CARTESIAN_POINT('',(150.750442052,89.493790799,-1.6));
#6066=CARTESIAN_POINT('',(150.750442052,89.493790799,-2.));
#6067=CARTESIAN_POINT('',(150.750442052,89.491116041,-1.6));
#6068=CARTESIAN_POINT('',(150.750442052,89.491116041,-2.));
#6069=CARTESIAN_POINT('',(150.749115849,89.421691531,-1.6));
#6070=CARTESIAN_POINT('',(150.749115849,89.421691531,-2.));
#6071=CARTESIAN_POINT('',(150.746448541,89.285509819,-1.6));
#6072=CARTESIAN_POINT('',(150.746448541,89.285509819,-2.));
#6073=B_SPLINE_SURFACE_WITH_KNOTS('',3,1,((#6053,#6054),(#6055,#6056),(#6057,#6058),(#6059,#6060),(#6061,#6062),(#6063,#6064),(#6065,#6066),(#6067,#6068),(#6069,#6070),(#6071,#6072)),.UNSPECIFIED.,.F.,.F.,.U.,(4,3,3,4),(2,2),(0.,0.491778257,0.983578435,0.991789209),(0.,1.),.UNSPECIFIED.);
#6074=CARTESIAN_POINT('',(150.706394219,90.503135854,-2.));
#6075=VERTEX_POINT('',#6074);
#6076=CARTESIAN_POINT('',(150.746448541,89.285509819,-2.));
#6077=VERTEX_POINT('',#6076);
#6078=CARTESIAN_POINT('',(150.706394219,90.503135854,-2.));
#6079=CARTESIAN_POINT('',(150.722412968,90.324232513,-2.));
#6080=CARTESIAN_POINT('',(150.733752751,90.151334339,-2.));
#6081=CARTESIAN_POINT('',(150.740428472,89.984448785,-2.));
#6082=CARTESIAN_POINT('',(150.747104192,89.817555779,-2.));
#6083=CARTESIAN_POINT('',(150.750442052,89.654000634,-2.));
#6084=CARTESIAN_POINT('',(150.750442052,89.493790799,-2.));
#6085=CARTESIAN_POINT('',(150.750442052,89.491116041,-2.));
#6086=CARTESIAN_POINT('',(150.749115849,89.421691531,-2.));
#6087=CARTESIAN_POINT('',(150.746448541,89.285509819,-2.));
#6088=B_SPLINE_CURVE_WITH_KNOTS('',3,(#6078,#6079,#6080,#6081,#6082,#6083,#6084,#6085,#6086,#6087),.UNSPECIFIED.,.F.,.F.,(4,3,3,4),(0.,0.491778257,0.983578435,0.991789209),.UNSPECIFIED.);
#6089=EDGE_CURVE('',#6075,#6077,#6088,.T.);
#6090=ORIENTED_EDGE('',*,*,#6089,.F.);
#6091=CARTESIAN_POINT('',(150.706394219,90.503135854,-1.6));
#6092=VERTEX_POINT('',#6091);
#6093=CARTESIAN_POINT('',(150.706394219,90.503135854,-1.6));
#6094=DIRECTION('',(0.,0.,-1.));
#6095=VECTOR('',#6094,0.4);
#6096=LINE('',#6093,#6095);
#6097=EDGE_CURVE('',#6092,#6075,#6096,.T.);
#6098=ORIENTED_EDGE('',*,*,#6097,.F.);
#6099=CARTESIAN_POINT('',(150.746448541,89.285509819,-1.6));
#6100=VERTEX_POINT('',#6099);
#6101=CARTESIAN_POINT('',(150.706394219,90.503135854,-1.6));
#6102=CARTESIAN_POINT('',(150.722412968,90.324232513,-1.6));
#6103=CARTESIAN_POINT('',(150.733752751,90.151334339,-1.6));
#6104=CARTESIAN_POINT('',(150.740428472,89.984448785,-1.6));
#6105=CARTESIAN_POINT('',(150.747104192,89.817555779,-1.6));
#6106=CARTESIAN_POINT('',(150.750442052,89.654000634,-1.6));
#6107=CARTESIAN_POINT('',(150.750442052,89.493790799,-1.6));
#6108=CARTESIAN_POINT('',(150.750442052,89.491116041,-1.6));
#6109=CARTESIAN_POINT('',(150.749115849,89.421691531,-1.6));
#6110=CARTESIAN_POINT('',(150.746448541,89.285509819,-1.6));
#6111=B_SPLINE_CURVE_WITH_KNOTS('',3,(#6101,#6102,#6103,#6104,#6105,#6106,#6107,#6108,#6109,#6110),.UNSPECIFIED.,.F.,.F.,(4,3,3,4),(0.,0.491778257,0.983578435,0.991789209),.UNSPECIFIED.);
#6112=EDGE_CURVE('',#6092,#6100,#6111,.T.);
#6113=ORIENTED_EDGE('',*,*,#6112,.T.);
#6114=CARTESIAN_POINT('',(150.746448541,89.285509819,-1.6));
#6115=DIRECTION('',(0.,0.,-1.));
#6116=VECTOR('',#6115,0.4);
#6117=LINE('',#6114,#6116);
#6118=EDGE_CURVE('',#6100,#6077,#6117,.T.);
#6119=ORIENTED_EDGE('',*,*,#6118,.T.);
#6120=EDGE_LOOP('',(#6090,#6098,#6113,#6119));
#6121=FACE_BOUND('',#6120,.T.);
#6122=ADVANCED_FACE('',(#6121),#6073,.T.);
#6123=CARTESIAN_POINT('',(150.01947304,90.483112419,-1.6));
#6124=DIRECTION('',(-0.029137162,0.999575423,-0.));
#6125=DIRECTION('',(-0.999575423,-0.029137162,0.));
#6126=AXIS2_PLACEMENT_3D('',#6123,#6124,#6125);
#6127=PLANE('',#6126);
#6128=CARTESIAN_POINT('',(149.332551861,90.463088983,-2.));
#6129=VERTEX_POINT('',#6128);
#6130=CARTESIAN_POINT('',(149.332551861,90.463088983,-2.));
#6131=DIRECTION('',(0.999575423,0.029137162,0.));
#6132=VECTOR('',#6131,1.374425909);
#6133=LINE('',#6130,#6132);
#6134=EDGE_CURVE('',#6129,#6075,#6133,.T.);
#6135=ORIENTED_EDGE('',*,*,#6134,.F.);
#6136=CARTESIAN_POINT('',(149.332551861,90.463088983,-1.6));
#6137=VERTEX_POINT('',#6136);
#6138=CARTESIAN_POINT('',(149.332551861,90.463088983,-1.6));
#6139=DIRECTION('',(0.,0.,-1.));
#6140=VECTOR('',#6139,0.4);
#6141=LINE('',#6138,#6140);
#6142=EDGE_CURVE('',#6137,#6129,#6141,.T.);
#6143=ORIENTED_EDGE('',*,*,#6142,.F.);
#6144=CARTESIAN_POINT('',(149.332551861,90.463088983,-1.6));
#6145=DIRECTION('',(0.999575423,0.029137162,0.));
#6146=VECTOR('',#6145,1.374425909);
#6147=LINE('',#6144,#6146);
#6148=EDGE_CURVE('',#6137,#6092,#6147,.T.);
#6149=ORIENTED_EDGE('',*,*,#6148,.T.);
#6150=ORIENTED_EDGE('',*,*,#6097,.T.);
#6151=EDGE_LOOP('',(#6135,#6143,#6149,#6150));
#6152=FACE_BOUND('',#6151,.T.);
#6153=ADVANCED_FACE('',(#6152),#6127,.T.);
#6154=CARTESIAN_POINT('',(149.324542487,89.672031039,-1.6));
#6155=DIRECTION('',(-0.999948747,0.01012437,-0.));
#6156=DIRECTION('',(-0.01012437,-0.999948747,0.));
#6157=AXIS2_PLACEMENT_3D('',#6154,#6155,#6156);
#6158=PLANE('',#6157);
#6159=CARTESIAN_POINT('',(149.316533113,88.880973095,-2.));
#6160=VERTEX_POINT('',#6159);
#6161=CARTESIAN_POINT('',(149.316533113,88.880973095,-2.));
#6162=DIRECTION('',(0.01012437,0.999948747,0.));
#6163=VECTOR('',#6162,1.582196981);
#6164=LINE('',#6161,#6163);
#6165=EDGE_CURVE('',#6160,#6129,#6164,.T.);
#6166=ORIENTED_EDGE('',*,*,#6165,.F.);
#6167=CARTESIAN_POINT('',(149.316533113,88.880973095,-1.6));
#6168=VERTEX_POINT('',#6167);
#6169=CARTESIAN_POINT('',(149.316533113,88.880973095,-1.6));
#6170=DIRECTION('',(0.,0.,-1.));
#6171=VECTOR('',#6170,0.4);
#6172=LINE('',#6169,#6171);
#6173=EDGE_CURVE('',#6168,#6160,#6172,.T.);
#6174=ORIENTED_EDGE('',*,*,#6173,.F.);
#6175=CARTESIAN_POINT('',(149.316533113,88.880973095,-1.6));
#6176=DIRECTION('',(0.01012437,0.999948747,0.));
#6177=VECTOR('',#6176,1.582196981);
#6178=LINE('',#6175,#6177);
#6179=EDGE_CURVE('',#6168,#6137,#6178,.T.);
#6180=ORIENTED_EDGE('',*,*,#6179,.T.);
#6181=ORIENTED_EDGE('',*,*,#6142,.T.);
#6182=EDGE_LOOP('',(#6166,#6174,#6180,#6181));
#6183=FACE_BOUND('',#6182,.T.);
#6184=ADVANCED_FACE('',(#6183),#6158,.T.);
#6185=CARTESIAN_POINT('',(150.02948662,88.880973095,-1.6));
#6186=DIRECTION('',(0.,-1.,0.));
#6187=DIRECTION('',(0.,0.,-1.));
#6188=AXIS2_PLACEMENT_3D('',#6185,#6186,#6187);
#6189=PLANE('',#6188);
#6190=CARTESIAN_POINT('',(150.742440128,88.880973095,-2.));
#6191=VERTEX_POINT('',#6190);
#6192=CARTESIAN_POINT('',(150.742440128,88.880973095,-2.));
#6193=DIRECTION('',(-1.,0.,-0.));
#6194=VECTOR('',#6193,1.425907016);
#6195=LINE('',#6192,#6194);
#6196=EDGE_CURVE('',#6191,#6160,#6195,.T.);
#6197=ORIENTED_EDGE('',*,*,#6196,.F.);
#6198=CARTESIAN_POINT('',(150.742440128,88.880973095,-1.6));
#6199=VERTEX_POINT('',#6198);
#6200=CARTESIAN_POINT('',(150.742440128,88.880973095,-1.6));
#6201=DIRECTION('',(0.,0.,-1.));
#6202=VECTOR('',#6201,0.4);
#6203=LINE('',#6200,#6202);
#6204=EDGE_CURVE('',#6199,#6191,#6203,.T.);
#6205=ORIENTED_EDGE('',*,*,#6204,.F.);
#6206=CARTESIAN_POINT('',(150.742440128,88.880973095,-1.6));
#6207=DIRECTION('',(-1.,0.,-0.));
#6208=VECTOR('',#6207,1.425907016);
#6209=LINE('',#6206,#6208);
#6210=EDGE_CURVE('',#6199,#6168,#6209,.T.);
#6211=ORIENTED_EDGE('',*,*,#6210,.T.);
#6212=ORIENTED_EDGE('',*,*,#6173,.T.);
#6213=EDGE_LOOP('',(#6197,#6205,#6211,#6212));
#6214=FACE_BOUND('',#6213,.T.);
#6215=ADVANCED_FACE('',(#6214),#6189,.T.);
#6216=CARTESIAN_POINT('',(150.746448541,89.285509819,-1.6));
#6217=CARTESIAN_POINT('',(150.746448541,89.285509819,-2.));
#6218=CARTESIAN_POINT('',(150.743766332,89.149328107,-1.6));
#6219=CARTESIAN_POINT('',(150.743766332,89.149328107,-2.));
#6220=CARTESIAN_POINT('',(150.742440128,89.014487499,-1.6));
#6221=CARTESIAN_POINT('',(150.742440128,89.014487499,-2.));
#6222=CARTESIAN_POINT('',(150.742440128,88.880973095,-1.6));
#6223=CARTESIAN_POINT('',(150.742440128,88.880973095,-2.));
#6224=B_SPLINE_SURFACE_WITH_KNOTS('',3,1,((#6216,#6217),(#6218,#6219),(#6220,#6221),(#6222,#6223)),.UNSPECIFIED.,.F.,.F.,.U.,(4,4),(2,2),(0.991789209,1.),(0.,1.),.UNSPECIFIED.);
#6225=CARTESIAN_POINT('',(150.746448541,89.285509819,-2.));
#6226=CARTESIAN_POINT('',(150.743766332,89.149328107,-2.));
#6227=CARTESIAN_POINT('',(150.742440128,89.014487499,-2.));
#6228=CARTESIAN_POINT('',(150.742440128,88.880973095,-2.));
#6229=B_SPLINE_CURVE_WITH_KNOTS('',3,(#6225,#6226,#6227,#6228),.UNSPECIFIED.,.F.,.F.,(4,4),(0.991789209,1.),.UNSPECIFIED.);
#6230=EDGE_CURVE('',#6077,#6191,#6229,.T.);
#6231=ORIENTED_EDGE('',*,*,#6230,.F.);
#6232=ORIENTED_EDGE('',*,*,#6118,.F.);
#6233=CARTESIAN_POINT('',(150.746448541,89.285509819,-1.6));
#6234=CARTESIAN_POINT('',(150.743766332,89.149328107,-1.6));
#6235=CARTESIAN_POINT('',(150.742440128,89.014487499,-1.6));
#6236=CARTESIAN_POINT('',(150.742440128,88.880973095,-1.6));
#6237=B_SPLINE_CURVE_WITH_KNOTS('',3,(#6233,#6234,#6235,#6236),.UNSPECIFIED.,.F.,.F.,(4,4),(0.991789209,1.),.UNSPECIFIED.);
#6238=EDGE_CURVE('',#6100,#6199,#6237,.T.);
#6239=ORIENTED_EDGE('',*,*,#6238,.T.);
#6240=ORIENTED_EDGE('',*,*,#6204,.T.);
#6241=EDGE_LOOP('',(#6231,#6232,#6239,#6240));
#6242=FACE_BOUND('',#6241,.T.);
#6243=ADVANCED_FACE('',(#6242),#6224,.T.);
#6244=CARTESIAN_POINT('',(146.911336684,92.177370721,-1.6));
#6245=DIRECTION('',(0.,-1.,0.));
#6246=DIRECTION('',(0.,0.,-1.));
#6247=AXIS2_PLACEMENT_3D('',#6244,#6245,#6246);
#6248=PLANE('',#6247);
#6249=ORIENTED_EDGE('',*,*,#1318,.F.);
#6250=ORIENTED_EDGE('',*,*,#5593,.F.);
#6251=CARTESIAN_POINT('',(147.173686528,92.177370721,-1.6));
#6252=DIRECTION('',(-1.,0.,-0.));
#6253=VECTOR('',#6252,0.524699688);
#6254=LINE('',#6251,#6253);
#6255=EDGE_CURVE('',#5581,#6032,#6254,.T.);
#6256=ORIENTED_EDGE('',*,*,#6255,.T.);
#6257=ORIENTED_EDGE('',*,*,#6037,.T.);
#6258=EDGE_LOOP('',(#6249,#6250,#6256,#6257));
#6259=FACE_BOUND('',#6258,.T.);
#6260=ADVANCED_FACE('',(#6259),#6248,.T.);
#6261=CARTESIAN_POINT('',(148.899986053,88.150000358,-1.6));
#6262=DIRECTION('',(0.,0.,-1.));
#6263=DIRECTION('',(0.,1.,0.));
#6264=AXIS2_PLACEMENT_3D('',#6261,#6262,#6263);
#6265=PLANE('',#6264);
#6266=ORIENTED_EDGE('',*,*,#6112,.F.);
#6267=ORIENTED_EDGE('',*,*,#6148,.F.);
#6268=ORIENTED_EDGE('',*,*,#6179,.F.);
#6269=ORIENTED_EDGE('',*,*,#6210,.F.);
#6270=ORIENTED_EDGE('',*,*,#6238,.F.);
#6271=EDGE_LOOP('',(#6266,#6267,#6268,#6269,#6270));
#6272=FACE_BOUND('',#6271,.T.);
#6273=ORIENTED_EDGE('',*,*,#5587,.F.);
#6274=ORIENTED_EDGE('',*,*,#5621,.F.);
#6275=ORIENTED_EDGE('',*,*,#5650,.F.);
#6276=ORIENTED_EDGE('',*,*,#5688,.F.);
#6277=ORIENTED_EDGE('',*,*,#5726,.F.);
#6278=ORIENTED_EDGE('',*,*,#5755,.F.);
#6279=ORIENTED_EDGE('',*,*,#5779,.F.);
#6280=ORIENTED_EDGE('',*,*,#5817,.F.);
#6281=ORIENTED_EDGE('',*,*,#5841,.F.);
#6282=ORIENTED_EDGE('',*,*,#5865,.F.);
#6283=ORIENTED_EDGE('',*,*,#5889,.F.);
#6284=ORIENTED_EDGE('',*,*,#5918,.F.);
#6285=ORIENTED_EDGE('',*,*,#5956,.F.);
#6286=ORIENTED_EDGE('',*,*,#5985,.F.);
#6287=ORIENTED_EDGE('',*,*,#6009,.F.);
#6288=ORIENTED_EDGE('',*,*,#6047,.F.);
#6289=ORIENTED_EDGE('',*,*,#6255,.F.);
#6290=EDGE_LOOP('',(#6273,#6274,#6275,#6276,#6277,#6278,#6279,#6280,#6281,#6282,#6283,#6284,#6285,#6286,#6287,#6288,#6289));
#6291=FACE_BOUND('',#6290,.T.);
#6292=ADVANCED_FACE('',(#6272,#6291),#6265,.T.);
#6293=CARTESIAN_POINT('',(0.,0.,-2.));
#6294=DIRECTION('',(-0.,0.,1.));
#6295=DIRECTION('',(1.,0.,0.));
#6296=AXIS2_PLACEMENT_3D('',#6293,#6294,#6295);
#6297=PLANE('',#6296);
#6298=ORIENTED_EDGE('',*,*,#6089,.T.);
#6299=ORIENTED_EDGE('',*,*,#6230,.T.);
#6300=ORIENTED_EDGE('',*,*,#6196,.T.);
#6301=ORIENTED_EDGE('',*,*,#6165,.T.);
#6302=ORIENTED_EDGE('',*,*,#6134,.T.);
#6303=EDGE_LOOP('',(#6298,#6299,#6300,#6301,#6302));
#6304=FACE_BOUND('',#6303,.T.);
#6305=ADVANCED_FACE('',(#6304),#6297,.F.);
#6306=CARTESIAN_POINT('',(147.143645787,95.908345813,-1.6));
#6307=CARTESIAN_POINT('',(147.143645787,95.908345813,-2.));
#6308=CARTESIAN_POINT('',(147.126285934,96.235441202,-1.6));
#6309=CARTESIAN_POINT('',(147.126285934,96.235441202,-2.));
#6310=CARTESIAN_POINT('',(147.117598557,96.563222045,-1.6));
#6311=CARTESIAN_POINT('',(147.117598557,96.563222045,-2.));
#6312=CARTESIAN_POINT('',(147.117598557,96.891658539,-1.6));
#6313=CARTESIAN_POINT('',(147.117598557,96.891658539,-2.));
#6314=B_SPLINE_SURFACE_WITH_KNOTS('',3,1,((#6306,#6307),(#6308,#6309),(#6310,#6311),(#6312,#6313)),.UNSPECIFIED.,.F.,.F.,.U.,(4,4),(2,2),(0.500010754,1.),(0.,1.),.UNSPECIFIED.);
#6315=CARTESIAN_POINT('',(147.143645787,95.908345813,-2.));
#6316=VERTEX_POINT('',#6315);
#6317=CARTESIAN_POINT('',(147.117598557,96.891658539,-2.));
#6318=VERTEX_POINT('',#6317);
#6319=CARTESIAN_POINT('',(147.143645787,95.908345813,-2.));
#6320=CARTESIAN_POINT('',(147.126285934,96.235441202,-2.));
#6321=CARTESIAN_POINT('',(147.117598557,96.563222045,-2.));
#6322=CARTESIAN_POINT('',(147.117598557,96.891658539,-2.));
#6323=B_SPLINE_CURVE_WITH_KNOTS('',3,(#6319,#6320,#6321,#6322),.UNSPECIFIED.,.F.,.F.,(4,4),(0.500010754,1.),.UNSPECIFIED.);
#6324=EDGE_CURVE('',#6316,#6318,#6323,.T.);
#6325=ORIENTED_EDGE('',*,*,#6324,.F.);
#6326=CARTESIAN_POINT('',(147.143645787,95.908345813,-1.6));
#6327=VERTEX_POINT('',#6326);
#6328=CARTESIAN_POINT('',(147.143645787,95.908345813,-1.6));
#6329=DIRECTION('',(0.,0.,-1.));
#6330=VECTOR('',#6329,0.4);
#6331=LINE('',#6328,#6330);
#6332=EDGE_CURVE('',#6327,#6316,#6331,.T.);
#6333=ORIENTED_EDGE('',*,*,#6332,.F.);
#6334=CARTESIAN_POINT('',(147.117598557,96.891658539,-1.6));
#6335=VERTEX_POINT('',#6334);
#6336=CARTESIAN_POINT('',(147.143645787,95.908345813,-1.6));
#6337=CARTESIAN_POINT('',(147.126285934,96.235441202,-1.6));
#6338=CARTESIAN_POINT('',(147.117598557,96.563222045,-1.6));
#6339=CARTESIAN_POINT('',(147.117598557,96.891658539,-1.6));
#6340=B_SPLINE_CURVE_WITH_KNOTS('',3,(#6336,#6337,#6338,#6339),.UNSPECIFIED.,.F.,.F.,(4,4),(0.500010754,1.),.UNSPECIFIED.);
#6341=EDGE_CURVE('',#6327,#6335,#6340,.T.);
#6342=ORIENTED_EDGE('',*,*,#6341,.T.);
#6343=CARTESIAN_POINT('',(147.117598557,96.891658539,-1.6));
#6344=DIRECTION('',(0.,0.,-1.));
#6345=VECTOR('',#6344,0.4);
#6346=LINE('',#6343,#6345);
#6347=EDGE_CURVE('',#6335,#6318,#6346,.T.);
#6348=ORIENTED_EDGE('',*,*,#6347,.T.);
#6349=EDGE_LOOP('',(#6325,#6333,#6342,#6348));
#6350=FACE_BOUND('',#6349,.T.);
#6351=ADVANCED_FACE('',(#6350),#6314,.T.);
#6352=CARTESIAN_POINT('',(147.221742773,94.925033087,-1.6));
#6353=CARTESIAN_POINT('',(147.221742773,94.925033087,-2.));
#6354=CARTESIAN_POINT('',(147.187037969,95.25346958,-1.6));
#6355=CARTESIAN_POINT('',(147.187037969,95.25346958,-2.));
#6356=CARTESIAN_POINT('',(147.160990739,95.581235522,-1.6));
#6357=CARTESIAN_POINT('',(147.160990739,95.581235522,-2.));
#6358=CARTESIAN_POINT('',(147.143645787,95.908345813,-1.6));
#6359=CARTESIAN_POINT('',(147.143645787,95.908345813,-2.));
#6360=B_SPLINE_SURFACE_WITH_KNOTS('',3,1,((#6352,#6353),(#6354,#6355),(#6356,#6357),(#6358,#6359)),.UNSPECIFIED.,.F.,.F.,.U.,(4,4),(2,2),(0.,0.500010754),(0.,1.),.UNSPECIFIED.);
#6361=CARTESIAN_POINT('',(147.221742773,94.925033087,-2.));
#6362=VERTEX_POINT('',#6361);
#6363=CARTESIAN_POINT('',(147.221742773,94.925033087,-2.));
#6364=CARTESIAN_POINT('',(147.187037969,95.25346958,-2.));
#6365=CARTESIAN_POINT('',(147.160990739,95.581235522,-2.));
#6366=CARTESIAN_POINT('',(147.143645787,95.908345813,-2.));
#6367=B_SPLINE_CURVE_WITH_KNOTS('',3,(#6363,#6364,#6365,#6366),.UNSPECIFIED.,.F.,.F.,(4,4),(0.,0.500010754),.UNSPECIFIED.);
#6368=EDGE_CURVE('',#6362,#6316,#6367,.T.);
#6369=ORIENTED_EDGE('',*,*,#6368,.F.);
#6370=CARTESIAN_POINT('',(147.221742773,94.925033087,-1.6));
#6371=VERTEX_POINT('',#6370);
#6372=CARTESIAN_POINT('',(147.221742773,94.925033087,-1.6));
#6373=DIRECTION('',(0.,0.,-1.));
#6374=VECTOR('',#6373,0.4);
#6375=LINE('',#6372,#6374);
#6376=EDGE_CURVE('',#6371,#6362,#6375,.T.);
#6377=ORIENTED_EDGE('',*,*,#6376,.F.);
#6378=CARTESIAN_POINT('',(147.221742773,94.925033087,-1.6));
#6379=CARTESIAN_POINT('',(147.187037969,95.25346958,-1.6));
#6380=CARTESIAN_POINT('',(147.160990739,95.581235522,-1.6));
#6381=CARTESIAN_POINT('',(147.143645787,95.908345813,-1.6));
#6382=B_SPLINE_CURVE_WITH_KNOTS('',3,(#6378,#6379,#6380,#6381),.UNSPECIFIED.,.F.,.F.,(4,4),(0.,0.500010754),.UNSPECIFIED.);
#6383=EDGE_CURVE('',#6371,#6327,#6382,.T.);
#6384=ORIENTED_EDGE('',*,*,#6383,.T.);
#6385=ORIENTED_EDGE('',*,*,#6332,.T.);
#6386=EDGE_LOOP('',(#6369,#6377,#6384,#6385));
#6387=FACE_BOUND('',#6386,.T.);
#6388=ADVANCED_FACE('',(#6387),#6360,.T.);
#6389=CARTESIAN_POINT('',(147.984764183,94.870964223,-1.6));
#6390=DIRECTION('',(-0.070684285,-0.997498738,-0.));
#6391=DIRECTION('',(0.997498738,-0.070684285,0.));
#6392=AXIS2_PLACEMENT_3D('',#6389,#6390,#6391);
#6393=PLANE('',#6392);
#6394=CARTESIAN_POINT('',(148.747785592,94.81689536,-2.));
#6395=VERTEX_POINT('',#6394);
#6396=CARTESIAN_POINT('',(148.747785592,94.81689536,-2.));
#6397=DIRECTION('',(-0.997498738,0.070684285,-0.));
#6398=VECTOR('',#6397,1.529869424);
#6399=LINE('',#6396,#6398);
#6400=EDGE_CURVE('',#6395,#6362,#6399,.T.);
#6401=ORIENTED_EDGE('',*,*,#6400,.F.);
#6402=CARTESIAN_POINT('',(148.747785592,94.81689536,-1.6));
#6403=VERTEX_POINT('',#6402);
#6404=CARTESIAN_POINT('',(148.747785592,94.81689536,-1.6));
#6405=DIRECTION('',(0.,0.,-1.));
#6406=VECTOR('',#6405,0.4);
#6407=LINE('',#6404,#6406);
#6408=EDGE_CURVE('',#6403,#6395,#6407,.T.);
#6409=ORIENTED_EDGE('',*,*,#6408,.F.);
#6410=CARTESIAN_POINT('',(148.747785592,94.81689536,-1.6));
#6411=DIRECTION('',(-0.997498738,0.070684285,-0.));
#6412=VECTOR('',#6411,1.529869424);
#6413=LINE('',#6410,#6412);
#6414=EDGE_CURVE('',#6403,#6371,#6413,.T.);
#6415=ORIENTED_EDGE('',*,*,#6414,.T.);
#6416=ORIENTED_EDGE('',*,*,#6376,.T.);
#6417=EDGE_LOOP('',(#6401,#6409,#6415,#6416));
#6418=FACE_BOUND('',#6417,.T.);
#6419=ADVANCED_FACE('',(#6418),#6393,.T.);
#6420=CARTESIAN_POINT('',(149.667008424,94.81689536,-1.6));
#6421=DIRECTION('',(0.,-1.,0.));
#6422=DIRECTION('',(0.,0.,-1.));
#6423=AXIS2_PLACEMENT_3D('',#6420,#6421,#6422);
#6424=PLANE('',#6423);
#6425=CARTESIAN_POINT('',(150.586231256,94.81689536,-2.));
#6426=VERTEX_POINT('',#6425);
#6427=CARTESIAN_POINT('',(150.586231256,94.81689536,-2.));
#6428=DIRECTION('',(-1.,0.,-0.));
#6429=VECTOR('',#6428,1.838445663);
#6430=LINE('',#6427,#6429);
#6431=EDGE_CURVE('',#6426,#6395,#6430,.T.);
#6432=ORIENTED_EDGE('',*,*,#6431,.F.);
#6433=CARTESIAN_POINT('',(150.586231256,94.81689536,-1.6));
#6434=VERTEX_POINT('',#6433);
#6435=CARTESIAN_POINT('',(150.586231256,94.81689536,-1.6));
#6436=DIRECTION('',(0.,0.,-1.));
#6437=VECTOR('',#6436,0.4);
#6438=LINE('',#6435,#6437);
#6439=EDGE_CURVE('',#6434,#6426,#6438,.T.);
#6440=ORIENTED_EDGE('',*,*,#6439,.F.);
#6441=CARTESIAN_POINT('',(150.586231256,94.81689536,-1.6));
#6442=DIRECTION('',(-1.,0.,-0.));
#6443=VECTOR('',#6442,1.838445663);
#6444=LINE('',#6441,#6443);
#6445=EDGE_CURVE('',#6434,#6403,#6444,.T.);
#6446=ORIENTED_EDGE('',*,*,#6445,.T.);
#6447=ORIENTED_EDGE('',*,*,#6408,.T.);
#6448=EDGE_LOOP('',(#6432,#6440,#6446,#6447));
#6449=FACE_BOUND('',#6448,.T.);
#6450=ADVANCED_FACE('',(#6449),#6424,.T.);
#6451=CARTESIAN_POINT('',(150.542168522,95.916362637,-1.6));
#6452=DIRECTION('',(0.999197906,0.040044294,0.));
#6453=DIRECTION('',(-0.040044294,0.999197906,-0.));
#6454=AXIS2_PLACEMENT_3D('',#6451,#6452,#6453);
#6455=PLANE('',#6454);
#6456=CARTESIAN_POINT('',(150.498105788,97.015829915,-2.));
#6457=VERTEX_POINT('',#6456);
#6458=CARTESIAN_POINT('',(150.498105788,97.015829915,-2.));
#6459=DIRECTION('',(0.040044294,-0.999197906,0.));
#6460=VECTOR('',#6459,2.200699724);
#6461=LINE('',#6458,#6460);
#6462=EDGE_CURVE('',#6457,#6426,#6461,.T.);
#6463=ORIENTED_EDGE('',*,*,#6462,.F.);
#6464=CARTESIAN_POINT('',(150.498105788,97.015829915,-1.6));
#6465=VERTEX_POINT('',#6464);
#6466=CARTESIAN_POINT('',(150.498105788,97.015829915,-1.6));
#6467=DIRECTION('',(0.,0.,-1.));
#6468=VECTOR('',#6467,0.4);
#6469=LINE('',#6466,#6468);
#6470=EDGE_CURVE('',#6465,#6457,#6469,.T.);
#6471=ORIENTED_EDGE('',*,*,#6470,.F.);
#6472=CARTESIAN_POINT('',(150.498105788,97.015829915,-1.6));
#6473=DIRECTION('',(0.040044294,-0.999197906,0.));
#6474=VECTOR('',#6473,2.200699724);
#6475=LINE('',#6472,#6474);
#6476=EDGE_CURVE('',#6465,#6434,#6475,.T.);
#6477=ORIENTED_EDGE('',*,*,#6476,.T.);
#6478=ORIENTED_EDGE('',*,*,#6439,.T.);
#6479=EDGE_LOOP('',(#6463,#6471,#6477,#6478));
#6480=FACE_BOUND('',#6479,.T.);
#6481=ADVANCED_FACE('',(#6480),#6455,.T.);
#6482=CARTESIAN_POINT('',(147.648318315,98.645987147,-1.6));
#6483=CARTESIAN_POINT('',(147.648318315,98.645987147,-2.));
#6484=CARTESIAN_POINT('',(147.217063808,98.491119379,-1.6));
#6485=CARTESIAN_POINT('',(147.217063808,98.491119379,-2.));
#6486=CARTESIAN_POINT('',(146.831883693,98.256142968,-1.6));
#6487=CARTESIAN_POINT('',(146.831883693,98.256142968,-2.));
#6488=CARTESIAN_POINT('',(146.492777967,97.941057914,-1.6));
#6489=CARTESIAN_POINT('',(146.492777967,97.941057914,-2.));
#6490=B_SPLINE_SURFACE_WITH_KNOTS('',3,1,((#6482,#6483),(#6484,#6485),(#6486,#6487),(#6488,#6489)),.UNSPECIFIED.,.F.,.F.,.U.,(4,4),(2,2),(0.651631138,0.721271919),(0.,1.),.UNSPECIFIED.);
#6491=ORIENTED_EDGE('',*,*,#428,.F.);
#6492=CARTESIAN_POINT('',(147.648318315,98.645987147,-1.6));
#6493=VERTEX_POINT('',#6492);
#6494=CARTESIAN_POINT('',(147.648318315,98.645987147,-1.6));
#6495=DIRECTION('',(0.,0.,-1.));
#6496=VECTOR('',#6495,0.4);
#6497=LINE('',#6494,#6496);
#6498=EDGE_CURVE('',#6493,#420,#6497,.T.);
#6499=ORIENTED_EDGE('',*,*,#6498,.F.);
#6500=CARTESIAN_POINT('',(146.492777967,97.941057914,-1.6));
#6501=VERTEX_POINT('',#6500);
#6502=CARTESIAN_POINT('',(147.648318315,98.645987147,-1.6));
#6503=CARTESIAN_POINT('',(147.217063808,98.491119379,-1.6));
#6504=CARTESIAN_POINT('',(146.831883693,98.256142968,-1.6));
#6505=CARTESIAN_POINT('',(146.492777967,97.941057914,-1.6));
#6506=B_SPLINE_CURVE_WITH_KNOTS('',3,(#6502,#6503,#6504,#6505),.UNSPECIFIED.,.F.,.F.,(4,4),(0.651631138,0.721271919),.UNSPECIFIED.);
#6507=EDGE_CURVE('',#6493,#6501,#6506,.T.);
#6508=ORIENTED_EDGE('',*,*,#6507,.T.);
#6509=CARTESIAN_POINT('',(146.492777967,97.941057914,-1.6));
#6510=DIRECTION('',(0.,0.,-1.));
#6511=VECTOR('',#6510,0.4);
#6512=LINE('',#6509,#6511);
#6513=EDGE_CURVE('',#6501,#422,#6512,.T.);
#6514=ORIENTED_EDGE('',*,*,#6513,.T.);
#6515=EDGE_LOOP('',(#6491,#6499,#6508,#6514));
#6516=FACE_BOUND('',#6515,.T.);
#6517=ADVANCED_FACE('',(#6516),#6490,.T.);
#6518=CARTESIAN_POINT('',(151.337234879,98.113285536,-1.6));
#6519=CARTESIAN_POINT('',(151.337234879,98.113285536,-2.));
#6520=CARTESIAN_POINT('',(150.809867883,98.623292679,-1.6));
#6521=CARTESIAN_POINT('',(150.809867883,98.623292679,-2.));
#6522=CARTESIAN_POINT('',(150.064198875,98.87829625,-1.6));
#6523=CARTESIAN_POINT('',(150.064198875,98.87829625,-2.));
#6524=CARTESIAN_POINT('',(149.100242758,98.87829625,-1.6));
#6525=CARTESIAN_POINT('',(149.100242758,98.87829625,-2.));
#6526=CARTESIAN_POINT('',(148.563532734,98.87829625,-1.6));
#6527=CARTESIAN_POINT('',(148.563532734,98.87829625,-2.));
#6528=CARTESIAN_POINT('',(148.07955792,98.800869817,-1.6));
#6529=CARTESIAN_POINT('',(148.07955792,98.800869817,-2.));
#6530=CARTESIAN_POINT('',(147.648318315,98.645987147,-1.6));
#6531=CARTESIAN_POINT('',(147.648318315,98.645987147,-2.));
#6532=B_SPLINE_SURFACE_WITH_KNOTS('',3,1,((#6518,#6519),(#6520,#6521),(#6522,#6523),(#6524,#6525),(#6526,#6527),(#6528,#6529),(#6530,#6531)),.UNSPECIFIED.,.F.,.F.,.U.,(4,3,4),(2,2),(0.456916102,0.581991724,0.651631138),(0.,1.),.UNSPECIFIED.);
#6533=ORIENTED_EDGE('',*,*,#501,.F.);
#6534=CARTESIAN_POINT('',(151.337234879,98.113285536,-1.6));
#6535=VERTEX_POINT('',#6534);
#6536=CARTESIAN_POINT('',(151.337234879,98.113285536,-1.6));
#6537=DIRECTION('',(0.,0.,-1.));
#6538=VECTOR('',#6537,0.4);
#6539=LINE('',#6536,#6538);
#6540=EDGE_CURVE('',#6535,#482,#6539,.T.);
#6541=ORIENTED_EDGE('',*,*,#6540,.F.);
#6542=CARTESIAN_POINT('',(151.337234879,98.113285536,-1.6));
#6543=CARTESIAN_POINT('',(150.809867883,98.623292679,-1.6));
#6544=CARTESIAN_POINT('',(150.064198875,98.87829625,-1.6));
#6545=CARTESIAN_POINT('',(149.100242758,98.87829625,-1.6));
#6546=CARTESIAN_POINT('',(148.563532734,98.87829625,-1.6));
#6547=CARTESIAN_POINT('',(148.07955792,98.800869817,-1.6));
#6548=CARTESIAN_POINT('',(147.648318315,98.645987147,-1.6));
#6549=B_SPLINE_CURVE_WITH_KNOTS('',3,(#6542,#6543,#6544,#6545,#6546,#6547,#6548),.UNSPECIFIED.,.F.,.F.,(4,3,4),(0.456916102,0.581991724,0.651631138),.UNSPECIFIED.);
#6550=EDGE_CURVE('',#6535,#6493,#6549,.T.);
#6551=ORIENTED_EDGE('',*,*,#6550,.T.);
#6552=ORIENTED_EDGE('',*,*,#6498,.T.);
#6553=EDGE_LOOP('',(#6533,#6541,#6551,#6552));
#6554=FACE_BOUND('',#6553,.T.);
#6555=ADVANCED_FACE('',(#6554),#6532,.T.);
#6556=CARTESIAN_POINT('',(151.853917742,94.444396132,-1.6));
#6557=CARTESIAN_POINT('',(151.853917742,94.444396132,-2.));
#6558=CARTESIAN_POINT('',(152.036829495,94.871627325,-1.6));
#6559=CARTESIAN_POINT('',(152.036829495,94.871627325,-2.));
#6560=CARTESIAN_POINT('',(152.128292823,95.376299852,-1.6));
#6561=CARTESIAN_POINT('',(152.128292823,95.376299852,-2.));
#6562=CARTESIAN_POINT('',(152.128292823,95.958413714,-1.6));
#6563=CARTESIAN_POINT('',(152.128292823,95.958413714,-2.));
#6564=CARTESIAN_POINT('',(152.128292823,96.884982818,-1.6));
#6565=CARTESIAN_POINT('',(152.128292823,96.884982818,-2.));
#6566=CARTESIAN_POINT('',(151.864601874,97.603263491,-1.6));
#6567=CARTESIAN_POINT('',(151.864601874,97.603263491,-2.));
#6568=CARTESIAN_POINT('',(151.337234879,98.113285536,-1.6));
#6569=CARTESIAN_POINT('',(151.337234879,98.113285536,-2.));
#6570=B_SPLINE_SURFACE_WITH_KNOTS('',3,1,((#6556,#6557),(#6558,#6559),(#6560,#6561),(#6562,#6563),(#6564,#6565),(#6566,#6567),(#6568,#6569)),.UNSPECIFIED.,.F.,.F.,.U.,(4,3,4),(2,2),(0.253259275,0.331838715,0.456916102),(0.,1.),.UNSPECIFIED.);
#6571=ORIENTED_EDGE('',*,*,#491,.F.);
#6572=CARTESIAN_POINT('',(151.853917742,94.444396132,-1.6));
#6573=VERTEX_POINT('',#6572);
#6574=CARTESIAN_POINT('',(151.853917742,94.444396132,-1.6));
#6575=DIRECTION('',(0.,0.,-1.));
#6576=VECTOR('',#6575,0.4);
#6577=LINE('',#6574,#6576);
#6578=EDGE_CURVE('',#6573,#473,#6577,.T.);
#6579=ORIENTED_EDGE('',*,*,#6578,.F.);
#6580=CARTESIAN_POINT('',(151.853917742,94.444396132,-1.6));
#6581=CARTESIAN_POINT('',(152.036829495,94.871627325,-1.6));
#6582=CARTESIAN_POINT('',(152.128292823,95.376299852,-1.6));
#6583=CARTESIAN_POINT('',(152.128292823,95.958413714,-1.6));
#6584=CARTESIAN_POINT('',(152.128292823,96.884982818,-1.6));
#6585=CARTESIAN_POINT('',(151.864601874,97.603263491,-1.6));
#6586=CARTESIAN_POINT('',(151.337234879,98.113285536,-1.6));
#6587=B_SPLINE_CURVE_WITH_KNOTS('',3,(#6580,#6581,#6582,#6583,#6584,#6585,#6586),.UNSPECIFIED.,.F.,.F.,(4,3,4),(0.253259275,0.331838715,0.456916102),.UNSPECIFIED.);
#6588=EDGE_CURVE('',#6573,#6535,#6587,.T.);
#6589=ORIENTED_EDGE('',*,*,#6588,.T.);
#6590=ORIENTED_EDGE('',*,*,#6540,.T.);
#6591=EDGE_LOOP('',(#6571,#6579,#6589,#6590));
#6592=FACE_BOUND('',#6591,.T.);
#6593=ADVANCED_FACE('',(#6592),#6570,.T.);
#6594=CARTESIAN_POINT('',(151.022805476,93.366952771,-1.6));
#6595=CARTESIAN_POINT('',(151.022805476,93.366952771,-2.));
#6596=CARTESIAN_POINT('',(151.3939785,93.658002251,-1.6));
#6597=CARTESIAN_POINT('',(151.3939785,93.658002251,-2.));
#6598=CARTESIAN_POINT('',(151.671005988,94.017150038,-1.6));
#6599=CARTESIAN_POINT('',(151.671005988,94.017150038,-2.));
#6600=CARTESIAN_POINT('',(151.853917742,94.444396132,-1.6));
#6601=CARTESIAN_POINT('',(151.853917742,94.444396132,-2.));
#6602=B_SPLINE_SURFACE_WITH_KNOTS('',3,1,((#6594,#6595),(#6596,#6597),(#6598,#6599),(#6600,#6601)),.UNSPECIFIED.,.F.,.F.,.U.,(4,4),(2,2),(0.174677519,0.253259275),(0.,1.),.UNSPECIFIED.);
#6603=ORIENTED_EDGE('',*,*,#479,.F.);
#6604=CARTESIAN_POINT('',(151.022805476,93.366952771,-1.6));
#6605=VERTEX_POINT('',#6604);
#6606=CARTESIAN_POINT('',(151.022805476,93.366952771,-1.6));
#6607=DIRECTION('',(0.,0.,-1.));
#6608=VECTOR('',#6607,0.4);
#6609=LINE('',#6606,#6608);
#6610=EDGE_CURVE('',#6605,#464,#6609,.T.);
#6611=ORIENTED_EDGE('',*,*,#6610,.F.);
#6612=CARTESIAN_POINT('',(151.022805476,93.366952771,-1.6));
#6613=CARTESIAN_POINT('',(151.3939785,93.658002251,-1.6));
#6614=CARTESIAN_POINT('',(151.671005988,94.017150038,-1.6));
#6615=CARTESIAN_POINT('',(151.853917742,94.444396132,-1.6));
#6616=B_SPLINE_CURVE_WITH_KNOTS('',3,(#6612,#6613,#6614,#6615),.UNSPECIFIED.,.F.,.F.,(4,4),(0.174677519,0.253259275),.UNSPECIFIED.);
#6617=EDGE_CURVE('',#6605,#6573,#6616,.T.);
#6618=ORIENTED_EDGE('',*,*,#6617,.T.);
#6619=ORIENTED_EDGE('',*,*,#6578,.T.);
#6620=EDGE_LOOP('',(#6603,#6611,#6618,#6619));
#6621=FACE_BOUND('',#6620,.T.);
#6622=ADVANCED_FACE('',(#6621),#6602,.T.);
#6623=CARTESIAN_POINT('',(150.237767601,93.026505941,-1.6));
#6624=CARTESIAN_POINT('',(150.237767601,93.026505941,-2.));
#6625=CARTESIAN_POINT('',(150.568871403,93.101265067,-1.6));
#6626=CARTESIAN_POINT('',(150.568871403,93.101265067,-2.));
#6627=CARTESIAN_POINT('',(150.830550694,93.214752311,-1.6));
#6628=CARTESIAN_POINT('',(150.830550694,93.214752311,-2.));
#6629=CARTESIAN_POINT('',(151.022805476,93.366952771,-1.6));
#6630=CARTESIAN_POINT('',(151.022805476,93.366952771,-2.));
#6631=B_SPLINE_SURFACE_WITH_KNOTS('',3,1,((#6623,#6624),(#6625,#6626),(#6627,#6628),(#6629,#6630)),.UNSPECIFIED.,.F.,.F.,.U.,(4,4),(2,2),(0.133825705,0.174677519),(0.,1.),.UNSPECIFIED.);
#6632=ORIENTED_EDGE('',*,*,#470,.F.);
#6633=CARTESIAN_POINT('',(150.237767601,93.026505941,-1.6));
#6634=VERTEX_POINT('',#6633);
#6635=CARTESIAN_POINT('',(150.237767601,93.026505941,-1.6));
#6636=DIRECTION('',(0.,0.,-1.));
#6637=VECTOR('',#6636,0.4);
#6638=LINE('',#6635,#6637);
#6639=EDGE_CURVE('',#6634,#452,#6638,.T.);
#6640=ORIENTED_EDGE('',*,*,#6639,.F.);
#6641=CARTESIAN_POINT('',(150.237767601,93.026505941,-1.6));
#6642=CARTESIAN_POINT('',(150.568871403,93.101265067,-1.6));
#6643=CARTESIAN_POINT('',(150.830550694,93.214752311,-1.6));
#6644=CARTESIAN_POINT('',(151.022805476,93.366952771,-1.6));
#6645=B_SPLINE_CURVE_WITH_KNOTS('',3,(#6641,#6642,#6643,#6644),.UNSPECIFIED.,.F.,.F.,(4,4),(0.133825705,0.174677519),.UNSPECIFIED.);
#6646=EDGE_CURVE('',#6634,#6605,#6645,.T.);
#6647=ORIENTED_EDGE('',*,*,#6646,.T.);
#6648=ORIENTED_EDGE('',*,*,#6610,.T.);
#6649=EDGE_LOOP('',(#6632,#6640,#6647,#6648));
#6650=FACE_BOUND('',#6649,.T.);
#6651=ADVANCED_FACE('',(#6650),#6631,.T.);
#6652=CARTESIAN_POINT('',(146.564869785,93.759479159,-1.6));
#6653=CARTESIAN_POINT('',(146.564869785,93.759479159,-2.));
#6654=CARTESIAN_POINT('',(147.160335088,93.196058804,-1.6));
#6655=CARTESIAN_POINT('',(147.160335088,93.196058804,-2.));
#6656=CARTESIAN_POINT('',(147.986768389,92.914352351,-1.6));
#6657=CARTESIAN_POINT('',(147.986768389,92.914352351,-2.));
#6658=CARTESIAN_POINT('',(149.044169688,92.914352351,-1.6));
#6659=CARTESIAN_POINT('',(149.044169688,92.914352351,-2.));
#6660=CARTESIAN_POINT('',(149.508787894,92.914352351,-1.6));
#6661=CARTESIAN_POINT('',(149.508787894,92.914352351,-2.));
#6662=CARTESIAN_POINT('',(149.906663799,92.951731914,-1.6));
#6663=CARTESIAN_POINT('',(149.906663799,92.951731914,-2.));
#6664=CARTESIAN_POINT('',(150.237767601,93.026505941,-1.6));
#6665=CARTESIAN_POINT('',(150.237767601,93.026505941,-2.));
#6666=B_SPLINE_SURFACE_WITH_KNOTS('',3,1,((#6652,#6653),(#6654,#6655),(#6656,#6657),(#6658,#6659),(#6660,#6661),(#6662,#6663),(#6664,#6665)),.UNSPECIFIED.,.F.,.F.,.U.,(4,3,4),(2,2),(0.,0.092973496,0.133825705),(0.,1.),.UNSPECIFIED.);
#6667=ORIENTED_EDGE('',*,*,#461,.F.);
#6668=CARTESIAN_POINT('',(146.564869785,93.759479159,-1.6));
#6669=VERTEX_POINT('',#6668);
#6670=CARTESIAN_POINT('',(146.564869785,93.759479159,-1.6));
#6671=DIRECTION('',(0.,0.,-1.));
#6672=VECTOR('',#6671,0.4);
#6673=LINE('',#6670,#6672);
#6674=EDGE_CURVE('',#6669,#440,#6673,.T.);
#6675=ORIENTED_EDGE('',*,*,#6674,.F.);
#6676=CARTESIAN_POINT('',(146.564869785,93.759479159,-1.6));
#6677=CARTESIAN_POINT('',(147.160335088,93.196058804,-1.6));
#6678=CARTESIAN_POINT('',(147.986768389,92.914352351,-1.6));
#6679=CARTESIAN_POINT('',(149.044169688,92.914352351,-1.6));
#6680=CARTESIAN_POINT('',(149.508787894,92.914352351,-1.6));
#6681=CARTESIAN_POINT('',(149.906663799,92.951731914,-1.6));
#6682=CARTESIAN_POINT('',(150.237767601,93.026505941,-1.6));
#6683=B_SPLINE_CURVE_WITH_KNOTS('',3,(#6676,#6677,#6678,#6679,#6680,#6681,#6682),.UNSPECIFIED.,.F.,.F.,(4,3,4),(0.,0.092973496,0.133825705),.UNSPECIFIED.);
#6684=EDGE_CURVE('',#6669,#6634,#6683,.T.);
#6685=ORIENTED_EDGE('',*,*,#6684,.T.);
#6686=ORIENTED_EDGE('',*,*,#6639,.T.);
#6687=EDGE_LOOP('',(#6667,#6675,#6685,#6686));
#6688=FACE_BOUND('',#6687,.T.);
#6689=ADVANCED_FACE('',(#6688),#6666,.T.);
#6690=CARTESIAN_POINT('',(145.861937308,97.105937237,-1.6));
#6691=CARTESIAN_POINT('',(145.861937308,97.105937237,-2.));
#6692=CARTESIAN_POINT('',(145.735098624,96.824230784,-1.6));
#6693=CARTESIAN_POINT('',(145.735098624,96.824230784,-2.));
#6694=CARTESIAN_POINT('',(145.671679282,96.491130227,-1.6));
#6695=CARTESIAN_POINT('',(145.671679282,96.491130227,-2.));
#6696=CARTESIAN_POINT('',(145.671679282,96.106605762,-1.6));
#6697=CARTESIAN_POINT('',(145.671679282,96.106605762,-2.));
#6698=CARTESIAN_POINT('',(145.671679282,95.105277532,-1.6));
#6699=CARTESIAN_POINT('',(145.671679282,95.105277532,-2.));
#6700=CARTESIAN_POINT('',(145.969404483,94.322892064,-1.6));
#6701=CARTESIAN_POINT('',(145.969404483,94.322892064,-2.));
#6702=CARTESIAN_POINT('',(146.564869785,93.759479159,-1.6));
#6703=CARTESIAN_POINT('',(146.564869785,93.759479159,-2.));
#6704=B_SPLINE_SURFACE_WITH_KNOTS('',3,1,((#6690,#6691),(#6692,#6693),(#6694,#6695),(#6696,#6697),(#6698,#6699),(#6700,#6701),(#6702,#6703)),.UNSPECIFIED.,.F.,.F.,.U.,(4,3,4),(2,2),(0.781810491,0.842350261,1.),(0.,1.),.UNSPECIFIED.);
#6705=ORIENTED_EDGE('',*,*,#449,.F.);
#6706=CARTESIAN_POINT('',(145.861937308,97.105937237,-1.6));
#6707=VERTEX_POINT('',#6706);
#6708=CARTESIAN_POINT('',(145.861937308,97.105937237,-1.6));
#6709=DIRECTION('',(0.,0.,-1.));
#6710=VECTOR('',#6709,0.4);
#6711=LINE('',#6708,#6710);
#6712=EDGE_CURVE('',#6707,#431,#6711,.T.);
#6713=ORIENTED_EDGE('',*,*,#6712,.F.);
#6714=CARTESIAN_POINT('',(145.861937308,97.105937237,-1.6));
#6715=CARTESIAN_POINT('',(145.735098624,96.824230784,-1.6));
#6716=CARTESIAN_POINT('',(145.671679282,96.491130227,-1.6));
#6717=CARTESIAN_POINT('',(145.671679282,96.106605762,-1.6));
#6718=CARTESIAN_POINT('',(145.671679282,95.105277532,-1.6));
#6719=CARTESIAN_POINT('',(145.969404483,94.322892064,-1.6));
#6720=CARTESIAN_POINT('',(146.564869785,93.759479159,-1.6));
#6721=B_SPLINE_CURVE_WITH_KNOTS('',3,(#6714,#6715,#6716,#6717,#6718,#6719,#6720),.UNSPECIFIED.,.F.,.F.,(4,3,4),(0.781810491,0.842350261,1.),.UNSPECIFIED.);
#6722=EDGE_CURVE('',#6707,#6669,#6721,.T.);
#6723=ORIENTED_EDGE('',*,*,#6722,.T.);
#6724=ORIENTED_EDGE('',*,*,#6674,.T.);
#6725=EDGE_LOOP('',(#6705,#6713,#6723,#6724));
#6726=FACE_BOUND('',#6725,.T.);
#6727=ADVANCED_FACE('',(#6726),#6704,.T.);
#6728=CARTESIAN_POINT('',(146.492777967,97.941057914,-1.6));
#6729=CARTESIAN_POINT('',(146.492777967,97.941057914,-2.));
#6730=CARTESIAN_POINT('',(146.199046278,97.666027182,-1.6));
#6731=CARTESIAN_POINT('',(146.199046278,97.666027182,-2.));
#6732=CARTESIAN_POINT('',(145.988761091,97.387643689,-1.6));
#6733=CARTESIAN_POINT('',(145.988761091,97.387643689,-2.));
#6734=CARTESIAN_POINT('',(145.861937308,97.105937237,-1.6));
#6735=CARTESIAN_POINT('',(145.861937308,97.105937237,-2.));
#6736=B_SPLINE_SURFACE_WITH_KNOTS('',3,1,((#6728,#6729),(#6730,#6731),(#6732,#6733),(#6734,#6735)),.UNSPECIFIED.,.F.,.F.,.U.,(4,4),(2,2),(0.721271919,0.781810491),(0.,1.),.UNSPECIFIED.);
#6737=ORIENTED_EDGE('',*,*,#437,.F.);
#6738=ORIENTED_EDGE('',*,*,#6513,.F.);
#6739=CARTESIAN_POINT('',(146.492777967,97.941057914,-1.6));
#6740=CARTESIAN_POINT('',(146.199046278,97.666027182,-1.6));
#6741=CARTESIAN_POINT('',(145.988761091,97.387643689,-1.6));
#6742=CARTESIAN_POINT('',(145.861937308,97.105937237,-1.6));
#6743=B_SPLINE_CURVE_WITH_KNOTS('',3,(#6739,#6740,#6741,#6742),.UNSPECIFIED.,.F.,.F.,(4,4),(0.721271919,0.781810491),.UNSPECIFIED.);
#6744=EDGE_CURVE('',#6501,#6707,#6743,.T.);
#6745=ORIENTED_EDGE('',*,*,#6744,.T.);
#6746=ORIENTED_EDGE('',*,*,#6712,.T.);
#6747=EDGE_LOOP('',(#6737,#6738,#6745,#6746));
#6748=FACE_BOUND('',#6747,.T.);
#6749=ADVANCED_FACE('',(#6748),#6736,.T.);
#6750=CARTESIAN_POINT('',(148.807852173,96.953744227,-1.6));
#6751=DIRECTION('',(-0.036706827,0.999326077,-0.));
#6752=DIRECTION('',(-0.999326077,-0.036706827,0.));
#6753=AXIS2_PLACEMENT_3D('',#6750,#6751,#6752);
#6754=PLANE('',#6753);
#6755=CARTESIAN_POINT('',(147.117598557,96.891658539,-2.));
#6756=DIRECTION('',(0.999326077,0.036706827,0.));
#6757=VECTOR('',#6756,3.382786968);
#6758=LINE('',#6755,#6757);
#6759=EDGE_CURVE('',#6318,#6457,#6758,.T.);
#6760=ORIENTED_EDGE('',*,*,#6759,.F.);
#6761=ORIENTED_EDGE('',*,*,#6347,.F.);
#6762=CARTESIAN_POINT('',(147.117598557,96.891658539,-1.6));
#6763=DIRECTION('',(0.999326077,0.036706827,0.));
#6764=VECTOR('',#6763,3.382786968);
#6765=LINE('',#6762,#6764);
#6766=EDGE_CURVE('',#6335,#6465,#6765,.T.);
#6767=ORIENTED_EDGE('',*,*,#6766,.T.);
#6768=ORIENTED_EDGE('',*,*,#6470,.T.);
#6769=EDGE_LOOP('',(#6760,#6761,#6767,#6768));
#6770=FACE_BOUND('',#6769,.T.);
#6771=ADVANCED_FACE('',(#6770),#6754,.T.);
#6772=CARTESIAN_POINT('',(148.899986053,88.150000358,-1.6));
#6773=DIRECTION('',(0.,0.,-1.));
#6774=DIRECTION('',(0.,1.,0.));
#6775=AXIS2_PLACEMENT_3D('',#6772,#6773,#6774);
#6776=PLANE('',#6775);
#6777=ORIENTED_EDGE('',*,*,#6507,.F.);
#6778=ORIENTED_EDGE('',*,*,#6550,.F.);
#6779=ORIENTED_EDGE('',*,*,#6588,.F.);
#6780=ORIENTED_EDGE('',*,*,#6617,.F.);
#6781=ORIENTED_EDGE('',*,*,#6646,.F.);
#6782=ORIENTED_EDGE('',*,*,#6684,.F.);
#6783=ORIENTED_EDGE('',*,*,#6722,.F.);
#6784=ORIENTED_EDGE('',*,*,#6744,.F.);
#6785=EDGE_LOOP('',(#6777,#6778,#6779,#6780,#6781,#6782,#6783,#6784));
#6786=FACE_BOUND('',#6785,.T.);
#6787=ORIENTED_EDGE('',*,*,#6341,.F.);
#6788=ORIENTED_EDGE('',*,*,#6383,.F.);
#6789=ORIENTED_EDGE('',*,*,#6414,.F.);
#6790=ORIENTED_EDGE('',*,*,#6445,.F.);
#6791=ORIENTED_EDGE('',*,*,#6476,.F.);
#6792=ORIENTED_EDGE('',*,*,#6766,.F.);
#6793=EDGE_LOOP('',(#6787,#6788,#6789,#6790,#6791,#6792));
#6794=FACE_BOUND('',#6793,.T.);
#6795=ADVANCED_FACE('',(#6786,#6794),#6776,.T.);
#6796=CARTESIAN_POINT('',(0.,0.,-2.));
#6797=DIRECTION('',(-0.,0.,1.));
#6798=DIRECTION('',(1.,0.,0.));
#6799=AXIS2_PLACEMENT_3D('',#6796,#6797,#6798);
#6800=PLANE('',#6799);
#6801=ORIENTED_EDGE('',*,*,#6324,.T.);
#6802=ORIENTED_EDGE('',*,*,#6759,.T.);
#6803=ORIENTED_EDGE('',*,*,#6462,.T.);
#6804=ORIENTED_EDGE('',*,*,#6431,.T.);
#6805=ORIENTED_EDGE('',*,*,#6400,.T.);
#6806=ORIENTED_EDGE('',*,*,#6368,.T.);
#6807=EDGE_LOOP('',(#6801,#6802,#6803,#6804,#6805,#6806));
#6808=FACE_BOUND('',#6807,.T.);
#6809=ADVANCED_FACE('',(#6808),#6800,.F.);
#6810=CARTESIAN_POINT('',(148.863940144,103.448392981,-1.6));
#6811=CARTESIAN_POINT('',(148.863940144,103.448392981,-2.));
#6812=CARTESIAN_POINT('',(148.805184865,104.003803962,-1.6));
#6813=CARTESIAN_POINT('',(148.805184865,104.003803962,-2.));
#6814=CARTESIAN_POINT('',(148.634298348,104.441719288,-1.6));
#6815=CARTESIAN_POINT('',(148.634298348,104.441719288,-2.));
#6816=CARTESIAN_POINT('',(148.351250792,104.762153858,-1.6));
#6817=CARTESIAN_POINT('',(148.351250792,104.762153858,-2.));
#6818=B_SPLINE_SURFACE_WITH_KNOTS('',3,1,((#6810,#6811),(#6812,#6813),(#6814,#6815),(#6816,#6817)),.UNSPECIFIED.,.F.,.F.,.U.,(4,4),(2,2),(0.494558806,0.595268515),(0.,1.),.UNSPECIFIED.);
#6819=ORIENTED_EDGE('',*,*,#1474,.F.);
#6820=CARTESIAN_POINT('',(148.863940144,103.448392981,-1.6));
#6821=VERTEX_POINT('',#6820);
#6822=CARTESIAN_POINT('',(148.863940144,103.448392981,-1.6));
#6823=DIRECTION('',(0.,0.,-1.));
#6824=VECTOR('',#6823,0.4);
#6825=LINE('',#6822,#6824);
#6826=EDGE_CURVE('',#6821,#1466,#6825,.T.);
#6827=ORIENTED_EDGE('',*,*,#6826,.F.);
#6828=CARTESIAN_POINT('',(148.351250792,104.762153858,-1.6));
#6829=VERTEX_POINT('',#6828);
#6830=CARTESIAN_POINT('',(148.863940144,103.448392981,-1.6));
#6831=CARTESIAN_POINT('',(148.805184865,104.003803962,-1.6));
#6832=CARTESIAN_POINT('',(148.634298348,104.441719288,-1.6));
#6833=CARTESIAN_POINT('',(148.351250792,104.762153858,-1.6));
#6834=B_SPLINE_CURVE_WITH_KNOTS('',3,(#6830,#6831,#6832,#6833),.UNSPECIFIED.,.F.,.F.,(4,4),(0.494558806,0.595268515),.UNSPECIFIED.);
#6835=EDGE_CURVE('',#6821,#6829,#6834,.T.);
#6836=ORIENTED_EDGE('',*,*,#6835,.T.);
#6837=CARTESIAN_POINT('',(148.351250792,104.762153858,-1.6));
#6838=DIRECTION('',(0.,0.,-1.));
#6839=VECTOR('',#6838,0.4);
#6840=LINE('',#6837,#6839);
#6841=EDGE_CURVE('',#6829,#1468,#6840,.T.);
#6842=ORIENTED_EDGE('',*,*,#6841,.T.);
#6843=EDGE_LOOP('',(#6819,#6827,#6836,#6842));
#6844=FACE_BOUND('',#6843,.T.);
#6845=ADVANCED_FACE('',(#6844),#6818,.T.);
#6846=CARTESIAN_POINT('',(149.474753642,104.537846678,-1.6));
#6847=CARTESIAN_POINT('',(149.474753642,104.537846678,-2.));
#6848=CARTESIAN_POINT('',(149.198381805,104.286851519,-1.6));
#6849=CARTESIAN_POINT('',(149.198381805,104.286851519,-2.));
#6850=CARTESIAN_POINT('',(148.994772339,103.92369532,-1.6));
#6851=CARTESIAN_POINT('',(148.994772339,103.92369532,-2.));
#6852=CARTESIAN_POINT('',(148.863940144,103.448392981,-1.6));
#6853=CARTESIAN_POINT('',(148.863940144,103.448392981,-2.));
#6854=B_SPLINE_SURFACE_WITH_KNOTS('',3,1,((#6846,#6847),(#6848,#6849),(#6850,#6851),(#6852,#6853)),.UNSPECIFIED.,.F.,.F.,.U.,(4,4),(2,2),(0.405665371,0.494558806),(0.,1.),.UNSPECIFIED.);
#6855=ORIENTED_EDGE('',*,*,#1545,.F.);
#6856=CARTESIAN_POINT('',(149.474753642,104.537846678,-1.6));
#6857=VERTEX_POINT('',#6856);
#6858=CARTESIAN_POINT('',(149.474753642,104.537846678,-1.6));
#6859=DIRECTION('',(0.,0.,-1.));
#6860=VECTOR('',#6859,0.4);
#6861=LINE('',#6858,#6860);
#6862=EDGE_CURVE('',#6857,#1520,#6861,.T.);
#6863=ORIENTED_EDGE('',*,*,#6862,.F.);
#6864=CARTESIAN_POINT('',(149.474753642,104.537846678,-1.6));
#6865=CARTESIAN_POINT('',(149.198381805,104.286851519,-1.6));
#6866=CARTESIAN_POINT('',(148.994772339,103.92369532,-1.6));
#6867=CARTESIAN_POINT('',(148.863940144,103.448392981,-1.6));
#6868=B_SPLINE_CURVE_WITH_KNOTS('',3,(#6864,#6865,#6866,#6867),.UNSPECIFIED.,.F.,.F.,(4,4),(0.405665371,0.494558806),.UNSPECIFIED.);
#6869=EDGE_CURVE('',#6857,#6821,#6868,.T.);
#6870=ORIENTED_EDGE('',*,*,#6869,.T.);
#6871=ORIENTED_EDGE('',*,*,#6826,.T.);
#6872=EDGE_LOOP('',(#6855,#6863,#6870,#6871));
#6873=FACE_BOUND('',#6872,.T.);
#6874=ADVANCED_FACE('',(#6873),#6854,.T.);
#6875=CARTESIAN_POINT('',(151.831893826,99.771501654,-1.6));
#6876=CARTESIAN_POINT('',(151.831893826,99.771501654,-2.));
#6877=CARTESIAN_POINT('',(151.861264014,100.286843413,-1.6));
#6878=CARTESIAN_POINT('',(151.861264014,100.286843413,-2.));
#6879=CARTESIAN_POINT('',(151.882617378,100.765483612,-1.6));
#6880=CARTESIAN_POINT('',(151.882617378,100.765483612,-2.));
#6881=CARTESIAN_POINT('',(151.895968819,101.207407349,-1.6));
#6882=CARTESIAN_POINT('',(151.895968819,101.207407349,-2.));
#6883=CARTESIAN_POINT('',(151.909320259,101.649331087,-1.6));
#6884=CARTESIAN_POINT('',(151.909320259,101.649331087,-2.));
#6885=CARTESIAN_POINT('',(151.915995979,102.067889804,-1.6));
#6886=CARTESIAN_POINT('',(151.915995979,102.067889804,-2.));
#6887=CARTESIAN_POINT('',(151.915995979,102.4630835,-1.6));
#6888=CARTESIAN_POINT('',(151.915995979,102.4630835,-2.));
#6889=CARTESIAN_POINT('',(151.915995979,103.258805507,-1.6));
#6890=CARTESIAN_POINT('',(151.915995979,103.258805507,-2.));
#6891=CARTESIAN_POINT('',(151.793165708,103.866281146,-1.6));
#6892=CARTESIAN_POINT('',(151.793165708,103.866281146,-2.));
#6893=CARTESIAN_POINT('',(151.547505164,104.285510415,-1.6));
#6894=CARTESIAN_POINT('',(151.547505164,104.285510415,-2.));
#6895=CARTESIAN_POINT('',(151.301844621,104.704739684,-1.6));
#6896=CARTESIAN_POINT('',(151.301844621,104.704739684,-2.));
#6897=CARTESIAN_POINT('',(150.945379043,104.914354318,-1.6));
#6898=CARTESIAN_POINT('',(150.945379043,104.914354318,-2.));
#6899=CARTESIAN_POINT('',(150.478078628,104.914354318,-1.6));
#6900=CARTESIAN_POINT('',(150.478078628,104.914354318,-2.));
#6901=CARTESIAN_POINT('',(150.085567141,104.914354318,-1.6));
#6902=CARTESIAN_POINT('',(150.085567141,104.914354318,-2.));
#6903=CARTESIAN_POINT('',(149.751110578,104.788841838,-1.6));
#6904=CARTESIAN_POINT('',(149.751110578,104.788841838,-2.));
#6905=CARTESIAN_POINT('',(149.474753642,104.537846678,-1.6));
#6906=CARTESIAN_POINT('',(149.474753642,104.537846678,-2.));
#6907=B_SPLINE_SURFACE_WITH_KNOTS('',3,1,((#6875,#6876),(#6877,#6878),(#6879,#6880),(#6881,#6882),(#6883,#6884),(#6885,#6886),(#6887,#6888),(#6889,#6890),(#6891,#6892),(#6893,#6894),(#6895,#6896),(#6897,#6898),(#6899,#6900),(#6901,#6902),(#6903,#6904),(#6905,#6906)),.UNSPECIFIED.,.F.,.F.,.U.,(4,3,3,3,3,4),(2,2),(0.,0.052559266,0.105118532,0.210946547,0.316774562,0.405665371),(0.,1.),.UNSPECIFIED.);
#6908=ORIENTED_EDGE('',*,*,#1538,.F.);
#6909=CARTESIAN_POINT('',(151.831893826,99.771501654,-1.6));
#6910=VERTEX_POINT('',#6909);
#6911=CARTESIAN_POINT('',(151.831893826,99.771501654,-1.6));
#6912=DIRECTION('',(0.,0.,-1.));
#6913=VECTOR('',#6912,0.4);
#6914=LINE('',#6911,#6913);
#6915=EDGE_CURVE('',#6910,#1512,#6914,.T.);
#6916=ORIENTED_EDGE('',*,*,#6915,.F.);
#6917=CARTESIAN_POINT('',(151.831893826,99.771501654,-1.6));
#6918=CARTESIAN_POINT('',(151.861264014,100.286843413,-1.6));
#6919=CARTESIAN_POINT('',(151.882617378,100.765483612,-1.6));
#6920=CARTESIAN_POINT('',(151.895968819,101.207407349,-1.6));
#6921=CARTESIAN_POINT('',(151.909320259,101.649331087,-1.6));
#6922=CARTESIAN_POINT('',(151.915995979,102.067889804,-1.6));
#6923=CARTESIAN_POINT('',(151.915995979,102.4630835,-1.6));
#6924=CARTESIAN_POINT('',(151.915995979,103.258805507,-1.6));
#6925=CARTESIAN_POINT('',(151.793165708,103.866281146,-1.6));
#6926=CARTESIAN_POINT('',(151.547505164,104.285510415,-1.6));
#6927=CARTESIAN_POINT('',(151.301844621,104.704739684,-1.6));
#6928=CARTESIAN_POINT('',(150.945379043,104.914354318,-1.6));
#6929=CARTESIAN_POINT('',(150.478078628,104.914354318,-1.6));
#6930=CARTESIAN_POINT('',(150.085567141,104.914354318,-1.6));
#6931=CARTESIAN_POINT('',(149.751110578,104.788841838,-1.6));
#6932=CARTESIAN_POINT('',(149.474753642,104.537846678,-1.6));
#6933=B_SPLINE_CURVE_WITH_KNOTS('',3,(#6917,#6918,#6919,#6920,#6921,#6922,#6923,#6924,#6925,#6926,#6927,#6928,#6929,#6930,#6931,#6932),.UNSPECIFIED.,.F.,.F.,(4,3,3,3,3,4),(0.,0.052559266,0.105118532,0.210946547,0.316774562,0.405665371),.UNSPECIFIED.);
#6934=EDGE_CURVE('',#6910,#6857,#6933,.T.);
#6935=ORIENTED_EDGE('',*,*,#6934,.T.);
#6936=ORIENTED_EDGE('',*,*,#6862,.T.);
#6937=EDGE_LOOP('',(#6908,#6916,#6935,#6936));
#6938=FACE_BOUND('',#6937,.T.);
#6939=ADVANCED_FACE('',(#6938),#6907,.T.);
#6940=CARTESIAN_POINT('',(149.74511286,99.78351199,-1.6));
#6941=DIRECTION('',(0.005755341,0.999983438,0.));
#6942=DIRECTION('',(-0.999983438,0.005755341,0.));
#6943=AXIS2_PLACEMENT_3D('',#6940,#6941,#6942);
#6944=PLANE('',#6943);
#6945=ORIENTED_EDGE('',*,*,#1517,.F.);
#6946=CARTESIAN_POINT('',(147.658331895,99.795522326,-1.6));
#6947=VERTEX_POINT('',#6946);
#6948=CARTESIAN_POINT('',(147.658331895,99.795522326,-1.6));
#6949=DIRECTION('',(0.,0.,-1.));
#6950=VECTOR('',#6949,0.4);
#6951=LINE('',#6948,#6950);
#6952=EDGE_CURVE('',#6947,#1504,#6951,.T.);
#6953=ORIENTED_EDGE('',*,*,#6952,.F.);
#6954=CARTESIAN_POINT('',(147.658331895,99.795522326,-1.6));
#6955=DIRECTION('',(0.999983438,-0.005755341,0.));
#6956=VECTOR('',#6955,4.173631055);
#6957=LINE('',#6954,#6956);
#6958=EDGE_CURVE('',#6947,#6910,#6957,.T.);
#6959=ORIENTED_EDGE('',*,*,#6958,.T.);
#6960=ORIENTED_EDGE('',*,*,#6915,.T.);
#6961=EDGE_LOOP('',(#6945,#6953,#6959,#6960));
#6962=FACE_BOUND('',#6961,.T.);
#6963=ADVANCED_FACE('',(#6962),#6944,.T.);
#6964=CARTESIAN_POINT('',(146.747110987,99.719422096,-1.6));
#6965=DIRECTION('',(-0.083224849,0.996530795,-0.));
#6966=DIRECTION('',(-0.996530795,-0.083224849,0.));
#6967=AXIS2_PLACEMENT_3D('',#6964,#6965,#6966);
#6968=PLANE('',#6967);
#6969=ORIENTED_EDGE('',*,*,#1509,.F.);
#6970=CARTESIAN_POINT('',(145.835890079,99.643321866,-1.6));
#6971=VERTEX_POINT('',#6970);
#6972=CARTESIAN_POINT('',(145.835890079,99.643321866,-1.6));
#6973=DIRECTION('',(0.,0.,-1.));
#6974=VECTOR('',#6973,0.4);
#6975=LINE('',#6972,#6974);
#6976=EDGE_CURVE('',#6971,#1489,#6975,.T.);
#6977=ORIENTED_EDGE('',*,*,#6976,.F.);
#6978=CARTESIAN_POINT('',(145.835890079,99.643321866,-1.6));
#6979=DIRECTION('',(0.996530795,0.083224849,0.));
#6980=VECTOR('',#6979,1.828786252);
#6981=LINE('',#6978,#6980);
#6982=EDGE_CURVE('',#6971,#6947,#6981,.T.);
#6983=ORIENTED_EDGE('',*,*,#6982,.T.);
#6984=ORIENTED_EDGE('',*,*,#6952,.T.);
#6985=EDGE_LOOP('',(#6969,#6977,#6983,#6984));
#6986=FACE_BOUND('',#6985,.T.);
#6987=ADVANCED_FACE('',(#6986),#6968,.T.);
#6988=CARTESIAN_POINT('',(146.096243167,104.678036803,-1.6));
#6989=CARTESIAN_POINT('',(146.096243167,104.678036803,-2.));
#6990=CARTESIAN_POINT('',(145.81319561,104.301544064,-1.6));
#6991=CARTESIAN_POINT('',(145.81319561,104.301544064,-2.));
#6992=CARTESIAN_POINT('',(145.671679282,103.771494859,-1.6));
#6993=CARTESIAN_POINT('',(145.671679282,103.771494859,-2.));
#6994=CARTESIAN_POINT('',(145.671679282,103.087918991,-1.6));
#6995=CARTESIAN_POINT('',(145.671679282,103.087918991,-2.));
#6996=CARTESIAN_POINT('',(145.671679282,102.917017573,-1.6));
#6997=CARTESIAN_POINT('',(145.671679282,102.917017573,-2.));
#6998=CARTESIAN_POINT('',(145.698382163,102.449732059,-1.6));
#6999=CARTESIAN_POINT('',(145.698382163,102.449732059,-2.));
#7000=CARTESIAN_POINT('',(145.751787925,101.686047548,-1.6));
#7001=CARTESIAN_POINT('',(145.751787925,101.686047548,-2.));
#7002=CARTESIAN_POINT('',(145.805193686,100.922363037,-1.6));
#7003=CARTESIAN_POINT('',(145.805193686,100.922363037,-2.));
#7004=CARTESIAN_POINT('',(145.833222771,100.241454476,-1.6));
#7005=CARTESIAN_POINT('',(145.833222771,100.241454476,-2.));
#7006=CARTESIAN_POINT('',(145.835890079,99.643321866,-1.6));
#7007=CARTESIAN_POINT('',(145.835890079,99.643321866,-2.));
#7008=B_SPLINE_SURFACE_WITH_KNOTS('',3,1,((#6988,#6989),(#6990,#6991),(#6992,#6993),(#6994,#6995),(#6996,#6997),(#6998,#6999),(#7000,#7001),(#7002,#7003),(#7004,#7005),(#7006,#7007)),.UNSPECIFIED.,.F.,.F.,.U.,(4,3,3,4),(2,2),(0.81758614,0.939193613,0.969596806,1.),(0.,1.),.UNSPECIFIED.);
#7009=ORIENTED_EDGE('',*,*,#1501,.F.);
#7010=CARTESIAN_POINT('',(146.096243167,104.678036803,-1.6));
#7011=VERTEX_POINT('',#7010);
#7012=CARTESIAN_POINT('',(146.096243167,104.678036803,-1.6));
#7013=DIRECTION('',(0.,0.,-1.));
#7014=VECTOR('',#7013,0.4);
#7015=LINE('',#7012,#7014);
#7016=EDGE_CURVE('',#7011,#1477,#7015,.T.);
#7017=ORIENTED_EDGE('',*,*,#7016,.F.);
#7018=CARTESIAN_POINT('',(146.096243167,104.678036803,-1.6));
#7019=CARTESIAN_POINT('',(145.81319561,104.301544064,-1.6));
#7020=CARTESIAN_POINT('',(145.671679282,103.771494859,-1.6));
#7021=CARTESIAN_POINT('',(145.671679282,103.087918991,-1.6));
#7022=CARTESIAN_POINT('',(145.671679282,102.917017573,-1.6));
#7023=CARTESIAN_POINT('',(145.698382163,102.449732059,-1.6));
#7024=CARTESIAN_POINT('',(145.751787925,101.686047548,-1.6));
#7025=CARTESIAN_POINT('',(145.805193686,100.922363037,-1.6));
#7026=CARTESIAN_POINT('',(145.833222771,100.241454476,-1.6));
#7027=CARTESIAN_POINT('',(145.835890079,99.643321866,-1.6));
#7028=B_SPLINE_CURVE_WITH_KNOTS('',3,(#7018,#7019,#7020,#7021,#7022,#7023,#7024,#7025,#7026,#7027),.UNSPECIFIED.,.F.,.F.,(4,3,3,4),(0.81758614,0.939193613,0.969596806,1.),.UNSPECIFIED.);
#7029=EDGE_CURVE('',#7011,#6971,#7028,.T.);
#7030=ORIENTED_EDGE('',*,*,#7029,.T.);
#7031=ORIENTED_EDGE('',*,*,#6976,.T.);
#7032=EDGE_LOOP('',(#7009,#7017,#7030,#7031));
#7033=FACE_BOUND('',#7032,.T.);
#7034=ADVANCED_FACE('',(#7033),#7008,.T.);
#7035=CARTESIAN_POINT('',(150.135627592,102.881642216,-1.6));
#7036=DIRECTION('',(-0.066169364,0.997808406,-0.));
#7037=DIRECTION('',(-0.997808406,-0.066169364,-0.));
#7038=AXIS2_PLACEMENT_3D('',#7035,#7036,#7037);
#7039=PLANE('',#7038);
#7040=CARTESIAN_POINT('',(149.380623007,102.831574315,-2.));
#7041=VERTEX_POINT('',#7040);
#7042=CARTESIAN_POINT('',(150.890632176,102.931710118,-2.));
#7043=VERTEX_POINT('',#7042);
#7044=CARTESIAN_POINT('',(149.380623007,102.831574315,-2.));
#7045=DIRECTION('',(0.997808406,0.066169364,0.));
#7046=VECTOR('',#7045,1.513325765);
#7047=LINE('',#7044,#7046);
#7048=EDGE_CURVE('',#7041,#7043,#7047,.T.);
#7049=ORIENTED_EDGE('',*,*,#7048,.F.);
#7050=CARTESIAN_POINT('',(149.380623007,102.831574315,-1.6));
#7051=VERTEX_POINT('',#7050);
#7052=CARTESIAN_POINT('',(149.380623007,102.831574315,-1.6));
#7053=DIRECTION('',(0.,0.,-1.));
#7054=VECTOR('',#7053,0.4);
#7055=LINE('',#7052,#7054);
#7056=EDGE_CURVE('',#7051,#7041,#7055,.T.);
#7057=ORIENTED_EDGE('',*,*,#7056,.F.);
#7058=CARTESIAN_POINT('',(150.890632176,102.931710118,-1.6));
#7059=VERTEX_POINT('',#7058);
#7060=CARTESIAN_POINT('',(149.380623007,102.831574315,-1.6));
#7061=DIRECTION('',(0.997808406,0.066169364,0.));
#7062=VECTOR('',#7061,1.513325765);
#7063=LINE('',#7060,#7062);
#7064=EDGE_CURVE('',#7051,#7059,#7063,.T.);
#7065=ORIENTED_EDGE('',*,*,#7064,.T.);
#7066=CARTESIAN_POINT('',(150.890632176,102.931710118,-1.6));
#7067=DIRECTION('',(0.,0.,-1.));
#7068=VECTOR('',#7067,0.4);
#7069=LINE('',#7066,#7068);
#7070=EDGE_CURVE('',#7059,#7043,#7069,.T.);
#7071=ORIENTED_EDGE('',*,*,#7070,.T.);
#7072=EDGE_LOOP('',(#7049,#7057,#7065,#7071));
#7073=FACE_BOUND('',#7072,.T.);
#7074=ADVANCED_FACE('',(#7073),#7039,.T.);
#7075=CARTESIAN_POINT('',(149.340568686,101.974429721,-1.6));
#7076=DIRECTION('',(-0.998909941,0.046679008,-0.));
#7077=DIRECTION('',(-0.046679008,-0.998909941,0.));
#7078=AXIS2_PLACEMENT_3D('',#7075,#7076,#7077);
#7079=PLANE('',#7078);
#7080=CARTESIAN_POINT('',(149.300514364,101.117285126,-2.));
#7081=VERTEX_POINT('',#7080);
#7082=CARTESIAN_POINT('',(149.300514364,101.117285126,-2.));
#7083=DIRECTION('',(0.046679008,0.998909941,0.));
#7084=VECTOR('',#7083,1.716159904);
#7085=LINE('',#7082,#7084);
#7086=EDGE_CURVE('',#7081,#7041,#7085,.T.);
#7087=ORIENTED_EDGE('',*,*,#7086,.F.);
#7088=CARTESIAN_POINT('',(149.300514364,101.117285126,-1.6));
#7089=VERTEX_POINT('',#7088);
#7090=CARTESIAN_POINT('',(149.300514364,101.117285126,-1.6));
#7091=DIRECTION('',(0.,0.,-1.));
#7092=VECTOR('',#7091,0.4);
#7093=LINE('',#7090,#7092);
#7094=EDGE_CURVE('',#7089,#7081,#7093,.T.);
#7095=ORIENTED_EDGE('',*,*,#7094,.F.);
#7096=CARTESIAN_POINT('',(149.300514364,101.117285126,-1.6));
#7097=DIRECTION('',(0.046679008,0.998909941,0.));
#7098=VECTOR('',#7097,1.716159904);
#7099=LINE('',#7096,#7098);
#7100=EDGE_CURVE('',#7089,#7051,#7099,.T.);
#7101=ORIENTED_EDGE('',*,*,#7100,.T.);
#7102=ORIENTED_EDGE('',*,*,#7056,.T.);
#7103=EDGE_LOOP('',(#7087,#7095,#7101,#7102));
#7104=FACE_BOUND('',#7103,.T.);
#7105=ADVANCED_FACE('',(#7104),#7079,.T.);
#7106=CARTESIAN_POINT('',(150.09557327,101.155342692,-1.6));
#7107=DIRECTION('',(0.047812859,-0.998856311,0.));
#7108=DIRECTION('',(0.998856311,0.047812859,-0.));
#7109=AXIS2_PLACEMENT_3D('',#7106,#7107,#7108);
#7110=PLANE('',#7109);
#7111=CARTESIAN_POINT('',(150.890632176,101.193400258,-2.));
#7112=VERTEX_POINT('',#7111);
#7113=CARTESIAN_POINT('',(150.890632176,101.193400258,-2.));
#7114=DIRECTION('',(-0.998856311,-0.047812859,-0.));
#7115=VECTOR('',#7114,1.591938494);
#7116=LINE('',#7113,#7115);
#7117=EDGE_CURVE('',#7112,#7081,#7116,.T.);
#7118=ORIENTED_EDGE('',*,*,#7117,.F.);
#7119=CARTESIAN_POINT('',(150.890632176,101.193400258,-1.6));
#7120=VERTEX_POINT('',#7119);
#7121=CARTESIAN_POINT('',(150.890632176,101.193400258,-1.6));
#7122=DIRECTION('',(0.,0.,-1.));
#7123=VECTOR('',#7122,0.4);
#7124=LINE('',#7121,#7123);
#7125=EDGE_CURVE('',#7120,#7112,#7124,.T.);
#7126=ORIENTED_EDGE('',*,*,#7125,.F.);
#7127=CARTESIAN_POINT('',(150.890632176,101.193400258,-1.6));
#7128=DIRECTION('',(-0.998856311,-0.047812859,-0.));
#7129=VECTOR('',#7128,1.591938494);
#7130=LINE('',#7127,#7129);
#7131=EDGE_CURVE('',#7120,#7089,#7130,.T.);
#7132=ORIENTED_EDGE('',*,*,#7131,.T.);
#7133=ORIENTED_EDGE('',*,*,#7094,.T.);
#7134=EDGE_LOOP('',(#7118,#7126,#7132,#7133));
#7135=FACE_BOUND('',#7134,.T.);
#7136=ADVANCED_FACE('',(#7135),#7110,.T.);
#7137=CARTESIAN_POINT('',(146.616934443,101.674037212,-1.6));
#7138=CARTESIAN_POINT('',(146.616934443,101.674037212,-2.));
#7139=CARTESIAN_POINT('',(146.627618575,101.927699679,-1.6));
#7140=CARTESIAN_POINT('',(146.627618575,101.927699679,-2.));
#7141=CARTESIAN_POINT('',(146.64231112,102.190049523,-1.6));
#7142=CARTESIAN_POINT('',(146.64231112,102.190049523,-2.));
#7143=CARTESIAN_POINT('',(146.660997176,102.461086744,-1.6));
#7144=CARTESIAN_POINT('',(146.660997176,102.461086744,-2.));
#7145=CARTESIAN_POINT('',(146.679683232,102.732109064,-1.6));
#7146=CARTESIAN_POINT('',(146.679683232,102.732109064,-2.));
#7147=CARTESIAN_POINT('',(146.703718805,103.014486068,-1.6));
#7148=CARTESIAN_POINT('',(146.703718805,103.014486068,-2.));
#7149=CARTESIAN_POINT('',(146.733088994,103.308202857,-1.6));
#7150=CARTESIAN_POINT('',(146.733088994,103.308202857,-2.));
#7151=B_SPLINE_SURFACE_WITH_KNOTS('',3,1,((#7137,#7138),(#7139,#7140),(#7141,#7142),(#7143,#7144),(#7145,#7146),(#7147,#7148),(#7149,#7150)),.UNSPECIFIED.,.F.,.F.,.U.,(4,3,4),(2,2),(0.,0.50001368,1.),(0.,1.),.UNSPECIFIED.);
#7152=CARTESIAN_POINT('',(146.616934443,101.674037212,-2.));
#7153=VERTEX_POINT('',#7152);
#7154=CARTESIAN_POINT('',(146.733088994,103.308202857,-2.));
#7155=VERTEX_POINT('',#7154);
#7156=CARTESIAN_POINT('',(146.616934443,101.674037212,-2.));
#7157=CARTESIAN_POINT('',(146.627618575,101.927699679,-2.));
#7158=CARTESIAN_POINT('',(146.64231112,102.190049523,-2.));
#7159=CARTESIAN_POINT('',(146.660997176,102.461086744,-2.));
#7160=CARTESIAN_POINT('',(146.679683232,102.732109064,-2.));
#7161=CARTESIAN_POINT('',(146.703718805,103.014486068,-2.));
#7162=CARTESIAN_POINT('',(146.733088994,103.308202857,-2.));
#7163=B_SPLINE_CURVE_WITH_KNOTS('',3,(#7156,#7157,#7158,#7159,#7160,#7161,#7162),.UNSPECIFIED.,.F.,.F.,(4,3,4),(0.,0.50001368,1.),.UNSPECIFIED.);
#7164=EDGE_CURVE('',#7153,#7155,#7163,.T.);
#7165=ORIENTED_EDGE('',*,*,#7164,.F.);
#7166=CARTESIAN_POINT('',(146.616934443,101.674037212,-1.6));
#7167=VERTEX_POINT('',#7166);
#7168=CARTESIAN_POINT('',(146.616934443,101.674037212,-1.6));
#7169=DIRECTION('',(0.,0.,-1.));
#7170=VECTOR('',#7169,0.4);
#7171=LINE('',#7168,#7170);
#7172=EDGE_CURVE('',#7167,#7153,#7171,.T.);
#7173=ORIENTED_EDGE('',*,*,#7172,.F.);
#7174=CARTESIAN_POINT('',(146.733088994,103.308202857,-1.6));
#7175=VERTEX_POINT('',#7174);
#7176=CARTESIAN_POINT('',(146.616934443,101.674037212,-1.6));
#7177=CARTESIAN_POINT('',(146.627618575,101.927699679,-1.6));
#7178=CARTESIAN_POINT('',(146.64231112,102.190049523,-1.6));
#7179=CARTESIAN_POINT('',(146.660997176,102.461086744,-1.6));
#7180=CARTESIAN_POINT('',(146.679683232,102.732109064,-1.6));
#7181=CARTESIAN_POINT('',(146.703718805,103.014486068,-1.6));
#7182=CARTESIAN_POINT('',(146.733088994,103.308202857,-1.6));
#7183=B_SPLINE_CURVE_WITH_KNOTS('',3,(#7176,#7177,#7178,#7179,#7180,#7181,#7182),.UNSPECIFIED.,.F.,.F.,(4,3,4),(0.,0.50001368,1.),.UNSPECIFIED.);
#7184=EDGE_CURVE('',#7167,#7175,#7183,.T.);
#7185=ORIENTED_EDGE('',*,*,#7184,.T.);
#7186=CARTESIAN_POINT('',(146.733088994,103.308202857,-1.6));
#7187=DIRECTION('',(0.,0.,-1.));
#7188=VECTOR('',#7187,0.4);
#7189=LINE('',#7186,#7188);
#7190=EDGE_CURVE('',#7175,#7155,#7189,.T.);
#7191=ORIENTED_EDGE('',*,*,#7190,.T.);
#7192=EDGE_LOOP('',(#7165,#7173,#7185,#7191));
#7193=FACE_BOUND('',#7192,.T.);
#7194=ADVANCED_FACE('',(#7193),#7151,.T.);
#7195=CARTESIAN_POINT('',(147.446042502,101.654010051,-1.6));
#7196=DIRECTION('',(-0.024148023,-0.999708394,-0.));
#7197=DIRECTION('',(0.999708394,-0.024148023,-0.));
#7198=AXIS2_PLACEMENT_3D('',#7195,#7196,#7197);
#7199=PLANE('',#7198);
#7200=CARTESIAN_POINT('',(148.275150561,101.633982891,-2.));
#7201=VERTEX_POINT('',#7200);
#7202=CARTESIAN_POINT('',(148.275150561,101.633982891,-2.));
#7203=DIRECTION('',(-0.999708394,0.024148023,-0.));
#7204=VECTOR('',#7203,1.658699806);
#7205=LINE('',#7202,#7204);
#7206=EDGE_CURVE('',#7201,#7153,#7205,.T.);
#7207=ORIENTED_EDGE('',*,*,#7206,.F.);
#7208=CARTESIAN_POINT('',(148.275150561,101.633982891,-1.6));
#7209=VERTEX_POINT('',#7208);
#7210=CARTESIAN_POINT('',(148.275150561,101.633982891,-1.6));
#7211=DIRECTION('',(0.,0.,-1.));
#7212=VECTOR('',#7211,0.4);
#7213=LINE('',#7210,#7212);
#7214=EDGE_CURVE('',#7209,#7201,#7213,.T.);
#7215=ORIENTED_EDGE('',*,*,#7214,.F.);
#7216=CARTESIAN_POINT('',(148.275150561,101.633982891,-1.6));
#7217=DIRECTION('',(-0.999708394,0.024148023,-0.));
#7218=VECTOR('',#7217,1.658699806);
#7219=LINE('',#7216,#7218);
#7220=EDGE_CURVE('',#7209,#7167,#7219,.T.);
#7221=ORIENTED_EDGE('',*,*,#7220,.T.);
#7222=ORIENTED_EDGE('',*,*,#7172,.T.);
#7223=EDGE_LOOP('',(#7207,#7215,#7221,#7222));
#7224=FACE_BOUND('',#7223,.T.);
#7225=ADVANCED_FACE('',(#7224),#7199,.T.);
#7226=CARTESIAN_POINT('',(148.257127607,102.459082538,-1.6));
#7227=DIRECTION('',(0.999761519,0.021838158,0.));
#7228=DIRECTION('',(-0.021838158,0.999761519,0.));
#7229=AXIS2_PLACEMENT_3D('',#7226,#7227,#7228);
#7230=PLANE('',#7229);
#7231=CARTESIAN_POINT('',(148.239104652,103.284182185,-2.));
#7232=VERTEX_POINT('',#7231);
#7233=CARTESIAN_POINT('',(148.239104652,103.284182185,-2.));
#7234=DIRECTION('',(0.021838158,-0.999761519,0.));
#7235=VECTOR('',#7234,1.650592929);
#7236=LINE('',#7233,#7235);
#7237=EDGE_CURVE('',#7232,#7201,#7236,.T.);
#7238=ORIENTED_EDGE('',*,*,#7237,.F.);
#7239=CARTESIAN_POINT('',(148.239104652,103.284182185,-1.6));
#7240=VERTEX_POINT('',#7239);
#7241=CARTESIAN_POINT('',(148.239104652,103.284182185,-1.6));
#7242=DIRECTION('',(0.,0.,-1.));
#7243=VECTOR('',#7242,0.4);
#7244=LINE('',#7241,#7243);
#7245=EDGE_CURVE('',#7240,#7232,#7244,.T.);
#7246=ORIENTED_EDGE('',*,*,#7245,.F.);
#7247=CARTESIAN_POINT('',(148.239104652,103.284182185,-1.6));
#7248=DIRECTION('',(0.021838158,-0.999761519,0.));
#7249=VECTOR('',#7248,1.650592929);
#7250=LINE('',#7247,#7249);
#7251=EDGE_CURVE('',#7240,#7209,#7250,.T.);
#7252=ORIENTED_EDGE('',*,*,#7251,.T.);
#7253=ORIENTED_EDGE('',*,*,#7214,.T.);
#7254=EDGE_LOOP('',(#7238,#7246,#7252,#7253));
#7255=FACE_BOUND('',#7254,.T.);
#7256=ADVANCED_FACE('',(#7255),#7230,.T.);
#7257=CARTESIAN_POINT('',(150.890632176,102.062555188,-1.6));
#7258=DIRECTION('',(1.,0.,0.));
#7259=DIRECTION('',(0.,0.,-1.));
#7260=AXIS2_PLACEMENT_3D('',#7257,#7258,#7259);
#7261=PLANE('',#7260);
#7262=CARTESIAN_POINT('',(150.890632176,102.931710118,-2.));
#7263=DIRECTION('',(0.,-1.,0.));
#7264=VECTOR('',#7263,1.73830986);
#7265=LINE('',#7262,#7264);
#7266=EDGE_CURVE('',#7043,#7112,#7265,.T.);
#7267=ORIENTED_EDGE('',*,*,#7266,.F.);
#7268=ORIENTED_EDGE('',*,*,#7070,.F.);
#7269=CARTESIAN_POINT('',(150.890632176,102.931710118,-1.6));
#7270=DIRECTION('',(0.,-1.,0.));
#7271=VECTOR('',#7270,1.73830986);
#7272=LINE('',#7269,#7271);
#7273=EDGE_CURVE('',#7059,#7120,#7272,.T.);
#7274=ORIENTED_EDGE('',*,*,#7273,.T.);
#7275=ORIENTED_EDGE('',*,*,#7125,.T.);
#7276=EDGE_LOOP('',(#7267,#7268,#7274,#7275));
#7277=FACE_BOUND('',#7276,.T.);
#7278=ADVANCED_FACE('',(#7277),#7261,.T.);
#7279=CARTESIAN_POINT('',(147.486096823,103.296192521,-1.6));
#7280=DIRECTION('',(0.015947787,0.999872826,0.));
#7281=DIRECTION('',(-0.999872826,0.015947787,0.));
#7282=AXIS2_PLACEMENT_3D('',#7279,#7280,#7281);
#7283=PLANE('',#7282);
#7284=CARTESIAN_POINT('',(146.733088994,103.308202857,-2.));
#7285=DIRECTION('',(0.999872826,-0.015947787,0.));
#7286=VECTOR('',#7285,1.506207209);
#7287=LINE('',#7284,#7286);
#7288=EDGE_CURVE('',#7155,#7232,#7287,.T.);
#7289=ORIENTED_EDGE('',*,*,#7288,.F.);
#7290=ORIENTED_EDGE('',*,*,#7190,.F.);
#7291=CARTESIAN_POINT('',(146.733088994,103.308202857,-1.6));
#7292=DIRECTION('',(0.999872826,-0.015947787,0.));
#7293=VECTOR('',#7292,1.506207209);
#7294=LINE('',#7291,#7293);
#7295=EDGE_CURVE('',#7175,#7240,#7294,.T.);
#7296=ORIENTED_EDGE('',*,*,#7295,.T.);
#7297=ORIENTED_EDGE('',*,*,#7245,.T.);
#7298=EDGE_LOOP('',(#7289,#7290,#7296,#7297));
#7299=FACE_BOUND('',#7298,.T.);
#7300=ADVANCED_FACE('',(#7299),#7283,.T.);
#7301=CARTESIAN_POINT('',(148.351250792,104.762153858,-1.6));
#7302=CARTESIAN_POINT('',(148.351250792,104.762153858,-2.));
#7303=CARTESIAN_POINT('',(148.068203235,105.082573527,-1.6));
#7304=CARTESIAN_POINT('',(148.068203235,105.082573527,-2.));
#7305=CARTESIAN_POINT('',(147.714404964,105.242790812,-1.6));
#7306=CARTESIAN_POINT('',(147.714404964,105.242790812,-2.));
#7307=CARTESIAN_POINT('',(147.28984108,105.242790812,-1.6));
#7308=CARTESIAN_POINT('',(147.28984108,105.242790812,-2.));
#7309=CARTESIAN_POINT('',(146.777151728,105.242790812,-1.6));
#7310=CARTESIAN_POINT('',(146.777151728,105.242790812,-2.));
#7311=CARTESIAN_POINT('',(146.379290724,105.054544443,-1.6));
#7312=CARTESIAN_POINT('',(146.379290724,105.054544443,-2.));
#7313=CARTESIAN_POINT('',(146.096243167,104.678036803,-1.6));
#7314=CARTESIAN_POINT('',(146.096243167,104.678036803,-2.));
#7315=B_SPLINE_SURFACE_WITH_KNOTS('',3,1,((#7301,#7302),(#7303,#7304),(#7305,#7306),(#7307,#7308),(#7309,#7310),(#7311,#7312),(#7313,#7314)),.UNSPECIFIED.,.F.,.F.,.U.,(4,3,4),(2,2),(0.595268515,0.695975592,0.81758614),(0.,1.),.UNSPECIFIED.);
#7316=ORIENTED_EDGE('',*,*,#1486,.F.);
#7317=ORIENTED_EDGE('',*,*,#6841,.F.);
#7318=CARTESIAN_POINT('',(148.351250792,104.762153858,-1.6));
#7319=CARTESIAN_POINT('',(148.068203235,105.082573527,-1.6));
#7320=CARTESIAN_POINT('',(147.714404964,105.242790812,-1.6));
#7321=CARTESIAN_POINT('',(147.28984108,105.242790812,-1.6));
#7322=CARTESIAN_POINT('',(146.777151728,105.242790812,-1.6));
#7323=CARTESIAN_POINT('',(146.379290724,105.054544443,-1.6));
#7324=CARTESIAN_POINT('',(146.096243167,104.678036803,-1.6));
#7325=B_SPLINE_CURVE_WITH_KNOTS('',3,(#7318,#7319,#7320,#7321,#7322,#7323,#7324),.UNSPECIFIED.,.F.,.F.,(4,3,4),(0.595268515,0.695975592,0.81758614),.UNSPECIFIED.);
#7326=EDGE_CURVE('',#6829,#7011,#7325,.T.);
#7327=ORIENTED_EDGE('',*,*,#7326,.T.);
#7328=ORIENTED_EDGE('',*,*,#7016,.T.);
#7329=EDGE_LOOP('',(#7316,#7317,#7327,#7328));
#7330=FACE_BOUND('',#7329,.T.);
#7331=ADVANCED_FACE('',(#7330),#7315,.T.);
#7332=CARTESIAN_POINT('',(148.899986053,88.150000358,-1.6));
#7333=DIRECTION('',(0.,0.,-1.));
#7334=DIRECTION('',(0.,1.,0.));
#7335=AXIS2_PLACEMENT_3D('',#7332,#7333,#7334);
#7336=PLANE('',#7335);
#7337=ORIENTED_EDGE('',*,*,#7184,.F.);
#7338=ORIENTED_EDGE('',*,*,#7220,.F.);
#7339=ORIENTED_EDGE('',*,*,#7251,.F.);
#7340=ORIENTED_EDGE('',*,*,#7295,.F.);
#7341=EDGE_LOOP('',(#7337,#7338,#7339,#7340));
#7342=FACE_BOUND('',#7341,.T.);
#7343=ORIENTED_EDGE('',*,*,#7064,.F.);
#7344=ORIENTED_EDGE('',*,*,#7100,.F.);
#7345=ORIENTED_EDGE('',*,*,#7131,.F.);
#7346=ORIENTED_EDGE('',*,*,#7273,.F.);
#7347=EDGE_LOOP('',(#7343,#7344,#7345,#7346));
#7348=FACE_BOUND('',#7347,.T.);
#7349=ORIENTED_EDGE('',*,*,#6835,.F.);
#7350=ORIENTED_EDGE('',*,*,#6869,.F.);
#7351=ORIENTED_EDGE('',*,*,#6934,.F.);
#7352=ORIENTED_EDGE('',*,*,#6958,.F.);
#7353=ORIENTED_EDGE('',*,*,#6982,.F.);
#7354=ORIENTED_EDGE('',*,*,#7029,.F.);
#7355=ORIENTED_EDGE('',*,*,#7326,.F.);
#7356=EDGE_LOOP('',(#7349,#7350,#7351,#7352,#7353,#7354,#7355));
#7357=FACE_BOUND('',#7356,.T.);
#7358=ADVANCED_FACE('',(#7342,#7348,#7357),#7336,.T.);
#7359=CARTESIAN_POINT('',(0.,0.,-2.));
#7360=DIRECTION('',(-0.,0.,1.));
#7361=DIRECTION('',(1.,0.,0.));
#7362=AXIS2_PLACEMENT_3D('',#7359,#7360,#7361);
#7363=PLANE('',#7362);
#7364=ORIENTED_EDGE('',*,*,#7164,.T.);
#7365=ORIENTED_EDGE('',*,*,#7288,.T.);
#7366=ORIENTED_EDGE('',*,*,#7237,.T.);
#7367=ORIENTED_EDGE('',*,*,#7206,.T.);
#7368=EDGE_LOOP('',(#7364,#7365,#7366,#7367));
#7369=FACE_BOUND('',#7368,.T.);
#7370=ADVANCED_FACE('',(#7369),#7363,.F.);
#7371=CARTESIAN_POINT('',(0.,0.,-2.));
#7372=DIRECTION('',(-0.,0.,1.));
#7373=DIRECTION('',(1.,0.,0.));
#7374=AXIS2_PLACEMENT_3D('',#7371,#7372,#7373);
#7375=PLANE('',#7374);
#7376=ORIENTED_EDGE('',*,*,#7048,.T.);
#7377=ORIENTED_EDGE('',*,*,#7266,.T.);
#7378=ORIENTED_EDGE('',*,*,#7117,.T.);
#7379=ORIENTED_EDGE('',*,*,#7086,.T.);
#7380=EDGE_LOOP('',(#7376,#7377,#7378,#7379));
#7381=FACE_BOUND('',#7380,.T.);
#7382=ADVANCED_FACE('',(#7381),#7375,.F.);
#7383=CARTESIAN_POINT('',(147.143645787,108.789520496,-1.6));
#7384=CARTESIAN_POINT('',(147.143645787,108.789520496,-2.));
#7385=CARTESIAN_POINT('',(147.126285934,109.116615885,-1.6));
#7386=CARTESIAN_POINT('',(147.126285934,109.116615885,-2.));
#7387=CARTESIAN_POINT('',(147.117598557,109.444396728,-1.6));
#7388=CARTESIAN_POINT('',(147.117598557,109.444396728,-2.));
#7389=CARTESIAN_POINT('',(147.117598557,109.772833222,-1.6));
#7390=CARTESIAN_POINT('',(147.117598557,109.772833222,-2.));
#7391=B_SPLINE_SURFACE_WITH_KNOTS('',3,1,((#7383,#7384),(#7385,#7386),(#7387,#7388),(#7389,#7390)),.UNSPECIFIED.,.F.,.F.,.U.,(4,4),(2,2),(0.500010754,1.),(0.,1.),.UNSPECIFIED.);
#7392=CARTESIAN_POINT('',(147.143645787,108.789520496,-2.));
#7393=VERTEX_POINT('',#7392);
#7394=CARTESIAN_POINT('',(147.117598557,109.772833222,-2.));
#7395=VERTEX_POINT('',#7394);
#7396=CARTESIAN_POINT('',(147.143645787,108.789520496,-2.));
#7397=CARTESIAN_POINT('',(147.126285934,109.116615885,-2.));
#7398=CARTESIAN_POINT('',(147.117598557,109.444396728,-2.));
#7399=CARTESIAN_POINT('',(147.117598557,109.772833222,-2.));
#7400=B_SPLINE_CURVE_WITH_KNOTS('',3,(#7396,#7397,#7398,#7399),.UNSPECIFIED.,.F.,.F.,(4,4),(0.500010754,1.),.UNSPECIFIED.);
#7401=EDGE_CURVE('',#7393,#7395,#7400,.T.);
#7402=ORIENTED_EDGE('',*,*,#7401,.F.);
#7403=CARTESIAN_POINT('',(147.143645787,108.789520496,-1.6));
#7404=VERTEX_POINT('',#7403);
#7405=CARTESIAN_POINT('',(147.143645787,108.789520496,-1.6));
#7406=DIRECTION('',(0.,0.,-1.));
#7407=VECTOR('',#7406,0.4);
#7408=LINE('',#7405,#7407);
#7409=EDGE_CURVE('',#7404,#7393,#7408,.T.);
#7410=ORIENTED_EDGE('',*,*,#7409,.F.);
#7411=CARTESIAN_POINT('',(147.117598557,109.772833222,-1.6));
#7412=VERTEX_POINT('',#7411);
#7413=CARTESIAN_POINT('',(147.143645787,108.789520496,-1.6));
#7414=CARTESIAN_POINT('',(147.126285934,109.116615885,-1.6));
#7415=CARTESIAN_POINT('',(147.117598557,109.444396728,-1.6));
#7416=CARTESIAN_POINT('',(147.117598557,109.772833222,-1.6));
#7417=B_SPLINE_CURVE_WITH_KNOTS('',3,(#7413,#7414,#7415,#7416),.UNSPECIFIED.,.F.,.F.,(4,4),(0.500010754,1.),.UNSPECIFIED.);
#7418=EDGE_CURVE('',#7404,#7412,#7417,.T.);
#7419=ORIENTED_EDGE('',*,*,#7418,.T.);
#7420=CARTESIAN_POINT('',(147.117598557,109.772833222,-1.6));
#7421=DIRECTION('',(0.,0.,-1.));
#7422=VECTOR('',#7421,0.4);
#7423=LINE('',#7420,#7422);
#7424=EDGE_CURVE('',#7412,#7395,#7423,.T.);
#7425=ORIENTED_EDGE('',*,*,#7424,.T.);
#7426=EDGE_LOOP('',(#7402,#7410,#7419,#7425));
#7427=FACE_BOUND('',#7426,.T.);
#7428=ADVANCED_FACE('',(#7427),#7391,.T.);
#7429=CARTESIAN_POINT('',(147.221742773,107.80620777,-1.6));
#7430=CARTESIAN_POINT('',(147.221742773,107.80620777,-2.));
#7431=CARTESIAN_POINT('',(147.187037969,108.134644264,-1.6));
#7432=CARTESIAN_POINT('',(147.187037969,108.134644264,-2.));
#7433=CARTESIAN_POINT('',(147.160990739,108.462410206,-1.6));
#7434=CARTESIAN_POINT('',(147.160990739,108.462410206,-2.));
#7435=CARTESIAN_POINT('',(147.143645787,108.789520496,-1.6));
#7436=CARTESIAN_POINT('',(147.143645787,108.789520496,-2.));
#7437=B_SPLINE_SURFACE_WITH_KNOTS('',3,1,((#7429,#7430),(#7431,#7432),(#7433,#7434),(#7435,#7436)),.UNSPECIFIED.,.F.,.F.,.U.,(4,4),(2,2),(0.,0.500010754),(0.,1.),.UNSPECIFIED.);
#7438=CARTESIAN_POINT('',(147.221742773,107.80620777,-2.));
#7439=VERTEX_POINT('',#7438);
#7440=CARTESIAN_POINT('',(147.221742773,107.80620777,-2.));
#7441=CARTESIAN_POINT('',(147.187037969,108.134644264,-2.));
#7442=CARTESIAN_POINT('',(147.160990739,108.462410206,-2.));
#7443=CARTESIAN_POINT('',(147.143645787,108.789520496,-2.));
#7444=B_SPLINE_CURVE_WITH_KNOTS('',3,(#7440,#7441,#7442,#7443),.UNSPECIFIED.,.F.,.F.,(4,4),(0.,0.500010754),.UNSPECIFIED.);
#7445=EDGE_CURVE('',#7439,#7393,#7444,.T.);
#7446=ORIENTED_EDGE('',*,*,#7445,.F.);
#7447=CARTESIAN_POINT('',(147.221742773,107.80620777,-1.6));
#7448=VERTEX_POINT('',#7447);
#7449=CARTESIAN_POINT('',(147.221742773,107.80620777,-1.6));
#7450=DIRECTION('',(0.,0.,-1.));
#7451=VECTOR('',#7450,0.4);
#7452=LINE('',#7449,#7451);
#7453=EDGE_CURVE('',#7448,#7439,#7452,.T.);
#7454=ORIENTED_EDGE('',*,*,#7453,.F.);
#7455=CARTESIAN_POINT('',(147.221742773,107.80620777,-1.6));
#7456=CARTESIAN_POINT('',(147.187037969,108.134644264,-1.6));
#7457=CARTESIAN_POINT('',(147.160990739,108.462410206,-1.6));
#7458=CARTESIAN_POINT('',(147.143645787,108.789520496,-1.6));
#7459=B_SPLINE_CURVE_WITH_KNOTS('',3,(#7455,#7456,#7457,#7458),.UNSPECIFIED.,.F.,.F.,(4,4),(0.,0.500010754),.UNSPECIFIED.);
#7460=EDGE_CURVE('',#7448,#7404,#7459,.T.);
#7461=ORIENTED_EDGE('',*,*,#7460,.T.);
#7462=ORIENTED_EDGE('',*,*,#7409,.T.);
#7463=EDGE_LOOP('',(#7446,#7454,#7461,#7462));
#7464=FACE_BOUND('',#7463,.T.);
#7465=ADVANCED_FACE('',(#7464),#7437,.T.);
#7466=CARTESIAN_POINT('',(147.984764183,107.752138907,-1.6));
#7467=DIRECTION('',(-0.070684285,-0.997498738,-0.));
#7468=DIRECTION('',(0.997498738,-0.070684285,0.));
#7469=AXIS2_PLACEMENT_3D('',#7466,#7467,#7468);
#7470=PLANE('',#7469);
#7471=CARTESIAN_POINT('',(148.747785592,107.698070043,-2.));
#7472=VERTEX_POINT('',#7471);
#7473=CARTESIAN_POINT('',(148.747785592,107.698070043,-2.));
#7474=DIRECTION('',(-0.997498738,0.070684285,-0.));
#7475=VECTOR('',#7474,1.529869424);
#7476=LINE('',#7473,#7475);
#7477=EDGE_CURVE('',#7472,#7439,#7476,.T.);
#7478=ORIENTED_EDGE('',*,*,#7477,.F.);
#7479=CARTESIAN_POINT('',(148.747785592,107.698070043,-1.6));
#7480=VERTEX_POINT('',#7479);
#7481=CARTESIAN_POINT('',(148.747785592,107.698070043,-1.6));
#7482=DIRECTION('',(0.,0.,-1.));
#7483=VECTOR('',#7482,0.4);
#7484=LINE('',#7481,#7483);
#7485=EDGE_CURVE('',#7480,#7472,#7484,.T.);
#7486=ORIENTED_EDGE('',*,*,#7485,.F.);
#7487=CARTESIAN_POINT('',(148.747785592,107.698070043,-1.6));
#7488=DIRECTION('',(-0.997498738,0.070684285,-0.));
#7489=VECTOR('',#7488,1.529869424);
#7490=LINE('',#7487,#7489);
#7491=EDGE_CURVE('',#7480,#7448,#7490,.T.);
#7492=ORIENTED_EDGE('',*,*,#7491,.T.);
#7493=ORIENTED_EDGE('',*,*,#7453,.T.);
#7494=EDGE_LOOP('',(#7478,#7486,#7492,#7493));
#7495=FACE_BOUND('',#7494,.T.);
#7496=ADVANCED_FACE('',(#7495),#7470,.T.);
#7497=CARTESIAN_POINT('',(149.667008424,107.698070043,-1.6));
#7498=DIRECTION('',(0.,-1.,0.));
#7499=DIRECTION('',(0.,0.,-1.));
#7500=AXIS2_PLACEMENT_3D('',#7497,#7498,#7499);
#7501=PLANE('',#7500);
#7502=CARTESIAN_POINT('',(150.586231256,107.698070043,-2.));
#7503=VERTEX_POINT('',#7502);
#7504=CARTESIAN_POINT('',(150.586231256,107.698070043,-2.));
#7505=DIRECTION('',(-1.,0.,-0.));
#7506=VECTOR('',#7505,1.838445663);
#7507=LINE('',#7504,#7506);
#7508=EDGE_CURVE('',#7503,#7472,#7507,.T.);
#7509=ORIENTED_EDGE('',*,*,#7508,.F.);
#7510=CARTESIAN_POINT('',(150.586231256,107.698070043,-1.6));
#7511=VERTEX_POINT('',#7510);
#7512=CARTESIAN_POINT('',(150.586231256,107.698070043,-1.6));
#7513=DIRECTION('',(0.,0.,-1.));
#7514=VECTOR('',#7513,0.4);
#7515=LINE('',#7512,#7514);
#7516=EDGE_CURVE('',#7511,#7503,#7515,.T.);
#7517=ORIENTED_EDGE('',*,*,#7516,.F.);
#7518=CARTESIAN_POINT('',(150.586231256,107.698070043,-1.6));
#7519=DIRECTION('',(-1.,0.,-0.));
#7520=VECTOR('',#7519,1.838445663);
#7521=LINE('',#7518,#7520);
#7522=EDGE_CURVE('',#7511,#7480,#7521,.T.);
#7523=ORIENTED_EDGE('',*,*,#7522,.T.);
#7524=ORIENTED_EDGE('',*,*,#7485,.T.);
#7525=EDGE_LOOP('',(#7509,#7517,#7523,#7524));
#7526=FACE_BOUND('',#7525,.T.);
#7527=ADVANCED_FACE('',(#7526),#7501,.T.);
#7528=CARTESIAN_POINT('',(150.542168522,108.79752987,-1.6));
#7529=DIRECTION('',(0.999197895,0.040044565,0.));
#7530=DIRECTION('',(-0.040044565,0.999197895,0.));
#7531=AXIS2_PLACEMENT_3D('',#7528,#7529,#7530);
#7532=PLANE('',#7531);
#7533=CARTESIAN_POINT('',(150.498105788,109.896989697,-2.));
#7534=VERTEX_POINT('',#7533);
#7535=CARTESIAN_POINT('',(150.498105788,109.896989697,-2.));
#7536=DIRECTION('',(0.040044565,-0.999197895,0.));
#7537=VECTOR('',#7536,2.200684835);
#7538=LINE('',#7535,#7537);
#7539=EDGE_CURVE('',#7534,#7503,#7538,.T.);
#7540=ORIENTED_EDGE('',*,*,#7539,.F.);
#7541=CARTESIAN_POINT('',(150.498105788,109.896989697,-1.6));
#7542=VERTEX_POINT('',#7541);
#7543=CARTESIAN_POINT('',(150.498105788,109.896989697,-1.6));
#7544=DIRECTION('',(0.,0.,-1.));
#7545=VECTOR('',#7544,0.4);
#7546=LINE('',#7543,#7545);
#7547=EDGE_CURVE('',#7542,#7534,#7546,.T.);
#7548=ORIENTED_EDGE('',*,*,#7547,.F.);
#7549=CARTESIAN_POINT('',(150.498105788,109.896989697,-1.6));
#7550=DIRECTION('',(0.040044565,-0.999197895,0.));
#7551=VECTOR('',#7550,2.200684835);
#7552=LINE('',#7549,#7551);
#7553=EDGE_CURVE('',#7542,#7511,#7552,.T.);
#7554=ORIENTED_EDGE('',*,*,#7553,.T.);
#7555=ORIENTED_EDGE('',*,*,#7516,.T.);
#7556=EDGE_LOOP('',(#7540,#7548,#7554,#7555));
#7557=FACE_BOUND('',#7556,.T.);
#7558=ADVANCED_FACE('',(#7557),#7532,.T.);
#7559=CARTESIAN_POINT('',(149.100242758,111.759485835,-1.6));
#7560=CARTESIAN_POINT('',(149.100242758,111.759485835,-2.));
#7561=CARTESIAN_POINT('',(148.563532734,111.759470934,-1.6));
#7562=CARTESIAN_POINT('',(148.563532734,111.759470934,-2.));
#7563=CARTESIAN_POINT('',(148.07955792,111.6820445,-1.6));
#7564=CARTESIAN_POINT('',(148.07955792,111.6820445,-2.));
#7565=CARTESIAN_POINT('',(147.648318315,111.527176732,-1.6));
#7566=CARTESIAN_POINT('',(147.648318315,111.527176732,-2.));
#7567=B_SPLINE_SURFACE_WITH_KNOTS('',3,1,((#7559,#7560),(#7561,#7562),(#7563,#7564),(#7565,#7566)),.UNSPECIFIED.,.F.,.F.,.U.,(4,4),(2,2),(0.581983766,0.651622636),(0.,1.),.UNSPECIFIED.);
#7568=ORIENTED_EDGE('',*,*,#336,.F.);
#7569=CARTESIAN_POINT('',(149.100242758,111.759485835,-1.6));
#7570=VERTEX_POINT('',#7569);
#7571=CARTESIAN_POINT('',(149.100242758,111.759485835,-1.6));
#7572=DIRECTION('',(0.,0.,-1.));
#7573=VECTOR('',#7572,0.4);
#7574=LINE('',#7571,#7573);
#7575=EDGE_CURVE('',#7570,#328,#7574,.T.);
#7576=ORIENTED_EDGE('',*,*,#7575,.F.);
#7577=CARTESIAN_POINT('',(147.648318315,111.527176732,-1.6));
#7578=VERTEX_POINT('',#7577);
#7579=CARTESIAN_POINT('',(149.100242758,111.759485835,-1.6));
#7580=CARTESIAN_POINT('',(148.563532734,111.759470934,-1.6));
#7581=CARTESIAN_POINT('',(148.07955792,111.6820445,-1.6));
#7582=CARTESIAN_POINT('',(147.648318315,111.527176732,-1.6));
#7583=B_SPLINE_CURVE_WITH_KNOTS('',3,(#7579,#7580,#7581,#7582),.UNSPECIFIED.,.F.,.F.,(4,4),(0.581983766,0.651622636),.UNSPECIFIED.);
#7584=EDGE_CURVE('',#7570,#7578,#7583,.T.);
#7585=ORIENTED_EDGE('',*,*,#7584,.T.);
#7586=CARTESIAN_POINT('',(147.648318315,111.527176732,-1.6));
#7587=DIRECTION('',(0.,0.,-1.));
#7588=VECTOR('',#7587,0.4);
#7589=LINE('',#7586,#7588);
#7590=EDGE_CURVE('',#7578,#330,#7589,.T.);
#7591=ORIENTED_EDGE('',*,*,#7590,.T.);
#7592=EDGE_LOOP('',(#7568,#7576,#7585,#7591));
#7593=FACE_BOUND('',#7592,.T.);
#7594=ADVANCED_FACE('',(#7593),#7567,.T.);
#7595=CARTESIAN_POINT('',(151.337234879,110.994460219,-1.6));
#7596=CARTESIAN_POINT('',(151.337234879,110.994460219,-2.));
#7597=CARTESIAN_POINT('',(150.809867883,111.504467362,-1.6));
#7598=CARTESIAN_POINT('',(150.809867883,111.504467362,-2.));
#7599=CARTESIAN_POINT('',(150.064198875,111.759470934,-1.6));
#7600=CARTESIAN_POINT('',(150.064198875,111.759470934,-2.));
#7601=CARTESIAN_POINT('',(149.100242758,111.759485835,-1.6));
#7602=CARTESIAN_POINT('',(149.100242758,111.759485835,-2.));
#7603=B_SPLINE_SURFACE_WITH_KNOTS('',3,1,((#7595,#7596),(#7597,#7598),(#7599,#7600),(#7601,#7602)),.UNSPECIFIED.,.F.,.F.,.U.,(4,4),(2,2),(0.456909123,0.581983766),(0.,1.),.UNSPECIFIED.);
#7604=ORIENTED_EDGE('',*,*,#415,.F.);
#7605=CARTESIAN_POINT('',(151.337234879,110.994460219,-1.6));
#7606=VERTEX_POINT('',#7605);
#7607=CARTESIAN_POINT('',(151.337234879,110.994460219,-1.6));
#7608=DIRECTION('',(0.,0.,-1.));
#7609=VECTOR('',#7608,0.4);
#7610=LINE('',#7607,#7609);
#7611=EDGE_CURVE('',#7606,#399,#7610,.T.);
#7612=ORIENTED_EDGE('',*,*,#7611,.F.);
#7613=CARTESIAN_POINT('',(151.337234879,110.994460219,-1.6));
#7614=CARTESIAN_POINT('',(150.809867883,111.504467362,-1.6));
#7615=CARTESIAN_POINT('',(150.064198875,111.759470934,-1.6));
#7616=CARTESIAN_POINT('',(149.100242758,111.759485835,-1.6));
#7617=B_SPLINE_CURVE_WITH_KNOTS('',3,(#7613,#7614,#7615,#7616),.UNSPECIFIED.,.F.,.F.,(4,4),(0.456909123,0.581983766),.UNSPECIFIED.);
#7618=EDGE_CURVE('',#7606,#7570,#7617,.T.);
#7619=ORIENTED_EDGE('',*,*,#7618,.T.);
#7620=ORIENTED_EDGE('',*,*,#7575,.T.);
#7621=EDGE_LOOP('',(#7604,#7612,#7619,#7620));
#7622=FACE_BOUND('',#7621,.T.);
#7623=ADVANCED_FACE('',(#7622),#7603,.T.);
#7624=CARTESIAN_POINT('',(151.853917742,107.325570816,-1.6));
#7625=CARTESIAN_POINT('',(151.853917742,107.325570816,-2.));
#7626=CARTESIAN_POINT('',(152.036829495,107.752802008,-1.6));
#7627=CARTESIAN_POINT('',(152.036829495,107.752802008,-2.));
#7628=CARTESIAN_POINT('',(152.128292823,108.257474536,-1.6));
#7629=CARTESIAN_POINT('',(152.128292823,108.257474536,-2.));
#7630=CARTESIAN_POINT('',(152.128292823,108.839588398,-1.6));
#7631=CARTESIAN_POINT('',(152.128292823,108.839588398,-2.));
#7632=CARTESIAN_POINT('',(152.128292823,109.766157502,-1.6));
#7633=CARTESIAN_POINT('',(152.128292823,109.766157502,-2.));
#7634=CARTESIAN_POINT('',(151.864601874,110.484438175,-1.6));
#7635=CARTESIAN_POINT('',(151.864601874,110.484438175,-2.));
#7636=CARTESIAN_POINT('',(151.337234879,110.994460219,-1.6));
#7637=CARTESIAN_POINT('',(151.337234879,110.994460219,-2.));
#7638=B_SPLINE_SURFACE_WITH_KNOTS('',3,1,((#7624,#7625),(#7626,#7627),(#7628,#7629),(#7630,#7631),(#7632,#7633),(#7634,#7635),(#7636,#7637)),.UNSPECIFIED.,.F.,.F.,.U.,(4,3,4),(2,2),(0.253253889,0.331832714,0.456909123),(0.,1.),.UNSPECIFIED.);
#7639=ORIENTED_EDGE('',*,*,#408,.F.);
#7640=CARTESIAN_POINT('',(151.853917742,107.325570816,-1.6));
#7641=VERTEX_POINT('',#7640);
#7642=CARTESIAN_POINT('',(151.853917742,107.325570816,-1.6));
#7643=DIRECTION('',(0.,0.,-1.));
#7644=VECTOR('',#7643,0.4);
#7645=LINE('',#7642,#7644);
#7646=EDGE_CURVE('',#7641,#390,#7645,.T.);
#7647=ORIENTED_EDGE('',*,*,#7646,.F.);
#7648=CARTESIAN_POINT('',(151.853917742,107.325570816,-1.6));
#7649=CARTESIAN_POINT('',(152.036829495,107.752802008,-1.6));
#7650=CARTESIAN_POINT('',(152.128292823,108.257474536,-1.6));
#7651=CARTESIAN_POINT('',(152.128292823,108.839588398,-1.6));
#7652=CARTESIAN_POINT('',(152.128292823,109.766157502,-1.6));
#7653=CARTESIAN_POINT('',(151.864601874,110.484438175,-1.6));
#7654=CARTESIAN_POINT('',(151.337234879,110.994460219,-1.6));
#7655=B_SPLINE_CURVE_WITH_KNOTS('',3,(#7648,#7649,#7650,#7651,#7652,#7653,#7654),.UNSPECIFIED.,.F.,.F.,(4,3,4),(0.253253889,0.331832714,0.456909123),.UNSPECIFIED.);
#7656=EDGE_CURVE('',#7641,#7606,#7655,.T.);
#7657=ORIENTED_EDGE('',*,*,#7656,.T.);
#7658=ORIENTED_EDGE('',*,*,#7611,.T.);
#7659=EDGE_LOOP('',(#7639,#7647,#7657,#7658));
#7660=FACE_BOUND('',#7659,.T.);
#7661=ADVANCED_FACE('',(#7660),#7638,.T.);
#7662=CARTESIAN_POINT('',(151.022805476,106.248127455,-1.6));
#7663=CARTESIAN_POINT('',(151.022805476,106.248127455,-2.));
#7664=CARTESIAN_POINT('',(151.3939785,106.539191836,-1.6));
#7665=CARTESIAN_POINT('',(151.3939785,106.539191836,-2.));
#7666=CARTESIAN_POINT('',(151.671005988,106.898324722,-1.6));
#7667=CARTESIAN_POINT('',(151.671005988,106.898324722,-2.));
#7668=CARTESIAN_POINT('',(151.853917742,107.325570816,-1.6));
#7669=CARTESIAN_POINT('',(151.853917742,107.325570816,-2.));
#7670=B_SPLINE_SURFACE_WITH_KNOTS('',3,1,((#7662,#7663),(#7664,#7665),(#7666,#7667),(#7668,#7669)),.UNSPECIFIED.,.F.,.F.,.U.,(4,4),(2,2),(0.174672748,0.253253889),(0.,1.),.UNSPECIFIED.);
#7671=ORIENTED_EDGE('',*,*,#396,.F.);
#7672=CARTESIAN_POINT('',(151.022805476,106.248127455,-1.6));
#7673=VERTEX_POINT('',#7672);
#7674=CARTESIAN_POINT('',(151.022805476,106.248127455,-1.6));
#7675=DIRECTION('',(0.,0.,-1.));
#7676=VECTOR('',#7675,0.4);
#7677=LINE('',#7674,#7676);
#7678=EDGE_CURVE('',#7673,#381,#7677,.T.);
#7679=ORIENTED_EDGE('',*,*,#7678,.F.);
#7680=CARTESIAN_POINT('',(151.022805476,106.248127455,-1.6));
#7681=CARTESIAN_POINT('',(151.3939785,106.539191836,-1.6));
#7682=CARTESIAN_POINT('',(151.671005988,106.898324722,-1.6));
#7683=CARTESIAN_POINT('',(151.853917742,107.325570816,-1.6));
#7684=B_SPLINE_CURVE_WITH_KNOTS('',3,(#7680,#7681,#7682,#7683),.UNSPECIFIED.,.F.,.F.,(4,4),(0.174672748,0.253253889),.UNSPECIFIED.);
#7685=EDGE_CURVE('',#7673,#7641,#7684,.T.);
#7686=ORIENTED_EDGE('',*,*,#7685,.T.);
#7687=ORIENTED_EDGE('',*,*,#7646,.T.);
#7688=EDGE_LOOP('',(#7671,#7679,#7686,#7687));
#7689=FACE_BOUND('',#7688,.T.);
#7690=ADVANCED_FACE('',(#7689),#7670,.T.);
#7691=CARTESIAN_POINT('',(150.237767601,105.907680625,-1.6));
#7692=CARTESIAN_POINT('',(150.237767601,105.907680625,-2.));
#7693=CARTESIAN_POINT('',(150.568871403,105.98243975,-1.6));
#7694=CARTESIAN_POINT('',(150.568871403,105.98243975,-2.));
#7695=CARTESIAN_POINT('',(150.830550694,106.095926994,-1.6));
#7696=CARTESIAN_POINT('',(150.830550694,106.095926994,-2.));
#7697=CARTESIAN_POINT('',(151.022805476,106.248127455,-1.6));
#7698=CARTESIAN_POINT('',(151.022805476,106.248127455,-2.));
#7699=B_SPLINE_SURFACE_WITH_KNOTS('',3,1,((#7691,#7692),(#7693,#7694),(#7695,#7696),(#7697,#7698)),.UNSPECIFIED.,.F.,.F.,.U.,(4,4),(2,2),(0.13382205,0.174672748),(0.,1.),.UNSPECIFIED.);
#7700=ORIENTED_EDGE('',*,*,#387,.F.);
#7701=CARTESIAN_POINT('',(150.237767601,105.907680625,-1.6));
#7702=VERTEX_POINT('',#7701);
#7703=CARTESIAN_POINT('',(150.237767601,105.907680625,-1.6));
#7704=DIRECTION('',(0.,0.,-1.));
#7705=VECTOR('',#7704,0.4);
#7706=LINE('',#7703,#7705);
#7707=EDGE_CURVE('',#7702,#369,#7706,.T.);
#7708=ORIENTED_EDGE('',*,*,#7707,.F.);
#7709=CARTESIAN_POINT('',(150.237767601,105.907680625,-1.6));
#7710=CARTESIAN_POINT('',(150.568871403,105.98243975,-1.6));
#7711=CARTESIAN_POINT('',(150.830550694,106.095926994,-1.6));
#7712=CARTESIAN_POINT('',(151.022805476,106.248127455,-1.6));
#7713=B_SPLINE_CURVE_WITH_KNOTS('',3,(#7709,#7710,#7711,#7712),.UNSPECIFIED.,.F.,.F.,(4,4),(0.13382205,0.174672748),.UNSPECIFIED.);
#7714=EDGE_CURVE('',#7702,#7673,#7713,.T.);
#7715=ORIENTED_EDGE('',*,*,#7714,.T.);
#7716=ORIENTED_EDGE('',*,*,#7678,.T.);
#7717=EDGE_LOOP('',(#7700,#7708,#7715,#7716));
#7718=FACE_BOUND('',#7717,.T.);
#7719=ADVANCED_FACE('',(#7718),#7699,.T.);
#7720=CARTESIAN_POINT('',(146.564869785,106.640653843,-1.6));
#7721=CARTESIAN_POINT('',(146.564869785,106.640653843,-2.));
#7722=CARTESIAN_POINT('',(147.160335088,106.077240938,-1.6));
#7723=CARTESIAN_POINT('',(147.160335088,106.077240938,-2.));
#7724=CARTESIAN_POINT('',(147.986768389,105.795534486,-1.6));
#7725=CARTESIAN_POINT('',(147.986768389,105.795534486,-2.));
#7726=CARTESIAN_POINT('',(149.044169688,105.795534486,-1.6));
#7727=CARTESIAN_POINT('',(149.044169688,105.795534486,-2.));
#7728=CARTESIAN_POINT('',(149.508787894,105.795534486,-1.6));
#7729=CARTESIAN_POINT('',(149.508787894,105.795534486,-2.));
#7730=CARTESIAN_POINT('',(149.906663799,105.832906598,-1.6));
#7731=CARTESIAN_POINT('',(149.906663799,105.832906598,-2.));
#7732=CARTESIAN_POINT('',(150.237767601,105.907680625,-1.6));
#7733=CARTESIAN_POINT('',(150.237767601,105.907680625,-2.));
#7734=B_SPLINE_SURFACE_WITH_KNOTS('',3,1,((#7720,#7721),(#7722,#7723),(#7724,#7725),(#7726,#7727),(#7728,#7729),(#7730,#7731),(#7732,#7733)),.UNSPECIFIED.,.F.,.F.,.U.,(4,3,4),(2,2),(0.,0.092970957,0.13382205),(0.,1.),.UNSPECIFIED.);
#7735=ORIENTED_EDGE('',*,*,#378,.F.);
#7736=CARTESIAN_POINT('',(146.564869785,106.640653843,-1.6));
#7737=VERTEX_POINT('',#7736);
#7738=CARTESIAN_POINT('',(146.564869785,106.640653843,-1.6));
#7739=DIRECTION('',(0.,0.,-1.));
#7740=VECTOR('',#7739,0.4);
#7741=LINE('',#7738,#7740);
#7742=EDGE_CURVE('',#7737,#357,#7741,.T.);
#7743=ORIENTED_EDGE('',*,*,#7742,.F.);
#7744=CARTESIAN_POINT('',(146.564869785,106.640653843,-1.6));
#7745=CARTESIAN_POINT('',(147.160335088,106.077240938,-1.6));
#7746=CARTESIAN_POINT('',(147.986768389,105.795534486,-1.6));
#7747=CARTESIAN_POINT('',(149.044169688,105.795534486,-1.6));
#7748=CARTESIAN_POINT('',(149.508787894,105.795534486,-1.6));
#7749=CARTESIAN_POINT('',(149.906663799,105.832906598,-1.6));
#7750=CARTESIAN_POINT('',(150.237767601,105.907680625,-1.6));
#7751=B_SPLINE_CURVE_WITH_KNOTS('',3,(#7744,#7745,#7746,#7747,#7748,#7749,#7750),.UNSPECIFIED.,.F.,.F.,(4,3,4),(0.,0.092970957,0.13382205),.UNSPECIFIED.);
#7752=EDGE_CURVE('',#7737,#7702,#7751,.T.);
#7753=ORIENTED_EDGE('',*,*,#7752,.T.);
#7754=ORIENTED_EDGE('',*,*,#7707,.T.);
#7755=EDGE_LOOP('',(#7735,#7743,#7753,#7754));
#7756=FACE_BOUND('',#7755,.T.);
#7757=ADVANCED_FACE('',(#7756),#7734,.T.);
#7758=CARTESIAN_POINT('',(145.861937308,109.98711192,-1.6));
#7759=CARTESIAN_POINT('',(145.861937308,109.98711192,-2.));
#7760=CARTESIAN_POINT('',(145.735098624,109.705405468,-1.6));
#7761=CARTESIAN_POINT('',(145.735098624,109.705405468,-2.));
#7762=CARTESIAN_POINT('',(145.671679282,109.372290009,-1.6));
#7763=CARTESIAN_POINT('',(145.671679282,109.372290009,-2.));
#7764=CARTESIAN_POINT('',(145.671679282,108.987780446,-1.6));
#7765=CARTESIAN_POINT('',(145.671679282,108.987780446,-2.));
#7766=CARTESIAN_POINT('',(145.671679282,107.986452216,-1.6));
#7767=CARTESIAN_POINT('',(145.671679282,107.986452216,-2.));
#7768=CARTESIAN_POINT('',(145.969404483,107.204066747,-1.6));
#7769=CARTESIAN_POINT('',(145.969404483,107.204066747,-2.));
#7770=CARTESIAN_POINT('',(146.564869785,106.640653843,-1.6));
#7771=CARTESIAN_POINT('',(146.564869785,106.640653843,-2.));
#7772=B_SPLINE_SURFACE_WITH_KNOTS('',3,1,((#7758,#7759),(#7760,#7761),(#7762,#7763),(#7764,#7765),(#7766,#7767),(#7768,#7769),(#7770,#7771)),.UNSPECIFIED.,.F.,.F.,.U.,(4,3,4),(2,2),(0.781805365,0.842344862,1.),(0.,1.),.UNSPECIFIED.);
#7773=ORIENTED_EDGE('',*,*,#366,.F.);
#7774=CARTESIAN_POINT('',(145.861937308,109.98711192,-1.6));
#7775=VERTEX_POINT('',#7774);
#7776=CARTESIAN_POINT('',(145.861937308,109.98711192,-1.6));
#7777=DIRECTION('',(0.,0.,-1.));
#7778=VECTOR('',#7777,0.4);
#7779=LINE('',#7776,#7778);
#7780=EDGE_CURVE('',#7775,#348,#7779,.T.);
#7781=ORIENTED_EDGE('',*,*,#7780,.F.);
#7782=CARTESIAN_POINT('',(145.861937308,109.98711192,-1.6));
#7783=CARTESIAN_POINT('',(145.735098624,109.705405468,-1.6));
#7784=CARTESIAN_POINT('',(145.671679282,109.372290009,-1.6));
#7785=CARTESIAN_POINT('',(145.671679282,108.987780446,-1.6));
#7786=CARTESIAN_POINT('',(145.671679282,107.986452216,-1.6));
#7787=CARTESIAN_POINT('',(145.969404483,107.204066747,-1.6));
#7788=CARTESIAN_POINT('',(146.564869785,106.640653843,-1.6));
#7789=B_SPLINE_CURVE_WITH_KNOTS('',3,(#7782,#7783,#7784,#7785,#7786,#7787,#7788),.UNSPECIFIED.,.F.,.F.,(4,3,4),(0.781805365,0.842344862,1.),.UNSPECIFIED.);
#7790=EDGE_CURVE('',#7775,#7737,#7789,.T.);
#7791=ORIENTED_EDGE('',*,*,#7790,.T.);
#7792=ORIENTED_EDGE('',*,*,#7742,.T.);
#7793=EDGE_LOOP('',(#7773,#7781,#7791,#7792));
#7794=FACE_BOUND('',#7793,.T.);
#7795=ADVANCED_FACE('',(#7794),#7772,.T.);
#7796=CARTESIAN_POINT('',(146.492777967,110.822232598,-1.6));
#7797=CARTESIAN_POINT('',(146.492777967,110.822232598,-2.));
#7798=CARTESIAN_POINT('',(146.199046278,110.547186965,-1.6));
#7799=CARTESIAN_POINT('',(146.199046278,110.547186965,-2.));
#7800=CARTESIAN_POINT('',(145.988761091,110.268833274,-1.6));
#7801=CARTESIAN_POINT('',(145.988761091,110.268833274,-2.));
#7802=CARTESIAN_POINT('',(145.861937308,109.98711192,-1.6));
#7803=CARTESIAN_POINT('',(145.861937308,109.98711192,-2.));
#7804=B_SPLINE_SURFACE_WITH_KNOTS('',3,1,((#7796,#7797),(#7798,#7799),(#7800,#7801),(#7802,#7803)),.UNSPECIFIED.,.F.,.F.,.U.,(4,4),(2,2),(0.721264403,0.781805365),(0.,1.),.UNSPECIFIED.);
#7805=ORIENTED_EDGE('',*,*,#354,.F.);
#7806=CARTESIAN_POINT('',(146.492777967,110.822232598,-1.6));
#7807=VERTEX_POINT('',#7806);
#7808=CARTESIAN_POINT('',(146.492777967,110.822232598,-1.6));
#7809=DIRECTION('',(0.,0.,-1.));
#7810=VECTOR('',#7809,0.4);
#7811=LINE('',#7808,#7810);
#7812=EDGE_CURVE('',#7807,#339,#7811,.T.);
#7813=ORIENTED_EDGE('',*,*,#7812,.F.);
#7814=CARTESIAN_POINT('',(146.492777967,110.822232598,-1.6));
#7815=CARTESIAN_POINT('',(146.199046278,110.547186965,-1.6));
#7816=CARTESIAN_POINT('',(145.988761091,110.268833274,-1.6));
#7817=CARTESIAN_POINT('',(145.861937308,109.98711192,-1.6));
#7818=B_SPLINE_CURVE_WITH_KNOTS('',3,(#7814,#7815,#7816,#7817),.UNSPECIFIED.,.F.,.F.,(4,4),(0.721264403,0.781805365),.UNSPECIFIED.);
#7819=EDGE_CURVE('',#7807,#7775,#7818,.T.);
#7820=ORIENTED_EDGE('',*,*,#7819,.T.);
#7821=ORIENTED_EDGE('',*,*,#7780,.T.);
#7822=EDGE_LOOP('',(#7805,#7813,#7820,#7821));
#7823=FACE_BOUND('',#7822,.T.);
#7824=ADVANCED_FACE('',(#7823),#7804,.T.);
#7825=CARTESIAN_POINT('',(147.648318315,111.527176732,-1.6));
#7826=CARTESIAN_POINT('',(147.648318315,111.527176732,-2.));
#7827=CARTESIAN_POINT('',(147.217063808,111.372294062,-1.6));
#7828=CARTESIAN_POINT('',(147.217063808,111.372294062,-2.));
#7829=CARTESIAN_POINT('',(146.831883693,111.137317652,-1.6));
#7830=CARTESIAN_POINT('',(146.831883693,111.137317652,-2.));
#7831=CARTESIAN_POINT('',(146.492777967,110.822232598,-1.6));
#7832=CARTESIAN_POINT('',(146.492777967,110.822232598,-2.));
#7833=B_SPLINE_SURFACE_WITH_KNOTS('',3,1,((#7825,#7826),(#7827,#7828),(#7829,#7830),(#7831,#7832)),.UNSPECIFIED.,.F.,.F.,.U.,(4,4),(2,2),(0.651622636,0.721264403),(0.,1.),.UNSPECIFIED.);
#7834=ORIENTED_EDGE('',*,*,#345,.F.);
#7835=ORIENTED_EDGE('',*,*,#7590,.F.);
#7836=CARTESIAN_POINT('',(147.648318315,111.527176732,-1.6));
#7837=CARTESIAN_POINT('',(147.217063808,111.372294062,-1.6));
#7838=CARTESIAN_POINT('',(146.831883693,111.137317652,-1.6));
#7839=CARTESIAN_POINT('',(146.492777967,110.822232598,-1.6));
#7840=B_SPLINE_CURVE_WITH_KNOTS('',3,(#7836,#7837,#7838,#7839),.UNSPECIFIED.,.F.,.F.,(4,4),(0.651622636,0.721264403),.UNSPECIFIED.);
#7841=EDGE_CURVE('',#7578,#7807,#7840,.T.);
#7842=ORIENTED_EDGE('',*,*,#7841,.T.);
#7843=ORIENTED_EDGE('',*,*,#7812,.T.);
#7844=EDGE_LOOP('',(#7834,#7835,#7842,#7843));
#7845=FACE_BOUND('',#7844,.T.);
#7846=ADVANCED_FACE('',(#7845),#7833,.T.);
#7847=CARTESIAN_POINT('',(148.807852173,109.83491146,-1.6));
#7848=DIRECTION('',(-0.036702428,0.999326239,-0.));
#7849=DIRECTION('',(-0.999326239,-0.036702428,0.));
#7850=AXIS2_PLACEMENT_3D('',#7847,#7848,#7849);
#7851=PLANE('',#7850);
#7852=CARTESIAN_POINT('',(147.117598557,109.772833222,-2.));
#7853=DIRECTION('',(0.999326239,0.036702428,0.));
#7854=VECTOR('',#7853,3.382786421);
#7855=LINE('',#7852,#7854);
#7856=EDGE_CURVE('',#7395,#7534,#7855,.T.);
#7857=ORIENTED_EDGE('',*,*,#7856,.F.);
#7858=ORIENTED_EDGE('',*,*,#7424,.F.);
#7859=CARTESIAN_POINT('',(147.117598557,109.772833222,-1.6));
#7860=DIRECTION('',(0.999326239,0.036702428,0.));
#7861=VECTOR('',#7860,3.382786421);
#7862=LINE('',#7859,#7861);
#7863=EDGE_CURVE('',#7412,#7542,#7862,.T.);
#7864=ORIENTED_EDGE('',*,*,#7863,.T.);
#7865=ORIENTED_EDGE('',*,*,#7547,.T.);
#7866=EDGE_LOOP('',(#7857,#7858,#7864,#7865));
#7867=FACE_BOUND('',#7866,.T.);
#7868=ADVANCED_FACE('',(#7867),#7851,.T.);
#7869=CARTESIAN_POINT('',(148.899986053,88.150000358,-1.6));
#7870=DIRECTION('',(0.,0.,-1.));
#7871=DIRECTION('',(0.,1.,0.));
#7872=AXIS2_PLACEMENT_3D('',#7869,#7870,#7871);
#7873=PLANE('',#7872);
#7874=ORIENTED_EDGE('',*,*,#7584,.F.);
#7875=ORIENTED_EDGE('',*,*,#7618,.F.);
#7876=ORIENTED_EDGE('',*,*,#7656,.F.);
#7877=ORIENTED_EDGE('',*,*,#7685,.F.);
#7878=ORIENTED_EDGE('',*,*,#7714,.F.);
#7879=ORIENTED_EDGE('',*,*,#7752,.F.);
#7880=ORIENTED_EDGE('',*,*,#7790,.F.);
#7881=ORIENTED_EDGE('',*,*,#7819,.F.);
#7882=ORIENTED_EDGE('',*,*,#7841,.F.);
#7883=EDGE_LOOP('',(#7874,#7875,#7876,#7877,#7878,#7879,#7880,#7881,#7882));
#7884=FACE_BOUND('',#7883,.T.);
#7885=ORIENTED_EDGE('',*,*,#7418,.F.);
#7886=ORIENTED_EDGE('',*,*,#7460,.F.);
#7887=ORIENTED_EDGE('',*,*,#7491,.F.);
#7888=ORIENTED_EDGE('',*,*,#7522,.F.);
#7889=ORIENTED_EDGE('',*,*,#7553,.F.);
#7890=ORIENTED_EDGE('',*,*,#7863,.F.);
#7891=EDGE_LOOP('',(#7885,#7886,#7887,#7888,#7889,#7890));
#7892=FACE_BOUND('',#7891,.T.);
#7893=ADVANCED_FACE('',(#7884,#7892),#7873,.T.);
#7894=CARTESIAN_POINT('',(0.,0.,-2.));
#7895=DIRECTION('',(-0.,0.,1.));
#7896=DIRECTION('',(1.,0.,0.));
#7897=AXIS2_PLACEMENT_3D('',#7894,#7895,#7896);
#7898=PLANE('',#7897);
#7899=ORIENTED_EDGE('',*,*,#7401,.T.);
#7900=ORIENTED_EDGE('',*,*,#7856,.T.);
#7901=ORIENTED_EDGE('',*,*,#7539,.T.);
#7902=ORIENTED_EDGE('',*,*,#7508,.T.);
#7903=ORIENTED_EDGE('',*,*,#7477,.T.);
#7904=ORIENTED_EDGE('',*,*,#7445,.T.);
#7905=EDGE_LOOP('',(#7899,#7900,#7901,#7902,#7903,#7904));
#7906=FACE_BOUND('',#7905,.T.);
#7907=ADVANCED_FACE('',(#7906),#7898,.F.);
#7908=CARTESIAN_POINT('',(146.476744318,115.664692754,-1.6));
#7909=CARTESIAN_POINT('',(146.476744318,115.664692754,-2.));
#7910=CARTESIAN_POINT('',(146.345912123,115.664677852,-1.6));
#7911=CARTESIAN_POINT('',(146.345912123,115.664677852,-2.));
#7912=CARTESIAN_POINT('',(146.219073439,115.666689509,-1.6));
#7913=CARTESIAN_POINT('',(146.219073439,115.666689509,-2.));
#7914=CARTESIAN_POINT('',(146.096243167,115.670697922,-1.6));
#7915=CARTESIAN_POINT('',(146.096243167,115.670697922,-2.));
#7916=B_SPLINE_SURFACE_WITH_KNOTS('',3,1,((#7908,#7909),(#7910,#7911),(#7912,#7913),(#7914,#7915)),.UNSPECIFIED.,.F.,.F.,.U.,(4,4),(2,2),(0.,0.031933643),(0.,1.),.UNSPECIFIED.);
#7917=ORIENTED_EDGE('',*,*,#1558,.F.);
#7918=CARTESIAN_POINT('',(146.476744318,115.664692754,-1.6));
#7919=VERTEX_POINT('',#7918);
#7920=CARTESIAN_POINT('',(146.476744318,115.664692754,-1.6));
#7921=DIRECTION('',(0.,0.,-1.));
#7922=VECTOR('',#7921,0.4);
#7923=LINE('',#7920,#7922);
#7924=EDGE_CURVE('',#7919,#1550,#7923,.T.);
#7925=ORIENTED_EDGE('',*,*,#7924,.F.);
#7926=CARTESIAN_POINT('',(146.096243167,115.670697922,-1.6));
#7927=VERTEX_POINT('',#7926);
#7928=CARTESIAN_POINT('',(146.476744318,115.664692754,-1.6));
#7929=CARTESIAN_POINT('',(146.345912123,115.664677852,-1.6));
#7930=CARTESIAN_POINT('',(146.219073439,115.666689509,-1.6));
#7931=CARTESIAN_POINT('',(146.096243167,115.670697922,-1.6));
#7932=B_SPLINE_CURVE_WITH_KNOTS('',3,(#7928,#7929,#7930,#7931),.UNSPECIFIED.,.F.,.F.,(4,4),(0.,0.031933643),.UNSPECIFIED.);
#7933=EDGE_CURVE('',#7919,#7927,#7932,.T.);
#7934=ORIENTED_EDGE('',*,*,#7933,.T.);
#7935=CARTESIAN_POINT('',(146.096243167,115.670697922,-1.6));
#7936=DIRECTION('',(0.,0.,-1.));
#7937=VECTOR('',#7936,0.4);
#7938=LINE('',#7935,#7937);
#7939=EDGE_CURVE('',#7927,#1552,#7938,.T.);
#7940=ORIENTED_EDGE('',*,*,#7939,.T.);
#7941=EDGE_LOOP('',(#7917,#7925,#7934,#7940));
#7942=FACE_BOUND('',#7941,.T.);
#7943=ADVANCED_FACE('',(#7942),#7916,.T.);
#7944=CARTESIAN_POINT('',(146.853251958,115.664692754,-1.6));
#7945=DIRECTION('',(0.,-1.,0.));
#7946=DIRECTION('',(0.,0.,-1.));
#7947=AXIS2_PLACEMENT_3D('',#7944,#7945,#7946);
#7948=PLANE('',#7947);
#7949=ORIENTED_EDGE('',*,*,#1691,.F.);
#7950=CARTESIAN_POINT('',(147.229759598,115.664692754,-1.6));
#7951=VERTEX_POINT('',#7950);
#7952=CARTESIAN_POINT('',(147.229759598,115.664692754,-1.6));
#7953=DIRECTION('',(0.,0.,-1.));
#7954=VECTOR('',#7953,0.4);
#7955=LINE('',#7952,#7954);
#7956=EDGE_CURVE('',#7951,#1680,#7955,.T.);
#7957=ORIENTED_EDGE('',*,*,#7956,.F.);
#7958=CARTESIAN_POINT('',(147.229759598,115.664692754,-1.6));
#7959=DIRECTION('',(-1.,0.,-0.));
#7960=VECTOR('',#7959,0.75301528);
#7961=LINE('',#7958,#7960);
#7962=EDGE_CURVE('',#7951,#7919,#7961,.T.);
#7963=ORIENTED_EDGE('',*,*,#7962,.T.);
#7964=ORIENTED_EDGE('',*,*,#7924,.T.);
#7965=EDGE_LOOP('',(#7949,#7957,#7963,#7964));
#7966=FACE_BOUND('',#7965,.T.);
#7967=ADVANCED_FACE('',(#7966),#7948,.T.);
#7968=CARTESIAN_POINT('',(148.932023549,115.688720876,-1.6));
#7969=DIRECTION('',(0.014113986,-0.999900393,0.));
#7970=DIRECTION('',(0.999900393,0.014113986,0.));
#7971=AXIS2_PLACEMENT_3D('',#7968,#7969,#7970);
#7972=PLANE('',#7971);
#7973=ORIENTED_EDGE('',*,*,#1685,.F.);
#7974=CARTESIAN_POINT('',(150.6342875,115.712748998,-1.6));
#7975=VERTEX_POINT('',#7974);
#7976=CARTESIAN_POINT('',(150.6342875,115.712748998,-1.6));
#7977=DIRECTION('',(0.,0.,-1.));
#7978=VECTOR('',#7977,0.4);
#7979=LINE('',#7976,#7978);
#7980=EDGE_CURVE('',#7975,#1672,#7979,.T.);
#7981=ORIENTED_EDGE('',*,*,#7980,.F.);
#7982=CARTESIAN_POINT('',(150.6342875,115.712748998,-1.6));
#7983=DIRECTION('',(-0.999900393,-0.014113986,-0.));
#7984=VECTOR('',#7983,3.404867052);
#7985=LINE('',#7982,#7984);
#7986=EDGE_CURVE('',#7975,#7951,#7985,.T.);
#7987=ORIENTED_EDGE('',*,*,#7986,.T.);
#7988=ORIENTED_EDGE('',*,*,#7956,.T.);
#7989=EDGE_LOOP('',(#7973,#7981,#7987,#7988));
#7990=FACE_BOUND('',#7989,.T.);
#7991=ADVANCED_FACE('',(#7990),#7972,.T.);
#7992=CARTESIAN_POINT('',(150.590232217,116.447726423,-1.6));
#7993=DIRECTION('',(0.998208365,0.059833609,0.));
#7994=DIRECTION('',(-0.059833609,0.998208365,0.));
#7995=AXIS2_PLACEMENT_3D('',#7992,#7993,#7994);
#7996=PLANE('',#7995);
#7997=ORIENTED_EDGE('',*,*,#1677,.F.);
#7998=CARTESIAN_POINT('',(150.546176934,117.182703847,-1.6));
#7999=VERTEX_POINT('',#7998);
#8000=CARTESIAN_POINT('',(150.546176934,117.182703847,-1.6));
#8001=DIRECTION('',(0.,0.,-1.));
#8002=VECTOR('',#8001,0.4);
#8003=LINE('',#8000,#8002);
#8004=EDGE_CURVE('',#7999,#1663,#8003,.T.);
#8005=ORIENTED_EDGE('',*,*,#8004,.F.);
#8006=CARTESIAN_POINT('',(150.546176934,117.182703847,-1.6));
#8007=DIRECTION('',(0.059833609,-0.998208365,0.));
#8008=VECTOR('',#8007,1.472593198);
#8009=LINE('',#8006,#8008);
#8010=EDGE_CURVE('',#7999,#7975,#8009,.T.);
#8011=ORIENTED_EDGE('',*,*,#8010,.T.);
#8012=ORIENTED_EDGE('',*,*,#7980,.T.);
#8013=EDGE_LOOP('',(#7997,#8005,#8011,#8012));
#8014=FACE_BOUND('',#8013,.T.);
#8015=ADVANCED_FACE('',(#8014),#7996,.T.);
#8016=CARTESIAN_POINT('',(151.2951689,117.204742664,-1.6));
#8017=CARTESIAN_POINT('',(151.2951689,117.204742664,-2.));
#8018=CARTESIAN_POINT('',(151.062859797,117.190050119,-1.6));
#8019=CARTESIAN_POINT('',(151.062859797,117.190050119,-2.));
#8020=CARTESIAN_POINT('',(150.813205743,117.182703847,-1.6));
#8021=CARTESIAN_POINT('',(150.813205743,117.182703847,-2.));
#8022=CARTESIAN_POINT('',(150.546176934,117.182703847,-1.6));
#8023=CARTESIAN_POINT('',(150.546176934,117.182703847,-2.));
#8024=B_SPLINE_SURFACE_WITH_KNOTS('',3,1,((#8016,#8017),(#8018,#8019),(#8020,#8021),(#8022,#8023)),.UNSPECIFIED.,.F.,.F.,.U.,(4,4),(2,2),(0.49999899,1.),(0.,1.),.UNSPECIFIED.);
#8025=ORIENTED_EDGE('',*,*,#1669,.F.);
#8026=CARTESIAN_POINT('',(151.2951689,117.204742664,-1.6));
#8027=VERTEX_POINT('',#8026);
#8028=CARTESIAN_POINT('',(151.2951689,117.204742664,-1.6));
#8029=DIRECTION('',(0.,0.,-1.));
#8030=VECTOR('',#8029,0.4);
#8031=LINE('',#8028,#8030);
#8032=EDGE_CURVE('',#8027,#1654,#8031,.T.);
#8033=ORIENTED_EDGE('',*,*,#8032,.F.);
#8034=CARTESIAN_POINT('',(151.2951689,117.204742664,-1.6));
#8035=CARTESIAN_POINT('',(151.062859797,117.190050119,-1.6));
#8036=CARTESIAN_POINT('',(150.813205743,117.182703847,-1.6));
#8037=CARTESIAN_POINT('',(150.546176934,117.182703847,-1.6));
#8038=B_SPLINE_CURVE_WITH_KNOTS('',3,(#8034,#8035,#8036,#8037),.UNSPECIFIED.,.F.,.F.,(4,4),(0.49999899,1.),.UNSPECIFIED.);
#8039=EDGE_CURVE('',#8027,#7999,#8038,.T.);
#8040=ORIENTED_EDGE('',*,*,#8039,.T.);
#8041=ORIENTED_EDGE('',*,*,#8004,.T.);
#8042=EDGE_LOOP('',(#8025,#8033,#8040,#8041));
#8043=FACE_BOUND('',#8042,.T.);
#8044=ADVANCED_FACE('',(#8043),#8024,.T.);
#8045=CARTESIAN_POINT('',(151.924012804,117.270829314,-1.6));
#8046=CARTESIAN_POINT('',(151.924012804,117.270829314,-2.));
#8047=CARTESIAN_POINT('',(151.737092638,117.241444224,-1.6));
#8048=CARTESIAN_POINT('',(151.737092638,117.241444224,-2.));
#8049=CARTESIAN_POINT('',(151.527478004,117.219420308,-1.6));
#8050=CARTESIAN_POINT('',(151.527478004,117.219420308,-2.));
#8051=CARTESIAN_POINT('',(151.2951689,117.204742664,-1.6));
#8052=CARTESIAN_POINT('',(151.2951689,117.204742664,-2.));
#8053=B_SPLINE_SURFACE_WITH_KNOTS('',3,1,((#8045,#8046),(#8047,#8048),(#8049,#8050),(#8051,#8052)),.UNSPECIFIED.,.F.,.F.,.U.,(4,4),(2,2),(0.,0.49999899),(0.,1.),.UNSPECIFIED.);
#8054=ORIENTED_EDGE('',*,*,#1660,.F.);
#8055=CARTESIAN_POINT('',(151.924012804,117.270829314,-1.6));
#8056=VERTEX_POINT('',#8055);
#8057=CARTESIAN_POINT('',(151.924012804,117.270829314,-1.6));
#8058=DIRECTION('',(0.,0.,-1.));
#8059=VECTOR('',#8058,0.4);
#8060=LINE('',#8057,#8059);
#8061=EDGE_CURVE('',#8056,#1646,#8060,.T.);
#8062=ORIENTED_EDGE('',*,*,#8061,.F.);
#8063=CARTESIAN_POINT('',(151.924012804,117.270829314,-1.6));
#8064=CARTESIAN_POINT('',(151.737092638,117.241444224,-1.6));
#8065=CARTESIAN_POINT('',(151.527478004,117.219420308,-1.6));
#8066=CARTESIAN_POINT('',(151.2951689,117.204742664,-1.6));
#8067=B_SPLINE_CURVE_WITH_KNOTS('',3,(#8063,#8064,#8065,#8066),.UNSPECIFIED.,.F.,.F.,(4,4),(0.,0.49999899),.UNSPECIFIED.);
#8068=EDGE_CURVE('',#8056,#8027,#8067,.T.);
#8069=ORIENTED_EDGE('',*,*,#8068,.T.);
#8070=ORIENTED_EDGE('',*,*,#8032,.T.);
#8071=EDGE_LOOP('',(#8054,#8062,#8069,#8070));
#8072=FACE_BOUND('',#8071,.T.);
#8073=ADVANCED_FACE('',(#8072),#8053,.T.);
#8074=CARTESIAN_POINT('',(151.903985643,115.999134415,-1.6));
#8075=DIRECTION('',(-0.999876017,0.015746448,-0.));
#8076=DIRECTION('',(-0.015746448,-0.999876017,0.));
#8077=AXIS2_PLACEMENT_3D('',#8074,#8075,#8076);
#8078=PLANE('',#8077);
#8079=ORIENTED_EDGE('',*,*,#1651,.F.);
#8080=CARTESIAN_POINT('',(151.883958483,114.727439517,-1.6));
#8081=VERTEX_POINT('',#8080);
#8082=CARTESIAN_POINT('',(151.883958483,114.727439517,-1.6));
#8083=DIRECTION('',(0.,0.,-1.));
#8084=VECTOR('',#8083,0.4);
#8085=LINE('',#8082,#8084);
#8086=EDGE_CURVE('',#8081,#1638,#8085,.T.);
#8087=ORIENTED_EDGE('',*,*,#8086,.F.);
#8088=CARTESIAN_POINT('',(151.883958483,114.727439517,-1.6));
#8089=DIRECTION('',(0.015746448,0.999876017,0.));
#8090=VECTOR('',#8089,2.543705173);
#8091=LINE('',#8088,#8090);
#8092=EDGE_CURVE('',#8081,#8056,#8091,.T.);
#8093=ORIENTED_EDGE('',*,*,#8092,.T.);
#8094=ORIENTED_EDGE('',*,*,#8061,.T.);
#8095=EDGE_LOOP('',(#8079,#8087,#8093,#8094));
#8096=FACE_BOUND('',#8095,.T.);
#8097=ADVANCED_FACE('',(#8096),#8078,.T.);
#8098=CARTESIAN_POINT('',(151.940031552,113.509813482,-1.6));
#8099=DIRECTION('',(-0.99894133,-0.046002389,-0.));
#8100=DIRECTION('',(0.046002389,-0.99894133,0.));
#8101=AXIS2_PLACEMENT_3D('',#8098,#8099,#8100);
#8102=PLANE('',#8101);
#8103=ORIENTED_EDGE('',*,*,#1643,.F.);
#8104=CARTESIAN_POINT('',(151.996104622,112.292187446,-1.6));
#8105=VERTEX_POINT('',#8104);
#8106=CARTESIAN_POINT('',(151.996104622,112.292187446,-1.6));
#8107=DIRECTION('',(0.,0.,-1.));
#8108=VECTOR('',#8107,0.4);
#8109=LINE('',#8106,#8108);
#8110=EDGE_CURVE('',#8105,#1630,#8109,.T.);
#8111=ORIENTED_EDGE('',*,*,#8110,.F.);
#8112=CARTESIAN_POINT('',(151.996104622,112.292187446,-1.6));
#8113=DIRECTION('',(-0.046002389,0.99894133,-0.));
#8114=VECTOR('',#8113,2.437832932);
#8115=LINE('',#8112,#8114);
#8116=EDGE_CURVE('',#8105,#8081,#8115,.T.);
#8117=ORIENTED_EDGE('',*,*,#8116,.T.);
#8118=ORIENTED_EDGE('',*,*,#8086,.T.);
#8119=EDGE_LOOP('',(#8103,#8111,#8117,#8118));
#8120=FACE_BOUND('',#8119,.T.);
#8121=ADVANCED_FACE('',(#8120),#8102,.T.);
#8122=CARTESIAN_POINT('',(151.134959066,112.256141537,-1.6));
#8123=DIRECTION('',(-0.041821469,0.9991251,-0.));
#8124=DIRECTION('',(-0.9991251,-0.041821469,0.));
#8125=AXIS2_PLACEMENT_3D('',#8122,#8123,#8124);
#8126=PLANE('',#8125);
#8127=ORIENTED_EDGE('',*,*,#1635,.F.);
#8128=CARTESIAN_POINT('',(150.27381351,112.220095628,-1.6));
#8129=VERTEX_POINT('',#8128);
#8130=CARTESIAN_POINT('',(150.27381351,112.220095628,-1.6));
#8131=DIRECTION('',(0.,0.,-1.));
#8132=VECTOR('',#8131,0.4);
#8133=LINE('',#8130,#8132);
#8134=EDGE_CURVE('',#8129,#1621,#8133,.T.);
#8135=ORIENTED_EDGE('',*,*,#8134,.F.);
#8136=CARTESIAN_POINT('',(150.27381351,112.220095628,-1.6));
#8137=DIRECTION('',(0.9991251,0.041821469,0.));
#8138=VECTOR('',#8137,1.723799265);
#8139=LINE('',#8136,#8138);
#8140=EDGE_CURVE('',#8129,#8105,#8139,.T.);
#8141=ORIENTED_EDGE('',*,*,#8140,.T.);
#8142=ORIENTED_EDGE('',*,*,#8110,.T.);
#8143=EDGE_LOOP('',(#8127,#8135,#8141,#8142));
#8144=FACE_BOUND('',#8143,.T.);
#8145=ADVANCED_FACE('',(#8144),#8126,.T.);
#8146=CARTESIAN_POINT('',(150.281830335,112.552540535,-1.6));
#8147=CARTESIAN_POINT('',(150.281830335,112.552540535,-2.));
#8148=CARTESIAN_POINT('',(150.279148126,112.416358823,-1.6));
#8149=CARTESIAN_POINT('',(150.279148126,112.416358823,-2.));
#8150=CARTESIAN_POINT('',(150.276480818,112.305538887,-1.6));
#8151=CARTESIAN_POINT('',(150.276480818,112.305538887,-2.));
#8152=CARTESIAN_POINT('',(150.27381351,112.220095628,-1.6));
#8153=CARTESIAN_POINT('',(150.27381351,112.220095628,-2.));
#8154=B_SPLINE_SURFACE_WITH_KNOTS('',3,1,((#8146,#8147),(#8148,#8149),(#8150,#8151),(#8152,#8153)),.UNSPECIFIED.,.F.,.F.,.U.,(4,4),(2,2),(0.979128112,1.),(0.,1.),.UNSPECIFIED.);
#8155=ORIENTED_EDGE('',*,*,#1627,.F.);
#8156=CARTESIAN_POINT('',(150.281830335,112.552540535,-1.6));
#8157=VERTEX_POINT('',#8156);
#8158=CARTESIAN_POINT('',(150.281830335,112.552540535,-1.6));
#8159=DIRECTION('',(0.,0.,-1.));
#8160=VECTOR('',#8159,0.4);
#8161=LINE('',#8158,#8160);
#8162=EDGE_CURVE('',#8157,#1609,#8161,.T.);
#8163=ORIENTED_EDGE('',*,*,#8162,.F.);
#8164=CARTESIAN_POINT('',(150.281830335,112.552540535,-1.6));
#8165=CARTESIAN_POINT('',(150.279148126,112.416358823,-1.6));
#8166=CARTESIAN_POINT('',(150.276480818,112.305538887,-1.6));
#8167=CARTESIAN_POINT('',(150.27381351,112.220095628,-1.6));
#8168=B_SPLINE_CURVE_WITH_KNOTS('',3,(#8164,#8165,#8166,#8167),.UNSPECIFIED.,.F.,.F.,(4,4),(0.979128112,1.),.UNSPECIFIED.);
#8169=EDGE_CURVE('',#8157,#8129,#8168,.T.);
#8170=ORIENTED_EDGE('',*,*,#8169,.T.);
#8171=ORIENTED_EDGE('',*,*,#8134,.T.);
#8172=EDGE_LOOP('',(#8155,#8163,#8170,#8171));
#8173=FACE_BOUND('',#8172,.T.);
#8174=ADVANCED_FACE('',(#8173),#8154,.T.);
#8175=CARTESIAN_POINT('',(150.265796685,113.750131959,-1.6));
#8176=CARTESIAN_POINT('',(150.265796685,113.750131959,-2.));
#8177=CARTESIAN_POINT('',(150.281830335,113.378973836,-1.6));
#8178=CARTESIAN_POINT('',(150.281830335,113.378973836,-2.));
#8179=CARTESIAN_POINT('',(150.289832258,113.117294544,-1.6));
#8180=CARTESIAN_POINT('',(150.289832258,113.117294544,-2.));
#8181=CARTESIAN_POINT('',(150.289832258,112.965079182,-1.6));
#8182=CARTESIAN_POINT('',(150.289832258,112.965079182,-2.));
#8183=CARTESIAN_POINT('',(150.289832258,112.903671497,-1.6));
#8184=CARTESIAN_POINT('',(150.289832258,112.903671497,-2.));
#8185=CARTESIAN_POINT('',(150.28716495,112.76614868,-1.6));
#8186=CARTESIAN_POINT('',(150.28716495,112.76614868,-2.));
#8187=CARTESIAN_POINT('',(150.281830335,112.552540535,-1.6));
#8188=CARTESIAN_POINT('',(150.281830335,112.552540535,-2.));
#8189=B_SPLINE_SURFACE_WITH_KNOTS('',3,1,((#8175,#8176),(#8177,#8178),(#8179,#8180),(#8181,#8182),(#8183,#8184),(#8185,#8186),(#8187,#8188)),.UNSPECIFIED.,.F.,.F.,.U.,(4,3,4),(2,2),(0.865224548,0.946385604,0.979128112),(0.,1.),.UNSPECIFIED.);
#8190=ORIENTED_EDGE('',*,*,#1618,.F.);
#8191=CARTESIAN_POINT('',(150.265796685,113.750131959,-1.6));
#8192=VERTEX_POINT('',#8191);
#8193=CARTESIAN_POINT('',(150.265796685,113.750131959,-1.6));
#8194=DIRECTION('',(0.,0.,-1.));
#8195=VECTOR('',#8194,0.4);
#8196=LINE('',#8193,#8195);
#8197=EDGE_CURVE('',#8192,#1600,#8196,.T.);
#8198=ORIENTED_EDGE('',*,*,#8197,.F.);
#8199=CARTESIAN_POINT('',(150.265796685,113.750131959,-1.6));
#8200=CARTESIAN_POINT('',(150.281830335,113.378973836,-1.6));
#8201=CARTESIAN_POINT('',(150.289832258,113.117294544,-1.6));
#8202=CARTESIAN_POINT('',(150.289832258,112.965079182,-1.6));
#8203=CARTESIAN_POINT('',(150.289832258,112.903671497,-1.6));
#8204=CARTESIAN_POINT('',(150.28716495,112.76614868,-1.6));
#8205=CARTESIAN_POINT('',(150.281830335,112.552540535,-1.6));
#8206=B_SPLINE_CURVE_WITH_KNOTS('',3,(#8199,#8200,#8201,#8202,#8203,#8204,#8205),.UNSPECIFIED.,.F.,.F.,(4,3,4),(0.865224548,0.946385604,0.979128112),.UNSPECIFIED.);
#8207=EDGE_CURVE('',#8192,#8157,#8206,.T.);
#8208=ORIENTED_EDGE('',*,*,#8207,.T.);
#8209=ORIENTED_EDGE('',*,*,#8162,.T.);
#8210=EDGE_LOOP('',(#8190,#8198,#8208,#8209));
#8211=FACE_BOUND('',#8210,.T.);
#8212=ADVANCED_FACE('',(#8211),#8189,.T.);
#8213=CARTESIAN_POINT('',(150.257794762,113.918366069,-1.6));
#8214=CARTESIAN_POINT('',(150.257794762,113.918366069,-2.));
#8215=CARTESIAN_POINT('',(150.26046207,113.878311747,-1.6));
#8216=CARTESIAN_POINT('',(150.26046207,113.878311747,-2.));
#8217=CARTESIAN_POINT('',(150.263129377,113.822223777,-1.6));
#8218=CARTESIAN_POINT('',(150.263129377,113.822223777,-2.));
#8219=CARTESIAN_POINT('',(150.265796685,113.750131959,-1.6));
#8220=CARTESIAN_POINT('',(150.265796685,113.750131959,-2.));
#8221=B_SPLINE_SURFACE_WITH_KNOTS('',3,1,((#8213,#8214),(#8215,#8216),(#8217,#8218),(#8219,#8220)),.UNSPECIFIED.,.F.,.F.,.U.,(4,4),(2,2),(0.84946416,0.865224548),(0.,1.),.UNSPECIFIED.);
#8222=ORIENTED_EDGE('',*,*,#1606,.F.);
#8223=CARTESIAN_POINT('',(150.257794762,113.918366069,-1.6));
#8224=VERTEX_POINT('',#8223);
#8225=CARTESIAN_POINT('',(150.257794762,113.918366069,-1.6));
#8226=DIRECTION('',(0.,0.,-1.));
#8227=VECTOR('',#8226,0.4);
#8228=LINE('',#8225,#8227);
#8229=EDGE_CURVE('',#8224,#1588,#8228,.T.);
#8230=ORIENTED_EDGE('',*,*,#8229,.F.);
#8231=CARTESIAN_POINT('',(150.257794762,113.918366069,-1.6));
#8232=CARTESIAN_POINT('',(150.26046207,113.878311747,-1.6));
#8233=CARTESIAN_POINT('',(150.263129377,113.822223777,-1.6));
#8234=CARTESIAN_POINT('',(150.265796685,113.750131959,-1.6));
#8235=B_SPLINE_CURVE_WITH_KNOTS('',3,(#8231,#8232,#8233,#8234),.UNSPECIFIED.,.F.,.F.,(4,4),(0.84946416,0.865224548),.UNSPECIFIED.);
#8236=EDGE_CURVE('',#8224,#8192,#8235,.T.);
#8237=ORIENTED_EDGE('',*,*,#8236,.T.);
#8238=ORIENTED_EDGE('',*,*,#8197,.T.);
#8239=EDGE_LOOP('',(#8222,#8230,#8237,#8238));
#8240=FACE_BOUND('',#8239,.T.);
#8241=ADVANCED_FACE('',(#8240),#8221,.T.);
#8242=CARTESIAN_POINT('',(145.887969637,113.802196616,-1.6));
#8243=CARTESIAN_POINT('',(145.887969637,113.802196616,-2.));
#8244=CARTESIAN_POINT('',(146.611599827,113.839583629,-1.6));
#8245=CARTESIAN_POINT('',(146.611599827,113.839583629,-2.));
#8246=CARTESIAN_POINT('',(147.33655622,113.868298167,-1.6));
#8247=CARTESIAN_POINT('',(147.33655622,113.868298167,-2.));
#8248=CARTESIAN_POINT('',(148.062868619,113.888325328,-1.6));
#8249=CARTESIAN_POINT('',(148.062868619,113.888325328,-2.));
#8250=CARTESIAN_POINT('',(148.789166117,113.908352488,-1.6));
#8251=CARTESIAN_POINT('',(148.789166117,113.908352488,-2.));
#8252=CARTESIAN_POINT('',(149.520813131,113.918366069,-1.6));
#8253=CARTESIAN_POINT('',(149.520813131,113.918366069,-2.));
#8254=CARTESIAN_POINT('',(150.257794762,113.918366069,-1.6));
#8255=CARTESIAN_POINT('',(150.257794762,113.918366069,-2.));
#8256=B_SPLINE_SURFACE_WITH_KNOTS('',3,1,((#8242,#8243),(#8244,#8245),(#8246,#8247),(#8248,#8249),(#8250,#8251),(#8252,#8253),(#8254,#8255)),.UNSPECIFIED.,.F.,.F.,.U.,(4,3,4),(2,2),(0.270771715,0.560120904,0.84946416),(0.,1.),.UNSPECIFIED.);
#8257=ORIENTED_EDGE('',*,*,#1597,.F.);
#8258=CARTESIAN_POINT('',(145.887969637,113.802196616,-1.6));
#8259=VERTEX_POINT('',#8258);
#8260=CARTESIAN_POINT('',(145.887969637,113.802196616,-1.6));
#8261=DIRECTION('',(0.,0.,-1.));
#8262=VECTOR('',#8261,0.4);
#8263=LINE('',#8260,#8262);
#8264=EDGE_CURVE('',#8259,#1579,#8263,.T.);
#8265=ORIENTED_EDGE('',*,*,#8264,.F.);
#8266=CARTESIAN_POINT('',(145.887969637,113.802196616,-1.6));
#8267=CARTESIAN_POINT('',(146.611599827,113.839583629,-1.6));
#8268=CARTESIAN_POINT('',(147.33655622,113.868298167,-1.6));
#8269=CARTESIAN_POINT('',(148.062868619,113.888325328,-1.6));
#8270=CARTESIAN_POINT('',(148.789166117,113.908352488,-1.6));
#8271=CARTESIAN_POINT('',(149.520813131,113.918366069,-1.6));
#8272=CARTESIAN_POINT('',(150.257794762,113.918366069,-1.6));
#8273=B_SPLINE_CURVE_WITH_KNOTS('',3,(#8266,#8267,#8268,#8269,#8270,#8271,#8272),.UNSPECIFIED.,.F.,.F.,(4,3,4),(0.270771715,0.560120904,0.84946416),.UNSPECIFIED.);
#8274=EDGE_CURVE('',#8259,#8224,#8273,.T.);
#8275=ORIENTED_EDGE('',*,*,#8274,.T.);
#8276=ORIENTED_EDGE('',*,*,#8229,.T.);
#8277=EDGE_LOOP('',(#8257,#8265,#8275,#8276));
#8278=FACE_BOUND('',#8277,.T.);
#8279=ADVANCED_FACE('',(#8278),#8256,.T.);
#8280=CARTESIAN_POINT('',(145.841910148,114.64932763,-1.6));
#8281=CARTESIAN_POINT('',(145.841910148,114.64932763,-2.));
#8282=CARTESIAN_POINT('',(145.867271924,114.343585604,-1.6));
#8283=CARTESIAN_POINT('',(145.867271924,114.343585604,-2.));
#8284=CARTESIAN_POINT('',(145.88262012,114.0612086,-1.6));
#8285=CARTESIAN_POINT('',(145.88262012,114.0612086,-2.));
#8286=CARTESIAN_POINT('',(145.887969637,113.802196616,-1.6));
#8287=CARTESIAN_POINT('',(145.887969637,113.802196616,-2.));
#8288=B_SPLINE_SURFACE_WITH_KNOTS('',3,1,((#8280,#8281),(#8282,#8283),(#8284,#8285),(#8286,#8287)),.UNSPECIFIED.,.F.,.F.,.U.,(4,4),(2,2),(0.167319645,0.270771715),(0.,1.),.UNSPECIFIED.);
#8289=ORIENTED_EDGE('',*,*,#1585,.F.);
#8290=CARTESIAN_POINT('',(145.841910148,114.64932763,-1.6));
#8291=VERTEX_POINT('',#8290);
#8292=CARTESIAN_POINT('',(145.841910148,114.64932763,-1.6));
#8293=DIRECTION('',(0.,0.,-1.));
#8294=VECTOR('',#8293,0.4);
#8295=LINE('',#8292,#8294);
#8296=EDGE_CURVE('',#8291,#1570,#8295,.T.);
#8297=ORIENTED_EDGE('',*,*,#8296,.F.);
#8298=CARTESIAN_POINT('',(145.841910148,114.64932763,-1.6));
#8299=CARTESIAN_POINT('',(145.867271924,114.343585604,-1.6));
#8300=CARTESIAN_POINT('',(145.88262012,114.0612086,-1.6));
#8301=CARTESIAN_POINT('',(145.887969637,113.802196616,-1.6));
#8302=B_SPLINE_CURVE_WITH_KNOTS('',3,(#8298,#8299,#8300,#8301),.UNSPECIFIED.,.F.,.F.,(4,4),(0.167319645,0.270771715),.UNSPECIFIED.);
#8303=EDGE_CURVE('',#8291,#8259,#8302,.T.);
#8304=ORIENTED_EDGE('',*,*,#8303,.T.);
#8305=ORIENTED_EDGE('',*,*,#8264,.T.);
#8306=EDGE_LOOP('',(#8289,#8297,#8304,#8305));
#8307=FACE_BOUND('',#8306,.T.);
#8308=ADVANCED_FACE('',(#8307),#8288,.T.);
#8309=CARTESIAN_POINT('',(145.731760764,115.688713425,-1.6));
#8310=CARTESIAN_POINT('',(145.731760764,115.688713425,-2.));
#8311=CARTESIAN_POINT('',(145.779817009,115.301536554,-1.6));
#8312=CARTESIAN_POINT('',(145.779817009,115.301536554,-2.));
#8313=CARTESIAN_POINT('',(145.81653347,114.955069655,-1.6));
#8314=CARTESIAN_POINT('',(145.81653347,114.955069655,-2.));
#8315=CARTESIAN_POINT('',(145.841910148,114.64932763,-1.6));
#8316=CARTESIAN_POINT('',(145.841910148,114.64932763,-2.));
#8317=B_SPLINE_SURFACE_WITH_KNOTS('',3,1,((#8309,#8310),(#8311,#8312),(#8313,#8314),(#8315,#8316)),.UNSPECIFIED.,.F.,.F.,.U.,(4,4),(2,2),(0.06386716,0.167319645),(0.,1.),.UNSPECIFIED.);
#8318=ORIENTED_EDGE('',*,*,#1576,.F.);
#8319=CARTESIAN_POINT('',(145.731760764,115.688713425,-1.6));
#8320=VERTEX_POINT('',#8319);
#8321=CARTESIAN_POINT('',(145.731760764,115.688713425,-1.6));
#8322=DIRECTION('',(0.,0.,-1.));
#8323=VECTOR('',#8322,0.4);
#8324=LINE('',#8321,#8323);
#8325=EDGE_CURVE('',#8320,#1561,#8324,.T.);
#8326=ORIENTED_EDGE('',*,*,#8325,.F.);
#8327=CARTESIAN_POINT('',(145.731760764,115.688713425,-1.6));
#8328=CARTESIAN_POINT('',(145.779817009,115.301536554,-1.6));
#8329=CARTESIAN_POINT('',(145.81653347,114.955069655,-1.6));
#8330=CARTESIAN_POINT('',(145.841910148,114.64932763,-1.6));
#8331=B_SPLINE_CURVE_WITH_KNOTS('',3,(#8327,#8328,#8329,#8330),.UNSPECIFIED.,.F.,.F.,(4,4),(0.06386716,0.167319645),.UNSPECIFIED.);
#8332=EDGE_CURVE('',#8320,#8291,#8331,.T.);
#8333=ORIENTED_EDGE('',*,*,#8332,.T.);
#8334=ORIENTED_EDGE('',*,*,#8296,.T.);
#8335=EDGE_LOOP('',(#8318,#8326,#8333,#8334));
#8336=FACE_BOUND('',#8335,.T.);
#8337=ADVANCED_FACE('',(#8336),#8317,.T.);
#8338=CARTESIAN_POINT('',(146.096243167,115.670697922,-1.6));
#8339=CARTESIAN_POINT('',(146.096243167,115.670697922,-2.));
#8340=CARTESIAN_POINT('',(145.973412895,115.674691433,-1.6));
#8341=CARTESIAN_POINT('',(145.973412895,115.674691433,-2.));
#8342=CARTESIAN_POINT('',(145.851923728,115.680696601,-1.6));
#8343=CARTESIAN_POINT('',(145.851923728,115.680696601,-2.));
#8344=CARTESIAN_POINT('',(145.731760764,115.688713425,-1.6));
#8345=CARTESIAN_POINT('',(145.731760764,115.688713425,-2.));
#8346=B_SPLINE_SURFACE_WITH_KNOTS('',3,1,((#8338,#8339),(#8340,#8341),(#8342,#8343),(#8344,#8345)),.UNSPECIFIED.,.F.,.F.,.U.,(4,4),(2,2),(0.031933643,0.06386716),(0.,1.),.UNSPECIFIED.);
#8347=ORIENTED_EDGE('',*,*,#1567,.F.);
#8348=ORIENTED_EDGE('',*,*,#7939,.F.);
#8349=CARTESIAN_POINT('',(146.096243167,115.670697922,-1.6));
#8350=CARTESIAN_POINT('',(145.973412895,115.674691433,-1.6));
#8351=CARTESIAN_POINT('',(145.851923728,115.680696601,-1.6));
#8352=CARTESIAN_POINT('',(145.731760764,115.688713425,-1.6));
#8353=B_SPLINE_CURVE_WITH_KNOTS('',3,(#8349,#8350,#8351,#8352),.UNSPECIFIED.,.F.,.F.,(4,4),(0.031933643,0.06386716),.UNSPECIFIED.);
#8354=EDGE_CURVE('',#7927,#8320,#8353,.T.);
#8355=ORIENTED_EDGE('',*,*,#8354,.T.);
#8356=ORIENTED_EDGE('',*,*,#8325,.T.);
#8357=EDGE_LOOP('',(#8347,#8348,#8355,#8356));
#8358=FACE_BOUND('',#8357,.T.);
#8359=ADVANCED_FACE('',(#8358),#8346,.T.);
#8360=CARTESIAN_POINT('',(148.899986053,88.150000358,-1.6));
#8361=DIRECTION('',(0.,0.,-1.));
#8362=DIRECTION('',(0.,1.,0.));
#8363=AXIS2_PLACEMENT_3D('',#8360,#8361,#8362);
#8364=PLANE('',#8363);
#8365=ORIENTED_EDGE('',*,*,#7933,.F.);
#8366=ORIENTED_EDGE('',*,*,#7962,.F.);
#8367=ORIENTED_EDGE('',*,*,#7986,.F.);
#8368=ORIENTED_EDGE('',*,*,#8010,.F.);
#8369=ORIENTED_EDGE('',*,*,#8039,.F.);
#8370=ORIENTED_EDGE('',*,*,#8068,.F.);
#8371=ORIENTED_EDGE('',*,*,#8092,.F.);
#8372=ORIENTED_EDGE('',*,*,#8116,.F.);
#8373=ORIENTED_EDGE('',*,*,#8140,.F.);
#8374=ORIENTED_EDGE('',*,*,#8169,.F.);
#8375=ORIENTED_EDGE('',*,*,#8207,.F.);
#8376=ORIENTED_EDGE('',*,*,#8236,.F.);
#8377=ORIENTED_EDGE('',*,*,#8274,.F.);
#8378=ORIENTED_EDGE('',*,*,#8303,.F.);
#8379=ORIENTED_EDGE('',*,*,#8332,.F.);
#8380=ORIENTED_EDGE('',*,*,#8354,.F.);
#8381=EDGE_LOOP('',(#8365,#8366,#8367,#8368,#8369,#8370,#8371,#8372,#8373,#8374,#8375,#8376,#8377,#8378,#8379,#8380));
#8382=FACE_BOUND('',#8381,.T.);
#8383=ADVANCED_FACE('',(#8382),#8364,.T.);
#8384=CARTESIAN_POINT('',(154.05,81.9,0.));
#8385=DIRECTION('',(0.,1.,0.));
#8386=DIRECTION('',(0.,0.,1.));
#8387=AXIS2_PLACEMENT_3D('',#8384,#8385,#8386);
#8388=PLANE('',#8387);
#8389=CARTESIAN_POINT('',(152.1,81.9,0.));
#8390=DIRECTION('',(0.,0.,1.));
#8391=VECTOR('',#8390,3.);
#8392=LINE('',#8389,#8391);
#8393=EDGE_CURVE('',#2092,#1955,#8392,.T.);
#8394=ORIENTED_EDGE('',*,*,#8393,.F.);
#8395=ORIENTED_EDGE('',*,*,#2097,.T.);
#8396=ORIENTED_EDGE('',*,*,#1944,.T.);
#8397=ORIENTED_EDGE('',*,*,#2514,.F.);
#8398=EDGE_LOOP('',(#8394,#8395,#8396,#8397));
#8399=FACE_BOUND('',#8398,.T.);
#8400=ADVANCED_FACE('',(#8399),#8388,.T.);
#8401=CARTESIAN_POINT('',(152.1,89.7,0.));
#8402=DIRECTION('',(-1.,0.,0.));
#8403=DIRECTION('',(0.,0.,1.));
#8404=AXIS2_PLACEMENT_3D('',#8401,#8402,#8403);
#8405=PLANE('',#8404);
#8406=ORIENTED_EDGE('',*,*,#1865,.F.);
#8407=CARTESIAN_POINT('',(152.1,97.5,0.));
#8408=DIRECTION('',(0.,0.,1.));
#8409=VECTOR('',#8408,5.);
#8410=LINE('',#8407,#8409);
#8411=EDGE_CURVE('',#2100,#1852,#8410,.T.);
#8412=ORIENTED_EDGE('',*,*,#8411,.F.);
#8413=ORIENTED_EDGE('',*,*,#2105,.T.);
#8414=ORIENTED_EDGE('',*,*,#8393,.T.);
#8415=ORIENTED_EDGE('',*,*,#1960,.T.);
#8416=EDGE_LOOP('',(#8406,#8412,#8413,#8414,#8415));
#8417=FACE_BOUND('',#8416,.T.);
#8418=ADVANCED_FACE('',(#8417),#8405,.T.);
#8419=CARTESIAN_POINT('',(149.85,97.5,0.));
#8420=DIRECTION('',(0.,-1.,0.));
#8421=DIRECTION('',(0.,0.,-1.));
#8422=AXIS2_PLACEMENT_3D('',#8419,#8420,#8421);
#8423=PLANE('',#8422);
#8424=CARTESIAN_POINT('',(135.6,97.5,0.));
#8425=DIRECTION('',(-0.,0.,1.));
#8426=VECTOR('',#8425,1.);
#8427=LINE('',#8424,#8426);
#8428=EDGE_CURVE('',#2108,#1746,#8427,.T.);
#8429=ORIENTED_EDGE('',*,*,#8428,.F.);
#8430=ORIENTED_EDGE('',*,*,#2113,.T.);
#8431=ORIENTED_EDGE('',*,*,#8411,.T.);
#8432=ORIENTED_EDGE('',*,*,#1857,.F.);
#8433=ORIENTED_EDGE('',*,*,#2558,.F.);
#8434=ORIENTED_EDGE('',*,*,#1759,.F.);
#8435=EDGE_LOOP('',(#8429,#8430,#8431,#8432,#8433,#8434));
#8436=FACE_BOUND('',#8435,.T.);
#8437=ADVANCED_FACE('',(#8436),#8423,.T.);
#8438=CARTESIAN_POINT('',(120.9,74.4,0.));
#8439=DIRECTION('',(-1.,0.,0.));
#8440=DIRECTION('',(-0.,-1.,0.));
#8441=AXIS2_PLACEMENT_3D('',#8438,#8439,#8440);
#8442=PLANE('',#8441);
#8443=ORIENTED_EDGE('',*,*,#317,.T.);
#8444=CARTESIAN_POINT('',(120.9,51.3,0.));
#8445=DIRECTION('',(0.,0.,1.));
#8446=VECTOR('',#8445,5.);
#8447=LINE('',#8444,#8446);
#8448=EDGE_CURVE('',#2061,#306,#8447,.T.);
#8449=ORIENTED_EDGE('',*,*,#8448,.F.);
#8450=ORIENTED_EDGE('',*,*,#2066,.F.);
#8451=ORIENTED_EDGE('',*,*,#62,.T.);
#8452=EDGE_LOOP('',(#8443,#8449,#8450,#8451));
#8453=FACE_BOUND('',#8452,.T.);
#8454=ADVANCED_FACE('',(#8453),#8442,.F.);
#8455=CARTESIAN_POINT('',(136.5,51.3,0.));
#8456=DIRECTION('',(-0.,-1.,0.));
#8457=DIRECTION('',(1.,-0.,0.));
#8458=AXIS2_PLACEMENT_3D('',#8455,#8456,#8457);
#8459=PLANE('',#8458);
#8460=ORIENTED_EDGE('',*,*,#311,.T.);
#8461=CARTESIAN_POINT('',(152.1,51.3,0.));
#8462=DIRECTION('',(0.,0.,1.));
#8463=VECTOR('',#8462,5.);
#8464=LINE('',#8461,#8463);
#8465=EDGE_CURVE('',#2069,#298,#8464,.T.);
#8466=ORIENTED_EDGE('',*,*,#8465,.F.);
#8467=ORIENTED_EDGE('',*,*,#2074,.F.);
#8468=ORIENTED_EDGE('',*,*,#8448,.T.);
#8469=EDGE_LOOP('',(#8460,#8466,#8467,#8468));
#8470=FACE_BOUND('',#8469,.T.);
#8471=ADVANCED_FACE('',(#8470),#8459,.F.);
#8472=CARTESIAN_POINT('',(152.1,52.85,0.));
#8473=DIRECTION('',(1.,0.,0.));
#8474=DIRECTION('',(0.,0.,-1.));
#8475=AXIS2_PLACEMENT_3D('',#8472,#8473,#8474);
#8476=PLANE('',#8475);
#8477=ORIENTED_EDGE('',*,*,#303,.T.);
#8478=ORIENTED_EDGE('',*,*,#1821,.F.);
#8479=CARTESIAN_POINT('',(152.1,54.4,0.));
#8480=DIRECTION('',(0.,0.,1.));
#8481=VECTOR('',#8480,3.);
#8482=LINE('',#8479,#8481);
#8483=EDGE_CURVE('',#2077,#1810,#8482,.T.);
#8484=ORIENTED_EDGE('',*,*,#8483,.F.);
#8485=ORIENTED_EDGE('',*,*,#2082,.F.);
#8486=ORIENTED_EDGE('',*,*,#8465,.T.);
#8487=EDGE_LOOP('',(#8477,#8478,#8484,#8485,#8486));
#8488=FACE_BOUND('',#8487,.T.);
#8489=ADVANCED_FACE('',(#8488),#8476,.F.);
#8490=CARTESIAN_POINT('',(154.05,54.4,0.));
#8491=DIRECTION('',(0.,1.,0.));
#8492=DIRECTION('',(0.,0.,1.));
#8493=AXIS2_PLACEMENT_3D('',#8490,#8491,#8492);
#8494=PLANE('',#8493);
#8495=ORIENTED_EDGE('',*,*,#2521,.T.);
#8496=ORIENTED_EDGE('',*,*,#1930,.F.);
#8497=ORIENTED_EDGE('',*,*,#2088,.F.);
#8498=ORIENTED_EDGE('',*,*,#8483,.T.);
#8499=EDGE_LOOP('',(#8495,#8496,#8497,#8498));
#8500=FACE_BOUND('',#8499,.T.);
#8501=ADVANCED_FACE('',(#8500),#8494,.F.);
#8502=CARTESIAN_POINT('',(133.,87.5,-2.));
#8503=DIRECTION('',(0.,-1.,0.));
#8504=DIRECTION('',(0.,0.,-1.));
#8505=AXIS2_PLACEMENT_3D('',#8502,#8503,#8504);
#8506=PLANE('',#8505);
#8507=ORIENTED_EDGE('',*,*,#2127,.T.);
#8508=CARTESIAN_POINT('',(135.6,87.5,-2.));
#8509=DIRECTION('',(0.,0.,1.));
#8510=VECTOR('',#8509,2.);
#8511=LINE('',#8508,#8510);
#8512=EDGE_CURVE('',#1714,#2116,#8511,.T.);
#8513=ORIENTED_EDGE('',*,*,#8512,.F.);
#8514=ORIENTED_EDGE('',*,*,#1719,.F.);
#8515=ORIENTED_EDGE('',*,*,#3113,.T.);
#8516=EDGE_LOOP('',(#8507,#8513,#8514,#8515));
#8517=FACE_BOUND('',#8516,.T.);
#8518=ADVANCED_FACE('',(#8517),#8506,.F.);
#8519=CARTESIAN_POINT('',(135.6,92.75,-2.));
#8520=DIRECTION('',(1.,0.,0.));
#8521=DIRECTION('',(0.,0.,-1.));
#8522=AXIS2_PLACEMENT_3D('',#8519,#8520,#8521);
#8523=PLANE('',#8522);
#8524=ORIENTED_EDGE('',*,*,#2121,.T.);
#8525=ORIENTED_EDGE('',*,*,#8428,.T.);
#8526=ORIENTED_EDGE('',*,*,#1751,.F.);
#8527=CARTESIAN_POINT('',(135.6,98.5,-2.));
#8528=DIRECTION('',(-0.,0.,1.));
#8529=VECTOR('',#8528,3.);
#8530=LINE('',#8527,#8529);
#8531=EDGE_CURVE('',#1698,#1738,#8530,.T.);
#8532=ORIENTED_EDGE('',*,*,#8531,.F.);
#8533=ORIENTED_EDGE('',*,*,#1725,.F.);
#8534=ORIENTED_EDGE('',*,*,#8512,.T.);
#8535=EDGE_LOOP('',(#8524,#8525,#8526,#8532,#8533,#8534));
#8536=FACE_BOUND('',#8535,.T.);
#8537=ADVANCED_FACE('',(#8536),#8523,.F.);
#8538=CARTESIAN_POINT('',(133.,98.5,-2.));
#8539=DIRECTION('',(0.,-1.,0.));
#8540=DIRECTION('',(0.,0.,-1.));
#8541=AXIS2_PLACEMENT_3D('',#8538,#8539,#8540);
#8542=PLANE('',#8541);
#8543=ORIENTED_EDGE('',*,*,#1743,.F.);
#8544=ORIENTED_EDGE('',*,*,#2535,.T.);
#8545=ORIENTED_EDGE('',*,*,#120,.F.);
#8546=ORIENTED_EDGE('',*,*,#3104,.F.);
#8547=ORIENTED_EDGE('',*,*,#1703,.T.);
#8548=ORIENTED_EDGE('',*,*,#8531,.T.);
#8549=EDGE_LOOP('',(#8543,#8544,#8545,#8546,#8547,#8548));
#8550=FACE_BOUND('',#8549,.T.);
#8551=ADVANCED_FACE('',(#8550),#8542,.T.);
#8552=CARTESIAN_POINT('',(136.5,124.,-5.));
#8553=DIRECTION('',(-0.,0.,1.));
#8554=DIRECTION('',(1.,0.,0.));
#8555=AXIS2_PLACEMENT_3D('',#8552,#8553,#8554);
#8556=CYLINDRICAL_SURFACE('',#8555,2.5);
#8557=ORIENTED_EDGE('',*,*,#2651,.T.);
#8558=ORIENTED_EDGE('',*,*,#992,.F.);
#8559=ORIENTED_EDGE('',*,*,#2715,.T.);
#8560=ORIENTED_EDGE('',*,*,#178,.T.);
#8561=EDGE_LOOP('',(#8557,#8558,#8559,#8560));
#8562=FACE_BOUND('',#8561,.T.);
#8563=ADVANCED_FACE('',(#8562),#8556,.F.);
#8564=CLOSED_SHELL('',(#66,#321,#1729,#1801,#1832,#1908,#1948,#1979,#2012,#2045,#2165,#2199,#2233,#2267,#2301,#2341,#2372,#2417,#2448,#2479,#2501,#2525,#2547,#2564,#2581,#2593,
#2617,#2641,#2658,#2670,#2687,#2704,#2721,#2775,#2788,#2871,#2884,#2990,#3003,#3080,#3093,#3117,#3139,#3156,#3173,#3185,#3203,#3221,#3249,#3266,#3278,
#3306,#3323,#3335,#3353,#3370,#3394,#3411,#3423,#3477,#3533,#3571,#3600,#3624,#3648,#3672,#3696,#3720,#3744,#3768,#3792,#3839,#3861,#3883,#3919,#3957,
#3986,#4010,#4034,#4058,#4082,#4106,#4130,#4154,#4178,#4202,#4240,#4269,#4309,#4332,#4386,#4415,#4480,#4504,#4528,#4568,#4599,#4630,#4688,#4719,#4750,
#4772,#4794,#4834,#4860,#4872,#4884,#4915,#4939,#4986,#5033,#5057,#5081,#5105,#5129,#5153,#5177,#5201,#5225,#5249,#5273,#5302,#5340,#5369,#5407,#5436,
#5465,#5489,#5513,#5530,#5561,#5597,#5626,#5655,#5693,#5731,#5760,#5784,#5822,#5846,#5870,#5894,#5923,#5961,#5990,#6014,#6052,#6122,#6153,#6184,#6215,
#6243,#6260,#6292,#6305,#6351,#6388,#6419,#6450,#6481,#6517,#6555,#6593,#6622,#6651,#6689,#6727,#6749,#6771,#6795,#6809,#6845,#6874,#6939,#6963,#6987,
#7034,#7074,#7105,#7136,#7194,#7225,#7256,#7278,#7300,#7331,#7358,#7370,#7382,#7428,#7465,#7496,#7527,#7558,#7594,#7623,#7661,#7690,#7719,#7757,#7795,
#7824,#7846,#7868,#7893,#7907,#7943,#7967,#7991,#8015,#8044,#8073,#8097,#8121,#8145,#8174,#8212,#8241,#8279,#8308,#8337,#8359,#8383,#8400,#8418,#8437,
#8454,#8471,#8489,#8501,#8518,#8537,#8551,#8563));
#8565=MANIFOLD_SOLID_BREP('\X2\5B9E4F53\X0\  07',#8564);
#8566=COLOUR_RGB('',0.627451003,0.627451003,0.643137276);
#8567=FILL_AREA_STYLE_COLOUR('',#8566);
#8568=FILL_AREA_STYLE('',(#8567));
#8569=SURFACE_STYLE_FILL_AREA(#8568);
#8570=SURFACE_SIDE_STYLE('',(#8569));
#8571=SURFACE_STYLE_USAGE(.BOTH.,#8570);
#8572=PRESENTATION_STYLE_ASSIGNMENT((#8571));
#26=STYLED_ITEM('',(#8572),#8565);
#8573=(NAMED_UNIT(*)PLANE_ANGLE_UNIT()SI_UNIT($,.RADIAN.));
#8574=PLANE_ANGLE_MEASURE_WITH_UNIT(PLANE_ANGLE_MEASURE(0.0174532925),#8573);
#8575=(CONVERSION_BASED_UNIT('DEGREE',#8574)NAMED_UNIT(#8576)PLANE_ANGLE_UNIT());
#8576=DIMENSIONAL_EXPONENTS(0.,0.,0.,0.,0.,0.,0.);
#8577=(NAMED_UNIT(*)SI_UNIT($,.STERADIAN.)SOLID_ANGLE_UNIT());
#8578=(LENGTH_UNIT()NAMED_UNIT(*)SI_UNIT(.MILLI.,.METRE.));
#8579=UNCERTAINTY_MEASURE_WITH_UNIT(LENGTH_MEASURE(1.000000E-03),#8578,'DISTANCE_ACCURACY_VALUE','Maximum Tolerance applied to model');
#8580=(GEOMETRIC_REPRESENTATION_CONTEXT(3)GLOBAL_UNCERTAINTY_ASSIGNED_CONTEXT((#8579))GLOBAL_UNIT_ASSIGNED_CONTEXT((#8578,#8575,#8577))REPRESENTATION_CONTEXT('','3D_PCB1_2025-08-29.step'));
#8592=CARTESIAN_POINT('',(0.,0.,0.));
#8593=DIRECTION('',(0.,0.,1.));
#8594=DIRECTION('',(1.,0.,-0.));
#8595=AXIS2_PLACEMENT_3D('',#8592,#8593,#8594);
#8596=ITEM_DEFINED_TRANSFORMATION('','',#8595,#15);
#8597=(REPRESENTATION_RELATIONSHIP('','',#8582,#16)REPRESENTATION_RELATIONSHIP_WITH_TRANSFORMATION(#8596)SHAPE_REPRESENTATION_RELATIONSHIP());
#8598=NEXT_ASSEMBLY_USAGE_OCCURRENCE('3D_PCB1_2025-08-29.step_1','3D_PCB1_2025-08-29.step','3D_PCB1_2025-08-29.step',#25,#8591,$);
#8599=PRODUCT_DEFINITION_SHAPE('','',#8598);
#8600=CONTEXT_DEPENDENT_SHAPE_REPRESENTATION(#8597,#8599);
#8601=(NAMED_UNIT(*)PLANE_ANGLE_UNIT()SI_UNIT($,.RADIAN.));
#8602=PLANE_ANGLE_MEASURE_WITH_UNIT(PLANE_ANGLE_MEASURE(0.0174532925),#8601);
#8603=(CONVERSION_BASED_UNIT('DEGREE',#8602)NAMED_UNIT(#8604)PLANE_ANGLE_UNIT());
#8604=DIMENSIONAL_EXPONENTS(0.,0.,0.,0.,0.,0.,0.);
#8605=(NAMED_UNIT(*)SI_UNIT($,.STERADIAN.)SOLID_ANGLE_UNIT());
#8606=(LENGTH_UNIT()NAMED_UNIT(*)SI_UNIT(.MILLI.,.METRE.));
#8607=UNCERTAINTY_MEASURE_WITH_UNIT(LENGTH_MEASURE(1.000000E-03),#8606,'DISTANCE_ACCURACY_VALUE','Maximum Tolerance applied to model');
#8608=(GEOMETRIC_REPRESENTATION_CONTEXT(3)GLOBAL_UNCERTAINTY_ASSIGNED_CONTEXT((#8607))GLOBAL_UNIT_ASSIGNED_CONTEXT((#8606,#8603,#8605))REPRESENTATION_CONTEXT('','Board~QmFs'));
#8620=CARTESIAN_POINT('',(0.,0.,0.));
#8621=DIRECTION('',(0.,0.,1.));
#8622=DIRECTION('',(1.,0.,-0.));
#8623=AXIS2_PLACEMENT_3D('',#8620,#8621,#8622);
#8624=ITEM_DEFINED_TRANSFORMATION('','',#8623,#15);
#8625=(REPRESENTATION_RELATIONSHIP('','',#8610,#8582)REPRESENTATION_RELATIONSHIP_WITH_TRANSFORMATION(#8624)SHAPE_REPRESENTATION_RELATIONSHIP());
#8626=NEXT_ASSEMBLY_USAGE_OCCURRENCE('Board~QmFs_2','Board~QmFs','Board~QmFs',#8591,#8619,$);
#8627=PRODUCT_DEFINITION_SHAPE('','',#8626);
#8628=CONTEXT_DEPENDENT_SHAPE_REPRESENTATION(#8625,#8627);
#8610=SHAPE_REPRESENTATION('Board~QmFs',(#15),#8608);
#8629=CARTESIAN_POINT('',(0.,0.,0.));
#8630=DIRECTION('',(0.,0.,1.));
#8631=DIRECTION('',(1.,0.,0.));
#8632=AXIS2_PLACEMENT_3D('',#8629,#8630,#8631);
#8634=MAPPED_ITEM('',#8633,#8632);
#8633=REPRESENTATION_MAP(#8632,#8610);
#8635=APPLICATION_CONTEXT('Managed model based 3d engineering');
#8636=APPLICATION_PROTOCOL_DEFINITION('international standard','ap242_managed_model_based_3d_engineering',2014,#8635);
#8637=PRODUCT_CONTEXT('',#8635,'mechanical');
#8638=PRODUCT_DEFINITION_CONTEXT('part definition',#8635,'design');
#8618=PRODUCT('Board~QmFs','Board~QmFs','',(#8637));
#8639=PRODUCT_RELATED_PRODUCT_CATEGORY('part','',(#8618));
#8640=PRODUCT_DEFINITION_FORMATION_WITH_SPECIFIED_SOURCE('','',#8618,.NOT_KNOWN.);
#8619=PRODUCT_DEFINITION('design','',#8640,#8638);
#8617=PRODUCT_DEFINITION_SHAPE('','',#8619);
#8641=SHAPE_DEFINITION_REPRESENTATION(#8617,#8610);
#8609=DRAUGHTING_MODEL('',(#8634),#8608);
#8642=(NAMED_UNIT(*)PLANE_ANGLE_UNIT()SI_UNIT($,.RADIAN.));
#8643=PLANE_ANGLE_MEASURE_WITH_UNIT(PLANE_ANGLE_MEASURE(0.0174532925),#8642);
#8644=(CONVERSION_BASED_UNIT('DEGREE',#8643)NAMED_UNIT(#8645)PLANE_ANGLE_UNIT());
#8645=DIMENSIONAL_EXPONENTS(0.,0.,0.,0.,0.,0.,0.);
#8646=(NAMED_UNIT(*)SI_UNIT($,.STERADIAN.)SOLID_ANGLE_UNIT());
#8647=(LENGTH_UNIT()NAMED_UNIT(*)SI_UNIT(.MILLI.,.METRE.));
#8648=UNCERTAINTY_MEASURE_WITH_UNIT(LENGTH_MEASURE(1.000000E-03),#8647,'DISTANCE_ACCURACY_VALUE','Maximum Tolerance applied to model');
#8649=(GEOMETRIC_REPRESENTATION_CONTEXT(3)GLOBAL_UNCERTAINTY_ASSIGNED_CONTEXT((#8648))GLOBAL_UNIT_ASSIGNED_CONTEXT((#8647,#8644,#8646))REPRESENTATION_CONTEXT('','TopCopper~QmFs'));
#8661=CARTESIAN_POINT('',(0.,0.,0.));
#8662=DIRECTION('',(0.,0.,1.));
#8663=DIRECTION('',(1.,0.,-0.));
#8664=AXIS2_PLACEMENT_3D('',#8661,#8662,#8663);
#8665=ITEM_DEFINED_TRANSFORMATION('','',#8664,#15);
#8666=(REPRESENTATION_RELATIONSHIP('','',#8651,#8582)REPRESENTATION_RELATIONSHIP_WITH_TRANSFORMATION(#8665)SHAPE_REPRESENTATION_RELATIONSHIP());
#8667=NEXT_ASSEMBLY_USAGE_OCCURRENCE('TopCopper~QmFs_3','TopCopper~QmFs','TopCopper~QmFs',#8591,#8660,$);
#8668=PRODUCT_DEFINITION_SHAPE('','',#8667);
#8669=CONTEXT_DEPENDENT_SHAPE_REPRESENTATION(#8666,#8668);
#8651=SHAPE_REPRESENTATION('TopCopper~QmFs',(#15),#8649);
#8670=CARTESIAN_POINT('',(0.,0.,0.));
#8671=DIRECTION('',(0.,0.,1.));
#8672=DIRECTION('',(1.,0.,0.));
#8673=AXIS2_PLACEMENT_3D('',#8670,#8671,#8672);
#8675=MAPPED_ITEM('',#8674,#8673);
#8674=REPRESENTATION_MAP(#8673,#8651);
#8659=PRODUCT('TopCopper~QmFs','TopCopper~QmFs','',(#8637));
#8676=PRODUCT_RELATED_PRODUCT_CATEGORY('part','',(#8659));
#8677=PRODUCT_DEFINITION_FORMATION_WITH_SPECIFIED_SOURCE('','',#8659,.NOT_KNOWN.);
#8660=PRODUCT_DEFINITION('design','',#8677,#8638);
#8658=PRODUCT_DEFINITION_SHAPE('','',#8660);
#8678=SHAPE_DEFINITION_REPRESENTATION(#8658,#8651);
#8650=DRAUGHTING_MODEL('',(#8675),#8649);
#8679=(NAMED_UNIT(*)PLANE_ANGLE_UNIT()SI_UNIT($,.RADIAN.));
#8680=PLANE_ANGLE_MEASURE_WITH_UNIT(PLANE_ANGLE_MEASURE(0.0174532925),#8679);
#8681=(CONVERSION_BASED_UNIT('DEGREE',#8680)NAMED_UNIT(#8682)PLANE_ANGLE_UNIT());
#8682=DIMENSIONAL_EXPONENTS(0.,0.,0.,0.,0.,0.,0.);
#8683=(NAMED_UNIT(*)SI_UNIT($,.STERADIAN.)SOLID_ANGLE_UNIT());
#8684=(LENGTH_UNIT()NAMED_UNIT(*)SI_UNIT(.MILLI.,.METRE.));
#8685=UNCERTAINTY_MEASURE_WITH_UNIT(LENGTH_MEASURE(1.000000E-03),#8684,'DISTANCE_ACCURACY_VALUE','Maximum Tolerance applied to model');
#8686=(GEOMETRIC_REPRESENTATION_CONTEXT(3)GLOBAL_UNCERTAINTY_ASSIGNED_CONTEXT((#8685))GLOBAL_UNIT_ASSIGNED_CONTEXT((#8684,#8681,#8683))REPRESENTATION_CONTEXT('','BottomCopper~QmFs'));
#8698=CARTESIAN_POINT('',(0.,0.,0.));
#8699=DIRECTION('',(0.,0.,1.));
#8700=DIRECTION('',(1.,0.,-0.));
#8701=AXIS2_PLACEMENT_3D('',#8698,#8699,#8700);
#8702=ITEM_DEFINED_TRANSFORMATION('','',#8701,#15);
#8703=(REPRESENTATION_RELATIONSHIP('','',#8688,#8582)REPRESENTATION_RELATIONSHIP_WITH_TRANSFORMATION(#8702)SHAPE_REPRESENTATION_RELATIONSHIP());
#8704=NEXT_ASSEMBLY_USAGE_OCCURRENCE('BottomCopper~QmFs_4','BottomCopper~QmFs','BottomCopper~QmFs',#8591,#8697,$);
#8705=PRODUCT_DEFINITION_SHAPE('','',#8704);
#8706=CONTEXT_DEPENDENT_SHAPE_REPRESENTATION(#8703,#8705);
#8688=SHAPE_REPRESENTATION('BottomCopper~QmFs',(#15),#8686);
#8707=CARTESIAN_POINT('',(0.,0.,0.));
#8708=DIRECTION('',(0.,0.,1.));
#8709=DIRECTION('',(1.,0.,0.));
#8710=AXIS2_PLACEMENT_3D('',#8707,#8708,#8709);
#8712=MAPPED_ITEM('',#8711,#8710);
#8711=REPRESENTATION_MAP(#8710,#8688);
#8696=PRODUCT('BottomCopper~QmFs','BottomCopper~QmFs','',(#8637));
#8713=PRODUCT_RELATED_PRODUCT_CATEGORY('part','',(#8696));
#8714=PRODUCT_DEFINITION_FORMATION_WITH_SPECIFIED_SOURCE('','',#8696,.NOT_KNOWN.);
#8697=PRODUCT_DEFINITION('design','',#8714,#8638);
#8695=PRODUCT_DEFINITION_SHAPE('','',#8697);
#8715=SHAPE_DEFINITION_REPRESENTATION(#8695,#8688);
#8687=DRAUGHTING_MODEL('',(#8712),#8686);
#8716=(NAMED_UNIT(*)PLANE_ANGLE_UNIT()SI_UNIT($,.RADIAN.));
#8717=PLANE_ANGLE_MEASURE_WITH_UNIT(PLANE_ANGLE_MEASURE(0.0174532925),#8716);
#8718=(CONVERSION_BASED_UNIT('DEGREE',#8717)NAMED_UNIT(#8719)PLANE_ANGLE_UNIT());
#8719=DIMENSIONAL_EXPONENTS(0.,0.,0.,0.,0.,0.,0.);
#8720=(NAMED_UNIT(*)SI_UNIT($,.STERADIAN.)SOLID_ANGLE_UNIT());
#8721=(LENGTH_UNIT()NAMED_UNIT(*)SI_UNIT(.MILLI.,.METRE.));
#8722=UNCERTAINTY_MEASURE_WITH_UNIT(LENGTH_MEASURE(1.000000E-03),#8721,'DISTANCE_ACCURACY_VALUE','Maximum Tolerance applied to model');
#8723=(GEOMETRIC_REPRESENTATION_CONTEXT(3)GLOBAL_UNCERTAINTY_ASSIGNED_CONTEXT((#8722))GLOBAL_UNIT_ASSIGNED_CONTEXT((#8721,#8718,#8720))REPRESENTATION_CONTEXT('','TopFpcStiffener~QmFs'));
#8735=CARTESIAN_POINT('',(0.,0.,0.));
#8736=DIRECTION('',(0.,0.,1.));
#8737=DIRECTION('',(1.,0.,-0.));
#8738=AXIS2_PLACEMENT_3D('',#8735,#8736,#8737);
#8739=ITEM_DEFINED_TRANSFORMATION('','',#8738,#15);
#8740=(REPRESENTATION_RELATIONSHIP('','',#8725,#8582)REPRESENTATION_RELATIONSHIP_WITH_TRANSFORMATION(#8739)SHAPE_REPRESENTATION_RELATIONSHIP());
#8741=NEXT_ASSEMBLY_USAGE_OCCURRENCE('TopFpcStiffener~QmFs_5','TopFpcStiffener~QmFs','TopFpcStiffener~QmFs',#8591,#8734,$);
#8742=PRODUCT_DEFINITION_SHAPE('','',#8741);
#8743=CONTEXT_DEPENDENT_SHAPE_REPRESENTATION(#8740,#8742);
#8725=SHAPE_REPRESENTATION('TopFpcStiffener~QmFs',(#15),#8723);
#8744=CARTESIAN_POINT('',(0.,0.,0.));
#8745=DIRECTION('',(0.,0.,1.));
#8746=DIRECTION('',(1.,0.,0.));
#8747=AXIS2_PLACEMENT_3D('',#8744,#8745,#8746);
#8749=MAPPED_ITEM('',#8748,#8747);
#8748=REPRESENTATION_MAP(#8747,#8725);
#8733=PRODUCT('TopFpcStiffener~QmFs','TopFpcStiffener~QmFs','',(#8637));
#8750=PRODUCT_RELATED_PRODUCT_CATEGORY('part','',(#8733));
#8751=PRODUCT_DEFINITION_FORMATION_WITH_SPECIFIED_SOURCE('','',#8733,.NOT_KNOWN.);
#8734=PRODUCT_DEFINITION('design','',#8751,#8638);
#8732=PRODUCT_DEFINITION_SHAPE('','',#8734);
#8752=SHAPE_DEFINITION_REPRESENTATION(#8732,#8725);
#8724=DRAUGHTING_MODEL('',(#8749),#8723);
#8753=(NAMED_UNIT(*)PLANE_ANGLE_UNIT()SI_UNIT($,.RADIAN.));
#8754=PLANE_ANGLE_MEASURE_WITH_UNIT(PLANE_ANGLE_MEASURE(0.0174532925),#8753);
#8755=(CONVERSION_BASED_UNIT('DEGREE',#8754)NAMED_UNIT(#8756)PLANE_ANGLE_UNIT());
#8756=DIMENSIONAL_EXPONENTS(0.,0.,0.,0.,0.,0.,0.);
#8757=(NAMED_UNIT(*)SI_UNIT($,.STERADIAN.)SOLID_ANGLE_UNIT());
#8758=(LENGTH_UNIT()NAMED_UNIT(*)SI_UNIT(.MILLI.,.METRE.));
#8759=UNCERTAINTY_MEASURE_WITH_UNIT(LENGTH_MEASURE(1.000000E-03),#8758,'DISTANCE_ACCURACY_VALUE','Maximum Tolerance applied to model');
#8760=(GEOMETRIC_REPRESENTATION_CONTEXT(3)GLOBAL_UNCERTAINTY_ASSIGNED_CONTEXT((#8759))GLOBAL_UNIT_ASSIGNED_CONTEXT((#8758,#8755,#8757))REPRESENTATION_CONTEXT('','BottomFpcStiffener~QmFs'));
#8772=CARTESIAN_POINT('',(0.,0.,0.));
#8773=DIRECTION('',(0.,0.,1.));
#8774=DIRECTION('',(1.,0.,-0.));
#8775=AXIS2_PLACEMENT_3D('',#8772,#8773,#8774);
#8776=ITEM_DEFINED_TRANSFORMATION('','',#8775,#15);
#8777=(REPRESENTATION_RELATIONSHIP('','',#8762,#8582)REPRESENTATION_RELATIONSHIP_WITH_TRANSFORMATION(#8776)SHAPE_REPRESENTATION_RELATIONSHIP());
#8778=NEXT_ASSEMBLY_USAGE_OCCURRENCE('BottomFpcStiffener~QmFs_6','BottomFpcStiffener~QmFs','BottomFpcStiffener~QmFs',#8591,#8771,$);
#8779=PRODUCT_DEFINITION_SHAPE('','',#8778);
#8780=CONTEXT_DEPENDENT_SHAPE_REPRESENTATION(#8777,#8779);
#8762=SHAPE_REPRESENTATION('BottomFpcStiffener~QmFs',(#15),#8760);
#8781=CARTESIAN_POINT('',(0.,0.,0.));
#8782=DIRECTION('',(0.,0.,1.));
#8783=DIRECTION('',(1.,0.,0.));
#8784=AXIS2_PLACEMENT_3D('',#8781,#8782,#8783);
#8786=MAPPED_ITEM('',#8785,#8784);
#8785=REPRESENTATION_MAP(#8784,#8762);
#8770=PRODUCT('BottomFpcStiffener~QmFs','BottomFpcStiffener~QmFs','',(#8637));
#8787=PRODUCT_RELATED_PRODUCT_CATEGORY('part','',(#8770));
#8788=PRODUCT_DEFINITION_FORMATION_WITH_SPECIFIED_SOURCE('','',#8770,.NOT_KNOWN.);
#8771=PRODUCT_DEFINITION('design','',#8788,#8638);
#8769=PRODUCT_DEFINITION_SHAPE('','',#8771);
#8789=SHAPE_DEFINITION_REPRESENTATION(#8769,#8762);
#8761=DRAUGHTING_MODEL('',(#8786),#8760);
#8790=(NAMED_UNIT(*)PLANE_ANGLE_UNIT()SI_UNIT($,.RADIAN.));
#8791=PLANE_ANGLE_MEASURE_WITH_UNIT(PLANE_ANGLE_MEASURE(0.0174532925),#8790);
#8792=(CONVERSION_BASED_UNIT('DEGREE',#8791)NAMED_UNIT(#8793)PLANE_ANGLE_UNIT());
#8793=DIMENSIONAL_EXPONENTS(0.,0.,0.,0.,0.,0.,0.);
#8794=(NAMED_UNIT(*)SI_UNIT($,.STERADIAN.)SOLID_ANGLE_UNIT());
#8795=(LENGTH_UNIT()NAMED_UNIT(*)SI_UNIT(.MILLI.,.METRE.));
#8796=UNCERTAINTY_MEASURE_WITH_UNIT(LENGTH_MEASURE(1.000000E-03),#8795,'DISTANCE_ACCURACY_VALUE','Maximum Tolerance applied to model');
#8797=(GEOMETRIC_REPRESENTATION_CONTEXT(3)GLOBAL_UNCERTAINTY_ASSIGNED_CONTEXT((#8796))GLOBAL_UNIT_ASSIGNED_CONTEXT((#8795,#8792,#8794))REPRESENTATION_CONTEXT('','R1~R0402~R0402_L1.0-W0.5-H0.4~QmFs'));
#8809=CARTESIAN_POINT('',(0.,0.,0.));
#8810=DIRECTION('',(0.,0.,1.));
#8811=DIRECTION('',(1.,0.,-0.));
#8812=AXIS2_PLACEMENT_3D('',#8809,#8810,#8811);
#8813=ITEM_DEFINED_TRANSFORMATION('','',#8812,#15);
#8814=(REPRESENTATION_RELATIONSHIP('','',#8799,#8582)REPRESENTATION_RELATIONSHIP_WITH_TRANSFORMATION(#8813)SHAPE_REPRESENTATION_RELATIONSHIP());
#8815=NEXT_ASSEMBLY_USAGE_OCCURRENCE('R1~R0402~R0402_L1.0-W0.5-H0.4~QmFs_7','R1~R0402~R0402_L1.0-W0.5-H0.4~QmFs','R1~R0402~R0402_L1.0-W0.5-H0.4~QmFs',#8591,#8808,$);
#8816=PRODUCT_DEFINITION_SHAPE('','',#8815);
#8817=CONTEXT_DEPENDENT_SHAPE_REPRESENTATION(#8814,#8816);
#8818=(NAMED_UNIT(*)PLANE_ANGLE_UNIT()SI_UNIT($,.RADIAN.));
#8819=PLANE_ANGLE_MEASURE_WITH_UNIT(PLANE_ANGLE_MEASURE(0.0174532925),#8818);
#8820=(CONVERSION_BASED_UNIT('DEGREE',#8819)NAMED_UNIT(#8821)PLANE_ANGLE_UNIT());
#8821=DIMENSIONAL_EXPONENTS(0.,0.,0.,0.,0.,0.,0.);
#8822=(NAMED_UNIT(*)SI_UNIT($,.STERADIAN.)SOLID_ANGLE_UNIT());
#8823=(LENGTH_UNIT()NAMED_UNIT(*)SI_UNIT(.MILLI.,.METRE.));
#8824=UNCERTAINTY_MEASURE_WITH_UNIT(LENGTH_MEASURE(1.000000E-03),#8823,'DISTANCE_ACCURACY_VALUE','Maximum Tolerance applied to model');
#8825=(GEOMETRIC_REPRESENTATION_CONTEXT(3)GLOBAL_UNCERTAINTY_ASSIGNED_CONTEXT((#8824))GLOBAL_UNIT_ASSIGNED_CONTEXT((#8823,#8820,#8822))REPRESENTATION_CONTEXT('','R0402~R0402_L1.0-W0.5-H0.4~QmFs'));
#8837=CARTESIAN_POINT('',(0.,0.,0.));
#8838=DIRECTION('',(0.,0.,1.));
#8839=DIRECTION('',(1.,0.,-0.));
#8840=AXIS2_PLACEMENT_3D('',#8837,#8838,#8839);
#8841=ITEM_DEFINED_TRANSFORMATION('','',#8840,#15);
#8842=(REPRESENTATION_RELATIONSHIP('','',#8827,#8799)REPRESENTATION_RELATIONSHIP_WITH_TRANSFORMATION(#8841)SHAPE_REPRESENTATION_RELATIONSHIP());
#8843=NEXT_ASSEMBLY_USAGE_OCCURRENCE('R0402~R0402_L1.0-W0.5-H0.4~QmFs_8','R0402~R0402_L1.0-W0.5-H0.4~QmFs','R0402~R0402_L1.0-W0.5-H0.4~QmFs',#8808,#8836,$);
#8844=PRODUCT_DEFINITION_SHAPE('','',#8843);
#8845=CONTEXT_DEPENDENT_SHAPE_REPRESENTATION(#8842,#8844);
#8827=SHAPE_REPRESENTATION('R0402~R0402_L1.0-W0.5-H0.4~QmFs',(#15),#8825);
#8846=CARTESIAN_POINT('',(0.,0.,0.));
#8847=DIRECTION('',(0.,0.,1.));
#8848=DIRECTION('',(1.,0.,0.));
#8849=AXIS2_PLACEMENT_3D('',#8846,#8847,#8848);
#8851=MAPPED_ITEM('',#8850,#8849);
#8850=REPRESENTATION_MAP(#8849,#8827);
#8835=PRODUCT('R0402~R0402_L1.0-W0.5-H0.4~QmFs','R0402~R0402_L1.0-W0.5-H0.4~QmFs','',(#8637));
#8852=PRODUCT_RELATED_PRODUCT_CATEGORY('part','',(#8835));
#8853=PRODUCT_DEFINITION_FORMATION_WITH_SPECIFIED_SOURCE('','',#8835,.NOT_KNOWN.);
#8836=PRODUCT_DEFINITION('design','',#8853,#8638);
#8834=PRODUCT_DEFINITION_SHAPE('','',#8836);
#8854=SHAPE_DEFINITION_REPRESENTATION(#8834,#8827);
#8826=DRAUGHTING_MODEL('',(#8851),#8825);
#8799=SHAPE_REPRESENTATION('R1~R0402~R0402_L1.0-W0.5-H0.4~QmFs',(#15,#8840),#8797);
#8855=CARTESIAN_POINT('',(0.,0.,0.));
#8856=DIRECTION('',(0.,0.,1.));
#8857=DIRECTION('',(1.,0.,0.));
#8858=AXIS2_PLACEMENT_3D('',#8855,#8856,#8857);
#8860=MAPPED_ITEM('',#8859,#8858);
#8859=REPRESENTATION_MAP(#8858,#8799);
#8807=PRODUCT('R1~R0402~R0402_L1.0-W0.5-H0.4~QmFs','R1~R0402~R0402_L1.0-W0.5-H0.4~QmFs','',(#8637));
#8861=PRODUCT_RELATED_PRODUCT_CATEGORY('part','',(#8807));
#8862=PRODUCT_DEFINITION_FORMATION_WITH_SPECIFIED_SOURCE('','',#8807,.NOT_KNOWN.);
#8808=PRODUCT_DEFINITION('design','',#8862,#8638);
#8806=PRODUCT_DEFINITION_SHAPE('','',#8808);
#8863=SHAPE_DEFINITION_REPRESENTATION(#8806,#8799);
#8798=DRAUGHTING_MODEL('',(#8860),#8797);
#8864=(NAMED_UNIT(*)PLANE_ANGLE_UNIT()SI_UNIT($,.RADIAN.));
#8865=PLANE_ANGLE_MEASURE_WITH_UNIT(PLANE_ANGLE_MEASURE(0.0174532925),#8864);
#8866=(CONVERSION_BASED_UNIT('DEGREE',#8865)NAMED_UNIT(#8867)PLANE_ANGLE_UNIT());
#8867=DIMENSIONAL_EXPONENTS(0.,0.,0.,0.,0.,0.,0.);
#8868=(NAMED_UNIT(*)SI_UNIT($,.STERADIAN.)SOLID_ANGLE_UNIT());
#8869=(LENGTH_UNIT()NAMED_UNIT(*)SI_UNIT(.MILLI.,.METRE.));
#8870=UNCERTAINTY_MEASURE_WITH_UNIT(LENGTH_MEASURE(1.000000E-03),#8869,'DISTANCE_ACCURACY_VALUE','Maximum Tolerance applied to model');
#8871=(GEOMETRIC_REPRESENTATION_CONTEXT(3)GLOBAL_UNCERTAINTY_ASSIGNED_CONTEXT((#8870))GLOBAL_UNIT_ASSIGNED_CONTEXT((#8869,#8866,#8868))REPRESENTATION_CONTEXT('','R1~R0402~R0402_L1.0-W0.5-H0.4~QmFs'));
#8883=CARTESIAN_POINT('',(0.,0.,0.));
#8884=DIRECTION('',(0.,0.,1.));
#8885=DIRECTION('',(1.,0.,-0.));
#8886=AXIS2_PLACEMENT_3D('',#8883,#8884,#8885);
#8887=ITEM_DEFINED_TRANSFORMATION('','',#8886,#15);
#8888=(REPRESENTATION_RELATIONSHIP('','',#8873,#8582)REPRESENTATION_RELATIONSHIP_WITH_TRANSFORMATION(#8887)SHAPE_REPRESENTATION_RELATIONSHIP());
#8889=NEXT_ASSEMBLY_USAGE_OCCURRENCE('R1~R0402~R0402_L1.0-W0.5-H0.4~QmFs_9','R1~R0402~R0402_L1.0-W0.5-H0.4~QmFs','R1~R0402~R0402_L1.0-W0.5-H0.4~QmFs',#8591,#8882,$);
#8890=PRODUCT_DEFINITION_SHAPE('','',#8889);
#8891=CONTEXT_DEPENDENT_SHAPE_REPRESENTATION(#8888,#8890);
#8892=(NAMED_UNIT(*)PLANE_ANGLE_UNIT()SI_UNIT($,.RADIAN.));
#8893=PLANE_ANGLE_MEASURE_WITH_UNIT(PLANE_ANGLE_MEASURE(0.0174532925),#8892);
#8894=(CONVERSION_BASED_UNIT('DEGREE',#8893)NAMED_UNIT(#8895)PLANE_ANGLE_UNIT());
#8895=DIMENSIONAL_EXPONENTS(0.,0.,0.,0.,0.,0.,0.);
#8896=(NAMED_UNIT(*)SI_UNIT($,.STERADIAN.)SOLID_ANGLE_UNIT());
#8897=(LENGTH_UNIT()NAMED_UNIT(*)SI_UNIT(.MILLI.,.METRE.));
#8898=UNCERTAINTY_MEASURE_WITH_UNIT(LENGTH_MEASURE(1.000000E-03),#8897,'DISTANCE_ACCURACY_VALUE','Maximum Tolerance applied to model');
#8899=(GEOMETRIC_REPRESENTATION_CONTEXT(3)GLOBAL_UNCERTAINTY_ASSIGNED_CONTEXT((#8898))GLOBAL_UNIT_ASSIGNED_CONTEXT((#8897,#8894,#8896))REPRESENTATION_CONTEXT('','R0402~R0402_L1.0-W0.5-H0.4~QmFs'));
#8911=CARTESIAN_POINT('',(0.,0.,0.));
#8912=DIRECTION('',(0.,0.,1.));
#8913=DIRECTION('',(1.,0.,-0.));
#8914=AXIS2_PLACEMENT_3D('',#8911,#8912,#8913);
#8915=ITEM_DEFINED_TRANSFORMATION('','',#8914,#15);
#8916=(REPRESENTATION_RELATIONSHIP('','',#8901,#8873)REPRESENTATION_RELATIONSHIP_WITH_TRANSFORMATION(#8915)SHAPE_REPRESENTATION_RELATIONSHIP());
#8917=NEXT_ASSEMBLY_USAGE_OCCURRENCE('R0402~R0402_L1.0-W0.5-H0.4~QmFs_10','R0402~R0402_L1.0-W0.5-H0.4~QmFs','R0402~R0402_L1.0-W0.5-H0.4~QmFs',#8882,#8910,$);
#8918=PRODUCT_DEFINITION_SHAPE('','',#8917);
#8919=CONTEXT_DEPENDENT_SHAPE_REPRESENTATION(#8916,#8918);
#8901=SHAPE_REPRESENTATION('R0402~R0402_L1.0-W0.5-H0.4~QmFs',(#15),#8899);
#8920=CARTESIAN_POINT('',(0.,0.,0.));
#8921=DIRECTION('',(0.,0.,1.));
#8922=DIRECTION('',(1.,0.,0.));
#8923=AXIS2_PLACEMENT_3D('',#8920,#8921,#8922);
#8925=MAPPED_ITEM('',#8924,#8923);
#8924=REPRESENTATION_MAP(#8923,#8901);
#8909=PRODUCT('R0402~R0402_L1.0-W0.5-H0.4~QmFs','R0402~R0402_L1.0-W0.5-H0.4~QmFs','',(#8637));
#8926=PRODUCT_RELATED_PRODUCT_CATEGORY('part','',(#8909));
#8927=PRODUCT_DEFINITION_FORMATION_WITH_SPECIFIED_SOURCE('','',#8909,.NOT_KNOWN.);
#8910=PRODUCT_DEFINITION('design','',#8927,#8638);
#8908=PRODUCT_DEFINITION_SHAPE('','',#8910);
#8928=SHAPE_DEFINITION_REPRESENTATION(#8908,#8901);
#8900=DRAUGHTING_MODEL('',(#8925),#8899);
#8873=SHAPE_REPRESENTATION('R1~R0402~R0402_L1.0-W0.5-H0.4~QmFs',(#15,#8914),#8871);
#8929=CARTESIAN_POINT('',(0.,0.,0.));
#8930=DIRECTION('',(0.,0.,1.));
#8931=DIRECTION('',(1.,0.,0.));
#8932=AXIS2_PLACEMENT_3D('',#8929,#8930,#8931);
#8934=MAPPED_ITEM('',#8933,#8932);
#8933=REPRESENTATION_MAP(#8932,#8873);
#8881=PRODUCT('R1~R0402~R0402_L1.0-W0.5-H0.4~QmFs','R1~R0402~R0402_L1.0-W0.5-H0.4~QmFs','',(#8637));
#8935=PRODUCT_RELATED_PRODUCT_CATEGORY('part','',(#8881));
#8936=PRODUCT_DEFINITION_FORMATION_WITH_SPECIFIED_SOURCE('','',#8881,.NOT_KNOWN.);
#8882=PRODUCT_DEFINITION('design','',#8936,#8638);
#8880=PRODUCT_DEFINITION_SHAPE('','',#8882);
#8937=SHAPE_DEFINITION_REPRESENTATION(#8880,#8873);
#8872=DRAUGHTING_MODEL('',(#8934),#8871);
#8938=(NAMED_UNIT(*)PLANE_ANGLE_UNIT()SI_UNIT($,.RADIAN.));
#8939=PLANE_ANGLE_MEASURE_WITH_UNIT(PLANE_ANGLE_MEASURE(0.0174532925),#8938);
#8940=(CONVERSION_BASED_UNIT('DEGREE',#8939)NAMED_UNIT(#8941)PLANE_ANGLE_UNIT());
#8941=DIMENSIONAL_EXPONENTS(0.,0.,0.,0.,0.,0.,0.);
#8942=(NAMED_UNIT(*)SI_UNIT($,.STERADIAN.)SOLID_ANGLE_UNIT());
#8943=(LENGTH_UNIT()NAMED_UNIT(*)SI_UNIT(.MILLI.,.METRE.));
#8944=UNCERTAINTY_MEASURE_WITH_UNIT(LENGTH_MEASURE(1.000000E-03),#8943,'DISTANCE_ACCURACY_VALUE','Maximum Tolerance applied to model');
#8945=(GEOMETRIC_REPRESENTATION_CONTEXT(3)GLOBAL_UNCERTAINTY_ASSIGNED_CONTEXT((#8944))GLOBAL_UNIT_ASSIGNED_CONTEXT((#8943,#8940,#8942))REPRESENTATION_CONTEXT('','USB1~usb-c-smd_type-c-6pin-2md-073~USB-C-SMD_TYPE-C-6PIN-2MD-073~QmFs'));
#8957=CARTESIAN_POINT('',(0.,0.,0.));
#8958=DIRECTION('',(0.,0.,1.));
#8959=DIRECTION('',(1.,0.,-0.));
#8960=AXIS2_PLACEMENT_3D('',#8957,#8958,#8959);
#8961=ITEM_DEFINED_TRANSFORMATION('','',#8960,#15);
#8962=(REPRESENTATION_RELATIONSHIP('','',#8947,#8582)REPRESENTATION_RELATIONSHIP_WITH_TRANSFORMATION(#8961)SHAPE_REPRESENTATION_RELATIONSHIP());
#8963=NEXT_ASSEMBLY_USAGE_OCCURRENCE('USB1~usb-c-smd_type-c-6pin-2md-073~USB-C-SMD_TYPE-C-6PIN-2MD-073~QmFs_11','USB1~usb-c-smd_type-c-6pin-2md-073~USB-C-SMD_TYPE-C-6PIN-2MD-073~QmFs','USB1~usb-c-smd_type-c-6pin-2md-073~USB-C-SMD_TYPE-C-6PIN-2MD-073~QmFs',#8591,#8956,$);
#8964=PRODUCT_DEFINITION_SHAPE('','',#8963);
#8965=CONTEXT_DEPENDENT_SHAPE_REPRESENTATION(#8962,#8964);
#8966=(NAMED_UNIT(*)PLANE_ANGLE_UNIT()SI_UNIT($,.RADIAN.));
#8967=PLANE_ANGLE_MEASURE_WITH_UNIT(PLANE_ANGLE_MEASURE(0.0174532925),#8966);
#8968=(CONVERSION_BASED_UNIT('DEGREE',#8967)NAMED_UNIT(#8969)PLANE_ANGLE_UNIT());
#8969=DIMENSIONAL_EXPONENTS(0.,0.,0.,0.,0.,0.,0.);
#8970=(NAMED_UNIT(*)SI_UNIT($,.STERADIAN.)SOLID_ANGLE_UNIT());
#8971=(LENGTH_UNIT()NAMED_UNIT(*)SI_UNIT(.MILLI.,.METRE.));
#8972=UNCERTAINTY_MEASURE_WITH_UNIT(LENGTH_MEASURE(1.000000E-03),#8971,'DISTANCE_ACCURACY_VALUE','Maximum Tolerance applied to model');
#8973=(GEOMETRIC_REPRESENTATION_CONTEXT(3)GLOBAL_UNCERTAINTY_ASSIGNED_CONTEXT((#8972))GLOBAL_UNIT_ASSIGNED_CONTEXT((#8971,#8968,#8970))REPRESENTATION_CONTEXT('','usb-c-smd_type-c-6pin-2md-073~USB-C-SMD_TYPE-C-6PIN-2MD-073~QmFs'));
#8985=CARTESIAN_POINT('',(0.,0.,0.));
#8986=DIRECTION('',(0.,0.,1.));
#8987=DIRECTION('',(1.,0.,-0.));
#8988=AXIS2_PLACEMENT_3D('',#8985,#8986,#8987);
#8989=ITEM_DEFINED_TRANSFORMATION('','',#8988,#15);
#8990=(REPRESENTATION_RELATIONSHIP('','',#8975,#8947)REPRESENTATION_RELATIONSHIP_WITH_TRANSFORMATION(#8989)SHAPE_REPRESENTATION_RELATIONSHIP());
#8991=NEXT_ASSEMBLY_USAGE_OCCURRENCE('usb-c-smd_type-c-6pin-2md-073~USB-C-SMD_TYPE-C-6PIN-2MD-073~QmFs_12','usb-c-smd_type-c-6pin-2md-073~USB-C-SMD_TYPE-C-6PIN-2MD-073~QmFs','usb-c-smd_type-c-6pin-2md-073~USB-C-SMD_TYPE-C-6PIN-2MD-073~QmFs',#8956,#8984,$);
#8992=PRODUCT_DEFINITION_SHAPE('','',#8991);
#8993=CONTEXT_DEPENDENT_SHAPE_REPRESENTATION(#8990,#8992);
#8975=SHAPE_REPRESENTATION('usb-c-smd_type-c-6pin-2md-073~USB-C-SMD_TYPE-C-6PIN-2MD-073~QmFs',(#15),#8973);
#8994=CARTESIAN_POINT('',(0.,0.,0.));
#8995=DIRECTION('',(0.,0.,1.));
#8996=DIRECTION('',(1.,0.,0.));
#8997=AXIS2_PLACEMENT_3D('',#8994,#8995,#8996);
#8999=MAPPED_ITEM('',#8998,#8997);
#8998=REPRESENTATION_MAP(#8997,#8975);
#8983=PRODUCT('usb-c-smd_type-c-6pin-2md-073~USB-C-SMD_TYPE-C-6PIN-2MD-073~QmFs','usb-c-smd_type-c-6pin-2md-073~USB-C-SMD_TYPE-C-6PIN-2MD-073~QmFs','',(#8637));
#9000=PRODUCT_RELATED_PRODUCT_CATEGORY('part','',(#8983));
#9001=PRODUCT_DEFINITION_FORMATION_WITH_SPECIFIED_SOURCE('','',#8983,.NOT_KNOWN.);
#8984=PRODUCT_DEFINITION('design','',#9001,#8638);
#8982=PRODUCT_DEFINITION_SHAPE('','',#8984);
#9002=SHAPE_DEFINITION_REPRESENTATION(#8982,#8975);
#8974=DRAUGHTING_MODEL('',(#8999),#8973);
#8947=SHAPE_REPRESENTATION('USB1~usb-c-smd_type-c-6pin-2md-073~USB-C-SMD_TYPE-C-6PIN-2MD-073~QmFs',(#15,#8988),#8945);
#9003=CARTESIAN_POINT('',(0.,0.,0.));
#9004=DIRECTION('',(0.,0.,1.));
#9005=DIRECTION('',(1.,0.,0.));
#9006=AXIS2_PLACEMENT_3D('',#9003,#9004,#9005);
#9008=MAPPED_ITEM('',#9007,#9006);
#9007=REPRESENTATION_MAP(#9006,#8947);
#8955=PRODUCT('USB1~usb-c-smd_type-c-6pin-2md-073~USB-C-SMD_TYPE-C-6PIN-2MD-073~QmFs','USB1~usb-c-smd_type-c-6pin-2md-073~USB-C-SMD_TYPE-C-6PIN-2MD-073~QmFs','',(#8637));
#9009=PRODUCT_RELATED_PRODUCT_CATEGORY('part','',(#8955));
#9010=PRODUCT_DEFINITION_FORMATION_WITH_SPECIFIED_SOURCE('','',#8955,.NOT_KNOWN.);
#8956=PRODUCT_DEFINITION('design','',#9010,#8638);
#8954=PRODUCT_DEFINITION_SHAPE('','',#8956);
#9011=SHAPE_DEFINITION_REPRESENTATION(#8954,#8947);
#8946=DRAUGHTING_MODEL('',(#9008),#8945);
#9012=(NAMED_UNIT(*)PLANE_ANGLE_UNIT()SI_UNIT($,.RADIAN.));
#9013=PLANE_ANGLE_MEASURE_WITH_UNIT(PLANE_ANGLE_MEASURE(0.0174532925),#9012);
#9014=(CONVERSION_BASED_UNIT('DEGREE',#9013)NAMED_UNIT(#9015)PLANE_ANGLE_UNIT());
#9015=DIMENSIONAL_EXPONENTS(0.,0.,0.,0.,0.,0.,0.);
#9016=(NAMED_UNIT(*)SI_UNIT($,.STERADIAN.)SOLID_ANGLE_UNIT());
#9017=(LENGTH_UNIT()NAMED_UNIT(*)SI_UNIT(.MILLI.,.METRE.));
#9018=UNCERTAINTY_MEASURE_WITH_UNIT(LENGTH_MEASURE(1.000000E-03),#9017,'DISTANCE_ACCURACY_VALUE','Maximum Tolerance applied to model');
#9019=(GEOMETRIC_REPRESENTATION_CONTEXT(3)GLOBAL_UNCERTAINTY_ASSIGNED_CONTEXT((#9018))GLOBAL_UNIT_ASSIGNED_CONTEXT((#9017,#9014,#9016))REPRESENTATION_CONTEXT('','L6~L0402~L0402_L1.0-W0.5-H0.5_BEAD~QmFs'));
#9031=CARTESIAN_POINT('',(0.,0.,0.));
#9032=DIRECTION('',(0.,0.,1.));
#9033=DIRECTION('',(1.,0.,-0.));
#9034=AXIS2_PLACEMENT_3D('',#9031,#9032,#9033);
#9035=ITEM_DEFINED_TRANSFORMATION('','',#9034,#15);
#9036=(REPRESENTATION_RELATIONSHIP('','',#9021,#8582)REPRESENTATION_RELATIONSHIP_WITH_TRANSFORMATION(#9035)SHAPE_REPRESENTATION_RELATIONSHIP());
#9037=NEXT_ASSEMBLY_USAGE_OCCURRENCE('L6~L0402~L0402_L1.0-W0.5-H0.5_BEAD~QmFs_13','L6~L0402~L0402_L1.0-W0.5-H0.5_BEAD~QmFs','L6~L0402~L0402_L1.0-W0.5-H0.5_BEAD~QmFs',#8591,#9030,$);
#9038=PRODUCT_DEFINITION_SHAPE('','',#9037);
#9039=CONTEXT_DEPENDENT_SHAPE_REPRESENTATION(#9036,#9038);
#9040=(NAMED_UNIT(*)PLANE_ANGLE_UNIT()SI_UNIT($,.RADIAN.));
#9041=PLANE_ANGLE_MEASURE_WITH_UNIT(PLANE_ANGLE_MEASURE(0.0174532925),#9040);
#9042=(CONVERSION_BASED_UNIT('DEGREE',#9041)NAMED_UNIT(#9043)PLANE_ANGLE_UNIT());
#9043=DIMENSIONAL_EXPONENTS(0.,0.,0.,0.,0.,0.,0.);
#9044=(NAMED_UNIT(*)SI_UNIT($,.STERADIAN.)SOLID_ANGLE_UNIT());
#9045=(LENGTH_UNIT()NAMED_UNIT(*)SI_UNIT(.MILLI.,.METRE.));
#9046=UNCERTAINTY_MEASURE_WITH_UNIT(LENGTH_MEASURE(1.000000E-03),#9045,'DISTANCE_ACCURACY_VALUE','Maximum Tolerance applied to model');
#9047=(GEOMETRIC_REPRESENTATION_CONTEXT(3)GLOBAL_UNCERTAINTY_ASSIGNED_CONTEXT((#9046))GLOBAL_UNIT_ASSIGNED_CONTEXT((#9045,#9042,#9044))REPRESENTATION_CONTEXT('','L0402~L0402_L1.0-W0.5-H0.5_BEAD~QmFs'));
#9059=CARTESIAN_POINT('',(0.,0.,0.));
#9060=DIRECTION('',(0.,0.,1.));
#9061=DIRECTION('',(1.,0.,-0.));
#9062=AXIS2_PLACEMENT_3D('',#9059,#9060,#9061);
#9063=ITEM_DEFINED_TRANSFORMATION('','',#9062,#15);
#9064=(REPRESENTATION_RELATIONSHIP('','',#9049,#9021)REPRESENTATION_RELATIONSHIP_WITH_TRANSFORMATION(#9063)SHAPE_REPRESENTATION_RELATIONSHIP());
#9065=NEXT_ASSEMBLY_USAGE_OCCURRENCE('L0402~L0402_L1.0-W0.5-H0.5_BEAD~QmFs_14','L0402~L0402_L1.0-W0.5-H0.5_BEAD~QmFs','L0402~L0402_L1.0-W0.5-H0.5_BEAD~QmFs',#9030,#9058,$);
#9066=PRODUCT_DEFINITION_SHAPE('','',#9065);
#9067=CONTEXT_DEPENDENT_SHAPE_REPRESENTATION(#9064,#9066);
#9049=SHAPE_REPRESENTATION('L0402~L0402_L1.0-W0.5-H0.5_BEAD~QmFs',(#15),#9047);
#9068=CARTESIAN_POINT('',(0.,0.,0.));
#9069=DIRECTION('',(0.,0.,1.));
#9070=DIRECTION('',(1.,0.,0.));
#9071=AXIS2_PLACEMENT_3D('',#9068,#9069,#9070);
#9073=MAPPED_ITEM('',#9072,#9071);
#9072=REPRESENTATION_MAP(#9071,#9049);
#9057=PRODUCT('L0402~L0402_L1.0-W0.5-H0.5_BEAD~QmFs','L0402~L0402_L1.0-W0.5-H0.5_BEAD~QmFs','',(#8637));
#9074=PRODUCT_RELATED_PRODUCT_CATEGORY('part','',(#9057));
#9075=PRODUCT_DEFINITION_FORMATION_WITH_SPECIFIED_SOURCE('','',#9057,.NOT_KNOWN.);
#9058=PRODUCT_DEFINITION('design','',#9075,#8638);
#9056=PRODUCT_DEFINITION_SHAPE('','',#9058);
#9076=SHAPE_DEFINITION_REPRESENTATION(#9056,#9049);
#9048=DRAUGHTING_MODEL('',(#9073),#9047);
#9021=SHAPE_REPRESENTATION('L6~L0402~L0402_L1.0-W0.5-H0.5_BEAD~QmFs',(#15,#9062),#9019);
#9077=CARTESIAN_POINT('',(0.,0.,0.));
#9078=DIRECTION('',(0.,0.,1.));
#9079=DIRECTION('',(1.,0.,0.));
#9080=AXIS2_PLACEMENT_3D('',#9077,#9078,#9079);
#9082=MAPPED_ITEM('',#9081,#9080);
#9081=REPRESENTATION_MAP(#9080,#9021);
#9029=PRODUCT('L6~L0402~L0402_L1.0-W0.5-H0.5_BEAD~QmFs','L6~L0402~L0402_L1.0-W0.5-H0.5_BEAD~QmFs','',(#8637));
#9083=PRODUCT_RELATED_PRODUCT_CATEGORY('part','',(#9029));
#9084=PRODUCT_DEFINITION_FORMATION_WITH_SPECIFIED_SOURCE('','',#9029,.NOT_KNOWN.);
#9030=PRODUCT_DEFINITION('design','',#9084,#8638);
#9028=PRODUCT_DEFINITION_SHAPE('','',#9030);
#9085=SHAPE_DEFINITION_REPRESENTATION(#9028,#9021);
#9020=DRAUGHTING_MODEL('',(#9082),#9019);
#9086=(NAMED_UNIT(*)PLANE_ANGLE_UNIT()SI_UNIT($,.RADIAN.));
#9087=PLANE_ANGLE_MEASURE_WITH_UNIT(PLANE_ANGLE_MEASURE(0.0174532925),#9086);
#9088=(CONVERSION_BASED_UNIT('DEGREE',#9087)NAMED_UNIT(#9089)PLANE_ANGLE_UNIT());
#9089=DIMENSIONAL_EXPONENTS(0.,0.,0.,0.,0.,0.,0.);
#9090=(NAMED_UNIT(*)SI_UNIT($,.STERADIAN.)SOLID_ANGLE_UNIT());
#9091=(LENGTH_UNIT()NAMED_UNIT(*)SI_UNIT(.MILLI.,.METRE.));
#9092=UNCERTAINTY_MEASURE_WITH_UNIT(LENGTH_MEASURE(1.000000E-03),#9091,'DISTANCE_ACCURACY_VALUE','Maximum Tolerance applied to model');
#9093=(GEOMETRIC_REPRESENTATION_CONTEXT(3)GLOBAL_UNCERTAINTY_ASSIGNED_CONTEXT((#9092))GLOBAL_UNIT_ASSIGNED_CONTEXT((#9091,#9088,#9090))REPRESENTATION_CONTEXT('','U3~SOT-23-3_L2.9-W1.6-P1.90-LS2.8-BR~SOT-23-3L_L2.9-W1.6-H1.1-LS2.8-P0.95~QmFs'));
#9105=CARTESIAN_POINT('',(0.,0.,0.));
#9106=DIRECTION('',(0.,0.,1.));
#9107=DIRECTION('',(1.,0.,-0.));
#9108=AXIS2_PLACEMENT_3D('',#9105,#9106,#9107);
#9109=ITEM_DEFINED_TRANSFORMATION('','',#9108,#15);
#9110=(REPRESENTATION_RELATIONSHIP('','',#9095,#8582)REPRESENTATION_RELATIONSHIP_WITH_TRANSFORMATION(#9109)SHAPE_REPRESENTATION_RELATIONSHIP());
#9111=NEXT_ASSEMBLY_USAGE_OCCURRENCE('U3~SOT-23-3_L2.9-W1.6-P1.90-LS2.8-BR~SOT-23-3L_L2.9-W1.6-H1.1-LS2.8-P0.95~QmFs_15','U3~SOT-23-3_L2.9-W1.6-P1.90-LS2.8-BR~SOT-23-3L_L2.9-W1.6-H1.1-LS2.8-P0.95~QmFs','U3~SOT-23-3_L2.9-W1.6-P1.90-LS2.8-BR~SOT-23-3L_L2.9-W1.6-H1.1-LS2.8-P0.95~QmFs',#8591,#9104,$);
#9112=PRODUCT_DEFINITION_SHAPE('','',#9111);
#9113=CONTEXT_DEPENDENT_SHAPE_REPRESENTATION(#9110,#9112);
#9114=(NAMED_UNIT(*)PLANE_ANGLE_UNIT()SI_UNIT($,.RADIAN.));
#9115=PLANE_ANGLE_MEASURE_WITH_UNIT(PLANE_ANGLE_MEASURE(0.0174532925),#9114);
#9116=(CONVERSION_BASED_UNIT('DEGREE',#9115)NAMED_UNIT(#9117)PLANE_ANGLE_UNIT());
#9117=DIMENSIONAL_EXPONENTS(0.,0.,0.,0.,0.,0.,0.);
#9118=(NAMED_UNIT(*)SI_UNIT($,.STERADIAN.)SOLID_ANGLE_UNIT());
#9119=(LENGTH_UNIT()NAMED_UNIT(*)SI_UNIT(.MILLI.,.METRE.));
#9120=UNCERTAINTY_MEASURE_WITH_UNIT(LENGTH_MEASURE(1.000000E-03),#9119,'DISTANCE_ACCURACY_VALUE','Maximum Tolerance applied to model');
#9121=(GEOMETRIC_REPRESENTATION_CONTEXT(3)GLOBAL_UNCERTAINTY_ASSIGNED_CONTEXT((#9120))GLOBAL_UNIT_ASSIGNED_CONTEXT((#9119,#9116,#9118))REPRESENTATION_CONTEXT('','SOT-23-3_L2.9-W1.6-P1.90-LS2.8-BR~SOT-23-3L_L2.9-W1.6-H1.1-LS2.8-P0.95~QmFs'));
#9133=CARTESIAN_POINT('',(0.,0.,0.));
#9134=DIRECTION('',(0.,0.,1.));
#9135=DIRECTION('',(1.,0.,-0.));
#9136=AXIS2_PLACEMENT_3D('',#9133,#9134,#9135);
#9137=ITEM_DEFINED_TRANSFORMATION('','',#9136,#15);
#9138=(REPRESENTATION_RELATIONSHIP('','',#9123,#9095)REPRESENTATION_RELATIONSHIP_WITH_TRANSFORMATION(#9137)SHAPE_REPRESENTATION_RELATIONSHIP());
#9139=NEXT_ASSEMBLY_USAGE_OCCURRENCE('SOT-23-3_L2.9-W1.6-P1.90-LS2.8-BR~SOT-23-3L_L2.9-W1.6-H1.1-LS2.8-P0.95~QmFs_16','SOT-23-3_L2.9-W1.6-P1.90-LS2.8-BR~SOT-23-3L_L2.9-W1.6-H1.1-LS2.8-P0.95~QmFs','SOT-23-3_L2.9-W1.6-P1.90-LS2.8-BR~SOT-23-3L_L2.9-W1.6-H1.1-LS2.8-P0.95~QmFs',#9104,#9132,$);
#9140=PRODUCT_DEFINITION_SHAPE('','',#9139);
#9141=CONTEXT_DEPENDENT_SHAPE_REPRESENTATION(#9138,#9140);
#9123=SHAPE_REPRESENTATION('SOT-23-3_L2.9-W1.6-P1.90-LS2.8-BR~SOT-23-3L_L2.9-W1.6-H1.1-LS2.8-P0.95~QmFs',(#15),#9121);
#9142=CARTESIAN_POINT('',(0.,0.,0.));
#9143=DIRECTION('',(0.,0.,1.));
#9144=DIRECTION('',(1.,0.,0.));
#9145=AXIS2_PLACEMENT_3D('',#9142,#9143,#9144);
#9147=MAPPED_ITEM('',#9146,#9145);
#9146=REPRESENTATION_MAP(#9145,#9123);
#9131=PRODUCT('SOT-23-3_L2.9-W1.6-P1.90-LS2.8-BR~SOT-23-3L_L2.9-W1.6-H1.1-LS2.8-P0.95~QmFs','SOT-23-3_L2.9-W1.6-P1.90-LS2.8-BR~SOT-23-3L_L2.9-W1.6-H1.1-LS2.8-P0.95~QmFs','',(#8637));
#9148=PRODUCT_RELATED_PRODUCT_CATEGORY('part','',(#9131));
#9149=PRODUCT_DEFINITION_FORMATION_WITH_SPECIFIED_SOURCE('','',#9131,.NOT_KNOWN.);
#9132=PRODUCT_DEFINITION('design','',#9149,#8638);
#9130=PRODUCT_DEFINITION_SHAPE('','',#9132);
#9150=SHAPE_DEFINITION_REPRESENTATION(#9130,#9123);
#9122=DRAUGHTING_MODEL('',(#9147),#9121);
#9095=SHAPE_REPRESENTATION('U3~SOT-23-3_L2.9-W1.6-P1.90-LS2.8-BR~SOT-23-3L_L2.9-W1.6-H1.1-LS2.8-P0.95~QmFs',(#15,#9136),#9093);
#9151=CARTESIAN_POINT('',(0.,0.,0.));
#9152=DIRECTION('',(0.,0.,1.));
#9153=DIRECTION('',(1.,0.,0.));
#9154=AXIS2_PLACEMENT_3D('',#9151,#9152,#9153);
#9156=MAPPED_ITEM('',#9155,#9154);
#9155=REPRESENTATION_MAP(#9154,#9095);
#9103=PRODUCT('U3~SOT-23-3_L2.9-W1.6-P1.90-LS2.8-BR~SOT-23-3L_L2.9-W1.6-H1.1-LS2.8-P0.95~QmFs','U3~SOT-23-3_L2.9-W1.6-P1.90-LS2.8-BR~SOT-23-3L_L2.9-W1.6-H1.1-LS2.8-P0.95~QmFs','',(#8637));
#9157=PRODUCT_RELATED_PRODUCT_CATEGORY('part','',(#9103));
#9158=PRODUCT_DEFINITION_FORMATION_WITH_SPECIFIED_SOURCE('','',#9103,.NOT_KNOWN.);
#9104=PRODUCT_DEFINITION('design','',#9158,#8638);
#9102=PRODUCT_DEFINITION_SHAPE('','',#9104);
#9159=SHAPE_DEFINITION_REPRESENTATION(#9102,#9095);
#9094=DRAUGHTING_MODEL('',(#9156),#9093);
#9160=(NAMED_UNIT(*)PLANE_ANGLE_UNIT()SI_UNIT($,.RADIAN.));
#9161=PLANE_ANGLE_MEASURE_WITH_UNIT(PLANE_ANGLE_MEASURE(0.0174532925),#9160);
#9162=(CONVERSION_BASED_UNIT('DEGREE',#9161)NAMED_UNIT(#9163)PLANE_ANGLE_UNIT());
#9163=DIMENSIONAL_EXPONENTS(0.,0.,0.,0.,0.,0.,0.);
#9164=(NAMED_UNIT(*)SI_UNIT($,.STERADIAN.)SOLID_ANGLE_UNIT());
#9165=(LENGTH_UNIT()NAMED_UNIT(*)SI_UNIT(.MILLI.,.METRE.));
#9166=UNCERTAINTY_MEASURE_WITH_UNIT(LENGTH_MEASURE(1.000000E-03),#9165,'DISTANCE_ACCURACY_VALUE','Maximum Tolerance applied to model');
#9167=(GEOMETRIC_REPRESENTATION_CONTEXT(3)GLOBAL_UNCERTAINTY_ASSIGNED_CONTEXT((#9166))GLOBAL_UNIT_ASSIGNED_CONTEXT((#9165,#9162,#9164))REPRESENTATION_CONTEXT('','H3~HDR-TH_6P-P2.54-V-R2-C3-S2.54_A2541WV-2X3P~HDR2.54-M-LI-2x3P~QmFs'));
#9179=CARTESIAN_POINT('',(0.,0.,0.));
#9180=DIRECTION('',(0.,0.,1.));
#9181=DIRECTION('',(1.,0.,-0.));
#9182=AXIS2_PLACEMENT_3D('',#9179,#9180,#9181);
#9183=ITEM_DEFINED_TRANSFORMATION('','',#9182,#15);
#9184=(REPRESENTATION_RELATIONSHIP('','',#9169,#8582)REPRESENTATION_RELATIONSHIP_WITH_TRANSFORMATION(#9183)SHAPE_REPRESENTATION_RELATIONSHIP());
#9185=NEXT_ASSEMBLY_USAGE_OCCURRENCE('H3~HDR-TH_6P-P2.54-V-R2-C3-S2.54_A2541WV-2X3P~HDR2.54-M-LI-2x3P~QmFs_17','H3~HDR-TH_6P-P2.54-V-R2-C3-S2.54_A2541WV-2X3P~HDR2.54-M-LI-2x3P~QmFs','H3~HDR-TH_6P-P2.54-V-R2-C3-S2.54_A2541WV-2X3P~HDR2.54-M-LI-2x3P~QmFs',#8591,#9178,$);
#9186=PRODUCT_DEFINITION_SHAPE('','',#9185);
#9187=CONTEXT_DEPENDENT_SHAPE_REPRESENTATION(#9184,#9186);
#9188=(NAMED_UNIT(*)PLANE_ANGLE_UNIT()SI_UNIT($,.RADIAN.));
#9189=PLANE_ANGLE_MEASURE_WITH_UNIT(PLANE_ANGLE_MEASURE(0.0174532925),#9188);
#9190=(CONVERSION_BASED_UNIT('DEGREE',#9189)NAMED_UNIT(#9191)PLANE_ANGLE_UNIT());
#9191=DIMENSIONAL_EXPONENTS(0.,0.,0.,0.,0.,0.,0.);
#9192=(NAMED_UNIT(*)SI_UNIT($,.STERADIAN.)SOLID_ANGLE_UNIT());
#9193=(LENGTH_UNIT()NAMED_UNIT(*)SI_UNIT(.MILLI.,.METRE.));
#9194=UNCERTAINTY_MEASURE_WITH_UNIT(LENGTH_MEASURE(1.000000E-03),#9193,'DISTANCE_ACCURACY_VALUE','Maximum Tolerance applied to model');
#9195=(GEOMETRIC_REPRESENTATION_CONTEXT(3)GLOBAL_UNCERTAINTY_ASSIGNED_CONTEXT((#9194))GLOBAL_UNIT_ASSIGNED_CONTEXT((#9193,#9190,#9192))REPRESENTATION_CONTEXT('','HDR-TH_6P-P2.54-V-R2-C3-S2.54_A2541WV-2X3P~HDR2.54-M-LI-2x3P~QmFs'));
#9207=CARTESIAN_POINT('',(0.,0.,0.));
#9208=DIRECTION('',(0.,0.,1.));
#9209=DIRECTION('',(1.,0.,-0.));
#9210=AXIS2_PLACEMENT_3D('',#9207,#9208,#9209);
#9211=ITEM_DEFINED_TRANSFORMATION('','',#9210,#15);
#9212=(REPRESENTATION_RELATIONSHIP('','',#9197,#9169)REPRESENTATION_RELATIONSHIP_WITH_TRANSFORMATION(#9211)SHAPE_REPRESENTATION_RELATIONSHIP());
#9213=NEXT_ASSEMBLY_USAGE_OCCURRENCE('HDR-TH_6P-P2.54-V-R2-C3-S2.54_A2541WV-2X3P~HDR2.54-M-LI-2x3P~QmFs_18','HDR-TH_6P-P2.54-V-R2-C3-S2.54_A2541WV-2X3P~HDR2.54-M-LI-2x3P~QmFs','HDR-TH_6P-P2.54-V-R2-C3-S2.54_A2541WV-2X3P~HDR2.54-M-LI-2x3P~QmFs',#9178,#9206,$);
#9214=PRODUCT_DEFINITION_SHAPE('','',#9213);
#9215=CONTEXT_DEPENDENT_SHAPE_REPRESENTATION(#9212,#9214);
#9197=SHAPE_REPRESENTATION('HDR-TH_6P-P2.54-V-R2-C3-S2.54_A2541WV-2X3P~HDR2.54-M-LI-2x3P~QmFs',(#15),#9195);
#9216=CARTESIAN_POINT('',(0.,0.,0.));
#9217=DIRECTION('',(0.,0.,1.));
#9218=DIRECTION('',(1.,0.,0.));
#9219=AXIS2_PLACEMENT_3D('',#9216,#9217,#9218);
#9221=MAPPED_ITEM('',#9220,#9219);
#9220=REPRESENTATION_MAP(#9219,#9197);
#9205=PRODUCT('HDR-TH_6P-P2.54-V-R2-C3-S2.54_A2541WV-2X3P~HDR2.54-M-LI-2x3P~QmFs','HDR-TH_6P-P2.54-V-R2-C3-S2.54_A2541WV-2X3P~HDR2.54-M-LI-2x3P~QmFs','',(#8637));
#9222=PRODUCT_RELATED_PRODUCT_CATEGORY('part','',(#9205));
#9223=PRODUCT_DEFINITION_FORMATION_WITH_SPECIFIED_SOURCE('','',#9205,.NOT_KNOWN.);
#9206=PRODUCT_DEFINITION('design','',#9223,#8638);
#9204=PRODUCT_DEFINITION_SHAPE('','',#9206);
#9224=SHAPE_DEFINITION_REPRESENTATION(#9204,#9197);
#9196=DRAUGHTING_MODEL('',(#9221),#9195);
#9169=SHAPE_REPRESENTATION('H3~HDR-TH_6P-P2.54-V-R2-C3-S2.54_A2541WV-2X3P~HDR2.54-M-LI-2x3P~QmFs',(#15,#9210),#9167);
#9225=CARTESIAN_POINT('',(0.,0.,0.));
#9226=DIRECTION('',(0.,0.,1.));
#9227=DIRECTION('',(1.,0.,0.));
#9228=AXIS2_PLACEMENT_3D('',#9225,#9226,#9227);
#9230=MAPPED_ITEM('',#9229,#9228);
#9229=REPRESENTATION_MAP(#9228,#9169);
#9177=PRODUCT('H3~HDR-TH_6P-P2.54-V-R2-C3-S2.54_A2541WV-2X3P~HDR2.54-M-LI-2x3P~QmFs','H3~HDR-TH_6P-P2.54-V-R2-C3-S2.54_A2541WV-2X3P~HDR2.54-M-LI-2x3P~QmFs','',(#8637));
#9231=PRODUCT_RELATED_PRODUCT_CATEGORY('part','',(#9177));
#9232=PRODUCT_DEFINITION_FORMATION_WITH_SPECIFIED_SOURCE('','',#9177,.NOT_KNOWN.);
#9178=PRODUCT_DEFINITION('design','',#9232,#8638);
#9176=PRODUCT_DEFINITION_SHAPE('','',#9178);
#9233=SHAPE_DEFINITION_REPRESENTATION(#9176,#9169);
#9168=DRAUGHTING_MODEL('',(#9230),#9167);
#9234=(NAMED_UNIT(*)PLANE_ANGLE_UNIT()SI_UNIT($,.RADIAN.));
#9235=PLANE_ANGLE_MEASURE_WITH_UNIT(PLANE_ANGLE_MEASURE(0.0174532925),#9234);
#9236=(CONVERSION_BASED_UNIT('DEGREE',#9235)NAMED_UNIT(#9237)PLANE_ANGLE_UNIT());
#9237=DIMENSIONAL_EXPONENTS(0.,0.,0.,0.,0.,0.,0.);
#9238=(NAMED_UNIT(*)SI_UNIT($,.STERADIAN.)SOLID_ANGLE_UNIT());
#9239=(LENGTH_UNIT()NAMED_UNIT(*)SI_UNIT(.MILLI.,.METRE.));
#9240=UNCERTAINTY_MEASURE_WITH_UNIT(LENGTH_MEASURE(1.000000E-03),#9239,'DISTANCE_ACCURACY_VALUE','Maximum Tolerance applied to model');
#9241=(GEOMETRIC_REPRESENTATION_CONTEXT(3)GLOBAL_UNCERTAINTY_ASSIGNED_CONTEXT((#9240))GLOBAL_UNIT_ASSIGNED_CONTEXT((#9239,#9236,#9238))REPRESENTATION_CONTEXT('','R10~R0603~R0603~QmFs'));
#9253=CARTESIAN_POINT('',(0.,0.,0.));
#9254=DIRECTION('',(0.,0.,1.));
#9255=DIRECTION('',(1.,0.,-0.));
#9256=AXIS2_PLACEMENT_3D('',#9253,#9254,#9255);
#9257=ITEM_DEFINED_TRANSFORMATION('','',#9256,#15);
#9258=(REPRESENTATION_RELATIONSHIP('','',#9243,#8582)REPRESENTATION_RELATIONSHIP_WITH_TRANSFORMATION(#9257)SHAPE_REPRESENTATION_RELATIONSHIP());
#9259=NEXT_ASSEMBLY_USAGE_OCCURRENCE('R10~R0603~R0603~QmFs_19','R10~R0603~R0603~QmFs','R10~R0603~R0603~QmFs',#8591,#9252,$);
#9260=PRODUCT_DEFINITION_SHAPE('','',#9259);
#9261=CONTEXT_DEPENDENT_SHAPE_REPRESENTATION(#9258,#9260);
#9262=(NAMED_UNIT(*)PLANE_ANGLE_UNIT()SI_UNIT($,.RADIAN.));
#9263=PLANE_ANGLE_MEASURE_WITH_UNIT(PLANE_ANGLE_MEASURE(0.0174532925),#9262);
#9264=(CONVERSION_BASED_UNIT('DEGREE',#9263)NAMED_UNIT(#9265)PLANE_ANGLE_UNIT());
#9265=DIMENSIONAL_EXPONENTS(0.,0.,0.,0.,0.,0.,0.);
#9266=(NAMED_UNIT(*)SI_UNIT($,.STERADIAN.)SOLID_ANGLE_UNIT());
#9267=(LENGTH_UNIT()NAMED_UNIT(*)SI_UNIT(.MILLI.,.METRE.));
#9268=UNCERTAINTY_MEASURE_WITH_UNIT(LENGTH_MEASURE(1.000000E-03),#9267,'DISTANCE_ACCURACY_VALUE','Maximum Tolerance applied to model');
#9269=(GEOMETRIC_REPRESENTATION_CONTEXT(3)GLOBAL_UNCERTAINTY_ASSIGNED_CONTEXT((#9268))GLOBAL_UNIT_ASSIGNED_CONTEXT((#9267,#9264,#9266))REPRESENTATION_CONTEXT('','R0603~R0603~QmFs'));
#9281=CARTESIAN_POINT('',(0.,0.,0.));
#9282=DIRECTION('',(0.,0.,1.));
#9283=DIRECTION('',(1.,0.,-0.));
#9284=AXIS2_PLACEMENT_3D('',#9281,#9282,#9283);
#9285=ITEM_DEFINED_TRANSFORMATION('','',#9284,#15);
#9286=(REPRESENTATION_RELATIONSHIP('','',#9271,#9243)REPRESENTATION_RELATIONSHIP_WITH_TRANSFORMATION(#9285)SHAPE_REPRESENTATION_RELATIONSHIP());
#9287=NEXT_ASSEMBLY_USAGE_OCCURRENCE('R0603~R0603~QmFs_20','R0603~R0603~QmFs','R0603~R0603~QmFs',#9252,#9280,$);
#9288=PRODUCT_DEFINITION_SHAPE('','',#9287);
#9289=CONTEXT_DEPENDENT_SHAPE_REPRESENTATION(#9286,#9288);
#9271=SHAPE_REPRESENTATION('R0603~R0603~QmFs',(#15),#9269);
#9290=CARTESIAN_POINT('',(0.,0.,0.));
#9291=DIRECTION('',(0.,0.,1.));
#9292=DIRECTION('',(1.,0.,0.));
#9293=AXIS2_PLACEMENT_3D('',#9290,#9291,#9292);
#9295=MAPPED_ITEM('',#9294,#9293);
#9294=REPRESENTATION_MAP(#9293,#9271);
#9279=PRODUCT('R0603~R0603~QmFs','R0603~R0603~QmFs','',(#8637));
#9296=PRODUCT_RELATED_PRODUCT_CATEGORY('part','',(#9279));
#9297=PRODUCT_DEFINITION_FORMATION_WITH_SPECIFIED_SOURCE('','',#9279,.NOT_KNOWN.);
#9280=PRODUCT_DEFINITION('design','',#9297,#8638);
#9278=PRODUCT_DEFINITION_SHAPE('','',#9280);
#9298=SHAPE_DEFINITION_REPRESENTATION(#9278,#9271);
#9270=DRAUGHTING_MODEL('',(#9295),#9269);
#9243=SHAPE_REPRESENTATION('R10~R0603~R0603~QmFs',(#15,#9284),#9241);
#9299=CARTESIAN_POINT('',(0.,0.,0.));
#9300=DIRECTION('',(0.,0.,1.));
#9301=DIRECTION('',(1.,0.,0.));
#9302=AXIS2_PLACEMENT_3D('',#9299,#9300,#9301);
#9304=MAPPED_ITEM('',#9303,#9302);
#9303=REPRESENTATION_MAP(#9302,#9243);
#9251=PRODUCT('R10~R0603~R0603~QmFs','R10~R0603~R0603~QmFs','',(#8637));
#9305=PRODUCT_RELATED_PRODUCT_CATEGORY('part','',(#9251));
#9306=PRODUCT_DEFINITION_FORMATION_WITH_SPECIFIED_SOURCE('','',#9251,.NOT_KNOWN.);
#9252=PRODUCT_DEFINITION('design','',#9306,#8638);
#9250=PRODUCT_DEFINITION_SHAPE('','',#9252);
#9307=SHAPE_DEFINITION_REPRESENTATION(#9250,#9243);
#9242=DRAUGHTING_MODEL('',(#9304),#9241);
#9308=(NAMED_UNIT(*)PLANE_ANGLE_UNIT()SI_UNIT($,.RADIAN.));
#9309=PLANE_ANGLE_MEASURE_WITH_UNIT(PLANE_ANGLE_MEASURE(0.0174532925),#9308);
#9310=(CONVERSION_BASED_UNIT('DEGREE',#9309)NAMED_UNIT(#9311)PLANE_ANGLE_UNIT());
#9311=DIMENSIONAL_EXPONENTS(0.,0.,0.,0.,0.,0.,0.);
#9312=(NAMED_UNIT(*)SI_UNIT($,.STERADIAN.)SOLID_ANGLE_UNIT());
#9313=(LENGTH_UNIT()NAMED_UNIT(*)SI_UNIT(.MILLI.,.METRE.));
#9314=UNCERTAINTY_MEASURE_WITH_UNIT(LENGTH_MEASURE(1.000000E-03),#9313,'DISTANCE_ACCURACY_VALUE','Maximum Tolerance applied to model');
#9315=(GEOMETRIC_REPRESENTATION_CONTEXT(3)GLOBAL_UNCERTAINTY_ASSIGNED_CONTEXT((#9314))GLOBAL_UNIT_ASSIGNED_CONTEXT((#9313,#9310,#9312))REPRESENTATION_CONTEXT('','R10~R0603~R0603~QmFs'));
#9327=CARTESIAN_POINT('',(0.,0.,0.));
#9328=DIRECTION('',(0.,0.,1.));
#9329=DIRECTION('',(1.,0.,-0.));
#9330=AXIS2_PLACEMENT_3D('',#9327,#9328,#9329);
#9331=ITEM_DEFINED_TRANSFORMATION('','',#9330,#15);
#9332=(REPRESENTATION_RELATIONSHIP('','',#9317,#8582)REPRESENTATION_RELATIONSHIP_WITH_TRANSFORMATION(#9331)SHAPE_REPRESENTATION_RELATIONSHIP());
#9333=NEXT_ASSEMBLY_USAGE_OCCURRENCE('R10~R0603~R0603~QmFs_21','R10~R0603~R0603~QmFs','R10~R0603~R0603~QmFs',#8591,#9326,$);
#9334=PRODUCT_DEFINITION_SHAPE('','',#9333);
#9335=CONTEXT_DEPENDENT_SHAPE_REPRESENTATION(#9332,#9334);
#9336=(NAMED_UNIT(*)PLANE_ANGLE_UNIT()SI_UNIT($,.RADIAN.));
#9337=PLANE_ANGLE_MEASURE_WITH_UNIT(PLANE_ANGLE_MEASURE(0.0174532925),#9336);
#9338=(CONVERSION_BASED_UNIT('DEGREE',#9337)NAMED_UNIT(#9339)PLANE_ANGLE_UNIT());
#9339=DIMENSIONAL_EXPONENTS(0.,0.,0.,0.,0.,0.,0.);
#9340=(NAMED_UNIT(*)SI_UNIT($,.STERADIAN.)SOLID_ANGLE_UNIT());
#9341=(LENGTH_UNIT()NAMED_UNIT(*)SI_UNIT(.MILLI.,.METRE.));
#9342=UNCERTAINTY_MEASURE_WITH_UNIT(LENGTH_MEASURE(1.000000E-03),#9341,'DISTANCE_ACCURACY_VALUE','Maximum Tolerance applied to model');
#9343=(GEOMETRIC_REPRESENTATION_CONTEXT(3)GLOBAL_UNCERTAINTY_ASSIGNED_CONTEXT((#9342))GLOBAL_UNIT_ASSIGNED_CONTEXT((#9341,#9338,#9340))REPRESENTATION_CONTEXT('','R0603~R0603~QmFs'));
#9355=CARTESIAN_POINT('',(0.,0.,0.));
#9356=DIRECTION('',(0.,0.,1.));
#9357=DIRECTION('',(1.,0.,-0.));
#9358=AXIS2_PLACEMENT_3D('',#9355,#9356,#9357);
#9359=ITEM_DEFINED_TRANSFORMATION('','',#9358,#15);
#9360=(REPRESENTATION_RELATIONSHIP('','',#9345,#9317)REPRESENTATION_RELATIONSHIP_WITH_TRANSFORMATION(#9359)SHAPE_REPRESENTATION_RELATIONSHIP());
#9361=NEXT_ASSEMBLY_USAGE_OCCURRENCE('R0603~R0603~QmFs_22','R0603~R0603~QmFs','R0603~R0603~QmFs',#9326,#9354,$);
#9362=PRODUCT_DEFINITION_SHAPE('','',#9361);
#9363=CONTEXT_DEPENDENT_SHAPE_REPRESENTATION(#9360,#9362);
#9345=SHAPE_REPRESENTATION('R0603~R0603~QmFs',(#15),#9343);
#9364=CARTESIAN_POINT('',(0.,0.,0.));
#9365=DIRECTION('',(0.,0.,1.));
#9366=DIRECTION('',(1.,0.,0.));
#9367=AXIS2_PLACEMENT_3D('',#9364,#9365,#9366);
#9369=MAPPED_ITEM('',#9368,#9367);
#9368=REPRESENTATION_MAP(#9367,#9345);
#9353=PRODUCT('R0603~R0603~QmFs','R0603~R0603~QmFs','',(#8637));
#9370=PRODUCT_RELATED_PRODUCT_CATEGORY('part','',(#9353));
#9371=PRODUCT_DEFINITION_FORMATION_WITH_SPECIFIED_SOURCE('','',#9353,.NOT_KNOWN.);
#9354=PRODUCT_DEFINITION('design','',#9371,#8638);
#9352=PRODUCT_DEFINITION_SHAPE('','',#9354);
#9372=SHAPE_DEFINITION_REPRESENTATION(#9352,#9345);
#9344=DRAUGHTING_MODEL('',(#9369),#9343);
#9317=SHAPE_REPRESENTATION('R10~R0603~R0603~QmFs',(#15,#9358),#9315);
#9373=CARTESIAN_POINT('',(0.,0.,0.));
#9374=DIRECTION('',(0.,0.,1.));
#9375=DIRECTION('',(1.,0.,0.));
#9376=AXIS2_PLACEMENT_3D('',#9373,#9374,#9375);
#9378=MAPPED_ITEM('',#9377,#9376);
#9377=REPRESENTATION_MAP(#9376,#9317);
#9325=PRODUCT('R10~R0603~R0603~QmFs','R10~R0603~R0603~QmFs','',(#8637));
#9379=PRODUCT_RELATED_PRODUCT_CATEGORY('part','',(#9325));
#9380=PRODUCT_DEFINITION_FORMATION_WITH_SPECIFIED_SOURCE('','',#9325,.NOT_KNOWN.);
#9326=PRODUCT_DEFINITION('design','',#9380,#8638);
#9324=PRODUCT_DEFINITION_SHAPE('','',#9326);
#9381=SHAPE_DEFINITION_REPRESENTATION(#9324,#9317);
#9316=DRAUGHTING_MODEL('',(#9378),#9315);
#9382=(NAMED_UNIT(*)PLANE_ANGLE_UNIT()SI_UNIT($,.RADIAN.));
#9383=PLANE_ANGLE_MEASURE_WITH_UNIT(PLANE_ANGLE_MEASURE(0.0174532925),#9382);
#9384=(CONVERSION_BASED_UNIT('DEGREE',#9383)NAMED_UNIT(#9385)PLANE_ANGLE_UNIT());
#9385=DIMENSIONAL_EXPONENTS(0.,0.,0.,0.,0.,0.,0.);
#9386=(NAMED_UNIT(*)SI_UNIT($,.STERADIAN.)SOLID_ANGLE_UNIT());
#9387=(LENGTH_UNIT()NAMED_UNIT(*)SI_UNIT(.MILLI.,.METRE.));
#9388=UNCERTAINTY_MEASURE_WITH_UNIT(LENGTH_MEASURE(1.000000E-03),#9387,'DISTANCE_ACCURACY_VALUE','Maximum Tolerance applied to model');
#9389=(GEOMETRIC_REPRESENTATION_CONTEXT(3)GLOBAL_UNCERTAINTY_ASSIGNED_CONTEXT((#9388))GLOBAL_UNIT_ASSIGNED_CONTEXT((#9387,#9384,#9386))REPRESENTATION_CONTEXT('','R10~R0603~R0603~QmFs'));
#9401=CARTESIAN_POINT('',(0.,0.,0.));
#9402=DIRECTION('',(0.,0.,1.));
#9403=DIRECTION('',(1.,0.,-0.));
#9404=AXIS2_PLACEMENT_3D('',#9401,#9402,#9403);
#9405=ITEM_DEFINED_TRANSFORMATION('','',#9404,#15);
#9406=(REPRESENTATION_RELATIONSHIP('','',#9391,#8582)REPRESENTATION_RELATIONSHIP_WITH_TRANSFORMATION(#9405)SHAPE_REPRESENTATION_RELATIONSHIP());
#9407=NEXT_ASSEMBLY_USAGE_OCCURRENCE('R10~R0603~R0603~QmFs_23','R10~R0603~R0603~QmFs','R10~R0603~R0603~QmFs',#8591,#9400,$);
#9408=PRODUCT_DEFINITION_SHAPE('','',#9407);
#9409=CONTEXT_DEPENDENT_SHAPE_REPRESENTATION(#9406,#9408);
#9410=(NAMED_UNIT(*)PLANE_ANGLE_UNIT()SI_UNIT($,.RADIAN.));
#9411=PLANE_ANGLE_MEASURE_WITH_UNIT(PLANE_ANGLE_MEASURE(0.0174532925),#9410);
#9412=(CONVERSION_BASED_UNIT('DEGREE',#9411)NAMED_UNIT(#9413)PLANE_ANGLE_UNIT());
#9413=DIMENSIONAL_EXPONENTS(0.,0.,0.,0.,0.,0.,0.);
#9414=(NAMED_UNIT(*)SI_UNIT($,.STERADIAN.)SOLID_ANGLE_UNIT());
#9415=(LENGTH_UNIT()NAMED_UNIT(*)SI_UNIT(.MILLI.,.METRE.));
#9416=UNCERTAINTY_MEASURE_WITH_UNIT(LENGTH_MEASURE(1.000000E-03),#9415,'DISTANCE_ACCURACY_VALUE','Maximum Tolerance applied to model');
#9417=(GEOMETRIC_REPRESENTATION_CONTEXT(3)GLOBAL_UNCERTAINTY_ASSIGNED_CONTEXT((#9416))GLOBAL_UNIT_ASSIGNED_CONTEXT((#9415,#9412,#9414))REPRESENTATION_CONTEXT('','R0603~R0603~QmFs'));
#9429=CARTESIAN_POINT('',(0.,0.,0.));
#9430=DIRECTION('',(0.,0.,1.));
#9431=DIRECTION('',(1.,0.,-0.));
#9432=AXIS2_PLACEMENT_3D('',#9429,#9430,#9431);
#9433=ITEM_DEFINED_TRANSFORMATION('','',#9432,#15);
#9434=(REPRESENTATION_RELATIONSHIP('','',#9419,#9391)REPRESENTATION_RELATIONSHIP_WITH_TRANSFORMATION(#9433)SHAPE_REPRESENTATION_RELATIONSHIP());
#9435=NEXT_ASSEMBLY_USAGE_OCCURRENCE('R0603~R0603~QmFs_24','R0603~R0603~QmFs','R0603~R0603~QmFs',#9400,#9428,$);
#9436=PRODUCT_DEFINITION_SHAPE('','',#9435);
#9437=CONTEXT_DEPENDENT_SHAPE_REPRESENTATION(#9434,#9436);
#9419=SHAPE_REPRESENTATION('R0603~R0603~QmFs',(#15),#9417);
#9438=CARTESIAN_POINT('',(0.,0.,0.));
#9439=DIRECTION('',(0.,0.,1.));
#9440=DIRECTION('',(1.,0.,0.));
#9441=AXIS2_PLACEMENT_3D('',#9438,#9439,#9440);
#9443=MAPPED_ITEM('',#9442,#9441);
#9442=REPRESENTATION_MAP(#9441,#9419);
#9427=PRODUCT('R0603~R0603~QmFs','R0603~R0603~QmFs','',(#8637));
#9444=PRODUCT_RELATED_PRODUCT_CATEGORY('part','',(#9427));
#9445=PRODUCT_DEFINITION_FORMATION_WITH_SPECIFIED_SOURCE('','',#9427,.NOT_KNOWN.);
#9428=PRODUCT_DEFINITION('design','',#9445,#8638);
#9426=PRODUCT_DEFINITION_SHAPE('','',#9428);
#9446=SHAPE_DEFINITION_REPRESENTATION(#9426,#9419);
#9418=DRAUGHTING_MODEL('',(#9443),#9417);
#9391=SHAPE_REPRESENTATION('R10~R0603~R0603~QmFs',(#15,#9432),#9389);
#9447=CARTESIAN_POINT('',(0.,0.,0.));
#9448=DIRECTION('',(0.,0.,1.));
#9449=DIRECTION('',(1.,0.,0.));
#9450=AXIS2_PLACEMENT_3D('',#9447,#9448,#9449);
#9452=MAPPED_ITEM('',#9451,#9450);
#9451=REPRESENTATION_MAP(#9450,#9391);
#9399=PRODUCT('R10~R0603~R0603~QmFs','R10~R0603~R0603~QmFs','',(#8637));
#9453=PRODUCT_RELATED_PRODUCT_CATEGORY('part','',(#9399));
#9454=PRODUCT_DEFINITION_FORMATION_WITH_SPECIFIED_SOURCE('','',#9399,.NOT_KNOWN.);
#9400=PRODUCT_DEFINITION('design','',#9454,#8638);
#9398=PRODUCT_DEFINITION_SHAPE('','',#9400);
#9455=SHAPE_DEFINITION_REPRESENTATION(#9398,#9391);
#9390=DRAUGHTING_MODEL('',(#9452),#9389);
#9456=(NAMED_UNIT(*)PLANE_ANGLE_UNIT()SI_UNIT($,.RADIAN.));
#9457=PLANE_ANGLE_MEASURE_WITH_UNIT(PLANE_ANGLE_MEASURE(0.0174532925),#9456);
#9458=(CONVERSION_BASED_UNIT('DEGREE',#9457)NAMED_UNIT(#9459)PLANE_ANGLE_UNIT());
#9459=DIMENSIONAL_EXPONENTS(0.,0.,0.,0.,0.,0.,0.);
#9460=(NAMED_UNIT(*)SI_UNIT($,.STERADIAN.)SOLID_ANGLE_UNIT());
#9461=(LENGTH_UNIT()NAMED_UNIT(*)SI_UNIT(.MILLI.,.METRE.));
#9462=UNCERTAINTY_MEASURE_WITH_UNIT(LENGTH_MEASURE(1.000000E-03),#9461,'DISTANCE_ACCURACY_VALUE','Maximum Tolerance applied to model');
#9463=(GEOMETRIC_REPRESENTATION_CONTEXT(3)GLOBAL_UNCERTAINTY_ASSIGNED_CONTEXT((#9462))GLOBAL_UNIT_ASSIGNED_CONTEXT((#9461,#9458,#9460))REPRESENTATION_CONTEXT('','R10~R0603~R0603~QmFs'));
#9475=CARTESIAN_POINT('',(0.,0.,0.));
#9476=DIRECTION('',(0.,0.,1.));
#9477=DIRECTION('',(1.,0.,-0.));
#9478=AXIS2_PLACEMENT_3D('',#9475,#9476,#9477);
#9479=ITEM_DEFINED_TRANSFORMATION('','',#9478,#15);
#9480=(REPRESENTATION_RELATIONSHIP('','',#9465,#8582)REPRESENTATION_RELATIONSHIP_WITH_TRANSFORMATION(#9479)SHAPE_REPRESENTATION_RELATIONSHIP());
#9481=NEXT_ASSEMBLY_USAGE_OCCURRENCE('R10~R0603~R0603~QmFs_25','R10~R0603~R0603~QmFs','R10~R0603~R0603~QmFs',#8591,#9474,$);
#9482=PRODUCT_DEFINITION_SHAPE('','',#9481);
#9483=CONTEXT_DEPENDENT_SHAPE_REPRESENTATION(#9480,#9482);
#9484=(NAMED_UNIT(*)PLANE_ANGLE_UNIT()SI_UNIT($,.RADIAN.));
#9485=PLANE_ANGLE_MEASURE_WITH_UNIT(PLANE_ANGLE_MEASURE(0.0174532925),#9484);
#9486=(CONVERSION_BASED_UNIT('DEGREE',#9485)NAMED_UNIT(#9487)PLANE_ANGLE_UNIT());
#9487=DIMENSIONAL_EXPONENTS(0.,0.,0.,0.,0.,0.,0.);
#9488=(NAMED_UNIT(*)SI_UNIT($,.STERADIAN.)SOLID_ANGLE_UNIT());
#9489=(LENGTH_UNIT()NAMED_UNIT(*)SI_UNIT(.MILLI.,.METRE.));
#9490=UNCERTAINTY_MEASURE_WITH_UNIT(LENGTH_MEASURE(1.000000E-03),#9489,'DISTANCE_ACCURACY_VALUE','Maximum Tolerance applied to model');
#9491=(GEOMETRIC_REPRESENTATION_CONTEXT(3)GLOBAL_UNCERTAINTY_ASSIGNED_CONTEXT((#9490))GLOBAL_UNIT_ASSIGNED_CONTEXT((#9489,#9486,#9488))REPRESENTATION_CONTEXT('','R0603~R0603~QmFs'));
#9503=CARTESIAN_POINT('',(0.,0.,0.));
#9504=DIRECTION('',(0.,0.,1.));
#9505=DIRECTION('',(1.,0.,-0.));
#9506=AXIS2_PLACEMENT_3D('',#9503,#9504,#9505);
#9507=ITEM_DEFINED_TRANSFORMATION('','',#9506,#15);
#9508=(REPRESENTATION_RELATIONSHIP('','',#9493,#9465)REPRESENTATION_RELATIONSHIP_WITH_TRANSFORMATION(#9507)SHAPE_REPRESENTATION_RELATIONSHIP());
#9509=NEXT_ASSEMBLY_USAGE_OCCURRENCE('R0603~R0603~QmFs_26','R0603~R0603~QmFs','R0603~R0603~QmFs',#9474,#9502,$);
#9510=PRODUCT_DEFINITION_SHAPE('','',#9509);
#9511=CONTEXT_DEPENDENT_SHAPE_REPRESENTATION(#9508,#9510);
#9493=SHAPE_REPRESENTATION('R0603~R0603~QmFs',(#15),#9491);
#9512=CARTESIAN_POINT('',(0.,0.,0.));
#9513=DIRECTION('',(0.,0.,1.));
#9514=DIRECTION('',(1.,0.,0.));
#9515=AXIS2_PLACEMENT_3D('',#9512,#9513,#9514);
#9517=MAPPED_ITEM('',#9516,#9515);
#9516=REPRESENTATION_MAP(#9515,#9493);
#9501=PRODUCT('R0603~R0603~QmFs','R0603~R0603~QmFs','',(#8637));
#9518=PRODUCT_RELATED_PRODUCT_CATEGORY('part','',(#9501));
#9519=PRODUCT_DEFINITION_FORMATION_WITH_SPECIFIED_SOURCE('','',#9501,.NOT_KNOWN.);
#9502=PRODUCT_DEFINITION('design','',#9519,#8638);
#9500=PRODUCT_DEFINITION_SHAPE('','',#9502);
#9520=SHAPE_DEFINITION_REPRESENTATION(#9500,#9493);
#9492=DRAUGHTING_MODEL('',(#9517),#9491);
#9465=SHAPE_REPRESENTATION('R10~R0603~R0603~QmFs',(#15,#9506),#9463);
#9521=CARTESIAN_POINT('',(0.,0.,0.));
#9522=DIRECTION('',(0.,0.,1.));
#9523=DIRECTION('',(1.,0.,0.));
#9524=AXIS2_PLACEMENT_3D('',#9521,#9522,#9523);
#9526=MAPPED_ITEM('',#9525,#9524);
#9525=REPRESENTATION_MAP(#9524,#9465);
#9473=PRODUCT('R10~R0603~R0603~QmFs','R10~R0603~R0603~QmFs','',(#8637));
#9527=PRODUCT_RELATED_PRODUCT_CATEGORY('part','',(#9473));
#9528=PRODUCT_DEFINITION_FORMATION_WITH_SPECIFIED_SOURCE('','',#9473,.NOT_KNOWN.);
#9474=PRODUCT_DEFINITION('design','',#9528,#8638);
#9472=PRODUCT_DEFINITION_SHAPE('','',#9474);
#9529=SHAPE_DEFINITION_REPRESENTATION(#9472,#9465);
#9464=DRAUGHTING_MODEL('',(#9526),#9463);
#9530=(NAMED_UNIT(*)PLANE_ANGLE_UNIT()SI_UNIT($,.RADIAN.));
#9531=PLANE_ANGLE_MEASURE_WITH_UNIT(PLANE_ANGLE_MEASURE(0.0174532925),#9530);
#9532=(CONVERSION_BASED_UNIT('DEGREE',#9531)NAMED_UNIT(#9533)PLANE_ANGLE_UNIT());
#9533=DIMENSIONAL_EXPONENTS(0.,0.,0.,0.,0.,0.,0.);
#9534=(NAMED_UNIT(*)SI_UNIT($,.STERADIAN.)SOLID_ANGLE_UNIT());
#9535=(LENGTH_UNIT()NAMED_UNIT(*)SI_UNIT(.MILLI.,.METRE.));
#9536=UNCERTAINTY_MEASURE_WITH_UNIT(LENGTH_MEASURE(1.000000E-03),#9535,'DISTANCE_ACCURACY_VALUE','Maximum Tolerance applied to model');
#9537=(GEOMETRIC_REPRESENTATION_CONTEXT(3)GLOBAL_UNCERTAINTY_ASSIGNED_CONTEXT((#9536))GLOBAL_UNIT_ASSIGNED_CONTEXT((#9535,#9532,#9534))REPRESENTATION_CONTEXT('','R10~R0603~R0603~QmFs'));
#9549=CARTESIAN_POINT('',(0.,0.,0.));
#9550=DIRECTION('',(0.,0.,1.));
#9551=DIRECTION('',(1.,0.,-0.));
#9552=AXIS2_PLACEMENT_3D('',#9549,#9550,#9551);
#9553=ITEM_DEFINED_TRANSFORMATION('','',#9552,#15);
#9554=(REPRESENTATION_RELATIONSHIP('','',#9539,#8582)REPRESENTATION_RELATIONSHIP_WITH_TRANSFORMATION(#9553)SHAPE_REPRESENTATION_RELATIONSHIP());
#9555=NEXT_ASSEMBLY_USAGE_OCCURRENCE('R10~R0603~R0603~QmFs_27','R10~R0603~R0603~QmFs','R10~R0603~R0603~QmFs',#8591,#9548,$);
#9556=PRODUCT_DEFINITION_SHAPE('','',#9555);
#9557=CONTEXT_DEPENDENT_SHAPE_REPRESENTATION(#9554,#9556);
#9558=(NAMED_UNIT(*)PLANE_ANGLE_UNIT()SI_UNIT($,.RADIAN.));
#9559=PLANE_ANGLE_MEASURE_WITH_UNIT(PLANE_ANGLE_MEASURE(0.0174532925),#9558);
#9560=(CONVERSION_BASED_UNIT('DEGREE',#9559)NAMED_UNIT(#9561)PLANE_ANGLE_UNIT());
#9561=DIMENSIONAL_EXPONENTS(0.,0.,0.,0.,0.,0.,0.);
#9562=(NAMED_UNIT(*)SI_UNIT($,.STERADIAN.)SOLID_ANGLE_UNIT());
#9563=(LENGTH_UNIT()NAMED_UNIT(*)SI_UNIT(.MILLI.,.METRE.));
#9564=UNCERTAINTY_MEASURE_WITH_UNIT(LENGTH_MEASURE(1.000000E-03),#9563,'DISTANCE_ACCURACY_VALUE','Maximum Tolerance applied to model');
#9565=(GEOMETRIC_REPRESENTATION_CONTEXT(3)GLOBAL_UNCERTAINTY_ASSIGNED_CONTEXT((#9564))GLOBAL_UNIT_ASSIGNED_CONTEXT((#9563,#9560,#9562))REPRESENTATION_CONTEXT('','R0603~R0603~QmFs'));
#9577=CARTESIAN_POINT('',(0.,0.,0.));
#9578=DIRECTION('',(0.,0.,1.));
#9579=DIRECTION('',(1.,0.,-0.));
#9580=AXIS2_PLACEMENT_3D('',#9577,#9578,#9579);
#9581=ITEM_DEFINED_TRANSFORMATION('','',#9580,#15);
#9582=(REPRESENTATION_RELATIONSHIP('','',#9567,#9539)REPRESENTATION_RELATIONSHIP_WITH_TRANSFORMATION(#9581)SHAPE_REPRESENTATION_RELATIONSHIP());
#9583=NEXT_ASSEMBLY_USAGE_OCCURRENCE('R0603~R0603~QmFs_28','R0603~R0603~QmFs','R0603~R0603~QmFs',#9548,#9576,$);
#9584=PRODUCT_DEFINITION_SHAPE('','',#9583);
#9585=CONTEXT_DEPENDENT_SHAPE_REPRESENTATION(#9582,#9584);
#9567=SHAPE_REPRESENTATION('R0603~R0603~QmFs',(#15),#9565);
#9586=CARTESIAN_POINT('',(0.,0.,0.));
#9587=DIRECTION('',(0.,0.,1.));
#9588=DIRECTION('',(1.,0.,0.));
#9589=AXIS2_PLACEMENT_3D('',#9586,#9587,#9588);
#9591=MAPPED_ITEM('',#9590,#9589);
#9590=REPRESENTATION_MAP(#9589,#9567);
#9575=PRODUCT('R0603~R0603~QmFs','R0603~R0603~QmFs','',(#8637));
#9592=PRODUCT_RELATED_PRODUCT_CATEGORY('part','',(#9575));
#9593=PRODUCT_DEFINITION_FORMATION_WITH_SPECIFIED_SOURCE('','',#9575,.NOT_KNOWN.);
#9576=PRODUCT_DEFINITION('design','',#9593,#8638);
#9574=PRODUCT_DEFINITION_SHAPE('','',#9576);
#9594=SHAPE_DEFINITION_REPRESENTATION(#9574,#9567);
#9566=DRAUGHTING_MODEL('',(#9591),#9565);
#9539=SHAPE_REPRESENTATION('R10~R0603~R0603~QmFs',(#15,#9580),#9537);
#9595=CARTESIAN_POINT('',(0.,0.,0.));
#9596=DIRECTION('',(0.,0.,1.));
#9597=DIRECTION('',(1.,0.,0.));
#9598=AXIS2_PLACEMENT_3D('',#9595,#9596,#9597);
#9600=MAPPED_ITEM('',#9599,#9598);
#9599=REPRESENTATION_MAP(#9598,#9539);
#9547=PRODUCT('R10~R0603~R0603~QmFs','R10~R0603~R0603~QmFs','',(#8637));
#9601=PRODUCT_RELATED_PRODUCT_CATEGORY('part','',(#9547));
#9602=PRODUCT_DEFINITION_FORMATION_WITH_SPECIFIED_SOURCE('','',#9547,.NOT_KNOWN.);
#9548=PRODUCT_DEFINITION('design','',#9602,#8638);
#9546=PRODUCT_DEFINITION_SHAPE('','',#9548);
#9603=SHAPE_DEFINITION_REPRESENTATION(#9546,#9539);
#9538=DRAUGHTING_MODEL('',(#9600),#9537);
#9604=(NAMED_UNIT(*)PLANE_ANGLE_UNIT()SI_UNIT($,.RADIAN.));
#9605=PLANE_ANGLE_MEASURE_WITH_UNIT(PLANE_ANGLE_MEASURE(0.0174532925),#9604);
#9606=(CONVERSION_BASED_UNIT('DEGREE',#9605)NAMED_UNIT(#9607)PLANE_ANGLE_UNIT());
#9607=DIMENSIONAL_EXPONENTS(0.,0.,0.,0.,0.,0.,0.);
#9608=(NAMED_UNIT(*)SI_UNIT($,.STERADIAN.)SOLID_ANGLE_UNIT());
#9609=(LENGTH_UNIT()NAMED_UNIT(*)SI_UNIT(.MILLI.,.METRE.));
#9610=UNCERTAINTY_MEASURE_WITH_UNIT(LENGTH_MEASURE(1.000000E-03),#9609,'DISTANCE_ACCURACY_VALUE','Maximum Tolerance applied to model');
#9611=(GEOMETRIC_REPRESENTATION_CONTEXT(3)GLOBAL_UNCERTAINTY_ASSIGNED_CONTEXT((#9610))GLOBAL_UNIT_ASSIGNED_CONTEXT((#9609,#9606,#9608))REPRESENTATION_CONTEXT('','R10~R0603~R0603~QmFs'));
#9623=CARTESIAN_POINT('',(0.,0.,0.));
#9624=DIRECTION('',(0.,0.,1.));
#9625=DIRECTION('',(1.,0.,-0.));
#9626=AXIS2_PLACEMENT_3D('',#9623,#9624,#9625);
#9627=ITEM_DEFINED_TRANSFORMATION('','',#9626,#15);
#9628=(REPRESENTATION_RELATIONSHIP('','',#9613,#8582)REPRESENTATION_RELATIONSHIP_WITH_TRANSFORMATION(#9627)SHAPE_REPRESENTATION_RELATIONSHIP());
#9629=NEXT_ASSEMBLY_USAGE_OCCURRENCE('R10~R0603~R0603~QmFs_29','R10~R0603~R0603~QmFs','R10~R0603~R0603~QmFs',#8591,#9622,$);
#9630=PRODUCT_DEFINITION_SHAPE('','',#9629);
#9631=CONTEXT_DEPENDENT_SHAPE_REPRESENTATION(#9628,#9630);
#9632=(NAMED_UNIT(*)PLANE_ANGLE_UNIT()SI_UNIT($,.RADIAN.));
#9633=PLANE_ANGLE_MEASURE_WITH_UNIT(PLANE_ANGLE_MEASURE(0.0174532925),#9632);
#9634=(CONVERSION_BASED_UNIT('DEGREE',#9633)NAMED_UNIT(#9635)PLANE_ANGLE_UNIT());
#9635=DIMENSIONAL_EXPONENTS(0.,0.,0.,0.,0.,0.,0.);
#9636=(NAMED_UNIT(*)SI_UNIT($,.STERADIAN.)SOLID_ANGLE_UNIT());
#9637=(LENGTH_UNIT()NAMED_UNIT(*)SI_UNIT(.MILLI.,.METRE.));
#9638=UNCERTAINTY_MEASURE_WITH_UNIT(LENGTH_MEASURE(1.000000E-03),#9637,'DISTANCE_ACCURACY_VALUE','Maximum Tolerance applied to model');
#9639=(GEOMETRIC_REPRESENTATION_CONTEXT(3)GLOBAL_UNCERTAINTY_ASSIGNED_CONTEXT((#9638))GLOBAL_UNIT_ASSIGNED_CONTEXT((#9637,#9634,#9636))REPRESENTATION_CONTEXT('','R0603~R0603~QmFs'));
#9651=CARTESIAN_POINT('',(0.,0.,0.));
#9652=DIRECTION('',(0.,0.,1.));
#9653=DIRECTION('',(1.,0.,-0.));
#9654=AXIS2_PLACEMENT_3D('',#9651,#9652,#9653);
#9655=ITEM_DEFINED_TRANSFORMATION('','',#9654,#15);
#9656=(REPRESENTATION_RELATIONSHIP('','',#9641,#9613)REPRESENTATION_RELATIONSHIP_WITH_TRANSFORMATION(#9655)SHAPE_REPRESENTATION_RELATIONSHIP());
#9657=NEXT_ASSEMBLY_USAGE_OCCURRENCE('R0603~R0603~QmFs_30','R0603~R0603~QmFs','R0603~R0603~QmFs',#9622,#9650,$);
#9658=PRODUCT_DEFINITION_SHAPE('','',#9657);
#9659=CONTEXT_DEPENDENT_SHAPE_REPRESENTATION(#9656,#9658);
#9641=SHAPE_REPRESENTATION('R0603~R0603~QmFs',(#15),#9639);
#9660=CARTESIAN_POINT('',(0.,0.,0.));
#9661=DIRECTION('',(0.,0.,1.));
#9662=DIRECTION('',(1.,0.,0.));
#9663=AXIS2_PLACEMENT_3D('',#9660,#9661,#9662);
#9665=MAPPED_ITEM('',#9664,#9663);
#9664=REPRESENTATION_MAP(#9663,#9641);
#9649=PRODUCT('R0603~R0603~QmFs','R0603~R0603~QmFs','',(#8637));
#9666=PRODUCT_RELATED_PRODUCT_CATEGORY('part','',(#9649));
#9667=PRODUCT_DEFINITION_FORMATION_WITH_SPECIFIED_SOURCE('','',#9649,.NOT_KNOWN.);
#9650=PRODUCT_DEFINITION('design','',#9667,#8638);
#9648=PRODUCT_DEFINITION_SHAPE('','',#9650);
#9668=SHAPE_DEFINITION_REPRESENTATION(#9648,#9641);
#9640=DRAUGHTING_MODEL('',(#9665),#9639);
#9613=SHAPE_REPRESENTATION('R10~R0603~R0603~QmFs',(#15,#9654),#9611);
#9669=CARTESIAN_POINT('',(0.,0.,0.));
#9670=DIRECTION('',(0.,0.,1.));
#9671=DIRECTION('',(1.,0.,0.));
#9672=AXIS2_PLACEMENT_3D('',#9669,#9670,#9671);
#9674=MAPPED_ITEM('',#9673,#9672);
#9673=REPRESENTATION_MAP(#9672,#9613);
#9621=PRODUCT('R10~R0603~R0603~QmFs','R10~R0603~R0603~QmFs','',(#8637));
#9675=PRODUCT_RELATED_PRODUCT_CATEGORY('part','',(#9621));
#9676=PRODUCT_DEFINITION_FORMATION_WITH_SPECIFIED_SOURCE('','',#9621,.NOT_KNOWN.);
#9622=PRODUCT_DEFINITION('design','',#9676,#8638);
#9620=PRODUCT_DEFINITION_SHAPE('','',#9622);
#9677=SHAPE_DEFINITION_REPRESENTATION(#9620,#9613);
#9612=DRAUGHTING_MODEL('',(#9674),#9611);
#9678=(NAMED_UNIT(*)PLANE_ANGLE_UNIT()SI_UNIT($,.RADIAN.));
#9679=PLANE_ANGLE_MEASURE_WITH_UNIT(PLANE_ANGLE_MEASURE(0.0174532925),#9678);
#9680=(CONVERSION_BASED_UNIT('DEGREE',#9679)NAMED_UNIT(#9681)PLANE_ANGLE_UNIT());
#9681=DIMENSIONAL_EXPONENTS(0.,0.,0.,0.,0.,0.,0.);
#9682=(NAMED_UNIT(*)SI_UNIT($,.STERADIAN.)SOLID_ANGLE_UNIT());
#9683=(LENGTH_UNIT()NAMED_UNIT(*)SI_UNIT(.MILLI.,.METRE.));
#9684=UNCERTAINTY_MEASURE_WITH_UNIT(LENGTH_MEASURE(1.000000E-03),#9683,'DISTANCE_ACCURACY_VALUE','Maximum Tolerance applied to model');
#9685=(GEOMETRIC_REPRESENTATION_CONTEXT(3)GLOBAL_UNCERTAINTY_ASSIGNED_CONTEXT((#9684))GLOBAL_UNIT_ASSIGNED_CONTEXT((#9683,#9680,#9682))REPRESENTATION_CONTEXT('','R10~R0603~R0603~QmFs'));
#9697=CARTESIAN_POINT('',(0.,0.,0.));
#9698=DIRECTION('',(0.,0.,1.));
#9699=DIRECTION('',(1.,0.,-0.));
#9700=AXIS2_PLACEMENT_3D('',#9697,#9698,#9699);
#9701=ITEM_DEFINED_TRANSFORMATION('','',#9700,#15);
#9702=(REPRESENTATION_RELATIONSHIP('','',#9687,#8582)REPRESENTATION_RELATIONSHIP_WITH_TRANSFORMATION(#9701)SHAPE_REPRESENTATION_RELATIONSHIP());
#9703=NEXT_ASSEMBLY_USAGE_OCCURRENCE('R10~R0603~R0603~QmFs_31','R10~R0603~R0603~QmFs','R10~R0603~R0603~QmFs',#8591,#9696,$);
#9704=PRODUCT_DEFINITION_SHAPE('','',#9703);
#9705=CONTEXT_DEPENDENT_SHAPE_REPRESENTATION(#9702,#9704);
#9706=(NAMED_UNIT(*)PLANE_ANGLE_UNIT()SI_UNIT($,.RADIAN.));
#9707=PLANE_ANGLE_MEASURE_WITH_UNIT(PLANE_ANGLE_MEASURE(0.0174532925),#9706);
#9708=(CONVERSION_BASED_UNIT('DEGREE',#9707)NAMED_UNIT(#9709)PLANE_ANGLE_UNIT());
#9709=DIMENSIONAL_EXPONENTS(0.,0.,0.,0.,0.,0.,0.);
#9710=(NAMED_UNIT(*)SI_UNIT($,.STERADIAN.)SOLID_ANGLE_UNIT());
#9711=(LENGTH_UNIT()NAMED_UNIT(*)SI_UNIT(.MILLI.,.METRE.));
#9712=UNCERTAINTY_MEASURE_WITH_UNIT(LENGTH_MEASURE(1.000000E-03),#9711,'DISTANCE_ACCURACY_VALUE','Maximum Tolerance applied to model');
#9713=(GEOMETRIC_REPRESENTATION_CONTEXT(3)GLOBAL_UNCERTAINTY_ASSIGNED_CONTEXT((#9712))GLOBAL_UNIT_ASSIGNED_CONTEXT((#9711,#9708,#9710))REPRESENTATION_CONTEXT('','R0603~R0603~QmFs'));
#9725=CARTESIAN_POINT('',(0.,0.,0.));
#9726=DIRECTION('',(0.,0.,1.));
#9727=DIRECTION('',(1.,0.,-0.));
#9728=AXIS2_PLACEMENT_3D('',#9725,#9726,#9727);
#9729=ITEM_DEFINED_TRANSFORMATION('','',#9728,#15);
#9730=(REPRESENTATION_RELATIONSHIP('','',#9715,#9687)REPRESENTATION_RELATIONSHIP_WITH_TRANSFORMATION(#9729)SHAPE_REPRESENTATION_RELATIONSHIP());
#9731=NEXT_ASSEMBLY_USAGE_OCCURRENCE('R0603~R0603~QmFs_32','R0603~R0603~QmFs','R0603~R0603~QmFs',#9696,#9724,$);
#9732=PRODUCT_DEFINITION_SHAPE('','',#9731);
#9733=CONTEXT_DEPENDENT_SHAPE_REPRESENTATION(#9730,#9732);
#9715=SHAPE_REPRESENTATION('R0603~R0603~QmFs',(#15),#9713);
#9734=CARTESIAN_POINT('',(0.,0.,0.));
#9735=DIRECTION('',(0.,0.,1.));
#9736=DIRECTION('',(1.,0.,0.));
#9737=AXIS2_PLACEMENT_3D('',#9734,#9735,#9736);
#9739=MAPPED_ITEM('',#9738,#9737);
#9738=REPRESENTATION_MAP(#9737,#9715);
#9723=PRODUCT('R0603~R0603~QmFs','R0603~R0603~QmFs','',(#8637));
#9740=PRODUCT_RELATED_PRODUCT_CATEGORY('part','',(#9723));
#9741=PRODUCT_DEFINITION_FORMATION_WITH_SPECIFIED_SOURCE('','',#9723,.NOT_KNOWN.);
#9724=PRODUCT_DEFINITION('design','',#9741,#8638);
#9722=PRODUCT_DEFINITION_SHAPE('','',#9724);
#9742=SHAPE_DEFINITION_REPRESENTATION(#9722,#9715);
#9714=DRAUGHTING_MODEL('',(#9739),#9713);
#9687=SHAPE_REPRESENTATION('R10~R0603~R0603~QmFs',(#15,#9728),#9685);
#9743=CARTESIAN_POINT('',(0.,0.,0.));
#9744=DIRECTION('',(0.,0.,1.));
#9745=DIRECTION('',(1.,0.,0.));
#9746=AXIS2_PLACEMENT_3D('',#9743,#9744,#9745);
#9748=MAPPED_ITEM('',#9747,#9746);
#9747=REPRESENTATION_MAP(#9746,#9687);
#9695=PRODUCT('R10~R0603~R0603~QmFs','R10~R0603~R0603~QmFs','',(#8637));
#9749=PRODUCT_RELATED_PRODUCT_CATEGORY('part','',(#9695));
#9750=PRODUCT_DEFINITION_FORMATION_WITH_SPECIFIED_SOURCE('','',#9695,.NOT_KNOWN.);
#9696=PRODUCT_DEFINITION('design','',#9750,#8638);
#9694=PRODUCT_DEFINITION_SHAPE('','',#9696);
#9751=SHAPE_DEFINITION_REPRESENTATION(#9694,#9687);
#9686=DRAUGHTING_MODEL('',(#9748),#9685);
#9752=(NAMED_UNIT(*)PLANE_ANGLE_UNIT()SI_UNIT($,.RADIAN.));
#9753=PLANE_ANGLE_MEASURE_WITH_UNIT(PLANE_ANGLE_MEASURE(0.0174532925),#9752);
#9754=(CONVERSION_BASED_UNIT('DEGREE',#9753)NAMED_UNIT(#9755)PLANE_ANGLE_UNIT());
#9755=DIMENSIONAL_EXPONENTS(0.,0.,0.,0.,0.,0.,0.);
#9756=(NAMED_UNIT(*)SI_UNIT($,.STERADIAN.)SOLID_ANGLE_UNIT());
#9757=(LENGTH_UNIT()NAMED_UNIT(*)SI_UNIT(.MILLI.,.METRE.));
#9758=UNCERTAINTY_MEASURE_WITH_UNIT(LENGTH_MEASURE(1.000000E-03),#9757,'DISTANCE_ACCURACY_VALUE','Maximum Tolerance applied to model');
#9759=(GEOMETRIC_REPRESENTATION_CONTEXT(3)GLOBAL_UNCERTAINTY_ASSIGNED_CONTEXT((#9758))GLOBAL_UNIT_ASSIGNED_CONTEXT((#9757,#9754,#9756))REPRESENTATION_CONTEXT('','R10~R0603~R0603~QmFs'));
#9771=CARTESIAN_POINT('',(0.,0.,0.));
#9772=DIRECTION('',(0.,0.,1.));
#9773=DIRECTION('',(1.,0.,-0.));
#9774=AXIS2_PLACEMENT_3D('',#9771,#9772,#9773);
#9775=ITEM_DEFINED_TRANSFORMATION('','',#9774,#15);
#9776=(REPRESENTATION_RELATIONSHIP('','',#9761,#8582)REPRESENTATION_RELATIONSHIP_WITH_TRANSFORMATION(#9775)SHAPE_REPRESENTATION_RELATIONSHIP());
#9777=NEXT_ASSEMBLY_USAGE_OCCURRENCE('R10~R0603~R0603~QmFs_33','R10~R0603~R0603~QmFs','R10~R0603~R0603~QmFs',#8591,#9770,$);
#9778=PRODUCT_DEFINITION_SHAPE('','',#9777);
#9779=CONTEXT_DEPENDENT_SHAPE_REPRESENTATION(#9776,#9778);
#9780=(NAMED_UNIT(*)PLANE_ANGLE_UNIT()SI_UNIT($,.RADIAN.));
#9781=PLANE_ANGLE_MEASURE_WITH_UNIT(PLANE_ANGLE_MEASURE(0.0174532925),#9780);
#9782=(CONVERSION_BASED_UNIT('DEGREE',#9781)NAMED_UNIT(#9783)PLANE_ANGLE_UNIT());
#9783=DIMENSIONAL_EXPONENTS(0.,0.,0.,0.,0.,0.,0.);
#9784=(NAMED_UNIT(*)SI_UNIT($,.STERADIAN.)SOLID_ANGLE_UNIT());
#9785=(LENGTH_UNIT()NAMED_UNIT(*)SI_UNIT(.MILLI.,.METRE.));
#9786=UNCERTAINTY_MEASURE_WITH_UNIT(LENGTH_MEASURE(1.000000E-03),#9785,'DISTANCE_ACCURACY_VALUE','Maximum Tolerance applied to model');
#9787=(GEOMETRIC_REPRESENTATION_CONTEXT(3)GLOBAL_UNCERTAINTY_ASSIGNED_CONTEXT((#9786))GLOBAL_UNIT_ASSIGNED_CONTEXT((#9785,#9782,#9784))REPRESENTATION_CONTEXT('','R0603~R0603~QmFs'));
#9799=CARTESIAN_POINT('',(0.,0.,0.));
#9800=DIRECTION('',(0.,0.,1.));
#9801=DIRECTION('',(1.,0.,-0.));
#9802=AXIS2_PLACEMENT_3D('',#9799,#9800,#9801);
#9803=ITEM_DEFINED_TRANSFORMATION('','',#9802,#15);
#9804=(REPRESENTATION_RELATIONSHIP('','',#9789,#9761)REPRESENTATION_RELATIONSHIP_WITH_TRANSFORMATION(#9803)SHAPE_REPRESENTATION_RELATIONSHIP());
#9805=NEXT_ASSEMBLY_USAGE_OCCURRENCE('R0603~R0603~QmFs_34','R0603~R0603~QmFs','R0603~R0603~QmFs',#9770,#9798,$);
#9806=PRODUCT_DEFINITION_SHAPE('','',#9805);
#9807=CONTEXT_DEPENDENT_SHAPE_REPRESENTATION(#9804,#9806);
#9789=SHAPE_REPRESENTATION('R0603~R0603~QmFs',(#15),#9787);
#9808=CARTESIAN_POINT('',(0.,0.,0.));
#9809=DIRECTION('',(0.,0.,1.));
#9810=DIRECTION('',(1.,0.,0.));
#9811=AXIS2_PLACEMENT_3D('',#9808,#9809,#9810);
#9813=MAPPED_ITEM('',#9812,#9811);
#9812=REPRESENTATION_MAP(#9811,#9789);
#9797=PRODUCT('R0603~R0603~QmFs','R0603~R0603~QmFs','',(#8637));
#9814=PRODUCT_RELATED_PRODUCT_CATEGORY('part','',(#9797));
#9815=PRODUCT_DEFINITION_FORMATION_WITH_SPECIFIED_SOURCE('','',#9797,.NOT_KNOWN.);
#9798=PRODUCT_DEFINITION('design','',#9815,#8638);
#9796=PRODUCT_DEFINITION_SHAPE('','',#9798);
#9816=SHAPE_DEFINITION_REPRESENTATION(#9796,#9789);
#9788=DRAUGHTING_MODEL('',(#9813),#9787);
#9761=SHAPE_REPRESENTATION('R10~R0603~R0603~QmFs',(#15,#9802),#9759);
#9817=CARTESIAN_POINT('',(0.,0.,0.));
#9818=DIRECTION('',(0.,0.,1.));
#9819=DIRECTION('',(1.,0.,0.));
#9820=AXIS2_PLACEMENT_3D('',#9817,#9818,#9819);
#9822=MAPPED_ITEM('',#9821,#9820);
#9821=REPRESENTATION_MAP(#9820,#9761);
#9769=PRODUCT('R10~R0603~R0603~QmFs','R10~R0603~R0603~QmFs','',(#8637));
#9823=PRODUCT_RELATED_PRODUCT_CATEGORY('part','',(#9769));
#9824=PRODUCT_DEFINITION_FORMATION_WITH_SPECIFIED_SOURCE('','',#9769,.NOT_KNOWN.);
#9770=PRODUCT_DEFINITION('design','',#9824,#8638);
#9768=PRODUCT_DEFINITION_SHAPE('','',#9770);
#9825=SHAPE_DEFINITION_REPRESENTATION(#9768,#9761);
#9760=DRAUGHTING_MODEL('',(#9822),#9759);
#9826=(NAMED_UNIT(*)PLANE_ANGLE_UNIT()SI_UNIT($,.RADIAN.));
#9827=PLANE_ANGLE_MEASURE_WITH_UNIT(PLANE_ANGLE_MEASURE(0.0174532925),#9826);
#9828=(CONVERSION_BASED_UNIT('DEGREE',#9827)NAMED_UNIT(#9829)PLANE_ANGLE_UNIT());
#9829=DIMENSIONAL_EXPONENTS(0.,0.,0.,0.,0.,0.,0.);
#9830=(NAMED_UNIT(*)SI_UNIT($,.STERADIAN.)SOLID_ANGLE_UNIT());
#9831=(LENGTH_UNIT()NAMED_UNIT(*)SI_UNIT(.MILLI.,.METRE.));
#9832=UNCERTAINTY_MEASURE_WITH_UNIT(LENGTH_MEASURE(1.000000E-03),#9831,'DISTANCE_ACCURACY_VALUE','Maximum Tolerance applied to model');
#9833=(GEOMETRIC_REPRESENTATION_CONTEXT(3)GLOBAL_UNCERTAINTY_ASSIGNED_CONTEXT((#9832))GLOBAL_UNIT_ASSIGNED_CONTEXT((#9831,#9828,#9830))REPRESENTATION_CONTEXT('','R10~R0603~R0603~QmFs'));
#9845=CARTESIAN_POINT('',(0.,0.,0.));
#9846=DIRECTION('',(0.,0.,1.));
#9847=DIRECTION('',(1.,0.,-0.));
#9848=AXIS2_PLACEMENT_3D('',#9845,#9846,#9847);
#9849=ITEM_DEFINED_TRANSFORMATION('','',#9848,#15);
#9850=(REPRESENTATION_RELATIONSHIP('','',#9835,#8582)REPRESENTATION_RELATIONSHIP_WITH_TRANSFORMATION(#9849)SHAPE_REPRESENTATION_RELATIONSHIP());
#9851=NEXT_ASSEMBLY_USAGE_OCCURRENCE('R10~R0603~R0603~QmFs_35','R10~R0603~R0603~QmFs','R10~R0603~R0603~QmFs',#8591,#9844,$);
#9852=PRODUCT_DEFINITION_SHAPE('','',#9851);
#9853=CONTEXT_DEPENDENT_SHAPE_REPRESENTATION(#9850,#9852);
#9854=(NAMED_UNIT(*)PLANE_ANGLE_UNIT()SI_UNIT($,.RADIAN.));
#9855=PLANE_ANGLE_MEASURE_WITH_UNIT(PLANE_ANGLE_MEASURE(0.0174532925),#9854);
#9856=(CONVERSION_BASED_UNIT('DEGREE',#9855)NAMED_UNIT(#9857)PLANE_ANGLE_UNIT());
#9857=DIMENSIONAL_EXPONENTS(0.,0.,0.,0.,0.,0.,0.);
#9858=(NAMED_UNIT(*)SI_UNIT($,.STERADIAN.)SOLID_ANGLE_UNIT());
#9859=(LENGTH_UNIT()NAMED_UNIT(*)SI_UNIT(.MILLI.,.METRE.));
#9860=UNCERTAINTY_MEASURE_WITH_UNIT(LENGTH_MEASURE(1.000000E-03),#9859,'DISTANCE_ACCURACY_VALUE','Maximum Tolerance applied to model');
#9861=(GEOMETRIC_REPRESENTATION_CONTEXT(3)GLOBAL_UNCERTAINTY_ASSIGNED_CONTEXT((#9860))GLOBAL_UNIT_ASSIGNED_CONTEXT((#9859,#9856,#9858))REPRESENTATION_CONTEXT('','R0603~R0603~QmFs'));
#9873=CARTESIAN_POINT('',(0.,0.,0.));
#9874=DIRECTION('',(0.,0.,1.));
#9875=DIRECTION('',(1.,0.,-0.));
#9876=AXIS2_PLACEMENT_3D('',#9873,#9874,#9875);
#9877=ITEM_DEFINED_TRANSFORMATION('','',#9876,#15);
#9878=(REPRESENTATION_RELATIONSHIP('','',#9863,#9835)REPRESENTATION_RELATIONSHIP_WITH_TRANSFORMATION(#9877)SHAPE_REPRESENTATION_RELATIONSHIP());
#9879=NEXT_ASSEMBLY_USAGE_OCCURRENCE('R0603~R0603~QmFs_36','R0603~R0603~QmFs','R0603~R0603~QmFs',#9844,#9872,$);
#9880=PRODUCT_DEFINITION_SHAPE('','',#9879);
#9881=CONTEXT_DEPENDENT_SHAPE_REPRESENTATION(#9878,#9880);
#9863=SHAPE_REPRESENTATION('R0603~R0603~QmFs',(#15),#9861);
#9882=CARTESIAN_POINT('',(0.,0.,0.));
#9883=DIRECTION('',(0.,0.,1.));
#9884=DIRECTION('',(1.,0.,0.));
#9885=AXIS2_PLACEMENT_3D('',#9882,#9883,#9884);
#9887=MAPPED_ITEM('',#9886,#9885);
#9886=REPRESENTATION_MAP(#9885,#9863);
#9871=PRODUCT('R0603~R0603~QmFs','R0603~R0603~QmFs','',(#8637));
#9888=PRODUCT_RELATED_PRODUCT_CATEGORY('part','',(#9871));
#9889=PRODUCT_DEFINITION_FORMATION_WITH_SPECIFIED_SOURCE('','',#9871,.NOT_KNOWN.);
#9872=PRODUCT_DEFINITION('design','',#9889,#8638);
#9870=PRODUCT_DEFINITION_SHAPE('','',#9872);
#9890=SHAPE_DEFINITION_REPRESENTATION(#9870,#9863);
#9862=DRAUGHTING_MODEL('',(#9887),#9861);
#9835=SHAPE_REPRESENTATION('R10~R0603~R0603~QmFs',(#15,#9876),#9833);
#9891=CARTESIAN_POINT('',(0.,0.,0.));
#9892=DIRECTION('',(0.,0.,1.));
#9893=DIRECTION('',(1.,0.,0.));
#9894=AXIS2_PLACEMENT_3D('',#9891,#9892,#9893);
#9896=MAPPED_ITEM('',#9895,#9894);
#9895=REPRESENTATION_MAP(#9894,#9835);
#9843=PRODUCT('R10~R0603~R0603~QmFs','R10~R0603~R0603~QmFs','',(#8637));
#9897=PRODUCT_RELATED_PRODUCT_CATEGORY('part','',(#9843));
#9898=PRODUCT_DEFINITION_FORMATION_WITH_SPECIFIED_SOURCE('','',#9843,.NOT_KNOWN.);
#9844=PRODUCT_DEFINITION('design','',#9898,#8638);
#9842=PRODUCT_DEFINITION_SHAPE('','',#9844);
#9899=SHAPE_DEFINITION_REPRESENTATION(#9842,#9835);
#9834=DRAUGHTING_MODEL('',(#9896),#9833);
#9900=(NAMED_UNIT(*)PLANE_ANGLE_UNIT()SI_UNIT($,.RADIAN.));
#9901=PLANE_ANGLE_MEASURE_WITH_UNIT(PLANE_ANGLE_MEASURE(0.0174532925),#9900);
#9902=(CONVERSION_BASED_UNIT('DEGREE',#9901)NAMED_UNIT(#9903)PLANE_ANGLE_UNIT());
#9903=DIMENSIONAL_EXPONENTS(0.,0.,0.,0.,0.,0.,0.);
#9904=(NAMED_UNIT(*)SI_UNIT($,.STERADIAN.)SOLID_ANGLE_UNIT());
#9905=(LENGTH_UNIT()NAMED_UNIT(*)SI_UNIT(.MILLI.,.METRE.));
#9906=UNCERTAINTY_MEASURE_WITH_UNIT(LENGTH_MEASURE(1.000000E-03),#9905,'DISTANCE_ACCURACY_VALUE','Maximum Tolerance applied to model');
#9907=(GEOMETRIC_REPRESENTATION_CONTEXT(3)GLOBAL_UNCERTAINTY_ASSIGNED_CONTEXT((#9906))GLOBAL_UNIT_ASSIGNED_CONTEXT((#9905,#9902,#9904))REPRESENTATION_CONTEXT('','R10~R0603~R0603~QmFs'));
#9919=CARTESIAN_POINT('',(0.,0.,0.));
#9920=DIRECTION('',(0.,0.,1.));
#9921=DIRECTION('',(1.,0.,-0.));
#9922=AXIS2_PLACEMENT_3D('',#9919,#9920,#9921);
#9923=ITEM_DEFINED_TRANSFORMATION('','',#9922,#15);
#9924=(REPRESENTATION_RELATIONSHIP('','',#9909,#8582)REPRESENTATION_RELATIONSHIP_WITH_TRANSFORMATION(#9923)SHAPE_REPRESENTATION_RELATIONSHIP());
#9925=NEXT_ASSEMBLY_USAGE_OCCURRENCE('R10~R0603~R0603~QmFs_37','R10~R0603~R0603~QmFs','R10~R0603~R0603~QmFs',#8591,#9918,$);
#9926=PRODUCT_DEFINITION_SHAPE('','',#9925);
#9927=CONTEXT_DEPENDENT_SHAPE_REPRESENTATION(#9924,#9926);
#9928=(NAMED_UNIT(*)PLANE_ANGLE_UNIT()SI_UNIT($,.RADIAN.));
#9929=PLANE_ANGLE_MEASURE_WITH_UNIT(PLANE_ANGLE_MEASURE(0.0174532925),#9928);
#9930=(CONVERSION_BASED_UNIT('DEGREE',#9929)NAMED_UNIT(#9931)PLANE_ANGLE_UNIT());
#9931=DIMENSIONAL_EXPONENTS(0.,0.,0.,0.,0.,0.,0.);
#9932=(NAMED_UNIT(*)SI_UNIT($,.STERADIAN.)SOLID_ANGLE_UNIT());
#9933=(LENGTH_UNIT()NAMED_UNIT(*)SI_UNIT(.MILLI.,.METRE.));
#9934=UNCERTAINTY_MEASURE_WITH_UNIT(LENGTH_MEASURE(1.000000E-03),#9933,'DISTANCE_ACCURACY_VALUE','Maximum Tolerance applied to model');
#9935=(GEOMETRIC_REPRESENTATION_CONTEXT(3)GLOBAL_UNCERTAINTY_ASSIGNED_CONTEXT((#9934))GLOBAL_UNIT_ASSIGNED_CONTEXT((#9933,#9930,#9932))REPRESENTATION_CONTEXT('','R0603~R0603~QmFs'));
#9947=CARTESIAN_POINT('',(0.,0.,0.));
#9948=DIRECTION('',(0.,0.,1.));
#9949=DIRECTION('',(1.,0.,-0.));
#9950=AXIS2_PLACEMENT_3D('',#9947,#9948,#9949);
#9951=ITEM_DEFINED_TRANSFORMATION('','',#9950,#15);
#9952=(REPRESENTATION_RELATIONSHIP('','',#9937,#9909)REPRESENTATION_RELATIONSHIP_WITH_TRANSFORMATION(#9951)SHAPE_REPRESENTATION_RELATIONSHIP());
#9953=NEXT_ASSEMBLY_USAGE_OCCURRENCE('R0603~R0603~QmFs_38','R0603~R0603~QmFs','R0603~R0603~QmFs',#9918,#9946,$);
#9954=PRODUCT_DEFINITION_SHAPE('','',#9953);
#9955=CONTEXT_DEPENDENT_SHAPE_REPRESENTATION(#9952,#9954);
#9937=SHAPE_REPRESENTATION('R0603~R0603~QmFs',(#15),#9935);
#9956=CARTESIAN_POINT('',(0.,0.,0.));
#9957=DIRECTION('',(0.,0.,1.));
#9958=DIRECTION('',(1.,0.,0.));
#9959=AXIS2_PLACEMENT_3D('',#9956,#9957,#9958);
#9961=MAPPED_ITEM('',#9960,#9959);
#9960=REPRESENTATION_MAP(#9959,#9937);
#9945=PRODUCT('R0603~R0603~QmFs','R0603~R0603~QmFs','',(#8637));
#9962=PRODUCT_RELATED_PRODUCT_CATEGORY('part','',(#9945));
#9963=PRODUCT_DEFINITION_FORMATION_WITH_SPECIFIED_SOURCE('','',#9945,.NOT_KNOWN.);
#9946=PRODUCT_DEFINITION('design','',#9963,#8638);
#9944=PRODUCT_DEFINITION_SHAPE('','',#9946);
#9964=SHAPE_DEFINITION_REPRESENTATION(#9944,#9937);
#9936=DRAUGHTING_MODEL('',(#9961),#9935);
#9909=SHAPE_REPRESENTATION('R10~R0603~R0603~QmFs',(#15,#9950),#9907);
#9965=CARTESIAN_POINT('',(0.,0.,0.));
#9966=DIRECTION('',(0.,0.,1.));
#9967=DIRECTION('',(1.,0.,0.));
#9968=AXIS2_PLACEMENT_3D('',#9965,#9966,#9967);
#9970=MAPPED_ITEM('',#9969,#9968);
#9969=REPRESENTATION_MAP(#9968,#9909);
#9917=PRODUCT('R10~R0603~R0603~QmFs','R10~R0603~R0603~QmFs','',(#8637));
#9971=PRODUCT_RELATED_PRODUCT_CATEGORY('part','',(#9917));
#9972=PRODUCT_DEFINITION_FORMATION_WITH_SPECIFIED_SOURCE('','',#9917,.NOT_KNOWN.);
#9918=PRODUCT_DEFINITION('design','',#9972,#8638);
#9916=PRODUCT_DEFINITION_SHAPE('','',#9918);
#9973=SHAPE_DEFINITION_REPRESENTATION(#9916,#9909);
#9908=DRAUGHTING_MODEL('',(#9970),#9907);
#9974=(NAMED_UNIT(*)PLANE_ANGLE_UNIT()SI_UNIT($,.RADIAN.));
#9975=PLANE_ANGLE_MEASURE_WITH_UNIT(PLANE_ANGLE_MEASURE(0.0174532925),#9974);
#9976=(CONVERSION_BASED_UNIT('DEGREE',#9975)NAMED_UNIT(#9977)PLANE_ANGLE_UNIT());
#9977=DIMENSIONAL_EXPONENTS(0.,0.,0.,0.,0.,0.,0.);
#9978=(NAMED_UNIT(*)SI_UNIT($,.STERADIAN.)SOLID_ANGLE_UNIT());
#9979=(LENGTH_UNIT()NAMED_UNIT(*)SI_UNIT(.MILLI.,.METRE.));
#9980=UNCERTAINTY_MEASURE_WITH_UNIT(LENGTH_MEASURE(1.000000E-03),#9979,'DISTANCE_ACCURACY_VALUE','Maximum Tolerance applied to model');
#9981=(GEOMETRIC_REPRESENTATION_CONTEXT(3)GLOBAL_UNCERTAINTY_ASSIGNED_CONTEXT((#9980))GLOBAL_UNIT_ASSIGNED_CONTEXT((#9979,#9976,#9978))REPRESENTATION_CONTEXT('','R10~R0603~R0603~QmFs'));
#9993=CARTESIAN_POINT('',(0.,0.,0.));
#9994=DIRECTION('',(0.,0.,1.));
#9995=DIRECTION('',(1.,0.,-0.));
#9996=AXIS2_PLACEMENT_3D('',#9993,#9994,#9995);
#9997=ITEM_DEFINED_TRANSFORMATION('','',#9996,#15);
#9998=(REPRESENTATION_RELATIONSHIP('','',#9983,#8582)REPRESENTATION_RELATIONSHIP_WITH_TRANSFORMATION(#9997)SHAPE_REPRESENTATION_RELATIONSHIP());
#9999=NEXT_ASSEMBLY_USAGE_OCCURRENCE('R10~R0603~R0603~QmFs_39','R10~R0603~R0603~QmFs','R10~R0603~R0603~QmFs',#8591,#9992,$);
#10000=PRODUCT_DEFINITION_SHAPE('','',#9999);
#10001=CONTEXT_DEPENDENT_SHAPE_REPRESENTATION(#9998,#10000);
#10002=(NAMED_UNIT(*)PLANE_ANGLE_UNIT()SI_UNIT($,.RADIAN.));
#10003=PLANE_ANGLE_MEASURE_WITH_UNIT(PLANE_ANGLE_MEASURE(0.0174532925),#10002);
#10004=(CONVERSION_BASED_UNIT('DEGREE',#10003)NAMED_UNIT(#10005)PLANE_ANGLE_UNIT());
#10005=DIMENSIONAL_EXPONENTS(0.,0.,0.,0.,0.,0.,0.);
#10006=(NAMED_UNIT(*)SI_UNIT($,.STERADIAN.)SOLID_ANGLE_UNIT());
#10007=(LENGTH_UNIT()NAMED_UNIT(*)SI_UNIT(.MILLI.,.METRE.));
#10008=UNCERTAINTY_MEASURE_WITH_UNIT(LENGTH_MEASURE(1.000000E-03),#10007,'DISTANCE_ACCURACY_VALUE','Maximum Tolerance applied to model');
#10009=(GEOMETRIC_REPRESENTATION_CONTEXT(3)GLOBAL_UNCERTAINTY_ASSIGNED_CONTEXT((#10008))GLOBAL_UNIT_ASSIGNED_CONTEXT((#10007,#10004,#10006))REPRESENTATION_CONTEXT('','R0603~R0603~QmFs'));
#10021=CARTESIAN_POINT('',(0.,0.,0.));
#10022=DIRECTION('',(0.,0.,1.));
#10023=DIRECTION('',(1.,0.,-0.));
#10024=AXIS2_PLACEMENT_3D('',#10021,#10022,#10023);
#10025=ITEM_DEFINED_TRANSFORMATION('','',#10024,#15);
#10026=(REPRESENTATION_RELATIONSHIP('','',#10011,#9983)REPRESENTATION_RELATIONSHIP_WITH_TRANSFORMATION(#10025)SHAPE_REPRESENTATION_RELATIONSHIP());
#10027=NEXT_ASSEMBLY_USAGE_OCCURRENCE('R0603~R0603~QmFs_40','R0603~R0603~QmFs','R0603~R0603~QmFs',#9992,#10020,$);
#10028=PRODUCT_DEFINITION_SHAPE('','',#10027);
#10029=CONTEXT_DEPENDENT_SHAPE_REPRESENTATION(#10026,#10028);
#10011=SHAPE_REPRESENTATION('R0603~R0603~QmFs',(#15),#10009);
#10030=CARTESIAN_POINT('',(0.,0.,0.));
#10031=DIRECTION('',(0.,0.,1.));
#10032=DIRECTION('',(1.,0.,0.));
#10033=AXIS2_PLACEMENT_3D('',#10030,#10031,#10032);
#10035=MAPPED_ITEM('',#10034,#10033);
#10034=REPRESENTATION_MAP(#10033,#10011);
#10019=PRODUCT('R0603~R0603~QmFs','R0603~R0603~QmFs','',(#8637));
#10036=PRODUCT_RELATED_PRODUCT_CATEGORY('part','',(#10019));
#10037=PRODUCT_DEFINITION_FORMATION_WITH_SPECIFIED_SOURCE('','',#10019,.NOT_KNOWN.);
#10020=PRODUCT_DEFINITION('design','',#10037,#8638);
#10018=PRODUCT_DEFINITION_SHAPE('','',#10020);
#10038=SHAPE_DEFINITION_REPRESENTATION(#10018,#10011);
#10010=DRAUGHTING_MODEL('',(#10035),#10009);
#9983=SHAPE_REPRESENTATION('R10~R0603~R0603~QmFs',(#15,#10024),#9981);
#10039=CARTESIAN_POINT('',(0.,0.,0.));
#10040=DIRECTION('',(0.,0.,1.));
#10041=DIRECTION('',(1.,0.,0.));
#10042=AXIS2_PLACEMENT_3D('',#10039,#10040,#10041);
#10044=MAPPED_ITEM('',#10043,#10042);
#10043=REPRESENTATION_MAP(#10042,#9983);
#9991=PRODUCT('R10~R0603~R0603~QmFs','R10~R0603~R0603~QmFs','',(#8637));
#10045=PRODUCT_RELATED_PRODUCT_CATEGORY('part','',(#9991));
#10046=PRODUCT_DEFINITION_FORMATION_WITH_SPECIFIED_SOURCE('','',#9991,.NOT_KNOWN.);
#9992=PRODUCT_DEFINITION('design','',#10046,#8638);
#9990=PRODUCT_DEFINITION_SHAPE('','',#9992);
#10047=SHAPE_DEFINITION_REPRESENTATION(#9990,#9983);
#9982=DRAUGHTING_MODEL('',(#10044),#9981);
#10048=(NAMED_UNIT(*)PLANE_ANGLE_UNIT()SI_UNIT($,.RADIAN.));
#10049=PLANE_ANGLE_MEASURE_WITH_UNIT(PLANE_ANGLE_MEASURE(0.0174532925),#10048);
#10050=(CONVERSION_BASED_UNIT('DEGREE',#10049)NAMED_UNIT(#10051)PLANE_ANGLE_UNIT());
#10051=DIMENSIONAL_EXPONENTS(0.,0.,0.,0.,0.,0.,0.);
#10052=(NAMED_UNIT(*)SI_UNIT($,.STERADIAN.)SOLID_ANGLE_UNIT());
#10053=(LENGTH_UNIT()NAMED_UNIT(*)SI_UNIT(.MILLI.,.METRE.));
#10054=UNCERTAINTY_MEASURE_WITH_UNIT(LENGTH_MEASURE(1.000000E-03),#10053,'DISTANCE_ACCURACY_VALUE','Maximum Tolerance applied to model');
#10055=(GEOMETRIC_REPRESENTATION_CONTEXT(3)GLOBAL_UNCERTAINTY_ASSIGNED_CONTEXT((#10054))GLOBAL_UNIT_ASSIGNED_CONTEXT((#10053,#10050,#10052))REPRESENTATION_CONTEXT('','R10~R0603~R0603~QmFs'));
#10067=CARTESIAN_POINT('',(0.,0.,0.));
#10068=DIRECTION('',(0.,0.,1.));
#10069=DIRECTION('',(1.,0.,-0.));
#10070=AXIS2_PLACEMENT_3D('',#10067,#10068,#10069);
#10071=ITEM_DEFINED_TRANSFORMATION('','',#10070,#15);
#10072=(REPRESENTATION_RELATIONSHIP('','',#10057,#8582)REPRESENTATION_RELATIONSHIP_WITH_TRANSFORMATION(#10071)SHAPE_REPRESENTATION_RELATIONSHIP());
#10073=NEXT_ASSEMBLY_USAGE_OCCURRENCE('R10~R0603~R0603~QmFs_41','R10~R0603~R0603~QmFs','R10~R0603~R0603~QmFs',#8591,#10066,$);
#10074=PRODUCT_DEFINITION_SHAPE('','',#10073);
#10075=CONTEXT_DEPENDENT_SHAPE_REPRESENTATION(#10072,#10074);
#10076=(NAMED_UNIT(*)PLANE_ANGLE_UNIT()SI_UNIT($,.RADIAN.));
#10077=PLANE_ANGLE_MEASURE_WITH_UNIT(PLANE_ANGLE_MEASURE(0.0174532925),#10076);
#10078=(CONVERSION_BASED_UNIT('DEGREE',#10077)NAMED_UNIT(#10079)PLANE_ANGLE_UNIT());
#10079=DIMENSIONAL_EXPONENTS(0.,0.,0.,0.,0.,0.,0.);
#10080=(NAMED_UNIT(*)SI_UNIT($,.STERADIAN.)SOLID_ANGLE_UNIT());
#10081=(LENGTH_UNIT()NAMED_UNIT(*)SI_UNIT(.MILLI.,.METRE.));
#10082=UNCERTAINTY_MEASURE_WITH_UNIT(LENGTH_MEASURE(1.000000E-03),#10081,'DISTANCE_ACCURACY_VALUE','Maximum Tolerance applied to model');
#10083=(GEOMETRIC_REPRESENTATION_CONTEXT(3)GLOBAL_UNCERTAINTY_ASSIGNED_CONTEXT((#10082))GLOBAL_UNIT_ASSIGNED_CONTEXT((#10081,#10078,#10080))REPRESENTATION_CONTEXT('','R0603~R0603~QmFs'));
#10095=CARTESIAN_POINT('',(0.,0.,0.));
#10096=DIRECTION('',(0.,0.,1.));
#10097=DIRECTION('',(1.,0.,-0.));
#10098=AXIS2_PLACEMENT_3D('',#10095,#10096,#10097);
#10099=ITEM_DEFINED_TRANSFORMATION('','',#10098,#15);
#10100=(REPRESENTATION_RELATIONSHIP('','',#10085,#10057)REPRESENTATION_RELATIONSHIP_WITH_TRANSFORMATION(#10099)SHAPE_REPRESENTATION_RELATIONSHIP());
#10101=NEXT_ASSEMBLY_USAGE_OCCURRENCE('R0603~R0603~QmFs_42','R0603~R0603~QmFs','R0603~R0603~QmFs',#10066,#10094,$);
#10102=PRODUCT_DEFINITION_SHAPE('','',#10101);
#10103=CONTEXT_DEPENDENT_SHAPE_REPRESENTATION(#10100,#10102);
#10085=SHAPE_REPRESENTATION('R0603~R0603~QmFs',(#15),#10083);
#10104=CARTESIAN_POINT('',(0.,0.,0.));
#10105=DIRECTION('',(0.,0.,1.));
#10106=DIRECTION('',(1.,0.,0.));
#10107=AXIS2_PLACEMENT_3D('',#10104,#10105,#10106);
#10109=MAPPED_ITEM('',#10108,#10107);
#10108=REPRESENTATION_MAP(#10107,#10085);
#10093=PRODUCT('R0603~R0603~QmFs','R0603~R0603~QmFs','',(#8637));
#10110=PRODUCT_RELATED_PRODUCT_CATEGORY('part','',(#10093));
#10111=PRODUCT_DEFINITION_FORMATION_WITH_SPECIFIED_SOURCE('','',#10093,.NOT_KNOWN.);
#10094=PRODUCT_DEFINITION('design','',#10111,#8638);
#10092=PRODUCT_DEFINITION_SHAPE('','',#10094);
#10112=SHAPE_DEFINITION_REPRESENTATION(#10092,#10085);
#10084=DRAUGHTING_MODEL('',(#10109),#10083);
#10057=SHAPE_REPRESENTATION('R10~R0603~R0603~QmFs',(#15,#10098),#10055);
#10113=CARTESIAN_POINT('',(0.,0.,0.));
#10114=DIRECTION('',(0.,0.,1.));
#10115=DIRECTION('',(1.,0.,0.));
#10116=AXIS2_PLACEMENT_3D('',#10113,#10114,#10115);
#10118=MAPPED_ITEM('',#10117,#10116);
#10117=REPRESENTATION_MAP(#10116,#10057);
#10065=PRODUCT('R10~R0603~R0603~QmFs','R10~R0603~R0603~QmFs','',(#8637));
#10119=PRODUCT_RELATED_PRODUCT_CATEGORY('part','',(#10065));
#10120=PRODUCT_DEFINITION_FORMATION_WITH_SPECIFIED_SOURCE('','',#10065,.NOT_KNOWN.);
#10066=PRODUCT_DEFINITION('design','',#10120,#8638);
#10064=PRODUCT_DEFINITION_SHAPE('','',#10066);
#10121=SHAPE_DEFINITION_REPRESENTATION(#10064,#10057);
#10056=DRAUGHTING_MODEL('',(#10118),#10055);
#10122=(NAMED_UNIT(*)PLANE_ANGLE_UNIT()SI_UNIT($,.RADIAN.));
#10123=PLANE_ANGLE_MEASURE_WITH_UNIT(PLANE_ANGLE_MEASURE(0.0174532925),#10122);
#10124=(CONVERSION_BASED_UNIT('DEGREE',#10123)NAMED_UNIT(#10125)PLANE_ANGLE_UNIT());
#10125=DIMENSIONAL_EXPONENTS(0.,0.,0.,0.,0.,0.,0.);
#10126=(NAMED_UNIT(*)SI_UNIT($,.STERADIAN.)SOLID_ANGLE_UNIT());
#10127=(LENGTH_UNIT()NAMED_UNIT(*)SI_UNIT(.MILLI.,.METRE.));
#10128=UNCERTAINTY_MEASURE_WITH_UNIT(LENGTH_MEASURE(1.000000E-03),#10127,'DISTANCE_ACCURACY_VALUE','Maximum Tolerance applied to model');
#10129=(GEOMETRIC_REPRESENTATION_CONTEXT(3)GLOBAL_UNCERTAINTY_ASSIGNED_CONTEXT((#10128))GLOBAL_UNIT_ASSIGNED_CONTEXT((#10127,#10124,#10126))REPRESENTATION_CONTEXT('','R10~R0603~R0603~QmFs'));
#10141=CARTESIAN_POINT('',(0.,0.,0.));
#10142=DIRECTION('',(0.,0.,1.));
#10143=DIRECTION('',(1.,0.,-0.));
#10144=AXIS2_PLACEMENT_3D('',#10141,#10142,#10143);
#10145=ITEM_DEFINED_TRANSFORMATION('','',#10144,#15);
#10146=(REPRESENTATION_RELATIONSHIP('','',#10131,#8582)REPRESENTATION_RELATIONSHIP_WITH_TRANSFORMATION(#10145)SHAPE_REPRESENTATION_RELATIONSHIP());
#10147=NEXT_ASSEMBLY_USAGE_OCCURRENCE('R10~R0603~R0603~QmFs_43','R10~R0603~R0603~QmFs','R10~R0603~R0603~QmFs',#8591,#10140,$);
#10148=PRODUCT_DEFINITION_SHAPE('','',#10147);
#10149=CONTEXT_DEPENDENT_SHAPE_REPRESENTATION(#10146,#10148);
#10150=(NAMED_UNIT(*)PLANE_ANGLE_UNIT()SI_UNIT($,.RADIAN.));
#10151=PLANE_ANGLE_MEASURE_WITH_UNIT(PLANE_ANGLE_MEASURE(0.0174532925),#10150);
#10152=(CONVERSION_BASED_UNIT('DEGREE',#10151)NAMED_UNIT(#10153)PLANE_ANGLE_UNIT());
#10153=DIMENSIONAL_EXPONENTS(0.,0.,0.,0.,0.,0.,0.);
#10154=(NAMED_UNIT(*)SI_UNIT($,.STERADIAN.)SOLID_ANGLE_UNIT());
#10155=(LENGTH_UNIT()NAMED_UNIT(*)SI_UNIT(.MILLI.,.METRE.));
#10156=UNCERTAINTY_MEASURE_WITH_UNIT(LENGTH_MEASURE(1.000000E-03),#10155,'DISTANCE_ACCURACY_VALUE','Maximum Tolerance applied to model');
#10157=(GEOMETRIC_REPRESENTATION_CONTEXT(3)GLOBAL_UNCERTAINTY_ASSIGNED_CONTEXT((#10156))GLOBAL_UNIT_ASSIGNED_CONTEXT((#10155,#10152,#10154))REPRESENTATION_CONTEXT('','R0603~R0603~QmFs'));
#10169=CARTESIAN_POINT('',(0.,0.,0.));
#10170=DIRECTION('',(0.,0.,1.));
#10171=DIRECTION('',(1.,0.,-0.));
#10172=AXIS2_PLACEMENT_3D('',#10169,#10170,#10171);
#10173=ITEM_DEFINED_TRANSFORMATION('','',#10172,#15);
#10174=(REPRESENTATION_RELATIONSHIP('','',#10159,#10131)REPRESENTATION_RELATIONSHIP_WITH_TRANSFORMATION(#10173)SHAPE_REPRESENTATION_RELATIONSHIP());
#10175=NEXT_ASSEMBLY_USAGE_OCCURRENCE('R0603~R0603~QmFs_44','R0603~R0603~QmFs','R0603~R0603~QmFs',#10140,#10168,$);
#10176=PRODUCT_DEFINITION_SHAPE('','',#10175);
#10177=CONTEXT_DEPENDENT_SHAPE_REPRESENTATION(#10174,#10176);
#10159=SHAPE_REPRESENTATION('R0603~R0603~QmFs',(#15),#10157);
#10178=CARTESIAN_POINT('',(0.,0.,0.));
#10179=DIRECTION('',(0.,0.,1.));
#10180=DIRECTION('',(1.,0.,0.));
#10181=AXIS2_PLACEMENT_3D('',#10178,#10179,#10180);
#10183=MAPPED_ITEM('',#10182,#10181);
#10182=REPRESENTATION_MAP(#10181,#10159);
#10167=PRODUCT('R0603~R0603~QmFs','R0603~R0603~QmFs','',(#8637));
#10184=PRODUCT_RELATED_PRODUCT_CATEGORY('part','',(#10167));
#10185=PRODUCT_DEFINITION_FORMATION_WITH_SPECIFIED_SOURCE('','',#10167,.NOT_KNOWN.);
#10168=PRODUCT_DEFINITION('design','',#10185,#8638);
#10166=PRODUCT_DEFINITION_SHAPE('','',#10168);
#10186=SHAPE_DEFINITION_REPRESENTATION(#10166,#10159);
#10158=DRAUGHTING_MODEL('',(#10183),#10157);
#10131=SHAPE_REPRESENTATION('R10~R0603~R0603~QmFs',(#15,#10172),#10129);
#10187=CARTESIAN_POINT('',(0.,0.,0.));
#10188=DIRECTION('',(0.,0.,1.));
#10189=DIRECTION('',(1.,0.,0.));
#10190=AXIS2_PLACEMENT_3D('',#10187,#10188,#10189);
#10192=MAPPED_ITEM('',#10191,#10190);
#10191=REPRESENTATION_MAP(#10190,#10131);
#10139=PRODUCT('R10~R0603~R0603~QmFs','R10~R0603~R0603~QmFs','',(#8637));
#10193=PRODUCT_RELATED_PRODUCT_CATEGORY('part','',(#10139));
#10194=PRODUCT_DEFINITION_FORMATION_WITH_SPECIFIED_SOURCE('','',#10139,.NOT_KNOWN.);
#10140=PRODUCT_DEFINITION('design','',#10194,#8638);
#10138=PRODUCT_DEFINITION_SHAPE('','',#10140);
#10195=SHAPE_DEFINITION_REPRESENTATION(#10138,#10131);
#10130=DRAUGHTING_MODEL('',(#10192),#10129);
#10196=(NAMED_UNIT(*)PLANE_ANGLE_UNIT()SI_UNIT($,.RADIAN.));
#10197=PLANE_ANGLE_MEASURE_WITH_UNIT(PLANE_ANGLE_MEASURE(0.0174532925),#10196);
#10198=(CONVERSION_BASED_UNIT('DEGREE',#10197)NAMED_UNIT(#10199)PLANE_ANGLE_UNIT());
#10199=DIMENSIONAL_EXPONENTS(0.,0.,0.,0.,0.,0.,0.);
#10200=(NAMED_UNIT(*)SI_UNIT($,.STERADIAN.)SOLID_ANGLE_UNIT());
#10201=(LENGTH_UNIT()NAMED_UNIT(*)SI_UNIT(.MILLI.,.METRE.));
#10202=UNCERTAINTY_MEASURE_WITH_UNIT(LENGTH_MEASURE(1.000000E-03),#10201,'DISTANCE_ACCURACY_VALUE','Maximum Tolerance applied to model');
#10203=(GEOMETRIC_REPRESENTATION_CONTEXT(3)GLOBAL_UNCERTAINTY_ASSIGNED_CONTEXT((#10202))GLOBAL_UNIT_ASSIGNED_CONTEXT((#10201,#10198,#10200))REPRESENTATION_CONTEXT('','R10~R0603~R0603~QmFs'));
#10215=CARTESIAN_POINT('',(0.,0.,0.));
#10216=DIRECTION('',(0.,0.,1.));
#10217=DIRECTION('',(1.,0.,-0.));
#10218=AXIS2_PLACEMENT_3D('',#10215,#10216,#10217);
#10219=ITEM_DEFINED_TRANSFORMATION('','',#10218,#15);
#10220=(REPRESENTATION_RELATIONSHIP('','',#10205,#8582)REPRESENTATION_RELATIONSHIP_WITH_TRANSFORMATION(#10219)SHAPE_REPRESENTATION_RELATIONSHIP());
#10221=NEXT_ASSEMBLY_USAGE_OCCURRENCE('R10~R0603~R0603~QmFs_45','R10~R0603~R0603~QmFs','R10~R0603~R0603~QmFs',#8591,#10214,$);
#10222=PRODUCT_DEFINITION_SHAPE('','',#10221);
#10223=CONTEXT_DEPENDENT_SHAPE_REPRESENTATION(#10220,#10222);
#10224=(NAMED_UNIT(*)PLANE_ANGLE_UNIT()SI_UNIT($,.RADIAN.));
#10225=PLANE_ANGLE_MEASURE_WITH_UNIT(PLANE_ANGLE_MEASURE(0.0174532925),#10224);
#10226=(CONVERSION_BASED_UNIT('DEGREE',#10225)NAMED_UNIT(#10227)PLANE_ANGLE_UNIT());
#10227=DIMENSIONAL_EXPONENTS(0.,0.,0.,0.,0.,0.,0.);
#10228=(NAMED_UNIT(*)SI_UNIT($,.STERADIAN.)SOLID_ANGLE_UNIT());
#10229=(LENGTH_UNIT()NAMED_UNIT(*)SI_UNIT(.MILLI.,.METRE.));
#10230=UNCERTAINTY_MEASURE_WITH_UNIT(LENGTH_MEASURE(1.000000E-03),#10229,'DISTANCE_ACCURACY_VALUE','Maximum Tolerance applied to model');
#10231=(GEOMETRIC_REPRESENTATION_CONTEXT(3)GLOBAL_UNCERTAINTY_ASSIGNED_CONTEXT((#10230))GLOBAL_UNIT_ASSIGNED_CONTEXT((#10229,#10226,#10228))REPRESENTATION_CONTEXT('','R0603~R0603~QmFs'));
#10243=CARTESIAN_POINT('',(0.,0.,0.));
#10244=DIRECTION('',(0.,0.,1.));
#10245=DIRECTION('',(1.,0.,-0.));
#10246=AXIS2_PLACEMENT_3D('',#10243,#10244,#10245);
#10247=ITEM_DEFINED_TRANSFORMATION('','',#10246,#15);
#10248=(REPRESENTATION_RELATIONSHIP('','',#10233,#10205)REPRESENTATION_RELATIONSHIP_WITH_TRANSFORMATION(#10247)SHAPE_REPRESENTATION_RELATIONSHIP());
#10249=NEXT_ASSEMBLY_USAGE_OCCURRENCE('R0603~R0603~QmFs_46','R0603~R0603~QmFs','R0603~R0603~QmFs',#10214,#10242,$);
#10250=PRODUCT_DEFINITION_SHAPE('','',#10249);
#10251=CONTEXT_DEPENDENT_SHAPE_REPRESENTATION(#10248,#10250);
#10233=SHAPE_REPRESENTATION('R0603~R0603~QmFs',(#15),#10231);
#10252=CARTESIAN_POINT('',(0.,0.,0.));
#10253=DIRECTION('',(0.,0.,1.));
#10254=DIRECTION('',(1.,0.,0.));
#10255=AXIS2_PLACEMENT_3D('',#10252,#10253,#10254);
#10257=MAPPED_ITEM('',#10256,#10255);
#10256=REPRESENTATION_MAP(#10255,#10233);
#10241=PRODUCT('R0603~R0603~QmFs','R0603~R0603~QmFs','',(#8637));
#10258=PRODUCT_RELATED_PRODUCT_CATEGORY('part','',(#10241));
#10259=PRODUCT_DEFINITION_FORMATION_WITH_SPECIFIED_SOURCE('','',#10241,.NOT_KNOWN.);
#10242=PRODUCT_DEFINITION('design','',#10259,#8638);
#10240=PRODUCT_DEFINITION_SHAPE('','',#10242);
#10260=SHAPE_DEFINITION_REPRESENTATION(#10240,#10233);
#10232=DRAUGHTING_MODEL('',(#10257),#10231);
#10205=SHAPE_REPRESENTATION('R10~R0603~R0603~QmFs',(#15,#10246),#10203);
#10261=CARTESIAN_POINT('',(0.,0.,0.));
#10262=DIRECTION('',(0.,0.,1.));
#10263=DIRECTION('',(1.,0.,0.));
#10264=AXIS2_PLACEMENT_3D('',#10261,#10262,#10263);
#10266=MAPPED_ITEM('',#10265,#10264);
#10265=REPRESENTATION_MAP(#10264,#10205);
#10213=PRODUCT('R10~R0603~R0603~QmFs','R10~R0603~R0603~QmFs','',(#8637));
#10267=PRODUCT_RELATED_PRODUCT_CATEGORY('part','',(#10213));
#10268=PRODUCT_DEFINITION_FORMATION_WITH_SPECIFIED_SOURCE('','',#10213,.NOT_KNOWN.);
#10214=PRODUCT_DEFINITION('design','',#10268,#8638);
#10212=PRODUCT_DEFINITION_SHAPE('','',#10214);
#10269=SHAPE_DEFINITION_REPRESENTATION(#10212,#10205);
#10204=DRAUGHTING_MODEL('',(#10266),#10203);
#10270=(NAMED_UNIT(*)PLANE_ANGLE_UNIT()SI_UNIT($,.RADIAN.));
#10271=PLANE_ANGLE_MEASURE_WITH_UNIT(PLANE_ANGLE_MEASURE(0.0174532925),#10270);
#10272=(CONVERSION_BASED_UNIT('DEGREE',#10271)NAMED_UNIT(#10273)PLANE_ANGLE_UNIT());
#10273=DIMENSIONAL_EXPONENTS(0.,0.,0.,0.,0.,0.,0.);
#10274=(NAMED_UNIT(*)SI_UNIT($,.STERADIAN.)SOLID_ANGLE_UNIT());
#10275=(LENGTH_UNIT()NAMED_UNIT(*)SI_UNIT(.MILLI.,.METRE.));
#10276=UNCERTAINTY_MEASURE_WITH_UNIT(LENGTH_MEASURE(1.000000E-03),#10275,'DISTANCE_ACCURACY_VALUE','Maximum Tolerance applied to model');
#10277=(GEOMETRIC_REPRESENTATION_CONTEXT(3)GLOBAL_UNCERTAINTY_ASSIGNED_CONTEXT((#10276))GLOBAL_UNIT_ASSIGNED_CONTEXT((#10275,#10272,#10274))REPRESENTATION_CONTEXT('','R10~R0603~R0603~QmFs'));
#10289=CARTESIAN_POINT('',(0.,0.,0.));
#10290=DIRECTION('',(0.,0.,1.));
#10291=DIRECTION('',(1.,0.,-0.));
#10292=AXIS2_PLACEMENT_3D('',#10289,#10290,#10291);
#10293=ITEM_DEFINED_TRANSFORMATION('','',#10292,#15);
#10294=(REPRESENTATION_RELATIONSHIP('','',#10279,#8582)REPRESENTATION_RELATIONSHIP_WITH_TRANSFORMATION(#10293)SHAPE_REPRESENTATION_RELATIONSHIP());
#10295=NEXT_ASSEMBLY_USAGE_OCCURRENCE('R10~R0603~R0603~QmFs_47','R10~R0603~R0603~QmFs','R10~R0603~R0603~QmFs',#8591,#10288,$);
#10296=PRODUCT_DEFINITION_SHAPE('','',#10295);
#10297=CONTEXT_DEPENDENT_SHAPE_REPRESENTATION(#10294,#10296);
#10298=(NAMED_UNIT(*)PLANE_ANGLE_UNIT()SI_UNIT($,.RADIAN.));
#10299=PLANE_ANGLE_MEASURE_WITH_UNIT(PLANE_ANGLE_MEASURE(0.0174532925),#10298);
#10300=(CONVERSION_BASED_UNIT('DEGREE',#10299)NAMED_UNIT(#10301)PLANE_ANGLE_UNIT());
#10301=DIMENSIONAL_EXPONENTS(0.,0.,0.,0.,0.,0.,0.);
#10302=(NAMED_UNIT(*)SI_UNIT($,.STERADIAN.)SOLID_ANGLE_UNIT());
#10303=(LENGTH_UNIT()NAMED_UNIT(*)SI_UNIT(.MILLI.,.METRE.));
#10304=UNCERTAINTY_MEASURE_WITH_UNIT(LENGTH_MEASURE(1.000000E-03),#10303,'DISTANCE_ACCURACY_VALUE','Maximum Tolerance applied to model');
#10305=(GEOMETRIC_REPRESENTATION_CONTEXT(3)GLOBAL_UNCERTAINTY_ASSIGNED_CONTEXT((#10304))GLOBAL_UNIT_ASSIGNED_CONTEXT((#10303,#10300,#10302))REPRESENTATION_CONTEXT('','R0603~R0603~QmFs'));
#10317=CARTESIAN_POINT('',(0.,0.,0.));
#10318=DIRECTION('',(0.,0.,1.));
#10319=DIRECTION('',(1.,0.,-0.));
#10320=AXIS2_PLACEMENT_3D('',#10317,#10318,#10319);
#10321=ITEM_DEFINED_TRANSFORMATION('','',#10320,#15);
#10322=(REPRESENTATION_RELATIONSHIP('','',#10307,#10279)REPRESENTATION_RELATIONSHIP_WITH_TRANSFORMATION(#10321)SHAPE_REPRESENTATION_RELATIONSHIP());
#10323=NEXT_ASSEMBLY_USAGE_OCCURRENCE('R0603~R0603~QmFs_48','R0603~R0603~QmFs','R0603~R0603~QmFs',#10288,#10316,$);
#10324=PRODUCT_DEFINITION_SHAPE('','',#10323);
#10325=CONTEXT_DEPENDENT_SHAPE_REPRESENTATION(#10322,#10324);
#10307=SHAPE_REPRESENTATION('R0603~R0603~QmFs',(#15),#10305);
#10326=CARTESIAN_POINT('',(0.,0.,0.));
#10327=DIRECTION('',(0.,0.,1.));
#10328=DIRECTION('',(1.,0.,0.));
#10329=AXIS2_PLACEMENT_3D('',#10326,#10327,#10328);
#10331=MAPPED_ITEM('',#10330,#10329);
#10330=REPRESENTATION_MAP(#10329,#10307);
#10315=PRODUCT('R0603~R0603~QmFs','R0603~R0603~QmFs','',(#8637));
#10332=PRODUCT_RELATED_PRODUCT_CATEGORY('part','',(#10315));
#10333=PRODUCT_DEFINITION_FORMATION_WITH_SPECIFIED_SOURCE('','',#10315,.NOT_KNOWN.);
#10316=PRODUCT_DEFINITION('design','',#10333,#8638);
#10314=PRODUCT_DEFINITION_SHAPE('','',#10316);
#10334=SHAPE_DEFINITION_REPRESENTATION(#10314,#10307);
#10306=DRAUGHTING_MODEL('',(#10331),#10305);
#10279=SHAPE_REPRESENTATION('R10~R0603~R0603~QmFs',(#15,#10320),#10277);
#10335=CARTESIAN_POINT('',(0.,0.,0.));
#10336=DIRECTION('',(0.,0.,1.));
#10337=DIRECTION('',(1.,0.,0.));
#10338=AXIS2_PLACEMENT_3D('',#10335,#10336,#10337);
#10340=MAPPED_ITEM('',#10339,#10338);
#10339=REPRESENTATION_MAP(#10338,#10279);
#10287=PRODUCT('R10~R0603~R0603~QmFs','R10~R0603~R0603~QmFs','',(#8637));
#10341=PRODUCT_RELATED_PRODUCT_CATEGORY('part','',(#10287));
#10342=PRODUCT_DEFINITION_FORMATION_WITH_SPECIFIED_SOURCE('','',#10287,.NOT_KNOWN.);
#10288=PRODUCT_DEFINITION('design','',#10342,#8638);
#10286=PRODUCT_DEFINITION_SHAPE('','',#10288);
#10343=SHAPE_DEFINITION_REPRESENTATION(#10286,#10279);
#10278=DRAUGHTING_MODEL('',(#10340),#10277);
#10344=(NAMED_UNIT(*)PLANE_ANGLE_UNIT()SI_UNIT($,.RADIAN.));
#10345=PLANE_ANGLE_MEASURE_WITH_UNIT(PLANE_ANGLE_MEASURE(0.0174532925),#10344);
#10346=(CONVERSION_BASED_UNIT('DEGREE',#10345)NAMED_UNIT(#10347)PLANE_ANGLE_UNIT());
#10347=DIMENSIONAL_EXPONENTS(0.,0.,0.,0.,0.,0.,0.);
#10348=(NAMED_UNIT(*)SI_UNIT($,.STERADIAN.)SOLID_ANGLE_UNIT());
#10349=(LENGTH_UNIT()NAMED_UNIT(*)SI_UNIT(.MILLI.,.METRE.));
#10350=UNCERTAINTY_MEASURE_WITH_UNIT(LENGTH_MEASURE(1.000000E-03),#10349,'DISTANCE_ACCURACY_VALUE','Maximum Tolerance applied to model');
#10351=(GEOMETRIC_REPRESENTATION_CONTEXT(3)GLOBAL_UNCERTAINTY_ASSIGNED_CONTEXT((#10350))GLOBAL_UNIT_ASSIGNED_CONTEXT((#10349,#10346,#10348))REPRESENTATION_CONTEXT('','R10~R0603~R0603~QmFs'));
#10363=CARTESIAN_POINT('',(0.,0.,0.));
#10364=DIRECTION('',(0.,0.,1.));
#10365=DIRECTION('',(1.,0.,-0.));
#10366=AXIS2_PLACEMENT_3D('',#10363,#10364,#10365);
#10367=ITEM_DEFINED_TRANSFORMATION('','',#10366,#15);
#10368=(REPRESENTATION_RELATIONSHIP('','',#10353,#8582)REPRESENTATION_RELATIONSHIP_WITH_TRANSFORMATION(#10367)SHAPE_REPRESENTATION_RELATIONSHIP());
#10369=NEXT_ASSEMBLY_USAGE_OCCURRENCE('R10~R0603~R0603~QmFs_49','R10~R0603~R0603~QmFs','R10~R0603~R0603~QmFs',#8591,#10362,$);
#10370=PRODUCT_DEFINITION_SHAPE('','',#10369);
#10371=CONTEXT_DEPENDENT_SHAPE_REPRESENTATION(#10368,#10370);
#10372=(NAMED_UNIT(*)PLANE_ANGLE_UNIT()SI_UNIT($,.RADIAN.));
#10373=PLANE_ANGLE_MEASURE_WITH_UNIT(PLANE_ANGLE_MEASURE(0.0174532925),#10372);
#10374=(CONVERSION_BASED_UNIT('DEGREE',#10373)NAMED_UNIT(#10375)PLANE_ANGLE_UNIT());
#10375=DIMENSIONAL_EXPONENTS(0.,0.,0.,0.,0.,0.,0.);
#10376=(NAMED_UNIT(*)SI_UNIT($,.STERADIAN.)SOLID_ANGLE_UNIT());
#10377=(LENGTH_UNIT()NAMED_UNIT(*)SI_UNIT(.MILLI.,.METRE.));
#10378=UNCERTAINTY_MEASURE_WITH_UNIT(LENGTH_MEASURE(1.000000E-03),#10377,'DISTANCE_ACCURACY_VALUE','Maximum Tolerance applied to model');
#10379=(GEOMETRIC_REPRESENTATION_CONTEXT(3)GLOBAL_UNCERTAINTY_ASSIGNED_CONTEXT((#10378))GLOBAL_UNIT_ASSIGNED_CONTEXT((#10377,#10374,#10376))REPRESENTATION_CONTEXT('','R0603~R0603~QmFs'));
#10391=CARTESIAN_POINT('',(0.,0.,0.));
#10392=DIRECTION('',(0.,0.,1.));
#10393=DIRECTION('',(1.,0.,-0.));
#10394=AXIS2_PLACEMENT_3D('',#10391,#10392,#10393);
#10395=ITEM_DEFINED_TRANSFORMATION('','',#10394,#15);
#10396=(REPRESENTATION_RELATIONSHIP('','',#10381,#10353)REPRESENTATION_RELATIONSHIP_WITH_TRANSFORMATION(#10395)SHAPE_REPRESENTATION_RELATIONSHIP());
#10397=NEXT_ASSEMBLY_USAGE_OCCURRENCE('R0603~R0603~QmFs_50','R0603~R0603~QmFs','R0603~R0603~QmFs',#10362,#10390,$);
#10398=PRODUCT_DEFINITION_SHAPE('','',#10397);
#10399=CONTEXT_DEPENDENT_SHAPE_REPRESENTATION(#10396,#10398);
#10381=SHAPE_REPRESENTATION('R0603~R0603~QmFs',(#15),#10379);
#10400=CARTESIAN_POINT('',(0.,0.,0.));
#10401=DIRECTION('',(0.,0.,1.));
#10402=DIRECTION('',(1.,0.,0.));
#10403=AXIS2_PLACEMENT_3D('',#10400,#10401,#10402);
#10405=MAPPED_ITEM('',#10404,#10403);
#10404=REPRESENTATION_MAP(#10403,#10381);
#10389=PRODUCT('R0603~R0603~QmFs','R0603~R0603~QmFs','',(#8637));
#10406=PRODUCT_RELATED_PRODUCT_CATEGORY('part','',(#10389));
#10407=PRODUCT_DEFINITION_FORMATION_WITH_SPECIFIED_SOURCE('','',#10389,.NOT_KNOWN.);
#10390=PRODUCT_DEFINITION('design','',#10407,#8638);
#10388=PRODUCT_DEFINITION_SHAPE('','',#10390);
#10408=SHAPE_DEFINITION_REPRESENTATION(#10388,#10381);
#10380=DRAUGHTING_MODEL('',(#10405),#10379);
#10353=SHAPE_REPRESENTATION('R10~R0603~R0603~QmFs',(#15,#10394),#10351);
#10409=CARTESIAN_POINT('',(0.,0.,0.));
#10410=DIRECTION('',(0.,0.,1.));
#10411=DIRECTION('',(1.,0.,0.));
#10412=AXIS2_PLACEMENT_3D('',#10409,#10410,#10411);
#10414=MAPPED_ITEM('',#10413,#10412);
#10413=REPRESENTATION_MAP(#10412,#10353);
#10361=PRODUCT('R10~R0603~R0603~QmFs','R10~R0603~R0603~QmFs','',(#8637));
#10415=PRODUCT_RELATED_PRODUCT_CATEGORY('part','',(#10361));
#10416=PRODUCT_DEFINITION_FORMATION_WITH_SPECIFIED_SOURCE('','',#10361,.NOT_KNOWN.);
#10362=PRODUCT_DEFINITION('design','',#10416,#8638);
#10360=PRODUCT_DEFINITION_SHAPE('','',#10362);
#10417=SHAPE_DEFINITION_REPRESENTATION(#10360,#10353);
#10352=DRAUGHTING_MODEL('',(#10414),#10351);
#10418=(NAMED_UNIT(*)PLANE_ANGLE_UNIT()SI_UNIT($,.RADIAN.));
#10419=PLANE_ANGLE_MEASURE_WITH_UNIT(PLANE_ANGLE_MEASURE(0.0174532925),#10418);
#10420=(CONVERSION_BASED_UNIT('DEGREE',#10419)NAMED_UNIT(#10421)PLANE_ANGLE_UNIT());
#10421=DIMENSIONAL_EXPONENTS(0.,0.,0.,0.,0.,0.,0.);
#10422=(NAMED_UNIT(*)SI_UNIT($,.STERADIAN.)SOLID_ANGLE_UNIT());
#10423=(LENGTH_UNIT()NAMED_UNIT(*)SI_UNIT(.MILLI.,.METRE.));
#10424=UNCERTAINTY_MEASURE_WITH_UNIT(LENGTH_MEASURE(1.000000E-03),#10423,'DISTANCE_ACCURACY_VALUE','Maximum Tolerance applied to model');
#10425=(GEOMETRIC_REPRESENTATION_CONTEXT(3)GLOBAL_UNCERTAINTY_ASSIGNED_CONTEXT((#10424))GLOBAL_UNIT_ASSIGNED_CONTEXT((#10423,#10420,#10422))REPRESENTATION_CONTEXT('','R10~R0603~R0603~QmFs'));
#10437=CARTESIAN_POINT('',(0.,0.,0.));
#10438=DIRECTION('',(0.,0.,1.));
#10439=DIRECTION('',(1.,0.,-0.));
#10440=AXIS2_PLACEMENT_3D('',#10437,#10438,#10439);
#10441=ITEM_DEFINED_TRANSFORMATION('','',#10440,#15);
#10442=(REPRESENTATION_RELATIONSHIP('','',#10427,#8582)REPRESENTATION_RELATIONSHIP_WITH_TRANSFORMATION(#10441)SHAPE_REPRESENTATION_RELATIONSHIP());
#10443=NEXT_ASSEMBLY_USAGE_OCCURRENCE('R10~R0603~R0603~QmFs_51','R10~R0603~R0603~QmFs','R10~R0603~R0603~QmFs',#8591,#10436,$);
#10444=PRODUCT_DEFINITION_SHAPE('','',#10443);
#10445=CONTEXT_DEPENDENT_SHAPE_REPRESENTATION(#10442,#10444);
#10446=(NAMED_UNIT(*)PLANE_ANGLE_UNIT()SI_UNIT($,.RADIAN.));
#10447=PLANE_ANGLE_MEASURE_WITH_UNIT(PLANE_ANGLE_MEASURE(0.0174532925),#10446);
#10448=(CONVERSION_BASED_UNIT('DEGREE',#10447)NAMED_UNIT(#10449)PLANE_ANGLE_UNIT());
#10449=DIMENSIONAL_EXPONENTS(0.,0.,0.,0.,0.,0.,0.);
#10450=(NAMED_UNIT(*)SI_UNIT($,.STERADIAN.)SOLID_ANGLE_UNIT());
#10451=(LENGTH_UNIT()NAMED_UNIT(*)SI_UNIT(.MILLI.,.METRE.));
#10452=UNCERTAINTY_MEASURE_WITH_UNIT(LENGTH_MEASURE(1.000000E-03),#10451,'DISTANCE_ACCURACY_VALUE','Maximum Tolerance applied to model');
#10453=(GEOMETRIC_REPRESENTATION_CONTEXT(3)GLOBAL_UNCERTAINTY_ASSIGNED_CONTEXT((#10452))GLOBAL_UNIT_ASSIGNED_CONTEXT((#10451,#10448,#10450))REPRESENTATION_CONTEXT('','R0603~R0603~QmFs'));
#10465=CARTESIAN_POINT('',(0.,0.,0.));
#10466=DIRECTION('',(0.,0.,1.));
#10467=DIRECTION('',(1.,0.,-0.));
#10468=AXIS2_PLACEMENT_3D('',#10465,#10466,#10467);
#10469=ITEM_DEFINED_TRANSFORMATION('','',#10468,#15);
#10470=(REPRESENTATION_RELATIONSHIP('','',#10455,#10427)REPRESENTATION_RELATIONSHIP_WITH_TRANSFORMATION(#10469)SHAPE_REPRESENTATION_RELATIONSHIP());
#10471=NEXT_ASSEMBLY_USAGE_OCCURRENCE('R0603~R0603~QmFs_52','R0603~R0603~QmFs','R0603~R0603~QmFs',#10436,#10464,$);
#10472=PRODUCT_DEFINITION_SHAPE('','',#10471);
#10473=CONTEXT_DEPENDENT_SHAPE_REPRESENTATION(#10470,#10472);
#10455=SHAPE_REPRESENTATION('R0603~R0603~QmFs',(#15),#10453);
#10474=CARTESIAN_POINT('',(0.,0.,0.));
#10475=DIRECTION('',(0.,0.,1.));
#10476=DIRECTION('',(1.,0.,0.));
#10477=AXIS2_PLACEMENT_3D('',#10474,#10475,#10476);
#10479=MAPPED_ITEM('',#10478,#10477);
#10478=REPRESENTATION_MAP(#10477,#10455);
#10463=PRODUCT('R0603~R0603~QmFs','R0603~R0603~QmFs','',(#8637));
#10480=PRODUCT_RELATED_PRODUCT_CATEGORY('part','',(#10463));
#10481=PRODUCT_DEFINITION_FORMATION_WITH_SPECIFIED_SOURCE('','',#10463,.NOT_KNOWN.);
#10464=PRODUCT_DEFINITION('design','',#10481,#8638);
#10462=PRODUCT_DEFINITION_SHAPE('','',#10464);
#10482=SHAPE_DEFINITION_REPRESENTATION(#10462,#10455);
#10454=DRAUGHTING_MODEL('',(#10479),#10453);
#10427=SHAPE_REPRESENTATION('R10~R0603~R0603~QmFs',(#15,#10468),#10425);
#10483=CARTESIAN_POINT('',(0.,0.,0.));
#10484=DIRECTION('',(0.,0.,1.));
#10485=DIRECTION('',(1.,0.,0.));
#10486=AXIS2_PLACEMENT_3D('',#10483,#10484,#10485);
#10488=MAPPED_ITEM('',#10487,#10486);
#10487=REPRESENTATION_MAP(#10486,#10427);
#10435=PRODUCT('R10~R0603~R0603~QmFs','R10~R0603~R0603~QmFs','',(#8637));
#10489=PRODUCT_RELATED_PRODUCT_CATEGORY('part','',(#10435));
#10490=PRODUCT_DEFINITION_FORMATION_WITH_SPECIFIED_SOURCE('','',#10435,.NOT_KNOWN.);
#10436=PRODUCT_DEFINITION('design','',#10490,#8638);
#10434=PRODUCT_DEFINITION_SHAPE('','',#10436);
#10491=SHAPE_DEFINITION_REPRESENTATION(#10434,#10427);
#10426=DRAUGHTING_MODEL('',(#10488),#10425);
#10492=(NAMED_UNIT(*)PLANE_ANGLE_UNIT()SI_UNIT($,.RADIAN.));
#10493=PLANE_ANGLE_MEASURE_WITH_UNIT(PLANE_ANGLE_MEASURE(0.0174532925),#10492);
#10494=(CONVERSION_BASED_UNIT('DEGREE',#10493)NAMED_UNIT(#10495)PLANE_ANGLE_UNIT());
#10495=DIMENSIONAL_EXPONENTS(0.,0.,0.,0.,0.,0.,0.);
#10496=(NAMED_UNIT(*)SI_UNIT($,.STERADIAN.)SOLID_ANGLE_UNIT());
#10497=(LENGTH_UNIT()NAMED_UNIT(*)SI_UNIT(.MILLI.,.METRE.));
#10498=UNCERTAINTY_MEASURE_WITH_UNIT(LENGTH_MEASURE(1.000000E-03),#10497,'DISTANCE_ACCURACY_VALUE','Maximum Tolerance applied to model');
#10499=(GEOMETRIC_REPRESENTATION_CONTEXT(3)GLOBAL_UNCERTAINTY_ASSIGNED_CONTEXT((#10498))GLOBAL_UNIT_ASSIGNED_CONTEXT((#10497,#10494,#10496))REPRESENTATION_CONTEXT('','R10~R0603~R0603~QmFs'));
#10511=CARTESIAN_POINT('',(0.,0.,0.));
#10512=DIRECTION('',(0.,0.,1.));
#10513=DIRECTION('',(1.,0.,-0.));
#10514=AXIS2_PLACEMENT_3D('',#10511,#10512,#10513);
#10515=ITEM_DEFINED_TRANSFORMATION('','',#10514,#15);
#10516=(REPRESENTATION_RELATIONSHIP('','',#10501,#8582)REPRESENTATION_RELATIONSHIP_WITH_TRANSFORMATION(#10515)SHAPE_REPRESENTATION_RELATIONSHIP());
#10517=NEXT_ASSEMBLY_USAGE_OCCURRENCE('R10~R0603~R0603~QmFs_53','R10~R0603~R0603~QmFs','R10~R0603~R0603~QmFs',#8591,#10510,$);
#10518=PRODUCT_DEFINITION_SHAPE('','',#10517);
#10519=CONTEXT_DEPENDENT_SHAPE_REPRESENTATION(#10516,#10518);
#10520=(NAMED_UNIT(*)PLANE_ANGLE_UNIT()SI_UNIT($,.RADIAN.));
#10521=PLANE_ANGLE_MEASURE_WITH_UNIT(PLANE_ANGLE_MEASURE(0.0174532925),#10520);
#10522=(CONVERSION_BASED_UNIT('DEGREE',#10521)NAMED_UNIT(#10523)PLANE_ANGLE_UNIT());
#10523=DIMENSIONAL_EXPONENTS(0.,0.,0.,0.,0.,0.,0.);
#10524=(NAMED_UNIT(*)SI_UNIT($,.STERADIAN.)SOLID_ANGLE_UNIT());
#10525=(LENGTH_UNIT()NAMED_UNIT(*)SI_UNIT(.MILLI.,.METRE.));
#10526=UNCERTAINTY_MEASURE_WITH_UNIT(LENGTH_MEASURE(1.000000E-03),#10525,'DISTANCE_ACCURACY_VALUE','Maximum Tolerance applied to model');
#10527=(GEOMETRIC_REPRESENTATION_CONTEXT(3)GLOBAL_UNCERTAINTY_ASSIGNED_CONTEXT((#10526))GLOBAL_UNIT_ASSIGNED_CONTEXT((#10525,#10522,#10524))REPRESENTATION_CONTEXT('','R0603~R0603~QmFs'));
#10539=CARTESIAN_POINT('',(0.,0.,0.));
#10540=DIRECTION('',(0.,0.,1.));
#10541=DIRECTION('',(1.,0.,-0.));
#10542=AXIS2_PLACEMENT_3D('',#10539,#10540,#10541);
#10543=ITEM_DEFINED_TRANSFORMATION('','',#10542,#15);
#10544=(REPRESENTATION_RELATIONSHIP('','',#10529,#10501)REPRESENTATION_RELATIONSHIP_WITH_TRANSFORMATION(#10543)SHAPE_REPRESENTATION_RELATIONSHIP());
#10545=NEXT_ASSEMBLY_USAGE_OCCURRENCE('R0603~R0603~QmFs_54','R0603~R0603~QmFs','R0603~R0603~QmFs',#10510,#10538,$);
#10546=PRODUCT_DEFINITION_SHAPE('','',#10545);
#10547=CONTEXT_DEPENDENT_SHAPE_REPRESENTATION(#10544,#10546);
#10529=SHAPE_REPRESENTATION('R0603~R0603~QmFs',(#15),#10527);
#10548=CARTESIAN_POINT('',(0.,0.,0.));
#10549=DIRECTION('',(0.,0.,1.));
#10550=DIRECTION('',(1.,0.,0.));
#10551=AXIS2_PLACEMENT_3D('',#10548,#10549,#10550);
#10553=MAPPED_ITEM('',#10552,#10551);
#10552=REPRESENTATION_MAP(#10551,#10529);
#10537=PRODUCT('R0603~R0603~QmFs','R0603~R0603~QmFs','',(#8637));
#10554=PRODUCT_RELATED_PRODUCT_CATEGORY('part','',(#10537));
#10555=PRODUCT_DEFINITION_FORMATION_WITH_SPECIFIED_SOURCE('','',#10537,.NOT_KNOWN.);
#10538=PRODUCT_DEFINITION('design','',#10555,#8638);
#10536=PRODUCT_DEFINITION_SHAPE('','',#10538);
#10556=SHAPE_DEFINITION_REPRESENTATION(#10536,#10529);
#10528=DRAUGHTING_MODEL('',(#10553),#10527);
#10501=SHAPE_REPRESENTATION('R10~R0603~R0603~QmFs',(#15,#10542),#10499);
#10557=CARTESIAN_POINT('',(0.,0.,0.));
#10558=DIRECTION('',(0.,0.,1.));
#10559=DIRECTION('',(1.,0.,0.));
#10560=AXIS2_PLACEMENT_3D('',#10557,#10558,#10559);
#10562=MAPPED_ITEM('',#10561,#10560);
#10561=REPRESENTATION_MAP(#10560,#10501);
#10509=PRODUCT('R10~R0603~R0603~QmFs','R10~R0603~R0603~QmFs','',(#8637));
#10563=PRODUCT_RELATED_PRODUCT_CATEGORY('part','',(#10509));
#10564=PRODUCT_DEFINITION_FORMATION_WITH_SPECIFIED_SOURCE('','',#10509,.NOT_KNOWN.);
#10510=PRODUCT_DEFINITION('design','',#10564,#8638);
#10508=PRODUCT_DEFINITION_SHAPE('','',#10510);
#10565=SHAPE_DEFINITION_REPRESENTATION(#10508,#10501);
#10500=DRAUGHTING_MODEL('',(#10562),#10499);
#10566=(NAMED_UNIT(*)PLANE_ANGLE_UNIT()SI_UNIT($,.RADIAN.));
#10567=PLANE_ANGLE_MEASURE_WITH_UNIT(PLANE_ANGLE_MEASURE(0.0174532925),#10566);
#10568=(CONVERSION_BASED_UNIT('DEGREE',#10567)NAMED_UNIT(#10569)PLANE_ANGLE_UNIT());
#10569=DIMENSIONAL_EXPONENTS(0.,0.,0.,0.,0.,0.,0.);
#10570=(NAMED_UNIT(*)SI_UNIT($,.STERADIAN.)SOLID_ANGLE_UNIT());
#10571=(LENGTH_UNIT()NAMED_UNIT(*)SI_UNIT(.MILLI.,.METRE.));
#10572=UNCERTAINTY_MEASURE_WITH_UNIT(LENGTH_MEASURE(1.000000E-03),#10571,'DISTANCE_ACCURACY_VALUE','Maximum Tolerance applied to model');
#10573=(GEOMETRIC_REPRESENTATION_CONTEXT(3)GLOBAL_UNCERTAINTY_ASSIGNED_CONTEXT((#10572))GLOBAL_UNIT_ASSIGNED_CONTEXT((#10571,#10568,#10570))REPRESENTATION_CONTEXT('','U1~QFN-56_L7.0-W7.0-P0.40-TL-EP4.0~QFN-56_L7.0-W7.0-P0.40-TL-EP4.0~QmFs'));
#10585=CARTESIAN_POINT('',(0.,0.,0.));
#10586=DIRECTION('',(0.,0.,1.));
#10587=DIRECTION('',(1.,0.,-0.));
#10588=AXIS2_PLACEMENT_3D('',#10585,#10586,#10587);
#10589=ITEM_DEFINED_TRANSFORMATION('','',#10588,#15);
#10590=(REPRESENTATION_RELATIONSHIP('','',#10575,#8582)REPRESENTATION_RELATIONSHIP_WITH_TRANSFORMATION(#10589)SHAPE_REPRESENTATION_RELATIONSHIP());
#10591=NEXT_ASSEMBLY_USAGE_OCCURRENCE('U1~QFN-56_L7.0-W7.0-P0.40-TL-EP4.0~QFN-56_L7.0-W7.0-P0.40-TL-EP4.0~QmFs_55','U1~QFN-56_L7.0-W7.0-P0.40-TL-EP4.0~QFN-56_L7.0-W7.0-P0.40-TL-EP4.0~QmFs','U1~QFN-56_L7.0-W7.0-P0.40-TL-EP4.0~QFN-56_L7.0-W7.0-P0.40-TL-EP4.0~QmFs',#8591,#10584,$);
#10592=PRODUCT_DEFINITION_SHAPE('','',#10591);
#10593=CONTEXT_DEPENDENT_SHAPE_REPRESENTATION(#10590,#10592);
#10594=(NAMED_UNIT(*)PLANE_ANGLE_UNIT()SI_UNIT($,.RADIAN.));
#10595=PLANE_ANGLE_MEASURE_WITH_UNIT(PLANE_ANGLE_MEASURE(0.0174532925),#10594);
#10596=(CONVERSION_BASED_UNIT('DEGREE',#10595)NAMED_UNIT(#10597)PLANE_ANGLE_UNIT());
#10597=DIMENSIONAL_EXPONENTS(0.,0.,0.,0.,0.,0.,0.);
#10598=(NAMED_UNIT(*)SI_UNIT($,.STERADIAN.)SOLID_ANGLE_UNIT());
#10599=(LENGTH_UNIT()NAMED_UNIT(*)SI_UNIT(.MILLI.,.METRE.));
#10600=UNCERTAINTY_MEASURE_WITH_UNIT(LENGTH_MEASURE(1.000000E-03),#10599,'DISTANCE_ACCURACY_VALUE','Maximum Tolerance applied to model');
#10601=(GEOMETRIC_REPRESENTATION_CONTEXT(3)GLOBAL_UNCERTAINTY_ASSIGNED_CONTEXT((#10600))GLOBAL_UNIT_ASSIGNED_CONTEXT((#10599,#10596,#10598))REPRESENTATION_CONTEXT('','QFN-56_L7.0-W7.0-P0.40-TL-EP4.0~QFN-56_L7.0-W7.0-P0.40-TL-EP4.0~QmFs'));
#10613=CARTESIAN_POINT('',(0.,0.,0.));
#10614=DIRECTION('',(0.,0.,1.));
#10615=DIRECTION('',(1.,0.,-0.));
#10616=AXIS2_PLACEMENT_3D('',#10613,#10614,#10615);
#10617=ITEM_DEFINED_TRANSFORMATION('','',#10616,#15);
#10618=(REPRESENTATION_RELATIONSHIP('','',#10603,#10575)REPRESENTATION_RELATIONSHIP_WITH_TRANSFORMATION(#10617)SHAPE_REPRESENTATION_RELATIONSHIP());
#10619=NEXT_ASSEMBLY_USAGE_OCCURRENCE('QFN-56_L7.0-W7.0-P0.40-TL-EP4.0~QFN-56_L7.0-W7.0-P0.40-TL-EP4.0~QmFs_56','QFN-56_L7.0-W7.0-P0.40-TL-EP4.0~QFN-56_L7.0-W7.0-P0.40-TL-EP4.0~QmFs','QFN-56_L7.0-W7.0-P0.40-TL-EP4.0~QFN-56_L7.0-W7.0-P0.40-TL-EP4.0~QmFs',#10584,#10612,$);
#10620=PRODUCT_DEFINITION_SHAPE('','',#10619);
#10621=CONTEXT_DEPENDENT_SHAPE_REPRESENTATION(#10618,#10620);
#10603=SHAPE_REPRESENTATION('QFN-56_L7.0-W7.0-P0.40-TL-EP4.0~QFN-56_L7.0-W7.0-P0.40-TL-EP4.0~QmFs',(#15),#10601);
#10622=CARTESIAN_POINT('',(0.,0.,0.));
#10623=DIRECTION('',(0.,0.,1.));
#10624=DIRECTION('',(1.,0.,0.));
#10625=AXIS2_PLACEMENT_3D('',#10622,#10623,#10624);
#10627=MAPPED_ITEM('',#10626,#10625);
#10626=REPRESENTATION_MAP(#10625,#10603);
#10611=PRODUCT('QFN-56_L7.0-W7.0-P0.40-TL-EP4.0~QFN-56_L7.0-W7.0-P0.40-TL-EP4.0~QmFs','QFN-56_L7.0-W7.0-P0.40-TL-EP4.0~QFN-56_L7.0-W7.0-P0.40-TL-EP4.0~QmFs','',(#8637));
#10628=PRODUCT_RELATED_PRODUCT_CATEGORY('part','',(#10611));
#10629=PRODUCT_DEFINITION_FORMATION_WITH_SPECIFIED_SOURCE('','',#10611,.NOT_KNOWN.);
#10612=PRODUCT_DEFINITION('design','',#10629,#8638);
#10610=PRODUCT_DEFINITION_SHAPE('','',#10612);
#10630=SHAPE_DEFINITION_REPRESENTATION(#10610,#10603);
#10602=DRAUGHTING_MODEL('',(#10627),#10601);
#10575=SHAPE_REPRESENTATION('U1~QFN-56_L7.0-W7.0-P0.40-TL-EP4.0~QFN-56_L7.0-W7.0-P0.40-TL-EP4.0~QmFs',(#15,#10616),#10573);
#10631=CARTESIAN_POINT('',(0.,0.,0.));
#10632=DIRECTION('',(0.,0.,1.));
#10633=DIRECTION('',(1.,0.,0.));
#10634=AXIS2_PLACEMENT_3D('',#10631,#10632,#10633);
#10636=MAPPED_ITEM('',#10635,#10634);
#10635=REPRESENTATION_MAP(#10634,#10575);
#10583=PRODUCT('U1~QFN-56_L7.0-W7.0-P0.40-TL-EP4.0~QFN-56_L7.0-W7.0-P0.40-TL-EP4.0~QmFs','U1~QFN-56_L7.0-W7.0-P0.40-TL-EP4.0~QFN-56_L7.0-W7.0-P0.40-TL-EP4.0~QmFs','',(#8637));
#10637=PRODUCT_RELATED_PRODUCT_CATEGORY('part','',(#10583));
#10638=PRODUCT_DEFINITION_FORMATION_WITH_SPECIFIED_SOURCE('','',#10583,.NOT_KNOWN.);
#10584=PRODUCT_DEFINITION('design','',#10638,#8638);
#10582=PRODUCT_DEFINITION_SHAPE('','',#10584);
#10639=SHAPE_DEFINITION_REPRESENTATION(#10582,#10575);
#10574=DRAUGHTING_MODEL('',(#10636),#10573);
#10640=(NAMED_UNIT(*)PLANE_ANGLE_UNIT()SI_UNIT($,.RADIAN.));
#10641=PLANE_ANGLE_MEASURE_WITH_UNIT(PLANE_ANGLE_MEASURE(0.0174532925),#10640);
#10642=(CONVERSION_BASED_UNIT('DEGREE',#10641)NAMED_UNIT(#10643)PLANE_ANGLE_UNIT());
#10643=DIMENSIONAL_EXPONENTS(0.,0.,0.,0.,0.,0.,0.);
#10644=(NAMED_UNIT(*)SI_UNIT($,.STERADIAN.)SOLID_ANGLE_UNIT());
#10645=(LENGTH_UNIT()NAMED_UNIT(*)SI_UNIT(.MILLI.,.METRE.));
#10646=UNCERTAINTY_MEASURE_WITH_UNIT(LENGTH_MEASURE(1.000000E-03),#10645,'DISTANCE_ACCURACY_VALUE','Maximum Tolerance applied to model');
#10647=(GEOMETRIC_REPRESENTATION_CONTEXT(3)GLOBAL_UNCERTAINTY_ASSIGNED_CONTEXT((#10646))GLOBAL_UNIT_ASSIGNED_CONTEXT((#10645,#10642,#10644))REPRESENTATION_CONTEXT('','X1~CRYSTAL-SMD_4P-L3.2-W2.5-BL_SIT8008BI~CRYSTAL-SMD_4P-L3.2-W2.5-BL_SIT8008BI~QmFs'));
#10659=CARTESIAN_POINT('',(0.,0.,0.));
#10660=DIRECTION('',(0.,0.,1.));
#10661=DIRECTION('',(1.,0.,-0.));
#10662=AXIS2_PLACEMENT_3D('',#10659,#10660,#10661);
#10663=ITEM_DEFINED_TRANSFORMATION('','',#10662,#15);
#10664=(REPRESENTATION_RELATIONSHIP('','',#10649,#8582)REPRESENTATION_RELATIONSHIP_WITH_TRANSFORMATION(#10663)SHAPE_REPRESENTATION_RELATIONSHIP());
#10665=NEXT_ASSEMBLY_USAGE_OCCURRENCE('X1~CRYSTAL-SMD_4P-L3.2-W2.5-BL_SIT8008BI~CRYSTAL-SMD_4P-L3.2-W2.5-BL_SIT8008BI~QmFs_57','X1~CRYSTAL-SMD_4P-L3.2-W2.5-BL_SIT8008BI~CRYSTAL-SMD_4P-L3.2-W2.5-BL_SIT8008BI~QmFs','X1~CRYSTAL-SMD_4P-L3.2-W2.5-BL_SIT8008BI~CRYSTAL-SMD_4P-L3.2-W2.5-BL_SIT8008BI~QmFs',#8591,#10658,$);
#10666=PRODUCT_DEFINITION_SHAPE('','',#10665);
#10667=CONTEXT_DEPENDENT_SHAPE_REPRESENTATION(#10664,#10666);
#10668=(NAMED_UNIT(*)PLANE_ANGLE_UNIT()SI_UNIT($,.RADIAN.));
#10669=PLANE_ANGLE_MEASURE_WITH_UNIT(PLANE_ANGLE_MEASURE(0.0174532925),#10668);
#10670=(CONVERSION_BASED_UNIT('DEGREE',#10669)NAMED_UNIT(#10671)PLANE_ANGLE_UNIT());
#10671=DIMENSIONAL_EXPONENTS(0.,0.,0.,0.,0.,0.,0.);
#10672=(NAMED_UNIT(*)SI_UNIT($,.STERADIAN.)SOLID_ANGLE_UNIT());
#10673=(LENGTH_UNIT()NAMED_UNIT(*)SI_UNIT(.MILLI.,.METRE.));
#10674=UNCERTAINTY_MEASURE_WITH_UNIT(LENGTH_MEASURE(1.000000E-03),#10673,'DISTANCE_ACCURACY_VALUE','Maximum Tolerance applied to model');
#10675=(GEOMETRIC_REPRESENTATION_CONTEXT(3)GLOBAL_UNCERTAINTY_ASSIGNED_CONTEXT((#10674))GLOBAL_UNIT_ASSIGNED_CONTEXT((#10673,#10670,#10672))REPRESENTATION_CONTEXT('','CRYSTAL-SMD_4P-L3.2-W2.5-BL_SIT8008BI~CRYSTAL-SMD_4P-L3.2-W2.5-BL_SIT8008BI~QmFs'));
#10687=CARTESIAN_POINT('',(0.,0.,0.));
#10688=DIRECTION('',(0.,0.,1.));
#10689=DIRECTION('',(1.,0.,-0.));
#10690=AXIS2_PLACEMENT_3D('',#10687,#10688,#10689);
#10691=ITEM_DEFINED_TRANSFORMATION('','',#10690,#15);
#10692=(REPRESENTATION_RELATIONSHIP('','',#10677,#10649)REPRESENTATION_RELATIONSHIP_WITH_TRANSFORMATION(#10691)SHAPE_REPRESENTATION_RELATIONSHIP());
#10693=NEXT_ASSEMBLY_USAGE_OCCURRENCE('CRYSTAL-SMD_4P-L3.2-W2.5-BL_SIT8008BI~CRYSTAL-SMD_4P-L3.2-W2.5-BL_SIT8008BI~QmFs_58','CRYSTAL-SMD_4P-L3.2-W2.5-BL_SIT8008BI~CRYSTAL-SMD_4P-L3.2-W2.5-BL_SIT8008BI~QmFs','CRYSTAL-SMD_4P-L3.2-W2.5-BL_SIT8008BI~CRYSTAL-SMD_4P-L3.2-W2.5-BL_SIT8008BI~QmFs',#10658,#10686,$);
#10694=PRODUCT_DEFINITION_SHAPE('','',#10693);
#10695=CONTEXT_DEPENDENT_SHAPE_REPRESENTATION(#10692,#10694);
#10677=SHAPE_REPRESENTATION('CRYSTAL-SMD_4P-L3.2-W2.5-BL_SIT8008BI~CRYSTAL-SMD_4P-L3.2-W2.5-BL_SIT8008BI~QmFs',(#15),#10675);
#10696=CARTESIAN_POINT('',(0.,0.,0.));
#10697=DIRECTION('',(0.,0.,1.));
#10698=DIRECTION('',(1.,0.,0.));
#10699=AXIS2_PLACEMENT_3D('',#10696,#10697,#10698);
#10701=MAPPED_ITEM('',#10700,#10699);
#10700=REPRESENTATION_MAP(#10699,#10677);
#10685=PRODUCT('CRYSTAL-SMD_4P-L3.2-W2.5-BL_SIT8008BI~CRYSTAL-SMD_4P-L3.2-W2.5-BL_SIT8008BI~QmFs','CRYSTAL-SMD_4P-L3.2-W2.5-BL_SIT8008BI~CRYSTAL-SMD_4P-L3.2-W2.5-BL_SIT8008BI~QmFs','',(#8637));
#10702=PRODUCT_RELATED_PRODUCT_CATEGORY('part','',(#10685));
#10703=PRODUCT_DEFINITION_FORMATION_WITH_SPECIFIED_SOURCE('','',#10685,.NOT_KNOWN.);
#10686=PRODUCT_DEFINITION('design','',#10703,#8638);
#10684=PRODUCT_DEFINITION_SHAPE('','',#10686);
#10704=SHAPE_DEFINITION_REPRESENTATION(#10684,#10677);
#10676=DRAUGHTING_MODEL('',(#10701),#10675);
#10649=SHAPE_REPRESENTATION('X1~CRYSTAL-SMD_4P-L3.2-W2.5-BL_SIT8008BI~CRYSTAL-SMD_4P-L3.2-W2.5-BL_SIT8008BI~QmFs',(#15,#10690),#10647);
#10705=CARTESIAN_POINT('',(0.,0.,0.));
#10706=DIRECTION('',(0.,0.,1.));
#10707=DIRECTION('',(1.,0.,0.));
#10708=AXIS2_PLACEMENT_3D('',#10705,#10706,#10707);
#10710=MAPPED_ITEM('',#10709,#10708);
#10709=REPRESENTATION_MAP(#10708,#10649);
#10657=PRODUCT('X1~CRYSTAL-SMD_4P-L3.2-W2.5-BL_SIT8008BI~CRYSTAL-SMD_4P-L3.2-W2.5-BL_SIT8008BI~QmFs','X1~CRYSTAL-SMD_4P-L3.2-W2.5-BL_SIT8008BI~CRYSTAL-SMD_4P-L3.2-W2.5-BL_SIT8008BI~QmFs','',(#8637));
#10711=PRODUCT_RELATED_PRODUCT_CATEGORY('part','',(#10657));
#10712=PRODUCT_DEFINITION_FORMATION_WITH_SPECIFIED_SOURCE('','',#10657,.NOT_KNOWN.);
#10658=PRODUCT_DEFINITION('design','',#10712,#8638);
#10656=PRODUCT_DEFINITION_SHAPE('','',#10658);
#10713=SHAPE_DEFINITION_REPRESENTATION(#10656,#10649);
#10648=DRAUGHTING_MODEL('',(#10710),#10647);
#10714=(NAMED_UNIT(*)PLANE_ANGLE_UNIT()SI_UNIT($,.RADIAN.));
#10715=PLANE_ANGLE_MEASURE_WITH_UNIT(PLANE_ANGLE_MEASURE(0.0174532925),#10714);
#10716=(CONVERSION_BASED_UNIT('DEGREE',#10715)NAMED_UNIT(#10717)PLANE_ANGLE_UNIT());
#10717=DIMENSIONAL_EXPONENTS(0.,0.,0.,0.,0.,0.,0.);
#10718=(NAMED_UNIT(*)SI_UNIT($,.STERADIAN.)SOLID_ANGLE_UNIT());
#10719=(LENGTH_UNIT()NAMED_UNIT(*)SI_UNIT(.MILLI.,.METRE.));
#10720=UNCERTAINTY_MEASURE_WITH_UNIT(LENGTH_MEASURE(1.000000E-03),#10719,'DISTANCE_ACCURACY_VALUE','Maximum Tolerance applied to model');
#10721=(GEOMETRIC_REPRESENTATION_CONTEXT(3)GLOBAL_UNCERTAINTY_ASSIGNED_CONTEXT((#10720))GLOBAL_UNIT_ASSIGNED_CONTEXT((#10719,#10716,#10718))REPRESENTATION_CONTEXT('','D1~SOD-123_L2.7-W1.6-LS3.7-RD~SOD-123_L2.7-W1.6-H1.4-LS3.7~QmFs'));
#10733=CARTESIAN_POINT('',(0.,0.,0.));
#10734=DIRECTION('',(0.,0.,1.));
#10735=DIRECTION('',(1.,0.,-0.));
#10736=AXIS2_PLACEMENT_3D('',#10733,#10734,#10735);
#10737=ITEM_DEFINED_TRANSFORMATION('','',#10736,#15);
#10738=(REPRESENTATION_RELATIONSHIP('','',#10723,#8582)REPRESENTATION_RELATIONSHIP_WITH_TRANSFORMATION(#10737)SHAPE_REPRESENTATION_RELATIONSHIP());
#10739=NEXT_ASSEMBLY_USAGE_OCCURRENCE('D1~SOD-123_L2.7-W1.6-LS3.7-RD~SOD-123_L2.7-W1.6-H1.4-LS3.7~QmFs_59','D1~SOD-123_L2.7-W1.6-LS3.7-RD~SOD-123_L2.7-W1.6-H1.4-LS3.7~QmFs','D1~SOD-123_L2.7-W1.6-LS3.7-RD~SOD-123_L2.7-W1.6-H1.4-LS3.7~QmFs',#8591,#10732,$);
#10740=PRODUCT_DEFINITION_SHAPE('','',#10739);
#10741=CONTEXT_DEPENDENT_SHAPE_REPRESENTATION(#10738,#10740);
#10742=(NAMED_UNIT(*)PLANE_ANGLE_UNIT()SI_UNIT($,.RADIAN.));
#10743=PLANE_ANGLE_MEASURE_WITH_UNIT(PLANE_ANGLE_MEASURE(0.0174532925),#10742);
#10744=(CONVERSION_BASED_UNIT('DEGREE',#10743)NAMED_UNIT(#10745)PLANE_ANGLE_UNIT());
#10745=DIMENSIONAL_EXPONENTS(0.,0.,0.,0.,0.,0.,0.);
#10746=(NAMED_UNIT(*)SI_UNIT($,.STERADIAN.)SOLID_ANGLE_UNIT());
#10747=(LENGTH_UNIT()NAMED_UNIT(*)SI_UNIT(.MILLI.,.METRE.));
#10748=UNCERTAINTY_MEASURE_WITH_UNIT(LENGTH_MEASURE(1.000000E-03),#10747,'DISTANCE_ACCURACY_VALUE','Maximum Tolerance applied to model');
#10749=(GEOMETRIC_REPRESENTATION_CONTEXT(3)GLOBAL_UNCERTAINTY_ASSIGNED_CONTEXT((#10748))GLOBAL_UNIT_ASSIGNED_CONTEXT((#10747,#10744,#10746))REPRESENTATION_CONTEXT('','SOD-123_L2.7-W1.6-LS3.7-RD~SOD-123_L2.7-W1.6-H1.4-LS3.7~QmFs'));
#10761=CARTESIAN_POINT('',(0.,0.,0.));
#10762=DIRECTION('',(0.,0.,1.));
#10763=DIRECTION('',(1.,0.,-0.));
#10764=AXIS2_PLACEMENT_3D('',#10761,#10762,#10763);
#10765=ITEM_DEFINED_TRANSFORMATION('','',#10764,#15);
#10766=(REPRESENTATION_RELATIONSHIP('','',#10751,#10723)REPRESENTATION_RELATIONSHIP_WITH_TRANSFORMATION(#10765)SHAPE_REPRESENTATION_RELATIONSHIP());
#10767=NEXT_ASSEMBLY_USAGE_OCCURRENCE('SOD-123_L2.7-W1.6-LS3.7-RD~SOD-123_L2.7-W1.6-H1.4-LS3.7~QmFs_60','SOD-123_L2.7-W1.6-LS3.7-RD~SOD-123_L2.7-W1.6-H1.4-LS3.7~QmFs','SOD-123_L2.7-W1.6-LS3.7-RD~SOD-123_L2.7-W1.6-H1.4-LS3.7~QmFs',#10732,#10760,$);
#10768=PRODUCT_DEFINITION_SHAPE('','',#10767);
#10769=CONTEXT_DEPENDENT_SHAPE_REPRESENTATION(#10766,#10768);
#10751=SHAPE_REPRESENTATION('SOD-123_L2.7-W1.6-LS3.7-RD~SOD-123_L2.7-W1.6-H1.4-LS3.7~QmFs',(#15),#10749);
#10770=CARTESIAN_POINT('',(0.,0.,0.));
#10771=DIRECTION('',(0.,0.,1.));
#10772=DIRECTION('',(1.,0.,0.));
#10773=AXIS2_PLACEMENT_3D('',#10770,#10771,#10772);
#10775=MAPPED_ITEM('',#10774,#10773);
#10774=REPRESENTATION_MAP(#10773,#10751);
#10759=PRODUCT('SOD-123_L2.7-W1.6-LS3.7-RD~SOD-123_L2.7-W1.6-H1.4-LS3.7~QmFs','SOD-123_L2.7-W1.6-LS3.7-RD~SOD-123_L2.7-W1.6-H1.4-LS3.7~QmFs','',(#8637));
#10776=PRODUCT_RELATED_PRODUCT_CATEGORY('part','',(#10759));
#10777=PRODUCT_DEFINITION_FORMATION_WITH_SPECIFIED_SOURCE('','',#10759,.NOT_KNOWN.);
#10760=PRODUCT_DEFINITION('design','',#10777,#8638);
#10758=PRODUCT_DEFINITION_SHAPE('','',#10760);
#10778=SHAPE_DEFINITION_REPRESENTATION(#10758,#10751);
#10750=DRAUGHTING_MODEL('',(#10775),#10749);
#10723=SHAPE_REPRESENTATION('D1~SOD-123_L2.7-W1.6-LS3.7-RD~SOD-123_L2.7-W1.6-H1.4-LS3.7~QmFs',(#15,#10764),#10721);
#10779=CARTESIAN_POINT('',(0.,0.,0.));
#10780=DIRECTION('',(0.,0.,1.));
#10781=DIRECTION('',(1.,0.,0.));
#10782=AXIS2_PLACEMENT_3D('',#10779,#10780,#10781);
#10784=MAPPED_ITEM('',#10783,#10782);
#10783=REPRESENTATION_MAP(#10782,#10723);
#10731=PRODUCT('D1~SOD-123_L2.7-W1.6-LS3.7-RD~SOD-123_L2.7-W1.6-H1.4-LS3.7~QmFs','D1~SOD-123_L2.7-W1.6-LS3.7-RD~SOD-123_L2.7-W1.6-H1.4-LS3.7~QmFs','',(#8637));
#10785=PRODUCT_RELATED_PRODUCT_CATEGORY('part','',(#10731));
#10786=PRODUCT_DEFINITION_FORMATION_WITH_SPECIFIED_SOURCE('','',#10731,.NOT_KNOWN.);
#10732=PRODUCT_DEFINITION('design','',#10786,#8638);
#10730=PRODUCT_DEFINITION_SHAPE('','',#10732);
#10787=SHAPE_DEFINITION_REPRESENTATION(#10730,#10723);
#10722=DRAUGHTING_MODEL('',(#10784),#10721);
#10788=(NAMED_UNIT(*)PLANE_ANGLE_UNIT()SI_UNIT($,.RADIAN.));
#10789=PLANE_ANGLE_MEASURE_WITH_UNIT(PLANE_ANGLE_MEASURE(0.0174532925),#10788);
#10790=(CONVERSION_BASED_UNIT('DEGREE',#10789)NAMED_UNIT(#10791)PLANE_ANGLE_UNIT());
#10791=DIMENSIONAL_EXPONENTS(0.,0.,0.,0.,0.,0.,0.);
#10792=(NAMED_UNIT(*)SI_UNIT($,.STERADIAN.)SOLID_ANGLE_UNIT());
#10793=(LENGTH_UNIT()NAMED_UNIT(*)SI_UNIT(.MILLI.,.METRE.));
#10794=UNCERTAINTY_MEASURE_WITH_UNIT(LENGTH_MEASURE(1.000000E-03),#10793,'DISTANCE_ACCURACY_VALUE','Maximum Tolerance applied to model');
#10795=(GEOMETRIC_REPRESENTATION_CONTEXT(3)GLOBAL_UNCERTAINTY_ASSIGNED_CONTEXT((#10794))GLOBAL_UNIT_ASSIGNED_CONTEXT((#10793,#10790,#10792))REPRESENTATION_CONTEXT('','CN1~CONN-TH_4P-P2.50_ZX-XH2.54-4PWZ~CONN-TH_4P-P2.50_ZX-XH2.54-4PWZ~QmFs'));
#10807=CARTESIAN_POINT('',(0.,0.,0.));
#10808=DIRECTION('',(0.,0.,1.));
#10809=DIRECTION('',(1.,0.,-0.));
#10810=AXIS2_PLACEMENT_3D('',#10807,#10808,#10809);
#10811=ITEM_DEFINED_TRANSFORMATION('','',#10810,#15);
#10812=(REPRESENTATION_RELATIONSHIP('','',#10797,#8582)REPRESENTATION_RELATIONSHIP_WITH_TRANSFORMATION(#10811)SHAPE_REPRESENTATION_RELATIONSHIP());
#10813=NEXT_ASSEMBLY_USAGE_OCCURRENCE('CN1~CONN-TH_4P-P2.50_ZX-XH2.54-4PWZ~CONN-TH_4P-P2.50_ZX-XH2.54-4PWZ~QmFs_61','CN1~CONN-TH_4P-P2.50_ZX-XH2.54-4PWZ~CONN-TH_4P-P2.50_ZX-XH2.54-4PWZ~QmFs','CN1~CONN-TH_4P-P2.50_ZX-XH2.54-4PWZ~CONN-TH_4P-P2.50_ZX-XH2.54-4PWZ~QmFs',#8591,#10806,$);
#10814=PRODUCT_DEFINITION_SHAPE('','',#10813);
#10815=CONTEXT_DEPENDENT_SHAPE_REPRESENTATION(#10812,#10814);
#10816=(NAMED_UNIT(*)PLANE_ANGLE_UNIT()SI_UNIT($,.RADIAN.));
#10817=PLANE_ANGLE_MEASURE_WITH_UNIT(PLANE_ANGLE_MEASURE(0.0174532925),#10816);
#10818=(CONVERSION_BASED_UNIT('DEGREE',#10817)NAMED_UNIT(#10819)PLANE_ANGLE_UNIT());
#10819=DIMENSIONAL_EXPONENTS(0.,0.,0.,0.,0.,0.,0.);
#10820=(NAMED_UNIT(*)SI_UNIT($,.STERADIAN.)SOLID_ANGLE_UNIT());
#10821=(LENGTH_UNIT()NAMED_UNIT(*)SI_UNIT(.MILLI.,.METRE.));
#10822=UNCERTAINTY_MEASURE_WITH_UNIT(LENGTH_MEASURE(1.000000E-03),#10821,'DISTANCE_ACCURACY_VALUE','Maximum Tolerance applied to model');
#10823=(GEOMETRIC_REPRESENTATION_CONTEXT(3)GLOBAL_UNCERTAINTY_ASSIGNED_CONTEXT((#10822))GLOBAL_UNIT_ASSIGNED_CONTEXT((#10821,#10818,#10820))REPRESENTATION_CONTEXT('','CONN-TH_4P-P2.50_ZX-XH2.54-4PWZ~CONN-TH_4P-P2.50_ZX-XH2.54-4PWZ~QmFs'));
#10835=CARTESIAN_POINT('',(0.,0.,0.));
#10836=DIRECTION('',(0.,0.,1.));
#10837=DIRECTION('',(1.,0.,-0.));
#10838=AXIS2_PLACEMENT_3D('',#10835,#10836,#10837);
#10839=ITEM_DEFINED_TRANSFORMATION('','',#10838,#15);
#10840=(REPRESENTATION_RELATIONSHIP('','',#10825,#10797)REPRESENTATION_RELATIONSHIP_WITH_TRANSFORMATION(#10839)SHAPE_REPRESENTATION_RELATIONSHIP());
#10841=NEXT_ASSEMBLY_USAGE_OCCURRENCE('CONN-TH_4P-P2.50_ZX-XH2.54-4PWZ~CONN-TH_4P-P2.50_ZX-XH2.54-4PWZ~QmFs_62','CONN-TH_4P-P2.50_ZX-XH2.54-4PWZ~CONN-TH_4P-P2.50_ZX-XH2.54-4PWZ~QmFs','CONN-TH_4P-P2.50_ZX-XH2.54-4PWZ~CONN-TH_4P-P2.50_ZX-XH2.54-4PWZ~QmFs',#10806,#10834,$);
#10842=PRODUCT_DEFINITION_SHAPE('','',#10841);
#10843=CONTEXT_DEPENDENT_SHAPE_REPRESENTATION(#10840,#10842);
#10825=SHAPE_REPRESENTATION('CONN-TH_4P-P2.50_ZX-XH2.54-4PWZ~CONN-TH_4P-P2.50_ZX-XH2.54-4PWZ~QmFs',(#15),#10823);
#10844=CARTESIAN_POINT('',(0.,0.,0.));
#10845=DIRECTION('',(0.,0.,1.));
#10846=DIRECTION('',(1.,0.,0.));
#10847=AXIS2_PLACEMENT_3D('',#10844,#10845,#10846);
#10849=MAPPED_ITEM('',#10848,#10847);
#10848=REPRESENTATION_MAP(#10847,#10825);
#10833=PRODUCT('CONN-TH_4P-P2.50_ZX-XH2.54-4PWZ~CONN-TH_4P-P2.50_ZX-XH2.54-4PWZ~QmFs','CONN-TH_4P-P2.50_ZX-XH2.54-4PWZ~CONN-TH_4P-P2.50_ZX-XH2.54-4PWZ~QmFs','',(#8637));
#10850=PRODUCT_RELATED_PRODUCT_CATEGORY('part','',(#10833));
#10851=PRODUCT_DEFINITION_FORMATION_WITH_SPECIFIED_SOURCE('','',#10833,.NOT_KNOWN.);
#10834=PRODUCT_DEFINITION('design','',#10851,#8638);
#10832=PRODUCT_DEFINITION_SHAPE('','',#10834);
#10852=SHAPE_DEFINITION_REPRESENTATION(#10832,#10825);
#10824=DRAUGHTING_MODEL('',(#10849),#10823);
#10797=SHAPE_REPRESENTATION('CN1~CONN-TH_4P-P2.50_ZX-XH2.54-4PWZ~CONN-TH_4P-P2.50_ZX-XH2.54-4PWZ~QmFs',(#15,#10838),#10795);
#10853=CARTESIAN_POINT('',(0.,0.,0.));
#10854=DIRECTION('',(0.,0.,1.));
#10855=DIRECTION('',(1.,0.,0.));
#10856=AXIS2_PLACEMENT_3D('',#10853,#10854,#10855);
#10858=MAPPED_ITEM('',#10857,#10856);
#10857=REPRESENTATION_MAP(#10856,#10797);
#10805=PRODUCT('CN1~CONN-TH_4P-P2.50_ZX-XH2.54-4PWZ~CONN-TH_4P-P2.50_ZX-XH2.54-4PWZ~QmFs','CN1~CONN-TH_4P-P2.50_ZX-XH2.54-4PWZ~CONN-TH_4P-P2.50_ZX-XH2.54-4PWZ~QmFs','',(#8637));
#10859=PRODUCT_RELATED_PRODUCT_CATEGORY('part','',(#10805));
#10860=PRODUCT_DEFINITION_FORMATION_WITH_SPECIFIED_SOURCE('','',#10805,.NOT_KNOWN.);
#10806=PRODUCT_DEFINITION('design','',#10860,#8638);
#10804=PRODUCT_DEFINITION_SHAPE('','',#10806);
#10861=SHAPE_DEFINITION_REPRESENTATION(#10804,#10797);
#10796=DRAUGHTING_MODEL('',(#10858),#10795);
#10862=(NAMED_UNIT(*)PLANE_ANGLE_UNIT()SI_UNIT($,.RADIAN.));
#10863=PLANE_ANGLE_MEASURE_WITH_UNIT(PLANE_ANGLE_MEASURE(0.0174532925),#10862);
#10864=(CONVERSION_BASED_UNIT('DEGREE',#10863)NAMED_UNIT(#10865)PLANE_ANGLE_UNIT());
#10865=DIMENSIONAL_EXPONENTS(0.,0.,0.,0.,0.,0.,0.);
#10866=(NAMED_UNIT(*)SI_UNIT($,.STERADIAN.)SOLID_ANGLE_UNIT());
#10867=(LENGTH_UNIT()NAMED_UNIT(*)SI_UNIT(.MILLI.,.METRE.));
#10868=UNCERTAINTY_MEASURE_WITH_UNIT(LENGTH_MEASURE(1.000000E-03),#10867,'DISTANCE_ACCURACY_VALUE','Maximum Tolerance applied to model');
#10869=(GEOMETRIC_REPRESENTATION_CONTEXT(3)GLOBAL_UNCERTAINTY_ASSIGNED_CONTEXT((#10868))GLOBAL_UNIT_ASSIGNED_CONTEXT((#10867,#10864,#10866))REPRESENTATION_CONTEXT('','L3~IND-SMD_L1.6-W0.8~IND-SMD_L1.6-W0.8-H0.7~QmFs'));
#10881=CARTESIAN_POINT('',(0.,0.,0.));
#10882=DIRECTION('',(0.,0.,1.));
#10883=DIRECTION('',(1.,0.,-0.));
#10884=AXIS2_PLACEMENT_3D('',#10881,#10882,#10883);
#10885=ITEM_DEFINED_TRANSFORMATION('','',#10884,#15);
#10886=(REPRESENTATION_RELATIONSHIP('','',#10871,#8582)REPRESENTATION_RELATIONSHIP_WITH_TRANSFORMATION(#10885)SHAPE_REPRESENTATION_RELATIONSHIP());
#10887=NEXT_ASSEMBLY_USAGE_OCCURRENCE('L3~IND-SMD_L1.6-W0.8~IND-SMD_L1.6-W0.8-H0.7~QmFs_63','L3~IND-SMD_L1.6-W0.8~IND-SMD_L1.6-W0.8-H0.7~QmFs','L3~IND-SMD_L1.6-W0.8~IND-SMD_L1.6-W0.8-H0.7~QmFs',#8591,#10880,$);
#10888=PRODUCT_DEFINITION_SHAPE('','',#10887);
#10889=CONTEXT_DEPENDENT_SHAPE_REPRESENTATION(#10886,#10888);
#10890=(NAMED_UNIT(*)PLANE_ANGLE_UNIT()SI_UNIT($,.RADIAN.));
#10891=PLANE_ANGLE_MEASURE_WITH_UNIT(PLANE_ANGLE_MEASURE(0.0174532925),#10890);
#10892=(CONVERSION_BASED_UNIT('DEGREE',#10891)NAMED_UNIT(#10893)PLANE_ANGLE_UNIT());
#10893=DIMENSIONAL_EXPONENTS(0.,0.,0.,0.,0.,0.,0.);
#10894=(NAMED_UNIT(*)SI_UNIT($,.STERADIAN.)SOLID_ANGLE_UNIT());
#10895=(LENGTH_UNIT()NAMED_UNIT(*)SI_UNIT(.MILLI.,.METRE.));
#10896=UNCERTAINTY_MEASURE_WITH_UNIT(LENGTH_MEASURE(1.000000E-03),#10895,'DISTANCE_ACCURACY_VALUE','Maximum Tolerance applied to model');
#10897=(GEOMETRIC_REPRESENTATION_CONTEXT(3)GLOBAL_UNCERTAINTY_ASSIGNED_CONTEXT((#10896))GLOBAL_UNIT_ASSIGNED_CONTEXT((#10895,#10892,#10894))REPRESENTATION_CONTEXT('','IND-SMD_L1.6-W0.8~IND-SMD_L1.6-W0.8-H0.7~QmFs'));
#10909=CARTESIAN_POINT('',(0.,0.,0.));
#10910=DIRECTION('',(0.,0.,1.));
#10911=DIRECTION('',(1.,0.,-0.));
#10912=AXIS2_PLACEMENT_3D('',#10909,#10910,#10911);
#10913=ITEM_DEFINED_TRANSFORMATION('','',#10912,#15);
#10914=(REPRESENTATION_RELATIONSHIP('','',#10899,#10871)REPRESENTATION_RELATIONSHIP_WITH_TRANSFORMATION(#10913)SHAPE_REPRESENTATION_RELATIONSHIP());
#10915=NEXT_ASSEMBLY_USAGE_OCCURRENCE('IND-SMD_L1.6-W0.8~IND-SMD_L1.6-W0.8-H0.7~QmFs_64','IND-SMD_L1.6-W0.8~IND-SMD_L1.6-W0.8-H0.7~QmFs','IND-SMD_L1.6-W0.8~IND-SMD_L1.6-W0.8-H0.7~QmFs',#10880,#10908,$);
#10916=PRODUCT_DEFINITION_SHAPE('','',#10915);
#10917=CONTEXT_DEPENDENT_SHAPE_REPRESENTATION(#10914,#10916);
#10899=SHAPE_REPRESENTATION('IND-SMD_L1.6-W0.8~IND-SMD_L1.6-W0.8-H0.7~QmFs',(#15),#10897);
#10918=CARTESIAN_POINT('',(0.,0.,0.));
#10919=DIRECTION('',(0.,0.,1.));
#10920=DIRECTION('',(1.,0.,0.));
#10921=AXIS2_PLACEMENT_3D('',#10918,#10919,#10920);
#10923=MAPPED_ITEM('',#10922,#10921);
#10922=REPRESENTATION_MAP(#10921,#10899);
#10907=PRODUCT('IND-SMD_L1.6-W0.8~IND-SMD_L1.6-W0.8-H0.7~QmFs','IND-SMD_L1.6-W0.8~IND-SMD_L1.6-W0.8-H0.7~QmFs','',(#8637));
#10924=PRODUCT_RELATED_PRODUCT_CATEGORY('part','',(#10907));
#10925=PRODUCT_DEFINITION_FORMATION_WITH_SPECIFIED_SOURCE('','',#10907,.NOT_KNOWN.);
#10908=PRODUCT_DEFINITION('design','',#10925,#8638);
#10906=PRODUCT_DEFINITION_SHAPE('','',#10908);
#10926=SHAPE_DEFINITION_REPRESENTATION(#10906,#10899);
#10898=DRAUGHTING_MODEL('',(#10923),#10897);
#10871=SHAPE_REPRESENTATION('L3~IND-SMD_L1.6-W0.8~IND-SMD_L1.6-W0.8-H0.7~QmFs',(#15,#10912),#10869);
#10927=CARTESIAN_POINT('',(0.,0.,0.));
#10928=DIRECTION('',(0.,0.,1.));
#10929=DIRECTION('',(1.,0.,0.));
#10930=AXIS2_PLACEMENT_3D('',#10927,#10928,#10929);
#10932=MAPPED_ITEM('',#10931,#10930);
#10931=REPRESENTATION_MAP(#10930,#10871);
#10879=PRODUCT('L3~IND-SMD_L1.6-W0.8~IND-SMD_L1.6-W0.8-H0.7~QmFs','L3~IND-SMD_L1.6-W0.8~IND-SMD_L1.6-W0.8-H0.7~QmFs','',(#8637));
#10933=PRODUCT_RELATED_PRODUCT_CATEGORY('part','',(#10879));
#10934=PRODUCT_DEFINITION_FORMATION_WITH_SPECIFIED_SOURCE('','',#10879,.NOT_KNOWN.);
#10880=PRODUCT_DEFINITION('design','',#10934,#8638);
#10878=PRODUCT_DEFINITION_SHAPE('','',#10880);
#10935=SHAPE_DEFINITION_REPRESENTATION(#10878,#10871);
#10870=DRAUGHTING_MODEL('',(#10932),#10869);
#10936=(NAMED_UNIT(*)PLANE_ANGLE_UNIT()SI_UNIT($,.RADIAN.));
#10937=PLANE_ANGLE_MEASURE_WITH_UNIT(PLANE_ANGLE_MEASURE(0.0174532925),#10936);
#10938=(CONVERSION_BASED_UNIT('DEGREE',#10937)NAMED_UNIT(#10939)PLANE_ANGLE_UNIT());
#10939=DIMENSIONAL_EXPONENTS(0.,0.,0.,0.,0.,0.,0.);
#10940=(NAMED_UNIT(*)SI_UNIT($,.STERADIAN.)SOLID_ANGLE_UNIT());
#10941=(LENGTH_UNIT()NAMED_UNIT(*)SI_UNIT(.MILLI.,.METRE.));
#10942=UNCERTAINTY_MEASURE_WITH_UNIT(LENGTH_MEASURE(1.000000E-03),#10941,'DISTANCE_ACCURACY_VALUE','Maximum Tolerance applied to model');
#10943=(GEOMETRIC_REPRESENTATION_CONTEXT(3)GLOBAL_UNCERTAINTY_ASSIGNED_CONTEXT((#10942))GLOBAL_UNIT_ASSIGNED_CONTEXT((#10941,#10938,#10940))REPRESENTATION_CONTEXT('','H2~HDR-TH_3P-P2.54-V-M~HDR-TH_3P-P2.54-M-LI-1X3P~QmFs'));
#10955=CARTESIAN_POINT('',(0.,0.,0.));
#10956=DIRECTION('',(0.,0.,1.));
#10957=DIRECTION('',(1.,0.,-0.));
#10958=AXIS2_PLACEMENT_3D('',#10955,#10956,#10957);
#10959=ITEM_DEFINED_TRANSFORMATION('','',#10958,#15);
#10960=(REPRESENTATION_RELATIONSHIP('','',#10945,#8582)REPRESENTATION_RELATIONSHIP_WITH_TRANSFORMATION(#10959)SHAPE_REPRESENTATION_RELATIONSHIP());
#10961=NEXT_ASSEMBLY_USAGE_OCCURRENCE('H2~HDR-TH_3P-P2.54-V-M~HDR-TH_3P-P2.54-M-LI-1X3P~QmFs_65','H2~HDR-TH_3P-P2.54-V-M~HDR-TH_3P-P2.54-M-LI-1X3P~QmFs','H2~HDR-TH_3P-P2.54-V-M~HDR-TH_3P-P2.54-M-LI-1X3P~QmFs',#8591,#10954,$);
#10962=PRODUCT_DEFINITION_SHAPE('','',#10961);
#10963=CONTEXT_DEPENDENT_SHAPE_REPRESENTATION(#10960,#10962);
#10964=(NAMED_UNIT(*)PLANE_ANGLE_UNIT()SI_UNIT($,.RADIAN.));
#10965=PLANE_ANGLE_MEASURE_WITH_UNIT(PLANE_ANGLE_MEASURE(0.0174532925),#10964);
#10966=(CONVERSION_BASED_UNIT('DEGREE',#10965)NAMED_UNIT(#10967)PLANE_ANGLE_UNIT());
#10967=DIMENSIONAL_EXPONENTS(0.,0.,0.,0.,0.,0.,0.);
#10968=(NAMED_UNIT(*)SI_UNIT($,.STERADIAN.)SOLID_ANGLE_UNIT());
#10969=(LENGTH_UNIT()NAMED_UNIT(*)SI_UNIT(.MILLI.,.METRE.));
#10970=UNCERTAINTY_MEASURE_WITH_UNIT(LENGTH_MEASURE(1.000000E-03),#10969,'DISTANCE_ACCURACY_VALUE','Maximum Tolerance applied to model');
#10971=(GEOMETRIC_REPRESENTATION_CONTEXT(3)GLOBAL_UNCERTAINTY_ASSIGNED_CONTEXT((#10970))GLOBAL_UNIT_ASSIGNED_CONTEXT((#10969,#10966,#10968))REPRESENTATION_CONTEXT('','HDR-TH_3P-P2.54-V-M~HDR-TH_3P-P2.54-M-LI-1X3P~QmFs'));
#10983=CARTESIAN_POINT('',(0.,0.,0.));
#10984=DIRECTION('',(0.,0.,1.));
#10985=DIRECTION('',(1.,0.,-0.));
#10986=AXIS2_PLACEMENT_3D('',#10983,#10984,#10985);
#10987=ITEM_DEFINED_TRANSFORMATION('','',#10986,#15);
#10988=(REPRESENTATION_RELATIONSHIP('','',#10973,#10945)REPRESENTATION_RELATIONSHIP_WITH_TRANSFORMATION(#10987)SHAPE_REPRESENTATION_RELATIONSHIP());
#10989=NEXT_ASSEMBLY_USAGE_OCCURRENCE('HDR-TH_3P-P2.54-V-M~HDR-TH_3P-P2.54-M-LI-1X3P~QmFs_66','HDR-TH_3P-P2.54-V-M~HDR-TH_3P-P2.54-M-LI-1X3P~QmFs','HDR-TH_3P-P2.54-V-M~HDR-TH_3P-P2.54-M-LI-1X3P~QmFs',#10954,#10982,$);
#10990=PRODUCT_DEFINITION_SHAPE('','',#10989);
#10991=CONTEXT_DEPENDENT_SHAPE_REPRESENTATION(#10988,#10990);
#10973=SHAPE_REPRESENTATION('HDR-TH_3P-P2.54-V-M~HDR-TH_3P-P2.54-M-LI-1X3P~QmFs',(#15),#10971);
#10992=CARTESIAN_POINT('',(0.,0.,0.));
#10993=DIRECTION('',(0.,0.,1.));
#10994=DIRECTION('',(1.,0.,0.));
#10995=AXIS2_PLACEMENT_3D('',#10992,#10993,#10994);
#10997=MAPPED_ITEM('',#10996,#10995);
#10996=REPRESENTATION_MAP(#10995,#10973);
#10981=PRODUCT('HDR-TH_3P-P2.54-V-M~HDR-TH_3P-P2.54-M-LI-1X3P~QmFs','HDR-TH_3P-P2.54-V-M~HDR-TH_3P-P2.54-M-LI-1X3P~QmFs','',(#8637));
#10998=PRODUCT_RELATED_PRODUCT_CATEGORY('part','',(#10981));
#10999=PRODUCT_DEFINITION_FORMATION_WITH_SPECIFIED_SOURCE('','',#10981,.NOT_KNOWN.);
#10982=PRODUCT_DEFINITION('design','',#10999,#8638);
#10980=PRODUCT_DEFINITION_SHAPE('','',#10982);
#11000=SHAPE_DEFINITION_REPRESENTATION(#10980,#10973);
#10972=DRAUGHTING_MODEL('',(#10997),#10971);
#10945=SHAPE_REPRESENTATION('H2~HDR-TH_3P-P2.54-V-M~HDR-TH_3P-P2.54-M-LI-1X3P~QmFs',(#15,#10986),#10943);
#11001=CARTESIAN_POINT('',(0.,0.,0.));
#11002=DIRECTION('',(0.,0.,1.));
#11003=DIRECTION('',(1.,0.,0.));
#11004=AXIS2_PLACEMENT_3D('',#11001,#11002,#11003);
#11006=MAPPED_ITEM('',#11005,#11004);
#11005=REPRESENTATION_MAP(#11004,#10945);
#10953=PRODUCT('H2~HDR-TH_3P-P2.54-V-M~HDR-TH_3P-P2.54-M-LI-1X3P~QmFs','H2~HDR-TH_3P-P2.54-V-M~HDR-TH_3P-P2.54-M-LI-1X3P~QmFs','',(#8637));
#11007=PRODUCT_RELATED_PRODUCT_CATEGORY('part','',(#10953));
#11008=PRODUCT_DEFINITION_FORMATION_WITH_SPECIFIED_SOURCE('','',#10953,.NOT_KNOWN.);
#10954=PRODUCT_DEFINITION('design','',#11008,#8638);
#10952=PRODUCT_DEFINITION_SHAPE('','',#10954);
#11009=SHAPE_DEFINITION_REPRESENTATION(#10952,#10945);
#10944=DRAUGHTING_MODEL('',(#11006),#10943);
#11010=(NAMED_UNIT(*)PLANE_ANGLE_UNIT()SI_UNIT($,.RADIAN.));
#11011=PLANE_ANGLE_MEASURE_WITH_UNIT(PLANE_ANGLE_MEASURE(0.0174532925),#11010);
#11012=(CONVERSION_BASED_UNIT('DEGREE',#11011)NAMED_UNIT(#11013)PLANE_ANGLE_UNIT());
#11013=DIMENSIONAL_EXPONENTS(0.,0.,0.,0.,0.,0.,0.);
#11014=(NAMED_UNIT(*)SI_UNIT($,.STERADIAN.)SOLID_ANGLE_UNIT());
#11015=(LENGTH_UNIT()NAMED_UNIT(*)SI_UNIT(.MILLI.,.METRE.));
#11016=UNCERTAINTY_MEASURE_WITH_UNIT(LENGTH_MEASURE(1.000000E-03),#11015,'DISTANCE_ACCURACY_VALUE','Maximum Tolerance applied to model');
#11017=(GEOMETRIC_REPRESENTATION_CONTEXT(3)GLOBAL_UNCERTAINTY_ASSIGNED_CONTEXT((#11016))GLOBAL_UNIT_ASSIGNED_CONTEXT((#11015,#11012,#11014))REPRESENTATION_CONTEXT('','SW1~SW-SMD_L4.7-W3.5-P3.35-EH~SW-SMD_L4.7-W3.5-H1.9-P3.35-EH~QmFs'));
#11029=CARTESIAN_POINT('',(0.,0.,0.));
#11030=DIRECTION('',(0.,0.,1.));
#11031=DIRECTION('',(1.,0.,-0.));
#11032=AXIS2_PLACEMENT_3D('',#11029,#11030,#11031);
#11033=ITEM_DEFINED_TRANSFORMATION('','',#11032,#15);
#11034=(REPRESENTATION_RELATIONSHIP('','',#11019,#8582)REPRESENTATION_RELATIONSHIP_WITH_TRANSFORMATION(#11033)SHAPE_REPRESENTATION_RELATIONSHIP());
#11035=NEXT_ASSEMBLY_USAGE_OCCURRENCE('SW1~SW-SMD_L4.7-W3.5-P3.35-EH~SW-SMD_L4.7-W3.5-H1.9-P3.35-EH~QmFs_67','SW1~SW-SMD_L4.7-W3.5-P3.35-EH~SW-SMD_L4.7-W3.5-H1.9-P3.35-EH~QmFs','SW1~SW-SMD_L4.7-W3.5-P3.35-EH~SW-SMD_L4.7-W3.5-H1.9-P3.35-EH~QmFs',#8591,#11028,$);
#11036=PRODUCT_DEFINITION_SHAPE('','',#11035);
#11037=CONTEXT_DEPENDENT_SHAPE_REPRESENTATION(#11034,#11036);
#11038=(NAMED_UNIT(*)PLANE_ANGLE_UNIT()SI_UNIT($,.RADIAN.));
#11039=PLANE_ANGLE_MEASURE_WITH_UNIT(PLANE_ANGLE_MEASURE(0.0174532925),#11038);
#11040=(CONVERSION_BASED_UNIT('DEGREE',#11039)NAMED_UNIT(#11041)PLANE_ANGLE_UNIT());
#11041=DIMENSIONAL_EXPONENTS(0.,0.,0.,0.,0.,0.,0.);
#11042=(NAMED_UNIT(*)SI_UNIT($,.STERADIAN.)SOLID_ANGLE_UNIT());
#11043=(LENGTH_UNIT()NAMED_UNIT(*)SI_UNIT(.MILLI.,.METRE.));
#11044=UNCERTAINTY_MEASURE_WITH_UNIT(LENGTH_MEASURE(1.000000E-03),#11043,'DISTANCE_ACCURACY_VALUE','Maximum Tolerance applied to model');
#11045=(GEOMETRIC_REPRESENTATION_CONTEXT(3)GLOBAL_UNCERTAINTY_ASSIGNED_CONTEXT((#11044))GLOBAL_UNIT_ASSIGNED_CONTEXT((#11043,#11040,#11042))REPRESENTATION_CONTEXT('','SW-SMD_L4.7-W3.5-P3.35-EH~SW-SMD_L4.7-W3.5-H1.9-P3.35-EH~QmFs'));
#11057=CARTESIAN_POINT('',(0.,0.,0.));
#11058=DIRECTION('',(0.,0.,1.));
#11059=DIRECTION('',(1.,0.,-0.));
#11060=AXIS2_PLACEMENT_3D('',#11057,#11058,#11059);
#11061=ITEM_DEFINED_TRANSFORMATION('','',#11060,#15);
#11062=(REPRESENTATION_RELATIONSHIP('','',#11047,#11019)REPRESENTATION_RELATIONSHIP_WITH_TRANSFORMATION(#11061)SHAPE_REPRESENTATION_RELATIONSHIP());
#11063=NEXT_ASSEMBLY_USAGE_OCCURRENCE('SW-SMD_L4.7-W3.5-P3.35-EH~SW-SMD_L4.7-W3.5-H1.9-P3.35-EH~QmFs_68','SW-SMD_L4.7-W3.5-P3.35-EH~SW-SMD_L4.7-W3.5-H1.9-P3.35-EH~QmFs','SW-SMD_L4.7-W3.5-P3.35-EH~SW-SMD_L4.7-W3.5-H1.9-P3.35-EH~QmFs',#11028,#11056,$);
#11064=PRODUCT_DEFINITION_SHAPE('','',#11063);
#11065=CONTEXT_DEPENDENT_SHAPE_REPRESENTATION(#11062,#11064);
#11047=SHAPE_REPRESENTATION('SW-SMD_L4.7-W3.5-P3.35-EH~SW-SMD_L4.7-W3.5-H1.9-P3.35-EH~QmFs',(#15),#11045);
#11066=CARTESIAN_POINT('',(0.,0.,0.));
#11067=DIRECTION('',(0.,0.,1.));
#11068=DIRECTION('',(1.,0.,0.));
#11069=AXIS2_PLACEMENT_3D('',#11066,#11067,#11068);
#11071=MAPPED_ITEM('',#11070,#11069);
#11070=REPRESENTATION_MAP(#11069,#11047);
#11055=PRODUCT('SW-SMD_L4.7-W3.5-P3.35-EH~SW-SMD_L4.7-W3.5-H1.9-P3.35-EH~QmFs','SW-SMD_L4.7-W3.5-P3.35-EH~SW-SMD_L4.7-W3.5-H1.9-P3.35-EH~QmFs','',(#8637));
#11072=PRODUCT_RELATED_PRODUCT_CATEGORY('part','',(#11055));
#11073=PRODUCT_DEFINITION_FORMATION_WITH_SPECIFIED_SOURCE('','',#11055,.NOT_KNOWN.);
#11056=PRODUCT_DEFINITION('design','',#11073,#8638);
#11054=PRODUCT_DEFINITION_SHAPE('','',#11056);
#11074=SHAPE_DEFINITION_REPRESENTATION(#11054,#11047);
#11046=DRAUGHTING_MODEL('',(#11071),#11045);
#11019=SHAPE_REPRESENTATION('SW1~SW-SMD_L4.7-W3.5-P3.35-EH~SW-SMD_L4.7-W3.5-H1.9-P3.35-EH~QmFs',(#15,#11060),#11017);
#11075=CARTESIAN_POINT('',(0.,0.,0.));
#11076=DIRECTION('',(0.,0.,1.));
#11077=DIRECTION('',(1.,0.,0.));
#11078=AXIS2_PLACEMENT_3D('',#11075,#11076,#11077);
#11080=MAPPED_ITEM('',#11079,#11078);
#11079=REPRESENTATION_MAP(#11078,#11019);
#11027=PRODUCT('SW1~SW-SMD_L4.7-W3.5-P3.35-EH~SW-SMD_L4.7-W3.5-H1.9-P3.35-EH~QmFs','SW1~SW-SMD_L4.7-W3.5-P3.35-EH~SW-SMD_L4.7-W3.5-H1.9-P3.35-EH~QmFs','',(#8637));
#11081=PRODUCT_RELATED_PRODUCT_CATEGORY('part','',(#11027));
#11082=PRODUCT_DEFINITION_FORMATION_WITH_SPECIFIED_SOURCE('','',#11027,.NOT_KNOWN.);
#11028=PRODUCT_DEFINITION('design','',#11082,#8638);
#11026=PRODUCT_DEFINITION_SHAPE('','',#11028);
#11083=SHAPE_DEFINITION_REPRESENTATION(#11026,#11019);
#11018=DRAUGHTING_MODEL('',(#11080),#11017);
#11084=(NAMED_UNIT(*)PLANE_ANGLE_UNIT()SI_UNIT($,.RADIAN.));
#11085=PLANE_ANGLE_MEASURE_WITH_UNIT(PLANE_ANGLE_MEASURE(0.0174532925),#11084);
#11086=(CONVERSION_BASED_UNIT('DEGREE',#11085)NAMED_UNIT(#11087)PLANE_ANGLE_UNIT());
#11087=DIMENSIONAL_EXPONENTS(0.,0.,0.,0.,0.,0.,0.);
#11088=(NAMED_UNIT(*)SI_UNIT($,.STERADIAN.)SOLID_ANGLE_UNIT());
#11089=(LENGTH_UNIT()NAMED_UNIT(*)SI_UNIT(.MILLI.,.METRE.));
#11090=UNCERTAINTY_MEASURE_WITH_UNIT(LENGTH_MEASURE(1.000000E-03),#11089,'DISTANCE_ACCURACY_VALUE','Maximum Tolerance applied to model');
#11091=(GEOMETRIC_REPRESENTATION_CONTEXT(3)GLOBAL_UNCERTAINTY_ASSIGNED_CONTEXT((#11090))GLOBAL_UNIT_ASSIGNED_CONTEXT((#11089,#11086,#11088))REPRESENTATION_CONTEXT('','SW1~SW-SMD_L4.7-W3.5-P3.35-EH~SW-SMD_L4.7-W3.5-H1.9-P3.35-EH~QmFs'));
#11103=CARTESIAN_POINT('',(0.,0.,0.));
#11104=DIRECTION('',(0.,0.,1.));
#11105=DIRECTION('',(1.,0.,-0.));
#11106=AXIS2_PLACEMENT_3D('',#11103,#11104,#11105);
#11107=ITEM_DEFINED_TRANSFORMATION('','',#11106,#15);
#11108=(REPRESENTATION_RELATIONSHIP('','',#11093,#8582)REPRESENTATION_RELATIONSHIP_WITH_TRANSFORMATION(#11107)SHAPE_REPRESENTATION_RELATIONSHIP());
#11109=NEXT_ASSEMBLY_USAGE_OCCURRENCE('SW1~SW-SMD_L4.7-W3.5-P3.35-EH~SW-SMD_L4.7-W3.5-H1.9-P3.35-EH~QmFs_69','SW1~SW-SMD_L4.7-W3.5-P3.35-EH~SW-SMD_L4.7-W3.5-H1.9-P3.35-EH~QmFs','SW1~SW-SMD_L4.7-W3.5-P3.35-EH~SW-SMD_L4.7-W3.5-H1.9-P3.35-EH~QmFs',#8591,#11102,$);
#11110=PRODUCT_DEFINITION_SHAPE('','',#11109);
#11111=CONTEXT_DEPENDENT_SHAPE_REPRESENTATION(#11108,#11110);
#11112=(NAMED_UNIT(*)PLANE_ANGLE_UNIT()SI_UNIT($,.RADIAN.));
#11113=PLANE_ANGLE_MEASURE_WITH_UNIT(PLANE_ANGLE_MEASURE(0.0174532925),#11112);
#11114=(CONVERSION_BASED_UNIT('DEGREE',#11113)NAMED_UNIT(#11115)PLANE_ANGLE_UNIT());
#11115=DIMENSIONAL_EXPONENTS(0.,0.,0.,0.,0.,0.,0.);
#11116=(NAMED_UNIT(*)SI_UNIT($,.STERADIAN.)SOLID_ANGLE_UNIT());
#11117=(LENGTH_UNIT()NAMED_UNIT(*)SI_UNIT(.MILLI.,.METRE.));
#11118=UNCERTAINTY_MEASURE_WITH_UNIT(LENGTH_MEASURE(1.000000E-03),#11117,'DISTANCE_ACCURACY_VALUE','Maximum Tolerance applied to model');
#11119=(GEOMETRIC_REPRESENTATION_CONTEXT(3)GLOBAL_UNCERTAINTY_ASSIGNED_CONTEXT((#11118))GLOBAL_UNIT_ASSIGNED_CONTEXT((#11117,#11114,#11116))REPRESENTATION_CONTEXT('','SW-SMD_L4.7-W3.5-P3.35-EH~SW-SMD_L4.7-W3.5-H1.9-P3.35-EH~QmFs'));
#11131=CARTESIAN_POINT('',(0.,0.,0.));
#11132=DIRECTION('',(0.,0.,1.));
#11133=DIRECTION('',(1.,0.,-0.));
#11134=AXIS2_PLACEMENT_3D('',#11131,#11132,#11133);
#11135=ITEM_DEFINED_TRANSFORMATION('','',#11134,#15);
#11136=(REPRESENTATION_RELATIONSHIP('','',#11121,#11093)REPRESENTATION_RELATIONSHIP_WITH_TRANSFORMATION(#11135)SHAPE_REPRESENTATION_RELATIONSHIP());
#11137=NEXT_ASSEMBLY_USAGE_OCCURRENCE('SW-SMD_L4.7-W3.5-P3.35-EH~SW-SMD_L4.7-W3.5-H1.9-P3.35-EH~QmFs_70','SW-SMD_L4.7-W3.5-P3.35-EH~SW-SMD_L4.7-W3.5-H1.9-P3.35-EH~QmFs','SW-SMD_L4.7-W3.5-P3.35-EH~SW-SMD_L4.7-W3.5-H1.9-P3.35-EH~QmFs',#11102,#11130,$);
#11138=PRODUCT_DEFINITION_SHAPE('','',#11137);
#11139=CONTEXT_DEPENDENT_SHAPE_REPRESENTATION(#11136,#11138);
#11121=SHAPE_REPRESENTATION('SW-SMD_L4.7-W3.5-P3.35-EH~SW-SMD_L4.7-W3.5-H1.9-P3.35-EH~QmFs',(#15),#11119);
#11140=CARTESIAN_POINT('',(0.,0.,0.));
#11141=DIRECTION('',(0.,0.,1.));
#11142=DIRECTION('',(1.,0.,0.));
#11143=AXIS2_PLACEMENT_3D('',#11140,#11141,#11142);
#11145=MAPPED_ITEM('',#11144,#11143);
#11144=REPRESENTATION_MAP(#11143,#11121);
#11129=PRODUCT('SW-SMD_L4.7-W3.5-P3.35-EH~SW-SMD_L4.7-W3.5-H1.9-P3.35-EH~QmFs','SW-SMD_L4.7-W3.5-P3.35-EH~SW-SMD_L4.7-W3.5-H1.9-P3.35-EH~QmFs','',(#8637));
#11146=PRODUCT_RELATED_PRODUCT_CATEGORY('part','',(#11129));
#11147=PRODUCT_DEFINITION_FORMATION_WITH_SPECIFIED_SOURCE('','',#11129,.NOT_KNOWN.);
#11130=PRODUCT_DEFINITION('design','',#11147,#8638);
#11128=PRODUCT_DEFINITION_SHAPE('','',#11130);
#11148=SHAPE_DEFINITION_REPRESENTATION(#11128,#11121);
#11120=DRAUGHTING_MODEL('',(#11145),#11119);
#11093=SHAPE_REPRESENTATION('SW1~SW-SMD_L4.7-W3.5-P3.35-EH~SW-SMD_L4.7-W3.5-H1.9-P3.35-EH~QmFs',(#15,#11134),#11091);
#11149=CARTESIAN_POINT('',(0.,0.,0.));
#11150=DIRECTION('',(0.,0.,1.));
#11151=DIRECTION('',(1.,0.,0.));
#11152=AXIS2_PLACEMENT_3D('',#11149,#11150,#11151);
#11154=MAPPED_ITEM('',#11153,#11152);
#11153=REPRESENTATION_MAP(#11152,#11093);
#11101=PRODUCT('SW1~SW-SMD_L4.7-W3.5-P3.35-EH~SW-SMD_L4.7-W3.5-H1.9-P3.35-EH~QmFs','SW1~SW-SMD_L4.7-W3.5-P3.35-EH~SW-SMD_L4.7-W3.5-H1.9-P3.35-EH~QmFs','',(#8637));
#11155=PRODUCT_RELATED_PRODUCT_CATEGORY('part','',(#11101));
#11156=PRODUCT_DEFINITION_FORMATION_WITH_SPECIFIED_SOURCE('','',#11101,.NOT_KNOWN.);
#11102=PRODUCT_DEFINITION('design','',#11156,#8638);
#11100=PRODUCT_DEFINITION_SHAPE('','',#11102);
#11157=SHAPE_DEFINITION_REPRESENTATION(#11100,#11093);
#11092=DRAUGHTING_MODEL('',(#11154),#11091);
#11158=(NAMED_UNIT(*)PLANE_ANGLE_UNIT()SI_UNIT($,.RADIAN.));
#11159=PLANE_ANGLE_MEASURE_WITH_UNIT(PLANE_ANGLE_MEASURE(0.0174532925),#11158);
#11160=(CONVERSION_BASED_UNIT('DEGREE',#11159)NAMED_UNIT(#11161)PLANE_ANGLE_UNIT());
#11161=DIMENSIONAL_EXPONENTS(0.,0.,0.,0.,0.,0.,0.);
#11162=(NAMED_UNIT(*)SI_UNIT($,.STERADIAN.)SOLID_ANGLE_UNIT());
#11163=(LENGTH_UNIT()NAMED_UNIT(*)SI_UNIT(.MILLI.,.METRE.));
#11164=UNCERTAINTY_MEASURE_WITH_UNIT(LENGTH_MEASURE(1.000000E-03),#11163,'DISTANCE_ACCURACY_VALUE','Maximum Tolerance applied to model');
#11165=(GEOMETRIC_REPRESENTATION_CONTEXT(3)GLOBAL_UNCERTAINTY_ASSIGNED_CONTEXT((#11164))GLOBAL_UNIT_ASSIGNED_CONTEXT((#11163,#11160,#11162))REPRESENTATION_CONTEXT('','L2~L0603~L0603_L1.6-W0.8-H0.5_BEAD~QmFs'));
#11177=CARTESIAN_POINT('',(0.,0.,0.));
#11178=DIRECTION('',(0.,0.,1.));
#11179=DIRECTION('',(1.,0.,-0.));
#11180=AXIS2_PLACEMENT_3D('',#11177,#11178,#11179);
#11181=ITEM_DEFINED_TRANSFORMATION('','',#11180,#15);
#11182=(REPRESENTATION_RELATIONSHIP('','',#11167,#8582)REPRESENTATION_RELATIONSHIP_WITH_TRANSFORMATION(#11181)SHAPE_REPRESENTATION_RELATIONSHIP());
#11183=NEXT_ASSEMBLY_USAGE_OCCURRENCE('L2~L0603~L0603_L1.6-W0.8-H0.5_BEAD~QmFs_71','L2~L0603~L0603_L1.6-W0.8-H0.5_BEAD~QmFs','L2~L0603~L0603_L1.6-W0.8-H0.5_BEAD~QmFs',#8591,#11176,$);
#11184=PRODUCT_DEFINITION_SHAPE('','',#11183);
#11185=CONTEXT_DEPENDENT_SHAPE_REPRESENTATION(#11182,#11184);
#11186=(NAMED_UNIT(*)PLANE_ANGLE_UNIT()SI_UNIT($,.RADIAN.));
#11187=PLANE_ANGLE_MEASURE_WITH_UNIT(PLANE_ANGLE_MEASURE(0.0174532925),#11186);
#11188=(CONVERSION_BASED_UNIT('DEGREE',#11187)NAMED_UNIT(#11189)PLANE_ANGLE_UNIT());
#11189=DIMENSIONAL_EXPONENTS(0.,0.,0.,0.,0.,0.,0.);
#11190=(NAMED_UNIT(*)SI_UNIT($,.STERADIAN.)SOLID_ANGLE_UNIT());
#11191=(LENGTH_UNIT()NAMED_UNIT(*)SI_UNIT(.MILLI.,.METRE.));
#11192=UNCERTAINTY_MEASURE_WITH_UNIT(LENGTH_MEASURE(1.000000E-03),#11191,'DISTANCE_ACCURACY_VALUE','Maximum Tolerance applied to model');
#11193=(GEOMETRIC_REPRESENTATION_CONTEXT(3)GLOBAL_UNCERTAINTY_ASSIGNED_CONTEXT((#11192))GLOBAL_UNIT_ASSIGNED_CONTEXT((#11191,#11188,#11190))REPRESENTATION_CONTEXT('','L0603~L0603_L1.6-W0.8-H0.5_BEAD~QmFs'));
#11205=CARTESIAN_POINT('',(0.,0.,0.));
#11206=DIRECTION('',(0.,0.,1.));
#11207=DIRECTION('',(1.,0.,-0.));
#11208=AXIS2_PLACEMENT_3D('',#11205,#11206,#11207);
#11209=ITEM_DEFINED_TRANSFORMATION('','',#11208,#15);
#11210=(REPRESENTATION_RELATIONSHIP('','',#11195,#11167)REPRESENTATION_RELATIONSHIP_WITH_TRANSFORMATION(#11209)SHAPE_REPRESENTATION_RELATIONSHIP());
#11211=NEXT_ASSEMBLY_USAGE_OCCURRENCE('L0603~L0603_L1.6-W0.8-H0.5_BEAD~QmFs_72','L0603~L0603_L1.6-W0.8-H0.5_BEAD~QmFs','L0603~L0603_L1.6-W0.8-H0.5_BEAD~QmFs',#11176,#11204,$);
#11212=PRODUCT_DEFINITION_SHAPE('','',#11211);
#11213=CONTEXT_DEPENDENT_SHAPE_REPRESENTATION(#11210,#11212);
#11195=SHAPE_REPRESENTATION('L0603~L0603_L1.6-W0.8-H0.5_BEAD~QmFs',(#15),#11193);
#11214=CARTESIAN_POINT('',(0.,0.,0.));
#11215=DIRECTION('',(0.,0.,1.));
#11216=DIRECTION('',(1.,0.,0.));
#11217=AXIS2_PLACEMENT_3D('',#11214,#11215,#11216);
#11219=MAPPED_ITEM('',#11218,#11217);
#11218=REPRESENTATION_MAP(#11217,#11195);
#11203=PRODUCT('L0603~L0603_L1.6-W0.8-H0.5_BEAD~QmFs','L0603~L0603_L1.6-W0.8-H0.5_BEAD~QmFs','',(#8637));
#11220=PRODUCT_RELATED_PRODUCT_CATEGORY('part','',(#11203));
#11221=PRODUCT_DEFINITION_FORMATION_WITH_SPECIFIED_SOURCE('','',#11203,.NOT_KNOWN.);
#11204=PRODUCT_DEFINITION('design','',#11221,#8638);
#11202=PRODUCT_DEFINITION_SHAPE('','',#11204);
#11222=SHAPE_DEFINITION_REPRESENTATION(#11202,#11195);
#11194=DRAUGHTING_MODEL('',(#11219),#11193);
#11167=SHAPE_REPRESENTATION('L2~L0603~L0603_L1.6-W0.8-H0.5_BEAD~QmFs',(#15,#11208),#11165);
#11223=CARTESIAN_POINT('',(0.,0.,0.));
#11224=DIRECTION('',(0.,0.,1.));
#11225=DIRECTION('',(1.,0.,0.));
#11226=AXIS2_PLACEMENT_3D('',#11223,#11224,#11225);
#11228=MAPPED_ITEM('',#11227,#11226);
#11227=REPRESENTATION_MAP(#11226,#11167);
#11175=PRODUCT('L2~L0603~L0603_L1.6-W0.8-H0.5_BEAD~QmFs','L2~L0603~L0603_L1.6-W0.8-H0.5_BEAD~QmFs','',(#8637));
#11229=PRODUCT_RELATED_PRODUCT_CATEGORY('part','',(#11175));
#11230=PRODUCT_DEFINITION_FORMATION_WITH_SPECIFIED_SOURCE('','',#11175,.NOT_KNOWN.);
#11176=PRODUCT_DEFINITION('design','',#11230,#8638);
#11174=PRODUCT_DEFINITION_SHAPE('','',#11176);
#11231=SHAPE_DEFINITION_REPRESENTATION(#11174,#11167);
#11166=DRAUGHTING_MODEL('',(#11228),#11165);
#11232=(NAMED_UNIT(*)PLANE_ANGLE_UNIT()SI_UNIT($,.RADIAN.));
#11233=PLANE_ANGLE_MEASURE_WITH_UNIT(PLANE_ANGLE_MEASURE(0.0174532925),#11232);
#11234=(CONVERSION_BASED_UNIT('DEGREE',#11233)NAMED_UNIT(#11235)PLANE_ANGLE_UNIT());
#11235=DIMENSIONAL_EXPONENTS(0.,0.,0.,0.,0.,0.,0.);
#11236=(NAMED_UNIT(*)SI_UNIT($,.STERADIAN.)SOLID_ANGLE_UNIT());
#11237=(LENGTH_UNIT()NAMED_UNIT(*)SI_UNIT(.MILLI.,.METRE.));
#11238=UNCERTAINTY_MEASURE_WITH_UNIT(LENGTH_MEASURE(1.000000E-03),#11237,'DISTANCE_ACCURACY_VALUE','Maximum Tolerance applied to model');
#11239=(GEOMETRIC_REPRESENTATION_CONTEXT(3)GLOBAL_UNCERTAINTY_ASSIGNED_CONTEXT((#11238))GLOBAL_UNIT_ASSIGNED_CONTEXT((#11237,#11234,#11236))REPRESENTATION_CONTEXT('','C29~C0805~C0805_L2.0-W1.3-H1.3~QmFs'));
#11251=CARTESIAN_POINT('',(0.,0.,0.));
#11252=DIRECTION('',(0.,0.,1.));
#11253=DIRECTION('',(1.,0.,-0.));
#11254=AXIS2_PLACEMENT_3D('',#11251,#11252,#11253);
#11255=ITEM_DEFINED_TRANSFORMATION('','',#11254,#15);
#11256=(REPRESENTATION_RELATIONSHIP('','',#11241,#8582)REPRESENTATION_RELATIONSHIP_WITH_TRANSFORMATION(#11255)SHAPE_REPRESENTATION_RELATIONSHIP());
#11257=NEXT_ASSEMBLY_USAGE_OCCURRENCE('C29~C0805~C0805_L2.0-W1.3-H1.3~QmFs_73','C29~C0805~C0805_L2.0-W1.3-H1.3~QmFs','C29~C0805~C0805_L2.0-W1.3-H1.3~QmFs',#8591,#11250,$);
#11258=PRODUCT_DEFINITION_SHAPE('','',#11257);
#11259=CONTEXT_DEPENDENT_SHAPE_REPRESENTATION(#11256,#11258);
#11260=(NAMED_UNIT(*)PLANE_ANGLE_UNIT()SI_UNIT($,.RADIAN.));
#11261=PLANE_ANGLE_MEASURE_WITH_UNIT(PLANE_ANGLE_MEASURE(0.0174532925),#11260);
#11262=(CONVERSION_BASED_UNIT('DEGREE',#11261)NAMED_UNIT(#11263)PLANE_ANGLE_UNIT());
#11263=DIMENSIONAL_EXPONENTS(0.,0.,0.,0.,0.,0.,0.);
#11264=(NAMED_UNIT(*)SI_UNIT($,.STERADIAN.)SOLID_ANGLE_UNIT());
#11265=(LENGTH_UNIT()NAMED_UNIT(*)SI_UNIT(.MILLI.,.METRE.));
#11266=UNCERTAINTY_MEASURE_WITH_UNIT(LENGTH_MEASURE(1.000000E-03),#11265,'DISTANCE_ACCURACY_VALUE','Maximum Tolerance applied to model');
#11267=(GEOMETRIC_REPRESENTATION_CONTEXT(3)GLOBAL_UNCERTAINTY_ASSIGNED_CONTEXT((#11266))GLOBAL_UNIT_ASSIGNED_CONTEXT((#11265,#11262,#11264))REPRESENTATION_CONTEXT('','C0805~C0805_L2.0-W1.3-H1.3~QmFs'));
#11279=CARTESIAN_POINT('',(0.,0.,0.));
#11280=DIRECTION('',(0.,0.,1.));
#11281=DIRECTION('',(1.,0.,-0.));
#11282=AXIS2_PLACEMENT_3D('',#11279,#11280,#11281);
#11283=ITEM_DEFINED_TRANSFORMATION('','',#11282,#15);
#11284=(REPRESENTATION_RELATIONSHIP('','',#11269,#11241)REPRESENTATION_RELATIONSHIP_WITH_TRANSFORMATION(#11283)SHAPE_REPRESENTATION_RELATIONSHIP());
#11285=NEXT_ASSEMBLY_USAGE_OCCURRENCE('C0805~C0805_L2.0-W1.3-H1.3~QmFs_74','C0805~C0805_L2.0-W1.3-H1.3~QmFs','C0805~C0805_L2.0-W1.3-H1.3~QmFs',#11250,#11278,$);
#11286=PRODUCT_DEFINITION_SHAPE('','',#11285);
#11287=CONTEXT_DEPENDENT_SHAPE_REPRESENTATION(#11284,#11286);
#11269=SHAPE_REPRESENTATION('C0805~C0805_L2.0-W1.3-H1.3~QmFs',(#15),#11267);
#11288=CARTESIAN_POINT('',(0.,0.,0.));
#11289=DIRECTION('',(0.,0.,1.));
#11290=DIRECTION('',(1.,0.,0.));
#11291=AXIS2_PLACEMENT_3D('',#11288,#11289,#11290);
#11293=MAPPED_ITEM('',#11292,#11291);
#11292=REPRESENTATION_MAP(#11291,#11269);
#11277=PRODUCT('C0805~C0805_L2.0-W1.3-H1.3~QmFs','C0805~C0805_L2.0-W1.3-H1.3~QmFs','',(#8637));
#11294=PRODUCT_RELATED_PRODUCT_CATEGORY('part','',(#11277));
#11295=PRODUCT_DEFINITION_FORMATION_WITH_SPECIFIED_SOURCE('','',#11277,.NOT_KNOWN.);
#11278=PRODUCT_DEFINITION('design','',#11295,#8638);
#11276=PRODUCT_DEFINITION_SHAPE('','',#11278);
#11296=SHAPE_DEFINITION_REPRESENTATION(#11276,#11269);
#11268=DRAUGHTING_MODEL('',(#11293),#11267);
#11241=SHAPE_REPRESENTATION('C29~C0805~C0805_L2.0-W1.3-H1.3~QmFs',(#15,#11282),#11239);
#11297=CARTESIAN_POINT('',(0.,0.,0.));
#11298=DIRECTION('',(0.,0.,1.));
#11299=DIRECTION('',(1.,0.,0.));
#11300=AXIS2_PLACEMENT_3D('',#11297,#11298,#11299);
#11302=MAPPED_ITEM('',#11301,#11300);
#11301=REPRESENTATION_MAP(#11300,#11241);
#11249=PRODUCT('C29~C0805~C0805_L2.0-W1.3-H1.3~QmFs','C29~C0805~C0805_L2.0-W1.3-H1.3~QmFs','',(#8637));
#11303=PRODUCT_RELATED_PRODUCT_CATEGORY('part','',(#11249));
#11304=PRODUCT_DEFINITION_FORMATION_WITH_SPECIFIED_SOURCE('','',#11249,.NOT_KNOWN.);
#11250=PRODUCT_DEFINITION('design','',#11304,#8638);
#11248=PRODUCT_DEFINITION_SHAPE('','',#11250);
#11305=SHAPE_DEFINITION_REPRESENTATION(#11248,#11241);
#11240=DRAUGHTING_MODEL('',(#11302),#11239);
#11306=(NAMED_UNIT(*)PLANE_ANGLE_UNIT()SI_UNIT($,.RADIAN.));
#11307=PLANE_ANGLE_MEASURE_WITH_UNIT(PLANE_ANGLE_MEASURE(0.0174532925),#11306);
#11308=(CONVERSION_BASED_UNIT('DEGREE',#11307)NAMED_UNIT(#11309)PLANE_ANGLE_UNIT());
#11309=DIMENSIONAL_EXPONENTS(0.,0.,0.,0.,0.,0.,0.);
#11310=(NAMED_UNIT(*)SI_UNIT($,.STERADIAN.)SOLID_ANGLE_UNIT());
#11311=(LENGTH_UNIT()NAMED_UNIT(*)SI_UNIT(.MILLI.,.METRE.));
#11312=UNCERTAINTY_MEASURE_WITH_UNIT(LENGTH_MEASURE(1.000000E-03),#11311,'DISTANCE_ACCURACY_VALUE','Maximum Tolerance applied to model');
#11313=(GEOMETRIC_REPRESENTATION_CONTEXT(3)GLOBAL_UNCERTAINTY_ASSIGNED_CONTEXT((#11312))GLOBAL_UNIT_ASSIGNED_CONTEXT((#11311,#11308,#11310))REPRESENTATION_CONTEXT('','C31~C0603~C0603_L1.6-W0.8-H0.8~QmFs'));
#11325=CARTESIAN_POINT('',(0.,0.,0.));
#11326=DIRECTION('',(0.,0.,1.));
#11327=DIRECTION('',(1.,0.,-0.));
#11328=AXIS2_PLACEMENT_3D('',#11325,#11326,#11327);
#11329=ITEM_DEFINED_TRANSFORMATION('','',#11328,#15);
#11330=(REPRESENTATION_RELATIONSHIP('','',#11315,#8582)REPRESENTATION_RELATIONSHIP_WITH_TRANSFORMATION(#11329)SHAPE_REPRESENTATION_RELATIONSHIP());
#11331=NEXT_ASSEMBLY_USAGE_OCCURRENCE('C31~C0603~C0603_L1.6-W0.8-H0.8~QmFs_75','C31~C0603~C0603_L1.6-W0.8-H0.8~QmFs','C31~C0603~C0603_L1.6-W0.8-H0.8~QmFs',#8591,#11324,$);
#11332=PRODUCT_DEFINITION_SHAPE('','',#11331);
#11333=CONTEXT_DEPENDENT_SHAPE_REPRESENTATION(#11330,#11332);
#11334=(NAMED_UNIT(*)PLANE_ANGLE_UNIT()SI_UNIT($,.RADIAN.));
#11335=PLANE_ANGLE_MEASURE_WITH_UNIT(PLANE_ANGLE_MEASURE(0.0174532925),#11334);
#11336=(CONVERSION_BASED_UNIT('DEGREE',#11335)NAMED_UNIT(#11337)PLANE_ANGLE_UNIT());
#11337=DIMENSIONAL_EXPONENTS(0.,0.,0.,0.,0.,0.,0.);
#11338=(NAMED_UNIT(*)SI_UNIT($,.STERADIAN.)SOLID_ANGLE_UNIT());
#11339=(LENGTH_UNIT()NAMED_UNIT(*)SI_UNIT(.MILLI.,.METRE.));
#11340=UNCERTAINTY_MEASURE_WITH_UNIT(LENGTH_MEASURE(1.000000E-03),#11339,'DISTANCE_ACCURACY_VALUE','Maximum Tolerance applied to model');
#11341=(GEOMETRIC_REPRESENTATION_CONTEXT(3)GLOBAL_UNCERTAINTY_ASSIGNED_CONTEXT((#11340))GLOBAL_UNIT_ASSIGNED_CONTEXT((#11339,#11336,#11338))REPRESENTATION_CONTEXT('','C0603~C0603_L1.6-W0.8-H0.8~QmFs'));
#11353=CARTESIAN_POINT('',(0.,0.,0.));
#11354=DIRECTION('',(0.,0.,1.));
#11355=DIRECTION('',(1.,0.,-0.));
#11356=AXIS2_PLACEMENT_3D('',#11353,#11354,#11355);
#11357=ITEM_DEFINED_TRANSFORMATION('','',#11356,#15);
#11358=(REPRESENTATION_RELATIONSHIP('','',#11343,#11315)REPRESENTATION_RELATIONSHIP_WITH_TRANSFORMATION(#11357)SHAPE_REPRESENTATION_RELATIONSHIP());
#11359=NEXT_ASSEMBLY_USAGE_OCCURRENCE('C0603~C0603_L1.6-W0.8-H0.8~QmFs_76','C0603~C0603_L1.6-W0.8-H0.8~QmFs','C0603~C0603_L1.6-W0.8-H0.8~QmFs',#11324,#11352,$);
#11360=PRODUCT_DEFINITION_SHAPE('','',#11359);
#11361=CONTEXT_DEPENDENT_SHAPE_REPRESENTATION(#11358,#11360);
#11343=SHAPE_REPRESENTATION('C0603~C0603_L1.6-W0.8-H0.8~QmFs',(#15),#11341);
#11362=CARTESIAN_POINT('',(0.,0.,0.));
#11363=DIRECTION('',(0.,0.,1.));
#11364=DIRECTION('',(1.,0.,0.));
#11365=AXIS2_PLACEMENT_3D('',#11362,#11363,#11364);
#11367=MAPPED_ITEM('',#11366,#11365);
#11366=REPRESENTATION_MAP(#11365,#11343);
#11351=PRODUCT('C0603~C0603_L1.6-W0.8-H0.8~QmFs','C0603~C0603_L1.6-W0.8-H0.8~QmFs','',(#8637));
#11368=PRODUCT_RELATED_PRODUCT_CATEGORY('part','',(#11351));
#11369=PRODUCT_DEFINITION_FORMATION_WITH_SPECIFIED_SOURCE('','',#11351,.NOT_KNOWN.);
#11352=PRODUCT_DEFINITION('design','',#11369,#8638);
#11350=PRODUCT_DEFINITION_SHAPE('','',#11352);
#11370=SHAPE_DEFINITION_REPRESENTATION(#11350,#11343);
#11342=DRAUGHTING_MODEL('',(#11367),#11341);
#11315=SHAPE_REPRESENTATION('C31~C0603~C0603_L1.6-W0.8-H0.8~QmFs',(#15,#11356),#11313);
#11371=CARTESIAN_POINT('',(0.,0.,0.));
#11372=DIRECTION('',(0.,0.,1.));
#11373=DIRECTION('',(1.,0.,0.));
#11374=AXIS2_PLACEMENT_3D('',#11371,#11372,#11373);
#11376=MAPPED_ITEM('',#11375,#11374);
#11375=REPRESENTATION_MAP(#11374,#11315);
#11323=PRODUCT('C31~C0603~C0603_L1.6-W0.8-H0.8~QmFs','C31~C0603~C0603_L1.6-W0.8-H0.8~QmFs','',(#8637));
#11377=PRODUCT_RELATED_PRODUCT_CATEGORY('part','',(#11323));
#11378=PRODUCT_DEFINITION_FORMATION_WITH_SPECIFIED_SOURCE('','',#11323,.NOT_KNOWN.);
#11324=PRODUCT_DEFINITION('design','',#11378,#8638);
#11322=PRODUCT_DEFINITION_SHAPE('','',#11324);
#11379=SHAPE_DEFINITION_REPRESENTATION(#11322,#11315);
#11314=DRAUGHTING_MODEL('',(#11376),#11313);
#11380=(NAMED_UNIT(*)PLANE_ANGLE_UNIT()SI_UNIT($,.RADIAN.));
#11381=PLANE_ANGLE_MEASURE_WITH_UNIT(PLANE_ANGLE_MEASURE(0.0174532925),#11380);
#11382=(CONVERSION_BASED_UNIT('DEGREE',#11381)NAMED_UNIT(#11383)PLANE_ANGLE_UNIT());
#11383=DIMENSIONAL_EXPONENTS(0.,0.,0.,0.,0.,0.,0.);
#11384=(NAMED_UNIT(*)SI_UNIT($,.STERADIAN.)SOLID_ANGLE_UNIT());
#11385=(LENGTH_UNIT()NAMED_UNIT(*)SI_UNIT(.MILLI.,.METRE.));
#11386=UNCERTAINTY_MEASURE_WITH_UNIT(LENGTH_MEASURE(1.000000E-03),#11385,'DISTANCE_ACCURACY_VALUE','Maximum Tolerance applied to model');
#11387=(GEOMETRIC_REPRESENTATION_CONTEXT(3)GLOBAL_UNCERTAINTY_ASSIGNED_CONTEXT((#11386))GLOBAL_UNIT_ASSIGNED_CONTEXT((#11385,#11382,#11384))REPRESENTATION_CONTEXT('','C31~C0603~C0603_L1.6-W0.8-H0.8~QmFs'));
#11399=CARTESIAN_POINT('',(0.,0.,0.));
#11400=DIRECTION('',(0.,0.,1.));
#11401=DIRECTION('',(1.,0.,-0.));
#11402=AXIS2_PLACEMENT_3D('',#11399,#11400,#11401);
#11403=ITEM_DEFINED_TRANSFORMATION('','',#11402,#15);
#11404=(REPRESENTATION_RELATIONSHIP('','',#11389,#8582)REPRESENTATION_RELATIONSHIP_WITH_TRANSFORMATION(#11403)SHAPE_REPRESENTATION_RELATIONSHIP());
#11405=NEXT_ASSEMBLY_USAGE_OCCURRENCE('C31~C0603~C0603_L1.6-W0.8-H0.8~QmFs_77','C31~C0603~C0603_L1.6-W0.8-H0.8~QmFs','C31~C0603~C0603_L1.6-W0.8-H0.8~QmFs',#8591,#11398,$);
#11406=PRODUCT_DEFINITION_SHAPE('','',#11405);
#11407=CONTEXT_DEPENDENT_SHAPE_REPRESENTATION(#11404,#11406);
#11408=(NAMED_UNIT(*)PLANE_ANGLE_UNIT()SI_UNIT($,.RADIAN.));
#11409=PLANE_ANGLE_MEASURE_WITH_UNIT(PLANE_ANGLE_MEASURE(0.0174532925),#11408);
#11410=(CONVERSION_BASED_UNIT('DEGREE',#11409)NAMED_UNIT(#11411)PLANE_ANGLE_UNIT());
#11411=DIMENSIONAL_EXPONENTS(0.,0.,0.,0.,0.,0.,0.);
#11412=(NAMED_UNIT(*)SI_UNIT($,.STERADIAN.)SOLID_ANGLE_UNIT());
#11413=(LENGTH_UNIT()NAMED_UNIT(*)SI_UNIT(.MILLI.,.METRE.));
#11414=UNCERTAINTY_MEASURE_WITH_UNIT(LENGTH_MEASURE(1.000000E-03),#11413,'DISTANCE_ACCURACY_VALUE','Maximum Tolerance applied to model');
#11415=(GEOMETRIC_REPRESENTATION_CONTEXT(3)GLOBAL_UNCERTAINTY_ASSIGNED_CONTEXT((#11414))GLOBAL_UNIT_ASSIGNED_CONTEXT((#11413,#11410,#11412))REPRESENTATION_CONTEXT('','C0603~C0603_L1.6-W0.8-H0.8~QmFs'));
#11427=CARTESIAN_POINT('',(0.,0.,0.));
#11428=DIRECTION('',(0.,0.,1.));
#11429=DIRECTION('',(1.,0.,-0.));
#11430=AXIS2_PLACEMENT_3D('',#11427,#11428,#11429);
#11431=ITEM_DEFINED_TRANSFORMATION('','',#11430,#15);
#11432=(REPRESENTATION_RELATIONSHIP('','',#11417,#11389)REPRESENTATION_RELATIONSHIP_WITH_TRANSFORMATION(#11431)SHAPE_REPRESENTATION_RELATIONSHIP());
#11433=NEXT_ASSEMBLY_USAGE_OCCURRENCE('C0603~C0603_L1.6-W0.8-H0.8~QmFs_78','C0603~C0603_L1.6-W0.8-H0.8~QmFs','C0603~C0603_L1.6-W0.8-H0.8~QmFs',#11398,#11426,$);
#11434=PRODUCT_DEFINITION_SHAPE('','',#11433);
#11435=CONTEXT_DEPENDENT_SHAPE_REPRESENTATION(#11432,#11434);
#11417=SHAPE_REPRESENTATION('C0603~C0603_L1.6-W0.8-H0.8~QmFs',(#15),#11415);
#11436=CARTESIAN_POINT('',(0.,0.,0.));
#11437=DIRECTION('',(0.,0.,1.));
#11438=DIRECTION('',(1.,0.,0.));
#11439=AXIS2_PLACEMENT_3D('',#11436,#11437,#11438);
#11441=MAPPED_ITEM('',#11440,#11439);
#11440=REPRESENTATION_MAP(#11439,#11417);
#11425=PRODUCT('C0603~C0603_L1.6-W0.8-H0.8~QmFs','C0603~C0603_L1.6-W0.8-H0.8~QmFs','',(#8637));
#11442=PRODUCT_RELATED_PRODUCT_CATEGORY('part','',(#11425));
#11443=PRODUCT_DEFINITION_FORMATION_WITH_SPECIFIED_SOURCE('','',#11425,.NOT_KNOWN.);
#11426=PRODUCT_DEFINITION('design','',#11443,#8638);
#11424=PRODUCT_DEFINITION_SHAPE('','',#11426);
#11444=SHAPE_DEFINITION_REPRESENTATION(#11424,#11417);
#11416=DRAUGHTING_MODEL('',(#11441),#11415);
#11389=SHAPE_REPRESENTATION('C31~C0603~C0603_L1.6-W0.8-H0.8~QmFs',(#15,#11430),#11387);
#11445=CARTESIAN_POINT('',(0.,0.,0.));
#11446=DIRECTION('',(0.,0.,1.));
#11447=DIRECTION('',(1.,0.,0.));
#11448=AXIS2_PLACEMENT_3D('',#11445,#11446,#11447);
#11450=MAPPED_ITEM('',#11449,#11448);
#11449=REPRESENTATION_MAP(#11448,#11389);
#11397=PRODUCT('C31~C0603~C0603_L1.6-W0.8-H0.8~QmFs','C31~C0603~C0603_L1.6-W0.8-H0.8~QmFs','',(#8637));
#11451=PRODUCT_RELATED_PRODUCT_CATEGORY('part','',(#11397));
#11452=PRODUCT_DEFINITION_FORMATION_WITH_SPECIFIED_SOURCE('','',#11397,.NOT_KNOWN.);
#11398=PRODUCT_DEFINITION('design','',#11452,#8638);
#11396=PRODUCT_DEFINITION_SHAPE('','',#11398);
#11453=SHAPE_DEFINITION_REPRESENTATION(#11396,#11389);
#11388=DRAUGHTING_MODEL('',(#11450),#11387);
#11454=(NAMED_UNIT(*)PLANE_ANGLE_UNIT()SI_UNIT($,.RADIAN.));
#11455=PLANE_ANGLE_MEASURE_WITH_UNIT(PLANE_ANGLE_MEASURE(0.0174532925),#11454);
#11456=(CONVERSION_BASED_UNIT('DEGREE',#11455)NAMED_UNIT(#11457)PLANE_ANGLE_UNIT());
#11457=DIMENSIONAL_EXPONENTS(0.,0.,0.,0.,0.,0.,0.);
#11458=(NAMED_UNIT(*)SI_UNIT($,.STERADIAN.)SOLID_ANGLE_UNIT());
#11459=(LENGTH_UNIT()NAMED_UNIT(*)SI_UNIT(.MILLI.,.METRE.));
#11460=UNCERTAINTY_MEASURE_WITH_UNIT(LENGTH_MEASURE(1.000000E-03),#11459,'DISTANCE_ACCURACY_VALUE','Maximum Tolerance applied to model');
#11461=(GEOMETRIC_REPRESENTATION_CONTEXT(3)GLOBAL_UNCERTAINTY_ASSIGNED_CONTEXT((#11460))GLOBAL_UNIT_ASSIGNED_CONTEXT((#11459,#11456,#11458))REPRESENTATION_CONTEXT('','C31~C0603~C0603_L1.6-W0.8-H0.8~QmFs'));
#11473=CARTESIAN_POINT('',(0.,0.,0.));
#11474=DIRECTION('',(0.,0.,1.));
#11475=DIRECTION('',(1.,0.,-0.));
#11476=AXIS2_PLACEMENT_3D('',#11473,#11474,#11475);
#11477=ITEM_DEFINED_TRANSFORMATION('','',#11476,#15);
#11478=(REPRESENTATION_RELATIONSHIP('','',#11463,#8582)REPRESENTATION_RELATIONSHIP_WITH_TRANSFORMATION(#11477)SHAPE_REPRESENTATION_RELATIONSHIP());
#11479=NEXT_ASSEMBLY_USAGE_OCCURRENCE('C31~C0603~C0603_L1.6-W0.8-H0.8~QmFs_79','C31~C0603~C0603_L1.6-W0.8-H0.8~QmFs','C31~C0603~C0603_L1.6-W0.8-H0.8~QmFs',#8591,#11472,$);
#11480=PRODUCT_DEFINITION_SHAPE('','',#11479);
#11481=CONTEXT_DEPENDENT_SHAPE_REPRESENTATION(#11478,#11480);
#11482=(NAMED_UNIT(*)PLANE_ANGLE_UNIT()SI_UNIT($,.RADIAN.));
#11483=PLANE_ANGLE_MEASURE_WITH_UNIT(PLANE_ANGLE_MEASURE(0.0174532925),#11482);
#11484=(CONVERSION_BASED_UNIT('DEGREE',#11483)NAMED_UNIT(#11485)PLANE_ANGLE_UNIT());
#11485=DIMENSIONAL_EXPONENTS(0.,0.,0.,0.,0.,0.,0.);
#11486=(NAMED_UNIT(*)SI_UNIT($,.STERADIAN.)SOLID_ANGLE_UNIT());
#11487=(LENGTH_UNIT()NAMED_UNIT(*)SI_UNIT(.MILLI.,.METRE.));
#11488=UNCERTAINTY_MEASURE_WITH_UNIT(LENGTH_MEASURE(1.000000E-03),#11487,'DISTANCE_ACCURACY_VALUE','Maximum Tolerance applied to model');
#11489=(GEOMETRIC_REPRESENTATION_CONTEXT(3)GLOBAL_UNCERTAINTY_ASSIGNED_CONTEXT((#11488))GLOBAL_UNIT_ASSIGNED_CONTEXT((#11487,#11484,#11486))REPRESENTATION_CONTEXT('','C0603~C0603_L1.6-W0.8-H0.8~QmFs'));
#11501=CARTESIAN_POINT('',(0.,0.,0.));
#11502=DIRECTION('',(0.,0.,1.));
#11503=DIRECTION('',(1.,0.,-0.));
#11504=AXIS2_PLACEMENT_3D('',#11501,#11502,#11503);
#11505=ITEM_DEFINED_TRANSFORMATION('','',#11504,#15);
#11506=(REPRESENTATION_RELATIONSHIP('','',#11491,#11463)REPRESENTATION_RELATIONSHIP_WITH_TRANSFORMATION(#11505)SHAPE_REPRESENTATION_RELATIONSHIP());
#11507=NEXT_ASSEMBLY_USAGE_OCCURRENCE('C0603~C0603_L1.6-W0.8-H0.8~QmFs_80','C0603~C0603_L1.6-W0.8-H0.8~QmFs','C0603~C0603_L1.6-W0.8-H0.8~QmFs',#11472,#11500,$);
#11508=PRODUCT_DEFINITION_SHAPE('','',#11507);
#11509=CONTEXT_DEPENDENT_SHAPE_REPRESENTATION(#11506,#11508);
#11491=SHAPE_REPRESENTATION('C0603~C0603_L1.6-W0.8-H0.8~QmFs',(#15),#11489);
#11510=CARTESIAN_POINT('',(0.,0.,0.));
#11511=DIRECTION('',(0.,0.,1.));
#11512=DIRECTION('',(1.,0.,0.));
#11513=AXIS2_PLACEMENT_3D('',#11510,#11511,#11512);
#11515=MAPPED_ITEM('',#11514,#11513);
#11514=REPRESENTATION_MAP(#11513,#11491);
#11499=PRODUCT('C0603~C0603_L1.6-W0.8-H0.8~QmFs','C0603~C0603_L1.6-W0.8-H0.8~QmFs','',(#8637));
#11516=PRODUCT_RELATED_PRODUCT_CATEGORY('part','',(#11499));
#11517=PRODUCT_DEFINITION_FORMATION_WITH_SPECIFIED_SOURCE('','',#11499,.NOT_KNOWN.);
#11500=PRODUCT_DEFINITION('design','',#11517,#8638);
#11498=PRODUCT_DEFINITION_SHAPE('','',#11500);
#11518=SHAPE_DEFINITION_REPRESENTATION(#11498,#11491);
#11490=DRAUGHTING_MODEL('',(#11515),#11489);
#11463=SHAPE_REPRESENTATION('C31~C0603~C0603_L1.6-W0.8-H0.8~QmFs',(#15,#11504),#11461);
#11519=CARTESIAN_POINT('',(0.,0.,0.));
#11520=DIRECTION('',(0.,0.,1.));
#11521=DIRECTION('',(1.,0.,0.));
#11522=AXIS2_PLACEMENT_3D('',#11519,#11520,#11521);
#11524=MAPPED_ITEM('',#11523,#11522);
#11523=REPRESENTATION_MAP(#11522,#11463);
#11471=PRODUCT('C31~C0603~C0603_L1.6-W0.8-H0.8~QmFs','C31~C0603~C0603_L1.6-W0.8-H0.8~QmFs','',(#8637));
#11525=PRODUCT_RELATED_PRODUCT_CATEGORY('part','',(#11471));
#11526=PRODUCT_DEFINITION_FORMATION_WITH_SPECIFIED_SOURCE('','',#11471,.NOT_KNOWN.);
#11472=PRODUCT_DEFINITION('design','',#11526,#8638);
#11470=PRODUCT_DEFINITION_SHAPE('','',#11472);
#11527=SHAPE_DEFINITION_REPRESENTATION(#11470,#11463);
#11462=DRAUGHTING_MODEL('',(#11524),#11461);
#11528=(NAMED_UNIT(*)PLANE_ANGLE_UNIT()SI_UNIT($,.RADIAN.));
#11529=PLANE_ANGLE_MEASURE_WITH_UNIT(PLANE_ANGLE_MEASURE(0.0174532925),#11528);
#11530=(CONVERSION_BASED_UNIT('DEGREE',#11529)NAMED_UNIT(#11531)PLANE_ANGLE_UNIT());
#11531=DIMENSIONAL_EXPONENTS(0.,0.,0.,0.,0.,0.,0.);
#11532=(NAMED_UNIT(*)SI_UNIT($,.STERADIAN.)SOLID_ANGLE_UNIT());
#11533=(LENGTH_UNIT()NAMED_UNIT(*)SI_UNIT(.MILLI.,.METRE.));
#11534=UNCERTAINTY_MEASURE_WITH_UNIT(LENGTH_MEASURE(1.000000E-03),#11533,'DISTANCE_ACCURACY_VALUE','Maximum Tolerance applied to model');
#11535=(GEOMETRIC_REPRESENTATION_CONTEXT(3)GLOBAL_UNCERTAINTY_ASSIGNED_CONTEXT((#11534))GLOBAL_UNIT_ASSIGNED_CONTEXT((#11533,#11530,#11532))REPRESENTATION_CONTEXT('','C31~C0603~C0603_L1.6-W0.8-H0.8~QmFs'));
#11547=CARTESIAN_POINT('',(0.,0.,0.));
#11548=DIRECTION('',(0.,0.,1.));
#11549=DIRECTION('',(1.,0.,-0.));
#11550=AXIS2_PLACEMENT_3D('',#11547,#11548,#11549);
#11551=ITEM_DEFINED_TRANSFORMATION('','',#11550,#15);
#11552=(REPRESENTATION_RELATIONSHIP('','',#11537,#8582)REPRESENTATION_RELATIONSHIP_WITH_TRANSFORMATION(#11551)SHAPE_REPRESENTATION_RELATIONSHIP());
#11553=NEXT_ASSEMBLY_USAGE_OCCURRENCE('C31~C0603~C0603_L1.6-W0.8-H0.8~QmFs_81','C31~C0603~C0603_L1.6-W0.8-H0.8~QmFs','C31~C0603~C0603_L1.6-W0.8-H0.8~QmFs',#8591,#11546,$);
#11554=PRODUCT_DEFINITION_SHAPE('','',#11553);
#11555=CONTEXT_DEPENDENT_SHAPE_REPRESENTATION(#11552,#11554);
#11556=(NAMED_UNIT(*)PLANE_ANGLE_UNIT()SI_UNIT($,.RADIAN.));
#11557=PLANE_ANGLE_MEASURE_WITH_UNIT(PLANE_ANGLE_MEASURE(0.0174532925),#11556);
#11558=(CONVERSION_BASED_UNIT('DEGREE',#11557)NAMED_UNIT(#11559)PLANE_ANGLE_UNIT());
#11559=DIMENSIONAL_EXPONENTS(0.,0.,0.,0.,0.,0.,0.);
#11560=(NAMED_UNIT(*)SI_UNIT($,.STERADIAN.)SOLID_ANGLE_UNIT());
#11561=(LENGTH_UNIT()NAMED_UNIT(*)SI_UNIT(.MILLI.,.METRE.));
#11562=UNCERTAINTY_MEASURE_WITH_UNIT(LENGTH_MEASURE(1.000000E-03),#11561,'DISTANCE_ACCURACY_VALUE','Maximum Tolerance applied to model');
#11563=(GEOMETRIC_REPRESENTATION_CONTEXT(3)GLOBAL_UNCERTAINTY_ASSIGNED_CONTEXT((#11562))GLOBAL_UNIT_ASSIGNED_CONTEXT((#11561,#11558,#11560))REPRESENTATION_CONTEXT('','C0603~C0603_L1.6-W0.8-H0.8~QmFs'));
#11575=CARTESIAN_POINT('',(0.,0.,0.));
#11576=DIRECTION('',(0.,0.,1.));
#11577=DIRECTION('',(1.,0.,-0.));
#11578=AXIS2_PLACEMENT_3D('',#11575,#11576,#11577);
#11579=ITEM_DEFINED_TRANSFORMATION('','',#11578,#15);
#11580=(REPRESENTATION_RELATIONSHIP('','',#11565,#11537)REPRESENTATION_RELATIONSHIP_WITH_TRANSFORMATION(#11579)SHAPE_REPRESENTATION_RELATIONSHIP());
#11581=NEXT_ASSEMBLY_USAGE_OCCURRENCE('C0603~C0603_L1.6-W0.8-H0.8~QmFs_82','C0603~C0603_L1.6-W0.8-H0.8~QmFs','C0603~C0603_L1.6-W0.8-H0.8~QmFs',#11546,#11574,$);
#11582=PRODUCT_DEFINITION_SHAPE('','',#11581);
#11583=CONTEXT_DEPENDENT_SHAPE_REPRESENTATION(#11580,#11582);
#11565=SHAPE_REPRESENTATION('C0603~C0603_L1.6-W0.8-H0.8~QmFs',(#15),#11563);
#11584=CARTESIAN_POINT('',(0.,0.,0.));
#11585=DIRECTION('',(0.,0.,1.));
#11586=DIRECTION('',(1.,0.,0.));
#11587=AXIS2_PLACEMENT_3D('',#11584,#11585,#11586);
#11589=MAPPED_ITEM('',#11588,#11587);
#11588=REPRESENTATION_MAP(#11587,#11565);
#11573=PRODUCT('C0603~C0603_L1.6-W0.8-H0.8~QmFs','C0603~C0603_L1.6-W0.8-H0.8~QmFs','',(#8637));
#11590=PRODUCT_RELATED_PRODUCT_CATEGORY('part','',(#11573));
#11591=PRODUCT_DEFINITION_FORMATION_WITH_SPECIFIED_SOURCE('','',#11573,.NOT_KNOWN.);
#11574=PRODUCT_DEFINITION('design','',#11591,#8638);
#11572=PRODUCT_DEFINITION_SHAPE('','',#11574);
#11592=SHAPE_DEFINITION_REPRESENTATION(#11572,#11565);
#11564=DRAUGHTING_MODEL('',(#11589),#11563);
#11537=SHAPE_REPRESENTATION('C31~C0603~C0603_L1.6-W0.8-H0.8~QmFs',(#15,#11578),#11535);
#11593=CARTESIAN_POINT('',(0.,0.,0.));
#11594=DIRECTION('',(0.,0.,1.));
#11595=DIRECTION('',(1.,0.,0.));
#11596=AXIS2_PLACEMENT_3D('',#11593,#11594,#11595);
#11598=MAPPED_ITEM('',#11597,#11596);
#11597=REPRESENTATION_MAP(#11596,#11537);
#11545=PRODUCT('C31~C0603~C0603_L1.6-W0.8-H0.8~QmFs','C31~C0603~C0603_L1.6-W0.8-H0.8~QmFs','',(#8637));
#11599=PRODUCT_RELATED_PRODUCT_CATEGORY('part','',(#11545));
#11600=PRODUCT_DEFINITION_FORMATION_WITH_SPECIFIED_SOURCE('','',#11545,.NOT_KNOWN.);
#11546=PRODUCT_DEFINITION('design','',#11600,#8638);
#11544=PRODUCT_DEFINITION_SHAPE('','',#11546);
#11601=SHAPE_DEFINITION_REPRESENTATION(#11544,#11537);
#11536=DRAUGHTING_MODEL('',(#11598),#11535);
#11602=(NAMED_UNIT(*)PLANE_ANGLE_UNIT()SI_UNIT($,.RADIAN.));
#11603=PLANE_ANGLE_MEASURE_WITH_UNIT(PLANE_ANGLE_MEASURE(0.0174532925),#11602);
#11604=(CONVERSION_BASED_UNIT('DEGREE',#11603)NAMED_UNIT(#11605)PLANE_ANGLE_UNIT());
#11605=DIMENSIONAL_EXPONENTS(0.,0.,0.,0.,0.,0.,0.);
#11606=(NAMED_UNIT(*)SI_UNIT($,.STERADIAN.)SOLID_ANGLE_UNIT());
#11607=(LENGTH_UNIT()NAMED_UNIT(*)SI_UNIT(.MILLI.,.METRE.));
#11608=UNCERTAINTY_MEASURE_WITH_UNIT(LENGTH_MEASURE(1.000000E-03),#11607,'DISTANCE_ACCURACY_VALUE','Maximum Tolerance applied to model');
#11609=(GEOMETRIC_REPRESENTATION_CONTEXT(3)GLOBAL_UNCERTAINTY_ASSIGNED_CONTEXT((#11608))GLOBAL_UNIT_ASSIGNED_CONTEXT((#11607,#11604,#11606))REPRESENTATION_CONTEXT('','C31~C0603~C0603_L1.6-W0.8-H0.8~QmFs'));
#11621=CARTESIAN_POINT('',(0.,0.,0.));
#11622=DIRECTION('',(0.,0.,1.));
#11623=DIRECTION('',(1.,0.,-0.));
#11624=AXIS2_PLACEMENT_3D('',#11621,#11622,#11623);
#11625=ITEM_DEFINED_TRANSFORMATION('','',#11624,#15);
#11626=(REPRESENTATION_RELATIONSHIP('','',#11611,#8582)REPRESENTATION_RELATIONSHIP_WITH_TRANSFORMATION(#11625)SHAPE_REPRESENTATION_RELATIONSHIP());
#11627=NEXT_ASSEMBLY_USAGE_OCCURRENCE('C31~C0603~C0603_L1.6-W0.8-H0.8~QmFs_83','C31~C0603~C0603_L1.6-W0.8-H0.8~QmFs','C31~C0603~C0603_L1.6-W0.8-H0.8~QmFs',#8591,#11620,$);
#11628=PRODUCT_DEFINITION_SHAPE('','',#11627);
#11629=CONTEXT_DEPENDENT_SHAPE_REPRESENTATION(#11626,#11628);
#11630=(NAMED_UNIT(*)PLANE_ANGLE_UNIT()SI_UNIT($,.RADIAN.));
#11631=PLANE_ANGLE_MEASURE_WITH_UNIT(PLANE_ANGLE_MEASURE(0.0174532925),#11630);
#11632=(CONVERSION_BASED_UNIT('DEGREE',#11631)NAMED_UNIT(#11633)PLANE_ANGLE_UNIT());
#11633=DIMENSIONAL_EXPONENTS(0.,0.,0.,0.,0.,0.,0.);
#11634=(NAMED_UNIT(*)SI_UNIT($,.STERADIAN.)SOLID_ANGLE_UNIT());
#11635=(LENGTH_UNIT()NAMED_UNIT(*)SI_UNIT(.MILLI.,.METRE.));
#11636=UNCERTAINTY_MEASURE_WITH_UNIT(LENGTH_MEASURE(1.000000E-03),#11635,'DISTANCE_ACCURACY_VALUE','Maximum Tolerance applied to model');
#11637=(GEOMETRIC_REPRESENTATION_CONTEXT(3)GLOBAL_UNCERTAINTY_ASSIGNED_CONTEXT((#11636))GLOBAL_UNIT_ASSIGNED_CONTEXT((#11635,#11632,#11634))REPRESENTATION_CONTEXT('','C0603~C0603_L1.6-W0.8-H0.8~QmFs'));
#11649=CARTESIAN_POINT('',(0.,0.,0.));
#11650=DIRECTION('',(0.,0.,1.));
#11651=DIRECTION('',(1.,0.,-0.));
#11652=AXIS2_PLACEMENT_3D('',#11649,#11650,#11651);
#11653=ITEM_DEFINED_TRANSFORMATION('','',#11652,#15);
#11654=(REPRESENTATION_RELATIONSHIP('','',#11639,#11611)REPRESENTATION_RELATIONSHIP_WITH_TRANSFORMATION(#11653)SHAPE_REPRESENTATION_RELATIONSHIP());
#11655=NEXT_ASSEMBLY_USAGE_OCCURRENCE('C0603~C0603_L1.6-W0.8-H0.8~QmFs_84','C0603~C0603_L1.6-W0.8-H0.8~QmFs','C0603~C0603_L1.6-W0.8-H0.8~QmFs',#11620,#11648,$);
#11656=PRODUCT_DEFINITION_SHAPE('','',#11655);
#11657=CONTEXT_DEPENDENT_SHAPE_REPRESENTATION(#11654,#11656);
#11639=SHAPE_REPRESENTATION('C0603~C0603_L1.6-W0.8-H0.8~QmFs',(#15),#11637);
#11658=CARTESIAN_POINT('',(0.,0.,0.));
#11659=DIRECTION('',(0.,0.,1.));
#11660=DIRECTION('',(1.,0.,0.));
#11661=AXIS2_PLACEMENT_3D('',#11658,#11659,#11660);
#11663=MAPPED_ITEM('',#11662,#11661);
#11662=REPRESENTATION_MAP(#11661,#11639);
#11647=PRODUCT('C0603~C0603_L1.6-W0.8-H0.8~QmFs','C0603~C0603_L1.6-W0.8-H0.8~QmFs','',(#8637));
#11664=PRODUCT_RELATED_PRODUCT_CATEGORY('part','',(#11647));
#11665=PRODUCT_DEFINITION_FORMATION_WITH_SPECIFIED_SOURCE('','',#11647,.NOT_KNOWN.);
#11648=PRODUCT_DEFINITION('design','',#11665,#8638);
#11646=PRODUCT_DEFINITION_SHAPE('','',#11648);
#11666=SHAPE_DEFINITION_REPRESENTATION(#11646,#11639);
#11638=DRAUGHTING_MODEL('',(#11663),#11637);
#11611=SHAPE_REPRESENTATION('C31~C0603~C0603_L1.6-W0.8-H0.8~QmFs',(#15,#11652),#11609);
#11667=CARTESIAN_POINT('',(0.,0.,0.));
#11668=DIRECTION('',(0.,0.,1.));
#11669=DIRECTION('',(1.,0.,0.));
#11670=AXIS2_PLACEMENT_3D('',#11667,#11668,#11669);
#11672=MAPPED_ITEM('',#11671,#11670);
#11671=REPRESENTATION_MAP(#11670,#11611);
#11619=PRODUCT('C31~C0603~C0603_L1.6-W0.8-H0.8~QmFs','C31~C0603~C0603_L1.6-W0.8-H0.8~QmFs','',(#8637));
#11673=PRODUCT_RELATED_PRODUCT_CATEGORY('part','',(#11619));
#11674=PRODUCT_DEFINITION_FORMATION_WITH_SPECIFIED_SOURCE('','',#11619,.NOT_KNOWN.);
#11620=PRODUCT_DEFINITION('design','',#11674,#8638);
#11618=PRODUCT_DEFINITION_SHAPE('','',#11620);
#11675=SHAPE_DEFINITION_REPRESENTATION(#11618,#11611);
#11610=DRAUGHTING_MODEL('',(#11672),#11609);
#11676=(NAMED_UNIT(*)PLANE_ANGLE_UNIT()SI_UNIT($,.RADIAN.));
#11677=PLANE_ANGLE_MEASURE_WITH_UNIT(PLANE_ANGLE_MEASURE(0.0174532925),#11676);
#11678=(CONVERSION_BASED_UNIT('DEGREE',#11677)NAMED_UNIT(#11679)PLANE_ANGLE_UNIT());
#11679=DIMENSIONAL_EXPONENTS(0.,0.,0.,0.,0.,0.,0.);
#11680=(NAMED_UNIT(*)SI_UNIT($,.STERADIAN.)SOLID_ANGLE_UNIT());
#11681=(LENGTH_UNIT()NAMED_UNIT(*)SI_UNIT(.MILLI.,.METRE.));
#11682=UNCERTAINTY_MEASURE_WITH_UNIT(LENGTH_MEASURE(1.000000E-03),#11681,'DISTANCE_ACCURACY_VALUE','Maximum Tolerance applied to model');
#11683=(GEOMETRIC_REPRESENTATION_CONTEXT(3)GLOBAL_UNCERTAINTY_ASSIGNED_CONTEXT((#11682))GLOBAL_UNIT_ASSIGNED_CONTEXT((#11681,#11678,#11680))REPRESENTATION_CONTEXT('','C31~C0603~C0603_L1.6-W0.8-H0.8~QmFs'));
#11695=CARTESIAN_POINT('',(0.,0.,0.));
#11696=DIRECTION('',(0.,0.,1.));
#11697=DIRECTION('',(1.,0.,-0.));
#11698=AXIS2_PLACEMENT_3D('',#11695,#11696,#11697);
#11699=ITEM_DEFINED_TRANSFORMATION('','',#11698,#15);
#11700=(REPRESENTATION_RELATIONSHIP('','',#11685,#8582)REPRESENTATION_RELATIONSHIP_WITH_TRANSFORMATION(#11699)SHAPE_REPRESENTATION_RELATIONSHIP());
#11701=NEXT_ASSEMBLY_USAGE_OCCURRENCE('C31~C0603~C0603_L1.6-W0.8-H0.8~QmFs_85','C31~C0603~C0603_L1.6-W0.8-H0.8~QmFs','C31~C0603~C0603_L1.6-W0.8-H0.8~QmFs',#8591,#11694,$);
#11702=PRODUCT_DEFINITION_SHAPE('','',#11701);
#11703=CONTEXT_DEPENDENT_SHAPE_REPRESENTATION(#11700,#11702);
#11704=(NAMED_UNIT(*)PLANE_ANGLE_UNIT()SI_UNIT($,.RADIAN.));
#11705=PLANE_ANGLE_MEASURE_WITH_UNIT(PLANE_ANGLE_MEASURE(0.0174532925),#11704);
#11706=(CONVERSION_BASED_UNIT('DEGREE',#11705)NAMED_UNIT(#11707)PLANE_ANGLE_UNIT());
#11707=DIMENSIONAL_EXPONENTS(0.,0.,0.,0.,0.,0.,0.);
#11708=(NAMED_UNIT(*)SI_UNIT($,.STERADIAN.)SOLID_ANGLE_UNIT());
#11709=(LENGTH_UNIT()NAMED_UNIT(*)SI_UNIT(.MILLI.,.METRE.));
#11710=UNCERTAINTY_MEASURE_WITH_UNIT(LENGTH_MEASURE(1.000000E-03),#11709,'DISTANCE_ACCURACY_VALUE','Maximum Tolerance applied to model');
#11711=(GEOMETRIC_REPRESENTATION_CONTEXT(3)GLOBAL_UNCERTAINTY_ASSIGNED_CONTEXT((#11710))GLOBAL_UNIT_ASSIGNED_CONTEXT((#11709,#11706,#11708))REPRESENTATION_CONTEXT('','C0603~C0603_L1.6-W0.8-H0.8~QmFs'));
#11723=CARTESIAN_POINT('',(0.,0.,0.));
#11724=DIRECTION('',(0.,0.,1.));
#11725=DIRECTION('',(1.,0.,-0.));
#11726=AXIS2_PLACEMENT_3D('',#11723,#11724,#11725);
#11727=ITEM_DEFINED_TRANSFORMATION('','',#11726,#15);
#11728=(REPRESENTATION_RELATIONSHIP('','',#11713,#11685)REPRESENTATION_RELATIONSHIP_WITH_TRANSFORMATION(#11727)SHAPE_REPRESENTATION_RELATIONSHIP());
#11729=NEXT_ASSEMBLY_USAGE_OCCURRENCE('C0603~C0603_L1.6-W0.8-H0.8~QmFs_86','C0603~C0603_L1.6-W0.8-H0.8~QmFs','C0603~C0603_L1.6-W0.8-H0.8~QmFs',#11694,#11722,$);
#11730=PRODUCT_DEFINITION_SHAPE('','',#11729);
#11731=CONTEXT_DEPENDENT_SHAPE_REPRESENTATION(#11728,#11730);
#11713=SHAPE_REPRESENTATION('C0603~C0603_L1.6-W0.8-H0.8~QmFs',(#15),#11711);
#11732=CARTESIAN_POINT('',(0.,0.,0.));
#11733=DIRECTION('',(0.,0.,1.));
#11734=DIRECTION('',(1.,0.,0.));
#11735=AXIS2_PLACEMENT_3D('',#11732,#11733,#11734);
#11737=MAPPED_ITEM('',#11736,#11735);
#11736=REPRESENTATION_MAP(#11735,#11713);
#11721=PRODUCT('C0603~C0603_L1.6-W0.8-H0.8~QmFs','C0603~C0603_L1.6-W0.8-H0.8~QmFs','',(#8637));
#11738=PRODUCT_RELATED_PRODUCT_CATEGORY('part','',(#11721));
#11739=PRODUCT_DEFINITION_FORMATION_WITH_SPECIFIED_SOURCE('','',#11721,.NOT_KNOWN.);
#11722=PRODUCT_DEFINITION('design','',#11739,#8638);
#11720=PRODUCT_DEFINITION_SHAPE('','',#11722);
#11740=SHAPE_DEFINITION_REPRESENTATION(#11720,#11713);
#11712=DRAUGHTING_MODEL('',(#11737),#11711);
#11685=SHAPE_REPRESENTATION('C31~C0603~C0603_L1.6-W0.8-H0.8~QmFs',(#15,#11726),#11683);
#11741=CARTESIAN_POINT('',(0.,0.,0.));
#11742=DIRECTION('',(0.,0.,1.));
#11743=DIRECTION('',(1.,0.,0.));
#11744=AXIS2_PLACEMENT_3D('',#11741,#11742,#11743);
#11746=MAPPED_ITEM('',#11745,#11744);
#11745=REPRESENTATION_MAP(#11744,#11685);
#11693=PRODUCT('C31~C0603~C0603_L1.6-W0.8-H0.8~QmFs','C31~C0603~C0603_L1.6-W0.8-H0.8~QmFs','',(#8637));
#11747=PRODUCT_RELATED_PRODUCT_CATEGORY('part','',(#11693));
#11748=PRODUCT_DEFINITION_FORMATION_WITH_SPECIFIED_SOURCE('','',#11693,.NOT_KNOWN.);
#11694=PRODUCT_DEFINITION('design','',#11748,#8638);
#11692=PRODUCT_DEFINITION_SHAPE('','',#11694);
#11749=SHAPE_DEFINITION_REPRESENTATION(#11692,#11685);
#11684=DRAUGHTING_MODEL('',(#11746),#11683);
#11750=(NAMED_UNIT(*)PLANE_ANGLE_UNIT()SI_UNIT($,.RADIAN.));
#11751=PLANE_ANGLE_MEASURE_WITH_UNIT(PLANE_ANGLE_MEASURE(0.0174532925),#11750);
#11752=(CONVERSION_BASED_UNIT('DEGREE',#11751)NAMED_UNIT(#11753)PLANE_ANGLE_UNIT());
#11753=DIMENSIONAL_EXPONENTS(0.,0.,0.,0.,0.,0.,0.);
#11754=(NAMED_UNIT(*)SI_UNIT($,.STERADIAN.)SOLID_ANGLE_UNIT());
#11755=(LENGTH_UNIT()NAMED_UNIT(*)SI_UNIT(.MILLI.,.METRE.));
#11756=UNCERTAINTY_MEASURE_WITH_UNIT(LENGTH_MEASURE(1.000000E-03),#11755,'DISTANCE_ACCURACY_VALUE','Maximum Tolerance applied to model');
#11757=(GEOMETRIC_REPRESENTATION_CONTEXT(3)GLOBAL_UNCERTAINTY_ASSIGNED_CONTEXT((#11756))GLOBAL_UNIT_ASSIGNED_CONTEXT((#11755,#11752,#11754))REPRESENTATION_CONTEXT('','C31~C0603~C0603_L1.6-W0.8-H0.8~QmFs'));
#11769=CARTESIAN_POINT('',(0.,0.,0.));
#11770=DIRECTION('',(0.,0.,1.));
#11771=DIRECTION('',(1.,0.,-0.));
#11772=AXIS2_PLACEMENT_3D('',#11769,#11770,#11771);
#11773=ITEM_DEFINED_TRANSFORMATION('','',#11772,#15);
#11774=(REPRESENTATION_RELATIONSHIP('','',#11759,#8582)REPRESENTATION_RELATIONSHIP_WITH_TRANSFORMATION(#11773)SHAPE_REPRESENTATION_RELATIONSHIP());
#11775=NEXT_ASSEMBLY_USAGE_OCCURRENCE('C31~C0603~C0603_L1.6-W0.8-H0.8~QmFs_87','C31~C0603~C0603_L1.6-W0.8-H0.8~QmFs','C31~C0603~C0603_L1.6-W0.8-H0.8~QmFs',#8591,#11768,$);
#11776=PRODUCT_DEFINITION_SHAPE('','',#11775);
#11777=CONTEXT_DEPENDENT_SHAPE_REPRESENTATION(#11774,#11776);
#11778=(NAMED_UNIT(*)PLANE_ANGLE_UNIT()SI_UNIT($,.RADIAN.));
#11779=PLANE_ANGLE_MEASURE_WITH_UNIT(PLANE_ANGLE_MEASURE(0.0174532925),#11778);
#11780=(CONVERSION_BASED_UNIT('DEGREE',#11779)NAMED_UNIT(#11781)PLANE_ANGLE_UNIT());
#11781=DIMENSIONAL_EXPONENTS(0.,0.,0.,0.,0.,0.,0.);
#11782=(NAMED_UNIT(*)SI_UNIT($,.STERADIAN.)SOLID_ANGLE_UNIT());
#11783=(LENGTH_UNIT()NAMED_UNIT(*)SI_UNIT(.MILLI.,.METRE.));
#11784=UNCERTAINTY_MEASURE_WITH_UNIT(LENGTH_MEASURE(1.000000E-03),#11783,'DISTANCE_ACCURACY_VALUE','Maximum Tolerance applied to model');
#11785=(GEOMETRIC_REPRESENTATION_CONTEXT(3)GLOBAL_UNCERTAINTY_ASSIGNED_CONTEXT((#11784))GLOBAL_UNIT_ASSIGNED_CONTEXT((#11783,#11780,#11782))REPRESENTATION_CONTEXT('','C0603~C0603_L1.6-W0.8-H0.8~QmFs'));
#11797=CARTESIAN_POINT('',(0.,0.,0.));
#11798=DIRECTION('',(0.,0.,1.));
#11799=DIRECTION('',(1.,0.,-0.));
#11800=AXIS2_PLACEMENT_3D('',#11797,#11798,#11799);
#11801=ITEM_DEFINED_TRANSFORMATION('','',#11800,#15);
#11802=(REPRESENTATION_RELATIONSHIP('','',#11787,#11759)REPRESENTATION_RELATIONSHIP_WITH_TRANSFORMATION(#11801)SHAPE_REPRESENTATION_RELATIONSHIP());
#11803=NEXT_ASSEMBLY_USAGE_OCCURRENCE('C0603~C0603_L1.6-W0.8-H0.8~QmFs_88','C0603~C0603_L1.6-W0.8-H0.8~QmFs','C0603~C0603_L1.6-W0.8-H0.8~QmFs',#11768,#11796,$);
#11804=PRODUCT_DEFINITION_SHAPE('','',#11803);
#11805=CONTEXT_DEPENDENT_SHAPE_REPRESENTATION(#11802,#11804);
#11787=SHAPE_REPRESENTATION('C0603~C0603_L1.6-W0.8-H0.8~QmFs',(#15),#11785);
#11806=CARTESIAN_POINT('',(0.,0.,0.));
#11807=DIRECTION('',(0.,0.,1.));
#11808=DIRECTION('',(1.,0.,0.));
#11809=AXIS2_PLACEMENT_3D('',#11806,#11807,#11808);
#11811=MAPPED_ITEM('',#11810,#11809);
#11810=REPRESENTATION_MAP(#11809,#11787);
#11795=PRODUCT('C0603~C0603_L1.6-W0.8-H0.8~QmFs','C0603~C0603_L1.6-W0.8-H0.8~QmFs','',(#8637));
#11812=PRODUCT_RELATED_PRODUCT_CATEGORY('part','',(#11795));
#11813=PRODUCT_DEFINITION_FORMATION_WITH_SPECIFIED_SOURCE('','',#11795,.NOT_KNOWN.);
#11796=PRODUCT_DEFINITION('design','',#11813,#8638);
#11794=PRODUCT_DEFINITION_SHAPE('','',#11796);
#11814=SHAPE_DEFINITION_REPRESENTATION(#11794,#11787);
#11786=DRAUGHTING_MODEL('',(#11811),#11785);
#11759=SHAPE_REPRESENTATION('C31~C0603~C0603_L1.6-W0.8-H0.8~QmFs',(#15,#11800),#11757);
#11815=CARTESIAN_POINT('',(0.,0.,0.));
#11816=DIRECTION('',(0.,0.,1.));
#11817=DIRECTION('',(1.,0.,0.));
#11818=AXIS2_PLACEMENT_3D('',#11815,#11816,#11817);
#11820=MAPPED_ITEM('',#11819,#11818);
#11819=REPRESENTATION_MAP(#11818,#11759);
#11767=PRODUCT('C31~C0603~C0603_L1.6-W0.8-H0.8~QmFs','C31~C0603~C0603_L1.6-W0.8-H0.8~QmFs','',(#8637));
#11821=PRODUCT_RELATED_PRODUCT_CATEGORY('part','',(#11767));
#11822=PRODUCT_DEFINITION_FORMATION_WITH_SPECIFIED_SOURCE('','',#11767,.NOT_KNOWN.);
#11768=PRODUCT_DEFINITION('design','',#11822,#8638);
#11766=PRODUCT_DEFINITION_SHAPE('','',#11768);
#11823=SHAPE_DEFINITION_REPRESENTATION(#11766,#11759);
#11758=DRAUGHTING_MODEL('',(#11820),#11757);
#11824=(NAMED_UNIT(*)PLANE_ANGLE_UNIT()SI_UNIT($,.RADIAN.));
#11825=PLANE_ANGLE_MEASURE_WITH_UNIT(PLANE_ANGLE_MEASURE(0.0174532925),#11824);
#11826=(CONVERSION_BASED_UNIT('DEGREE',#11825)NAMED_UNIT(#11827)PLANE_ANGLE_UNIT());
#11827=DIMENSIONAL_EXPONENTS(0.,0.,0.,0.,0.,0.,0.);
#11828=(NAMED_UNIT(*)SI_UNIT($,.STERADIAN.)SOLID_ANGLE_UNIT());
#11829=(LENGTH_UNIT()NAMED_UNIT(*)SI_UNIT(.MILLI.,.METRE.));
#11830=UNCERTAINTY_MEASURE_WITH_UNIT(LENGTH_MEASURE(1.000000E-03),#11829,'DISTANCE_ACCURACY_VALUE','Maximum Tolerance applied to model');
#11831=(GEOMETRIC_REPRESENTATION_CONTEXT(3)GLOBAL_UNCERTAINTY_ASSIGNED_CONTEXT((#11830))GLOBAL_UNIT_ASSIGNED_CONTEXT((#11829,#11826,#11828))REPRESENTATION_CONTEXT('','C31~C0603~C0603_L1.6-W0.8-H0.8~QmFs'));
#11843=CARTESIAN_POINT('',(0.,0.,0.));
#11844=DIRECTION('',(0.,0.,1.));
#11845=DIRECTION('',(1.,0.,-0.));
#11846=AXIS2_PLACEMENT_3D('',#11843,#11844,#11845);
#11847=ITEM_DEFINED_TRANSFORMATION('','',#11846,#15);
#11848=(REPRESENTATION_RELATIONSHIP('','',#11833,#8582)REPRESENTATION_RELATIONSHIP_WITH_TRANSFORMATION(#11847)SHAPE_REPRESENTATION_RELATIONSHIP());
#11849=NEXT_ASSEMBLY_USAGE_OCCURRENCE('C31~C0603~C0603_L1.6-W0.8-H0.8~QmFs_89','C31~C0603~C0603_L1.6-W0.8-H0.8~QmFs','C31~C0603~C0603_L1.6-W0.8-H0.8~QmFs',#8591,#11842,$);
#11850=PRODUCT_DEFINITION_SHAPE('','',#11849);
#11851=CONTEXT_DEPENDENT_SHAPE_REPRESENTATION(#11848,#11850);
#11852=(NAMED_UNIT(*)PLANE_ANGLE_UNIT()SI_UNIT($,.RADIAN.));
#11853=PLANE_ANGLE_MEASURE_WITH_UNIT(PLANE_ANGLE_MEASURE(0.0174532925),#11852);
#11854=(CONVERSION_BASED_UNIT('DEGREE',#11853)NAMED_UNIT(#11855)PLANE_ANGLE_UNIT());
#11855=DIMENSIONAL_EXPONENTS(0.,0.,0.,0.,0.,0.,0.);
#11856=(NAMED_UNIT(*)SI_UNIT($,.STERADIAN.)SOLID_ANGLE_UNIT());
#11857=(LENGTH_UNIT()NAMED_UNIT(*)SI_UNIT(.MILLI.,.METRE.));
#11858=UNCERTAINTY_MEASURE_WITH_UNIT(LENGTH_MEASURE(1.000000E-03),#11857,'DISTANCE_ACCURACY_VALUE','Maximum Tolerance applied to model');
#11859=(GEOMETRIC_REPRESENTATION_CONTEXT(3)GLOBAL_UNCERTAINTY_ASSIGNED_CONTEXT((#11858))GLOBAL_UNIT_ASSIGNED_CONTEXT((#11857,#11854,#11856))REPRESENTATION_CONTEXT('','C0603~C0603_L1.6-W0.8-H0.8~QmFs'));
#11871=CARTESIAN_POINT('',(0.,0.,0.));
#11872=DIRECTION('',(0.,0.,1.));
#11873=DIRECTION('',(1.,0.,-0.));
#11874=AXIS2_PLACEMENT_3D('',#11871,#11872,#11873);
#11875=ITEM_DEFINED_TRANSFORMATION('','',#11874,#15);
#11876=(REPRESENTATION_RELATIONSHIP('','',#11861,#11833)REPRESENTATION_RELATIONSHIP_WITH_TRANSFORMATION(#11875)SHAPE_REPRESENTATION_RELATIONSHIP());
#11877=NEXT_ASSEMBLY_USAGE_OCCURRENCE('C0603~C0603_L1.6-W0.8-H0.8~QmFs_90','C0603~C0603_L1.6-W0.8-H0.8~QmFs','C0603~C0603_L1.6-W0.8-H0.8~QmFs',#11842,#11870,$);
#11878=PRODUCT_DEFINITION_SHAPE('','',#11877);
#11879=CONTEXT_DEPENDENT_SHAPE_REPRESENTATION(#11876,#11878);
#11861=SHAPE_REPRESENTATION('C0603~C0603_L1.6-W0.8-H0.8~QmFs',(#15),#11859);
#11880=CARTESIAN_POINT('',(0.,0.,0.));
#11881=DIRECTION('',(0.,0.,1.));
#11882=DIRECTION('',(1.,0.,0.));
#11883=AXIS2_PLACEMENT_3D('',#11880,#11881,#11882);
#11885=MAPPED_ITEM('',#11884,#11883);
#11884=REPRESENTATION_MAP(#11883,#11861);
#11869=PRODUCT('C0603~C0603_L1.6-W0.8-H0.8~QmFs','C0603~C0603_L1.6-W0.8-H0.8~QmFs','',(#8637));
#11886=PRODUCT_RELATED_PRODUCT_CATEGORY('part','',(#11869));
#11887=PRODUCT_DEFINITION_FORMATION_WITH_SPECIFIED_SOURCE('','',#11869,.NOT_KNOWN.);
#11870=PRODUCT_DEFINITION('design','',#11887,#8638);
#11868=PRODUCT_DEFINITION_SHAPE('','',#11870);
#11888=SHAPE_DEFINITION_REPRESENTATION(#11868,#11861);
#11860=DRAUGHTING_MODEL('',(#11885),#11859);
#11833=SHAPE_REPRESENTATION('C31~C0603~C0603_L1.6-W0.8-H0.8~QmFs',(#15,#11874),#11831);
#11889=CARTESIAN_POINT('',(0.,0.,0.));
#11890=DIRECTION('',(0.,0.,1.));
#11891=DIRECTION('',(1.,0.,0.));
#11892=AXIS2_PLACEMENT_3D('',#11889,#11890,#11891);
#11894=MAPPED_ITEM('',#11893,#11892);
#11893=REPRESENTATION_MAP(#11892,#11833);
#11841=PRODUCT('C31~C0603~C0603_L1.6-W0.8-H0.8~QmFs','C31~C0603~C0603_L1.6-W0.8-H0.8~QmFs','',(#8637));
#11895=PRODUCT_RELATED_PRODUCT_CATEGORY('part','',(#11841));
#11896=PRODUCT_DEFINITION_FORMATION_WITH_SPECIFIED_SOURCE('','',#11841,.NOT_KNOWN.);
#11842=PRODUCT_DEFINITION('design','',#11896,#8638);
#11840=PRODUCT_DEFINITION_SHAPE('','',#11842);
#11897=SHAPE_DEFINITION_REPRESENTATION(#11840,#11833);
#11832=DRAUGHTING_MODEL('',(#11894),#11831);
#11898=(NAMED_UNIT(*)PLANE_ANGLE_UNIT()SI_UNIT($,.RADIAN.));
#11899=PLANE_ANGLE_MEASURE_WITH_UNIT(PLANE_ANGLE_MEASURE(0.0174532925),#11898);
#11900=(CONVERSION_BASED_UNIT('DEGREE',#11899)NAMED_UNIT(#11901)PLANE_ANGLE_UNIT());
#11901=DIMENSIONAL_EXPONENTS(0.,0.,0.,0.,0.,0.,0.);
#11902=(NAMED_UNIT(*)SI_UNIT($,.STERADIAN.)SOLID_ANGLE_UNIT());
#11903=(LENGTH_UNIT()NAMED_UNIT(*)SI_UNIT(.MILLI.,.METRE.));
#11904=UNCERTAINTY_MEASURE_WITH_UNIT(LENGTH_MEASURE(1.000000E-03),#11903,'DISTANCE_ACCURACY_VALUE','Maximum Tolerance applied to model');
#11905=(GEOMETRIC_REPRESENTATION_CONTEXT(3)GLOBAL_UNCERTAINTY_ASSIGNED_CONTEXT((#11904))GLOBAL_UNIT_ASSIGNED_CONTEXT((#11903,#11900,#11902))REPRESENTATION_CONTEXT('','C31~C0603~C0603_L1.6-W0.8-H0.8~QmFs'));
#11917=CARTESIAN_POINT('',(0.,0.,0.));
#11918=DIRECTION('',(0.,0.,1.));
#11919=DIRECTION('',(1.,0.,-0.));
#11920=AXIS2_PLACEMENT_3D('',#11917,#11918,#11919);
#11921=ITEM_DEFINED_TRANSFORMATION('','',#11920,#15);
#11922=(REPRESENTATION_RELATIONSHIP('','',#11907,#8582)REPRESENTATION_RELATIONSHIP_WITH_TRANSFORMATION(#11921)SHAPE_REPRESENTATION_RELATIONSHIP());
#11923=NEXT_ASSEMBLY_USAGE_OCCURRENCE('C31~C0603~C0603_L1.6-W0.8-H0.8~QmFs_91','C31~C0603~C0603_L1.6-W0.8-H0.8~QmFs','C31~C0603~C0603_L1.6-W0.8-H0.8~QmFs',#8591,#11916,$);
#11924=PRODUCT_DEFINITION_SHAPE('','',#11923);
#11925=CONTEXT_DEPENDENT_SHAPE_REPRESENTATION(#11922,#11924);
#11926=(NAMED_UNIT(*)PLANE_ANGLE_UNIT()SI_UNIT($,.RADIAN.));
#11927=PLANE_ANGLE_MEASURE_WITH_UNIT(PLANE_ANGLE_MEASURE(0.0174532925),#11926);
#11928=(CONVERSION_BASED_UNIT('DEGREE',#11927)NAMED_UNIT(#11929)PLANE_ANGLE_UNIT());
#11929=DIMENSIONAL_EXPONENTS(0.,0.,0.,0.,0.,0.,0.);
#11930=(NAMED_UNIT(*)SI_UNIT($,.STERADIAN.)SOLID_ANGLE_UNIT());
#11931=(LENGTH_UNIT()NAMED_UNIT(*)SI_UNIT(.MILLI.,.METRE.));
#11932=UNCERTAINTY_MEASURE_WITH_UNIT(LENGTH_MEASURE(1.000000E-03),#11931,'DISTANCE_ACCURACY_VALUE','Maximum Tolerance applied to model');
#11933=(GEOMETRIC_REPRESENTATION_CONTEXT(3)GLOBAL_UNCERTAINTY_ASSIGNED_CONTEXT((#11932))GLOBAL_UNIT_ASSIGNED_CONTEXT((#11931,#11928,#11930))REPRESENTATION_CONTEXT('','C0603~C0603_L1.6-W0.8-H0.8~QmFs'));
#11945=CARTESIAN_POINT('',(0.,0.,0.));
#11946=DIRECTION('',(0.,0.,1.));
#11947=DIRECTION('',(1.,0.,-0.));
#11948=AXIS2_PLACEMENT_3D('',#11945,#11946,#11947);
#11949=ITEM_DEFINED_TRANSFORMATION('','',#11948,#15);
#11950=(REPRESENTATION_RELATIONSHIP('','',#11935,#11907)REPRESENTATION_RELATIONSHIP_WITH_TRANSFORMATION(#11949)SHAPE_REPRESENTATION_RELATIONSHIP());
#11951=NEXT_ASSEMBLY_USAGE_OCCURRENCE('C0603~C0603_L1.6-W0.8-H0.8~QmFs_92','C0603~C0603_L1.6-W0.8-H0.8~QmFs','C0603~C0603_L1.6-W0.8-H0.8~QmFs',#11916,#11944,$);
#11952=PRODUCT_DEFINITION_SHAPE('','',#11951);
#11953=CONTEXT_DEPENDENT_SHAPE_REPRESENTATION(#11950,#11952);
#11935=SHAPE_REPRESENTATION('C0603~C0603_L1.6-W0.8-H0.8~QmFs',(#15),#11933);
#11954=CARTESIAN_POINT('',(0.,0.,0.));
#11955=DIRECTION('',(0.,0.,1.));
#11956=DIRECTION('',(1.,0.,0.));
#11957=AXIS2_PLACEMENT_3D('',#11954,#11955,#11956);
#11959=MAPPED_ITEM('',#11958,#11957);
#11958=REPRESENTATION_MAP(#11957,#11935);
#11943=PRODUCT('C0603~C0603_L1.6-W0.8-H0.8~QmFs','C0603~C0603_L1.6-W0.8-H0.8~QmFs','',(#8637));
#11960=PRODUCT_RELATED_PRODUCT_CATEGORY('part','',(#11943));
#11961=PRODUCT_DEFINITION_FORMATION_WITH_SPECIFIED_SOURCE('','',#11943,.NOT_KNOWN.);
#11944=PRODUCT_DEFINITION('design','',#11961,#8638);
#11942=PRODUCT_DEFINITION_SHAPE('','',#11944);
#11962=SHAPE_DEFINITION_REPRESENTATION(#11942,#11935);
#11934=DRAUGHTING_MODEL('',(#11959),#11933);
#11907=SHAPE_REPRESENTATION('C31~C0603~C0603_L1.6-W0.8-H0.8~QmFs',(#15,#11948),#11905);
#11963=CARTESIAN_POINT('',(0.,0.,0.));
#11964=DIRECTION('',(0.,0.,1.));
#11965=DIRECTION('',(1.,0.,0.));
#11966=AXIS2_PLACEMENT_3D('',#11963,#11964,#11965);
#11968=MAPPED_ITEM('',#11967,#11966);
#11967=REPRESENTATION_MAP(#11966,#11907);
#11915=PRODUCT('C31~C0603~C0603_L1.6-W0.8-H0.8~QmFs','C31~C0603~C0603_L1.6-W0.8-H0.8~QmFs','',(#8637));
#11969=PRODUCT_RELATED_PRODUCT_CATEGORY('part','',(#11915));
#11970=PRODUCT_DEFINITION_FORMATION_WITH_SPECIFIED_SOURCE('','',#11915,.NOT_KNOWN.);
#11916=PRODUCT_DEFINITION('design','',#11970,#8638);
#11914=PRODUCT_DEFINITION_SHAPE('','',#11916);
#11971=SHAPE_DEFINITION_REPRESENTATION(#11914,#11907);
#11906=DRAUGHTING_MODEL('',(#11968),#11905);
#11972=(NAMED_UNIT(*)PLANE_ANGLE_UNIT()SI_UNIT($,.RADIAN.));
#11973=PLANE_ANGLE_MEASURE_WITH_UNIT(PLANE_ANGLE_MEASURE(0.0174532925),#11972);
#11974=(CONVERSION_BASED_UNIT('DEGREE',#11973)NAMED_UNIT(#11975)PLANE_ANGLE_UNIT());
#11975=DIMENSIONAL_EXPONENTS(0.,0.,0.,0.,0.,0.,0.);
#11976=(NAMED_UNIT(*)SI_UNIT($,.STERADIAN.)SOLID_ANGLE_UNIT());
#11977=(LENGTH_UNIT()NAMED_UNIT(*)SI_UNIT(.MILLI.,.METRE.));
#11978=UNCERTAINTY_MEASURE_WITH_UNIT(LENGTH_MEASURE(1.000000E-03),#11977,'DISTANCE_ACCURACY_VALUE','Maximum Tolerance applied to model');
#11979=(GEOMETRIC_REPRESENTATION_CONTEXT(3)GLOBAL_UNCERTAINTY_ASSIGNED_CONTEXT((#11978))GLOBAL_UNIT_ASSIGNED_CONTEXT((#11977,#11974,#11976))REPRESENTATION_CONTEXT('','C31~C0603~C0603_L1.6-W0.8-H0.8~QmFs'));
#11991=CARTESIAN_POINT('',(0.,0.,0.));
#11992=DIRECTION('',(0.,0.,1.));
#11993=DIRECTION('',(1.,0.,-0.));
#11994=AXIS2_PLACEMENT_3D('',#11991,#11992,#11993);
#11995=ITEM_DEFINED_TRANSFORMATION('','',#11994,#15);
#11996=(REPRESENTATION_RELATIONSHIP('','',#11981,#8582)REPRESENTATION_RELATIONSHIP_WITH_TRANSFORMATION(#11995)SHAPE_REPRESENTATION_RELATIONSHIP());
#11997=NEXT_ASSEMBLY_USAGE_OCCURRENCE('C31~C0603~C0603_L1.6-W0.8-H0.8~QmFs_93','C31~C0603~C0603_L1.6-W0.8-H0.8~QmFs','C31~C0603~C0603_L1.6-W0.8-H0.8~QmFs',#8591,#11990,$);
#11998=PRODUCT_DEFINITION_SHAPE('','',#11997);
#11999=CONTEXT_DEPENDENT_SHAPE_REPRESENTATION(#11996,#11998);
#12000=(NAMED_UNIT(*)PLANE_ANGLE_UNIT()SI_UNIT($,.RADIAN.));
#12001=PLANE_ANGLE_MEASURE_WITH_UNIT(PLANE_ANGLE_MEASURE(0.0174532925),#12000);
#12002=(CONVERSION_BASED_UNIT('DEGREE',#12001)NAMED_UNIT(#12003)PLANE_ANGLE_UNIT());
#12003=DIMENSIONAL_EXPONENTS(0.,0.,0.,0.,0.,0.,0.);
#12004=(NAMED_UNIT(*)SI_UNIT($,.STERADIAN.)SOLID_ANGLE_UNIT());
#12005=(LENGTH_UNIT()NAMED_UNIT(*)SI_UNIT(.MILLI.,.METRE.));
#12006=UNCERTAINTY_MEASURE_WITH_UNIT(LENGTH_MEASURE(1.000000E-03),#12005,'DISTANCE_ACCURACY_VALUE','Maximum Tolerance applied to model');
#12007=(GEOMETRIC_REPRESENTATION_CONTEXT(3)GLOBAL_UNCERTAINTY_ASSIGNED_CONTEXT((#12006))GLOBAL_UNIT_ASSIGNED_CONTEXT((#12005,#12002,#12004))REPRESENTATION_CONTEXT('','C0603~C0603_L1.6-W0.8-H0.8~QmFs'));
#12019=CARTESIAN_POINT('',(0.,0.,0.));
#12020=DIRECTION('',(0.,0.,1.));
#12021=DIRECTION('',(1.,0.,-0.));
#12022=AXIS2_PLACEMENT_3D('',#12019,#12020,#12021);
#12023=ITEM_DEFINED_TRANSFORMATION('','',#12022,#15);
#12024=(REPRESENTATION_RELATIONSHIP('','',#12009,#11981)REPRESENTATION_RELATIONSHIP_WITH_TRANSFORMATION(#12023)SHAPE_REPRESENTATION_RELATIONSHIP());
#12025=NEXT_ASSEMBLY_USAGE_OCCURRENCE('C0603~C0603_L1.6-W0.8-H0.8~QmFs_94','C0603~C0603_L1.6-W0.8-H0.8~QmFs','C0603~C0603_L1.6-W0.8-H0.8~QmFs',#11990,#12018,$);
#12026=PRODUCT_DEFINITION_SHAPE('','',#12025);
#12027=CONTEXT_DEPENDENT_SHAPE_REPRESENTATION(#12024,#12026);
#12009=SHAPE_REPRESENTATION('C0603~C0603_L1.6-W0.8-H0.8~QmFs',(#15),#12007);
#12028=CARTESIAN_POINT('',(0.,0.,0.));
#12029=DIRECTION('',(0.,0.,1.));
#12030=DIRECTION('',(1.,0.,0.));
#12031=AXIS2_PLACEMENT_3D('',#12028,#12029,#12030);
#12033=MAPPED_ITEM('',#12032,#12031);
#12032=REPRESENTATION_MAP(#12031,#12009);
#12017=PRODUCT('C0603~C0603_L1.6-W0.8-H0.8~QmFs','C0603~C0603_L1.6-W0.8-H0.8~QmFs','',(#8637));
#12034=PRODUCT_RELATED_PRODUCT_CATEGORY('part','',(#12017));
#12035=PRODUCT_DEFINITION_FORMATION_WITH_SPECIFIED_SOURCE('','',#12017,.NOT_KNOWN.);
#12018=PRODUCT_DEFINITION('design','',#12035,#8638);
#12016=PRODUCT_DEFINITION_SHAPE('','',#12018);
#12036=SHAPE_DEFINITION_REPRESENTATION(#12016,#12009);
#12008=DRAUGHTING_MODEL('',(#12033),#12007);
#11981=SHAPE_REPRESENTATION('C31~C0603~C0603_L1.6-W0.8-H0.8~QmFs',(#15,#12022),#11979);
#12037=CARTESIAN_POINT('',(0.,0.,0.));
#12038=DIRECTION('',(0.,0.,1.));
#12039=DIRECTION('',(1.,0.,0.));
#12040=AXIS2_PLACEMENT_3D('',#12037,#12038,#12039);
#12042=MAPPED_ITEM('',#12041,#12040);
#12041=REPRESENTATION_MAP(#12040,#11981);
#11989=PRODUCT('C31~C0603~C0603_L1.6-W0.8-H0.8~QmFs','C31~C0603~C0603_L1.6-W0.8-H0.8~QmFs','',(#8637));
#12043=PRODUCT_RELATED_PRODUCT_CATEGORY('part','',(#11989));
#12044=PRODUCT_DEFINITION_FORMATION_WITH_SPECIFIED_SOURCE('','',#11989,.NOT_KNOWN.);
#11990=PRODUCT_DEFINITION('design','',#12044,#8638);
#11988=PRODUCT_DEFINITION_SHAPE('','',#11990);
#12045=SHAPE_DEFINITION_REPRESENTATION(#11988,#11981);
#11980=DRAUGHTING_MODEL('',(#12042),#11979);
#12046=(NAMED_UNIT(*)PLANE_ANGLE_UNIT()SI_UNIT($,.RADIAN.));
#12047=PLANE_ANGLE_MEASURE_WITH_UNIT(PLANE_ANGLE_MEASURE(0.0174532925),#12046);
#12048=(CONVERSION_BASED_UNIT('DEGREE',#12047)NAMED_UNIT(#12049)PLANE_ANGLE_UNIT());
#12049=DIMENSIONAL_EXPONENTS(0.,0.,0.,0.,0.,0.,0.);
#12050=(NAMED_UNIT(*)SI_UNIT($,.STERADIAN.)SOLID_ANGLE_UNIT());
#12051=(LENGTH_UNIT()NAMED_UNIT(*)SI_UNIT(.MILLI.,.METRE.));
#12052=UNCERTAINTY_MEASURE_WITH_UNIT(LENGTH_MEASURE(1.000000E-03),#12051,'DISTANCE_ACCURACY_VALUE','Maximum Tolerance applied to model');
#12053=(GEOMETRIC_REPRESENTATION_CONTEXT(3)GLOBAL_UNCERTAINTY_ASSIGNED_CONTEXT((#12052))GLOBAL_UNIT_ASSIGNED_CONTEXT((#12051,#12048,#12050))REPRESENTATION_CONTEXT('','C31~C0603~C0603_L1.6-W0.8-H0.8~QmFs'));
#12065=CARTESIAN_POINT('',(0.,0.,0.));
#12066=DIRECTION('',(0.,0.,1.));
#12067=DIRECTION('',(1.,0.,-0.));
#12068=AXIS2_PLACEMENT_3D('',#12065,#12066,#12067);
#12069=ITEM_DEFINED_TRANSFORMATION('','',#12068,#15);
#12070=(REPRESENTATION_RELATIONSHIP('','',#12055,#8582)REPRESENTATION_RELATIONSHIP_WITH_TRANSFORMATION(#12069)SHAPE_REPRESENTATION_RELATIONSHIP());
#12071=NEXT_ASSEMBLY_USAGE_OCCURRENCE('C31~C0603~C0603_L1.6-W0.8-H0.8~QmFs_95','C31~C0603~C0603_L1.6-W0.8-H0.8~QmFs','C31~C0603~C0603_L1.6-W0.8-H0.8~QmFs',#8591,#12064,$);
#12072=PRODUCT_DEFINITION_SHAPE('','',#12071);
#12073=CONTEXT_DEPENDENT_SHAPE_REPRESENTATION(#12070,#12072);
#12074=(NAMED_UNIT(*)PLANE_ANGLE_UNIT()SI_UNIT($,.RADIAN.));
#12075=PLANE_ANGLE_MEASURE_WITH_UNIT(PLANE_ANGLE_MEASURE(0.0174532925),#12074);
#12076=(CONVERSION_BASED_UNIT('DEGREE',#12075)NAMED_UNIT(#12077)PLANE_ANGLE_UNIT());
#12077=DIMENSIONAL_EXPONENTS(0.,0.,0.,0.,0.,0.,0.);
#12078=(NAMED_UNIT(*)SI_UNIT($,.STERADIAN.)SOLID_ANGLE_UNIT());
#12079=(LENGTH_UNIT()NAMED_UNIT(*)SI_UNIT(.MILLI.,.METRE.));
#12080=UNCERTAINTY_MEASURE_WITH_UNIT(LENGTH_MEASURE(1.000000E-03),#12079,'DISTANCE_ACCURACY_VALUE','Maximum Tolerance applied to model');
#12081=(GEOMETRIC_REPRESENTATION_CONTEXT(3)GLOBAL_UNCERTAINTY_ASSIGNED_CONTEXT((#12080))GLOBAL_UNIT_ASSIGNED_CONTEXT((#12079,#12076,#12078))REPRESENTATION_CONTEXT('','C0603~C0603_L1.6-W0.8-H0.8~QmFs'));
#12093=CARTESIAN_POINT('',(0.,0.,0.));
#12094=DIRECTION('',(0.,0.,1.));
#12095=DIRECTION('',(1.,0.,-0.));
#12096=AXIS2_PLACEMENT_3D('',#12093,#12094,#12095);
#12097=ITEM_DEFINED_TRANSFORMATION('','',#12096,#15);
#12098=(REPRESENTATION_RELATIONSHIP('','',#12083,#12055)REPRESENTATION_RELATIONSHIP_WITH_TRANSFORMATION(#12097)SHAPE_REPRESENTATION_RELATIONSHIP());
#12099=NEXT_ASSEMBLY_USAGE_OCCURRENCE('C0603~C0603_L1.6-W0.8-H0.8~QmFs_96','C0603~C0603_L1.6-W0.8-H0.8~QmFs','C0603~C0603_L1.6-W0.8-H0.8~QmFs',#12064,#12092,$);
#12100=PRODUCT_DEFINITION_SHAPE('','',#12099);
#12101=CONTEXT_DEPENDENT_SHAPE_REPRESENTATION(#12098,#12100);
#12083=SHAPE_REPRESENTATION('C0603~C0603_L1.6-W0.8-H0.8~QmFs',(#15),#12081);
#12102=CARTESIAN_POINT('',(0.,0.,0.));
#12103=DIRECTION('',(0.,0.,1.));
#12104=DIRECTION('',(1.,0.,0.));
#12105=AXIS2_PLACEMENT_3D('',#12102,#12103,#12104);
#12107=MAPPED_ITEM('',#12106,#12105);
#12106=REPRESENTATION_MAP(#12105,#12083);
#12091=PRODUCT('C0603~C0603_L1.6-W0.8-H0.8~QmFs','C0603~C0603_L1.6-W0.8-H0.8~QmFs','',(#8637));
#12108=PRODUCT_RELATED_PRODUCT_CATEGORY('part','',(#12091));
#12109=PRODUCT_DEFINITION_FORMATION_WITH_SPECIFIED_SOURCE('','',#12091,.NOT_KNOWN.);
#12092=PRODUCT_DEFINITION('design','',#12109,#8638);
#12090=PRODUCT_DEFINITION_SHAPE('','',#12092);
#12110=SHAPE_DEFINITION_REPRESENTATION(#12090,#12083);
#12082=DRAUGHTING_MODEL('',(#12107),#12081);
#12055=SHAPE_REPRESENTATION('C31~C0603~C0603_L1.6-W0.8-H0.8~QmFs',(#15,#12096),#12053);
#12111=CARTESIAN_POINT('',(0.,0.,0.));
#12112=DIRECTION('',(0.,0.,1.));
#12113=DIRECTION('',(1.,0.,0.));
#12114=AXIS2_PLACEMENT_3D('',#12111,#12112,#12113);
#12116=MAPPED_ITEM('',#12115,#12114);
#12115=REPRESENTATION_MAP(#12114,#12055);
#12063=PRODUCT('C31~C0603~C0603_L1.6-W0.8-H0.8~QmFs','C31~C0603~C0603_L1.6-W0.8-H0.8~QmFs','',(#8637));
#12117=PRODUCT_RELATED_PRODUCT_CATEGORY('part','',(#12063));
#12118=PRODUCT_DEFINITION_FORMATION_WITH_SPECIFIED_SOURCE('','',#12063,.NOT_KNOWN.);
#12064=PRODUCT_DEFINITION('design','',#12118,#8638);
#12062=PRODUCT_DEFINITION_SHAPE('','',#12064);
#12119=SHAPE_DEFINITION_REPRESENTATION(#12062,#12055);
#12054=DRAUGHTING_MODEL('',(#12116),#12053);
#12120=(NAMED_UNIT(*)PLANE_ANGLE_UNIT()SI_UNIT($,.RADIAN.));
#12121=PLANE_ANGLE_MEASURE_WITH_UNIT(PLANE_ANGLE_MEASURE(0.0174532925),#12120);
#12122=(CONVERSION_BASED_UNIT('DEGREE',#12121)NAMED_UNIT(#12123)PLANE_ANGLE_UNIT());
#12123=DIMENSIONAL_EXPONENTS(0.,0.,0.,0.,0.,0.,0.);
#12124=(NAMED_UNIT(*)SI_UNIT($,.STERADIAN.)SOLID_ANGLE_UNIT());
#12125=(LENGTH_UNIT()NAMED_UNIT(*)SI_UNIT(.MILLI.,.METRE.));
#12126=UNCERTAINTY_MEASURE_WITH_UNIT(LENGTH_MEASURE(1.000000E-03),#12125,'DISTANCE_ACCURACY_VALUE','Maximum Tolerance applied to model');
#12127=(GEOMETRIC_REPRESENTATION_CONTEXT(3)GLOBAL_UNCERTAINTY_ASSIGNED_CONTEXT((#12126))GLOBAL_UNIT_ASSIGNED_CONTEXT((#12125,#12122,#12124))REPRESENTATION_CONTEXT('','C31~C0603~C0603_L1.6-W0.8-H0.8~QmFs'));
#12139=CARTESIAN_POINT('',(0.,0.,0.));
#12140=DIRECTION('',(0.,0.,1.));
#12141=DIRECTION('',(1.,0.,-0.));
#12142=AXIS2_PLACEMENT_3D('',#12139,#12140,#12141);
#12143=ITEM_DEFINED_TRANSFORMATION('','',#12142,#15);
#12144=(REPRESENTATION_RELATIONSHIP('','',#12129,#8582)REPRESENTATION_RELATIONSHIP_WITH_TRANSFORMATION(#12143)SHAPE_REPRESENTATION_RELATIONSHIP());
#12145=NEXT_ASSEMBLY_USAGE_OCCURRENCE('C31~C0603~C0603_L1.6-W0.8-H0.8~QmFs_97','C31~C0603~C0603_L1.6-W0.8-H0.8~QmFs','C31~C0603~C0603_L1.6-W0.8-H0.8~QmFs',#8591,#12138,$);
#12146=PRODUCT_DEFINITION_SHAPE('','',#12145);
#12147=CONTEXT_DEPENDENT_SHAPE_REPRESENTATION(#12144,#12146);
#12148=(NAMED_UNIT(*)PLANE_ANGLE_UNIT()SI_UNIT($,.RADIAN.));
#12149=PLANE_ANGLE_MEASURE_WITH_UNIT(PLANE_ANGLE_MEASURE(0.0174532925),#12148);
#12150=(CONVERSION_BASED_UNIT('DEGREE',#12149)NAMED_UNIT(#12151)PLANE_ANGLE_UNIT());
#12151=DIMENSIONAL_EXPONENTS(0.,0.,0.,0.,0.,0.,0.);
#12152=(NAMED_UNIT(*)SI_UNIT($,.STERADIAN.)SOLID_ANGLE_UNIT());
#12153=(LENGTH_UNIT()NAMED_UNIT(*)SI_UNIT(.MILLI.,.METRE.));
#12154=UNCERTAINTY_MEASURE_WITH_UNIT(LENGTH_MEASURE(1.000000E-03),#12153,'DISTANCE_ACCURACY_VALUE','Maximum Tolerance applied to model');
#12155=(GEOMETRIC_REPRESENTATION_CONTEXT(3)GLOBAL_UNCERTAINTY_ASSIGNED_CONTEXT((#12154))GLOBAL_UNIT_ASSIGNED_CONTEXT((#12153,#12150,#12152))REPRESENTATION_CONTEXT('','C0603~C0603_L1.6-W0.8-H0.8~QmFs'));
#12167=CARTESIAN_POINT('',(0.,0.,0.));
#12168=DIRECTION('',(0.,0.,1.));
#12169=DIRECTION('',(1.,0.,-0.));
#12170=AXIS2_PLACEMENT_3D('',#12167,#12168,#12169);
#12171=ITEM_DEFINED_TRANSFORMATION('','',#12170,#15);
#12172=(REPRESENTATION_RELATIONSHIP('','',#12157,#12129)REPRESENTATION_RELATIONSHIP_WITH_TRANSFORMATION(#12171)SHAPE_REPRESENTATION_RELATIONSHIP());
#12173=NEXT_ASSEMBLY_USAGE_OCCURRENCE('C0603~C0603_L1.6-W0.8-H0.8~QmFs_98','C0603~C0603_L1.6-W0.8-H0.8~QmFs','C0603~C0603_L1.6-W0.8-H0.8~QmFs',#12138,#12166,$);
#12174=PRODUCT_DEFINITION_SHAPE('','',#12173);
#12175=CONTEXT_DEPENDENT_SHAPE_REPRESENTATION(#12172,#12174);
#12157=SHAPE_REPRESENTATION('C0603~C0603_L1.6-W0.8-H0.8~QmFs',(#15),#12155);
#12176=CARTESIAN_POINT('',(0.,0.,0.));
#12177=DIRECTION('',(0.,0.,1.));
#12178=DIRECTION('',(1.,0.,0.));
#12179=AXIS2_PLACEMENT_3D('',#12176,#12177,#12178);
#12181=MAPPED_ITEM('',#12180,#12179);
#12180=REPRESENTATION_MAP(#12179,#12157);
#12165=PRODUCT('C0603~C0603_L1.6-W0.8-H0.8~QmFs','C0603~C0603_L1.6-W0.8-H0.8~QmFs','',(#8637));
#12182=PRODUCT_RELATED_PRODUCT_CATEGORY('part','',(#12165));
#12183=PRODUCT_DEFINITION_FORMATION_WITH_SPECIFIED_SOURCE('','',#12165,.NOT_KNOWN.);
#12166=PRODUCT_DEFINITION('design','',#12183,#8638);
#12164=PRODUCT_DEFINITION_SHAPE('','',#12166);
#12184=SHAPE_DEFINITION_REPRESENTATION(#12164,#12157);
#12156=DRAUGHTING_MODEL('',(#12181),#12155);
#12129=SHAPE_REPRESENTATION('C31~C0603~C0603_L1.6-W0.8-H0.8~QmFs',(#15,#12170),#12127);
#12185=CARTESIAN_POINT('',(0.,0.,0.));
#12186=DIRECTION('',(0.,0.,1.));
#12187=DIRECTION('',(1.,0.,0.));
#12188=AXIS2_PLACEMENT_3D('',#12185,#12186,#12187);
#12190=MAPPED_ITEM('',#12189,#12188);
#12189=REPRESENTATION_MAP(#12188,#12129);
#12137=PRODUCT('C31~C0603~C0603_L1.6-W0.8-H0.8~QmFs','C31~C0603~C0603_L1.6-W0.8-H0.8~QmFs','',(#8637));
#12191=PRODUCT_RELATED_PRODUCT_CATEGORY('part','',(#12137));
#12192=PRODUCT_DEFINITION_FORMATION_WITH_SPECIFIED_SOURCE('','',#12137,.NOT_KNOWN.);
#12138=PRODUCT_DEFINITION('design','',#12192,#8638);
#12136=PRODUCT_DEFINITION_SHAPE('','',#12138);
#12193=SHAPE_DEFINITION_REPRESENTATION(#12136,#12129);
#12128=DRAUGHTING_MODEL('',(#12190),#12127);
#12194=(NAMED_UNIT(*)PLANE_ANGLE_UNIT()SI_UNIT($,.RADIAN.));
#12195=PLANE_ANGLE_MEASURE_WITH_UNIT(PLANE_ANGLE_MEASURE(0.0174532925),#12194);
#12196=(CONVERSION_BASED_UNIT('DEGREE',#12195)NAMED_UNIT(#12197)PLANE_ANGLE_UNIT());
#12197=DIMENSIONAL_EXPONENTS(0.,0.,0.,0.,0.,0.,0.);
#12198=(NAMED_UNIT(*)SI_UNIT($,.STERADIAN.)SOLID_ANGLE_UNIT());
#12199=(LENGTH_UNIT()NAMED_UNIT(*)SI_UNIT(.MILLI.,.METRE.));
#12200=UNCERTAINTY_MEASURE_WITH_UNIT(LENGTH_MEASURE(1.000000E-03),#12199,'DISTANCE_ACCURACY_VALUE','Maximum Tolerance applied to model');
#12201=(GEOMETRIC_REPRESENTATION_CONTEXT(3)GLOBAL_UNCERTAINTY_ASSIGNED_CONTEXT((#12200))GLOBAL_UNIT_ASSIGNED_CONTEXT((#12199,#12196,#12198))REPRESENTATION_CONTEXT('','C31~C0603~C0603_L1.6-W0.8-H0.8~QmFs'));
#12213=CARTESIAN_POINT('',(0.,0.,0.));
#12214=DIRECTION('',(0.,0.,1.));
#12215=DIRECTION('',(1.,0.,-0.));
#12216=AXIS2_PLACEMENT_3D('',#12213,#12214,#12215);
#12217=ITEM_DEFINED_TRANSFORMATION('','',#12216,#15);
#12218=(REPRESENTATION_RELATIONSHIP('','',#12203,#8582)REPRESENTATION_RELATIONSHIP_WITH_TRANSFORMATION(#12217)SHAPE_REPRESENTATION_RELATIONSHIP());
#12219=NEXT_ASSEMBLY_USAGE_OCCURRENCE('C31~C0603~C0603_L1.6-W0.8-H0.8~QmFs_99','C31~C0603~C0603_L1.6-W0.8-H0.8~QmFs','C31~C0603~C0603_L1.6-W0.8-H0.8~QmFs',#8591,#12212,$);
#12220=PRODUCT_DEFINITION_SHAPE('','',#12219);
#12221=CONTEXT_DEPENDENT_SHAPE_REPRESENTATION(#12218,#12220);
#12222=(NAMED_UNIT(*)PLANE_ANGLE_UNIT()SI_UNIT($,.RADIAN.));
#12223=PLANE_ANGLE_MEASURE_WITH_UNIT(PLANE_ANGLE_MEASURE(0.0174532925),#12222);
#12224=(CONVERSION_BASED_UNIT('DEGREE',#12223)NAMED_UNIT(#12225)PLANE_ANGLE_UNIT());
#12225=DIMENSIONAL_EXPONENTS(0.,0.,0.,0.,0.,0.,0.);
#12226=(NAMED_UNIT(*)SI_UNIT($,.STERADIAN.)SOLID_ANGLE_UNIT());
#12227=(LENGTH_UNIT()NAMED_UNIT(*)SI_UNIT(.MILLI.,.METRE.));
#12228=UNCERTAINTY_MEASURE_WITH_UNIT(LENGTH_MEASURE(1.000000E-03),#12227,'DISTANCE_ACCURACY_VALUE','Maximum Tolerance applied to model');
#12229=(GEOMETRIC_REPRESENTATION_CONTEXT(3)GLOBAL_UNCERTAINTY_ASSIGNED_CONTEXT((#12228))GLOBAL_UNIT_ASSIGNED_CONTEXT((#12227,#12224,#12226))REPRESENTATION_CONTEXT('','C0603~C0603_L1.6-W0.8-H0.8~QmFs'));
#12241=CARTESIAN_POINT('',(0.,0.,0.));
#12242=DIRECTION('',(0.,0.,1.));
#12243=DIRECTION('',(1.,0.,-0.));
#12244=AXIS2_PLACEMENT_3D('',#12241,#12242,#12243);
#12245=ITEM_DEFINED_TRANSFORMATION('','',#12244,#15);
#12246=(REPRESENTATION_RELATIONSHIP('','',#12231,#12203)REPRESENTATION_RELATIONSHIP_WITH_TRANSFORMATION(#12245)SHAPE_REPRESENTATION_RELATIONSHIP());
#12247=NEXT_ASSEMBLY_USAGE_OCCURRENCE('C0603~C0603_L1.6-W0.8-H0.8~QmFs_100','C0603~C0603_L1.6-W0.8-H0.8~QmFs','C0603~C0603_L1.6-W0.8-H0.8~QmFs',#12212,#12240,$);
#12248=PRODUCT_DEFINITION_SHAPE('','',#12247);
#12249=CONTEXT_DEPENDENT_SHAPE_REPRESENTATION(#12246,#12248);
#12231=SHAPE_REPRESENTATION('C0603~C0603_L1.6-W0.8-H0.8~QmFs',(#15),#12229);
#12250=CARTESIAN_POINT('',(0.,0.,0.));
#12251=DIRECTION('',(0.,0.,1.));
#12252=DIRECTION('',(1.,0.,0.));
#12253=AXIS2_PLACEMENT_3D('',#12250,#12251,#12252);
#12255=MAPPED_ITEM('',#12254,#12253);
#12254=REPRESENTATION_MAP(#12253,#12231);
#12239=PRODUCT('C0603~C0603_L1.6-W0.8-H0.8~QmFs','C0603~C0603_L1.6-W0.8-H0.8~QmFs','',(#8637));
#12256=PRODUCT_RELATED_PRODUCT_CATEGORY('part','',(#12239));
#12257=PRODUCT_DEFINITION_FORMATION_WITH_SPECIFIED_SOURCE('','',#12239,.NOT_KNOWN.);
#12240=PRODUCT_DEFINITION('design','',#12257,#8638);
#12238=PRODUCT_DEFINITION_SHAPE('','',#12240);
#12258=SHAPE_DEFINITION_REPRESENTATION(#12238,#12231);
#12230=DRAUGHTING_MODEL('',(#12255),#12229);
#12203=SHAPE_REPRESENTATION('C31~C0603~C0603_L1.6-W0.8-H0.8~QmFs',(#15,#12244),#12201);
#12259=CARTESIAN_POINT('',(0.,0.,0.));
#12260=DIRECTION('',(0.,0.,1.));
#12261=DIRECTION('',(1.,0.,0.));
#12262=AXIS2_PLACEMENT_3D('',#12259,#12260,#12261);
#12264=MAPPED_ITEM('',#12263,#12262);
#12263=REPRESENTATION_MAP(#12262,#12203);
#12211=PRODUCT('C31~C0603~C0603_L1.6-W0.8-H0.8~QmFs','C31~C0603~C0603_L1.6-W0.8-H0.8~QmFs','',(#8637));
#12265=PRODUCT_RELATED_PRODUCT_CATEGORY('part','',(#12211));
#12266=PRODUCT_DEFINITION_FORMATION_WITH_SPECIFIED_SOURCE('','',#12211,.NOT_KNOWN.);
#12212=PRODUCT_DEFINITION('design','',#12266,#8638);
#12210=PRODUCT_DEFINITION_SHAPE('','',#12212);
#12267=SHAPE_DEFINITION_REPRESENTATION(#12210,#12203);
#12202=DRAUGHTING_MODEL('',(#12264),#12201);
#12268=(NAMED_UNIT(*)PLANE_ANGLE_UNIT()SI_UNIT($,.RADIAN.));
#12269=PLANE_ANGLE_MEASURE_WITH_UNIT(PLANE_ANGLE_MEASURE(0.0174532925),#12268);
#12270=(CONVERSION_BASED_UNIT('DEGREE',#12269)NAMED_UNIT(#12271)PLANE_ANGLE_UNIT());
#12271=DIMENSIONAL_EXPONENTS(0.,0.,0.,0.,0.,0.,0.);
#12272=(NAMED_UNIT(*)SI_UNIT($,.STERADIAN.)SOLID_ANGLE_UNIT());
#12273=(LENGTH_UNIT()NAMED_UNIT(*)SI_UNIT(.MILLI.,.METRE.));
#12274=UNCERTAINTY_MEASURE_WITH_UNIT(LENGTH_MEASURE(1.000000E-03),#12273,'DISTANCE_ACCURACY_VALUE','Maximum Tolerance applied to model');
#12275=(GEOMETRIC_REPRESENTATION_CONTEXT(3)GLOBAL_UNCERTAINTY_ASSIGNED_CONTEXT((#12274))GLOBAL_UNIT_ASSIGNED_CONTEXT((#12273,#12270,#12272))REPRESENTATION_CONTEXT('','C31~C0603~C0603_L1.6-W0.8-H0.8~QmFs'));
#12287=CARTESIAN_POINT('',(0.,0.,0.));
#12288=DIRECTION('',(0.,0.,1.));
#12289=DIRECTION('',(1.,0.,-0.));
#12290=AXIS2_PLACEMENT_3D('',#12287,#12288,#12289);
#12291=ITEM_DEFINED_TRANSFORMATION('','',#12290,#15);
#12292=(REPRESENTATION_RELATIONSHIP('','',#12277,#8582)REPRESENTATION_RELATIONSHIP_WITH_TRANSFORMATION(#12291)SHAPE_REPRESENTATION_RELATIONSHIP());
#12293=NEXT_ASSEMBLY_USAGE_OCCURRENCE('C31~C0603~C0603_L1.6-W0.8-H0.8~QmFs_101','C31~C0603~C0603_L1.6-W0.8-H0.8~QmFs','C31~C0603~C0603_L1.6-W0.8-H0.8~QmFs',#8591,#12286,$);
#12294=PRODUCT_DEFINITION_SHAPE('','',#12293);
#12295=CONTEXT_DEPENDENT_SHAPE_REPRESENTATION(#12292,#12294);
#12296=(NAMED_UNIT(*)PLANE_ANGLE_UNIT()SI_UNIT($,.RADIAN.));
#12297=PLANE_ANGLE_MEASURE_WITH_UNIT(PLANE_ANGLE_MEASURE(0.0174532925),#12296);
#12298=(CONVERSION_BASED_UNIT('DEGREE',#12297)NAMED_UNIT(#12299)PLANE_ANGLE_UNIT());
#12299=DIMENSIONAL_EXPONENTS(0.,0.,0.,0.,0.,0.,0.);
#12300=(NAMED_UNIT(*)SI_UNIT($,.STERADIAN.)SOLID_ANGLE_UNIT());
#12301=(LENGTH_UNIT()NAMED_UNIT(*)SI_UNIT(.MILLI.,.METRE.));
#12302=UNCERTAINTY_MEASURE_WITH_UNIT(LENGTH_MEASURE(1.000000E-03),#12301,'DISTANCE_ACCURACY_VALUE','Maximum Tolerance applied to model');
#12303=(GEOMETRIC_REPRESENTATION_CONTEXT(3)GLOBAL_UNCERTAINTY_ASSIGNED_CONTEXT((#12302))GLOBAL_UNIT_ASSIGNED_CONTEXT((#12301,#12298,#12300))REPRESENTATION_CONTEXT('','C0603~C0603_L1.6-W0.8-H0.8~QmFs'));
#12315=CARTESIAN_POINT('',(0.,0.,0.));
#12316=DIRECTION('',(0.,0.,1.));
#12317=DIRECTION('',(1.,0.,-0.));
#12318=AXIS2_PLACEMENT_3D('',#12315,#12316,#12317);
#12319=ITEM_DEFINED_TRANSFORMATION('','',#12318,#15);
#12320=(REPRESENTATION_RELATIONSHIP('','',#12305,#12277)REPRESENTATION_RELATIONSHIP_WITH_TRANSFORMATION(#12319)SHAPE_REPRESENTATION_RELATIONSHIP());
#12321=NEXT_ASSEMBLY_USAGE_OCCURRENCE('C0603~C0603_L1.6-W0.8-H0.8~QmFs_102','C0603~C0603_L1.6-W0.8-H0.8~QmFs','C0603~C0603_L1.6-W0.8-H0.8~QmFs',#12286,#12314,$);
#12322=PRODUCT_DEFINITION_SHAPE('','',#12321);
#12323=CONTEXT_DEPENDENT_SHAPE_REPRESENTATION(#12320,#12322);
#12305=SHAPE_REPRESENTATION('C0603~C0603_L1.6-W0.8-H0.8~QmFs',(#15),#12303);
#12324=CARTESIAN_POINT('',(0.,0.,0.));
#12325=DIRECTION('',(0.,0.,1.));
#12326=DIRECTION('',(1.,0.,0.));
#12327=AXIS2_PLACEMENT_3D('',#12324,#12325,#12326);
#12329=MAPPED_ITEM('',#12328,#12327);
#12328=REPRESENTATION_MAP(#12327,#12305);
#12313=PRODUCT('C0603~C0603_L1.6-W0.8-H0.8~QmFs','C0603~C0603_L1.6-W0.8-H0.8~QmFs','',(#8637));
#12330=PRODUCT_RELATED_PRODUCT_CATEGORY('part','',(#12313));
#12331=PRODUCT_DEFINITION_FORMATION_WITH_SPECIFIED_SOURCE('','',#12313,.NOT_KNOWN.);
#12314=PRODUCT_DEFINITION('design','',#12331,#8638);
#12312=PRODUCT_DEFINITION_SHAPE('','',#12314);
#12332=SHAPE_DEFINITION_REPRESENTATION(#12312,#12305);
#12304=DRAUGHTING_MODEL('',(#12329),#12303);
#12277=SHAPE_REPRESENTATION('C31~C0603~C0603_L1.6-W0.8-H0.8~QmFs',(#15,#12318),#12275);
#12333=CARTESIAN_POINT('',(0.,0.,0.));
#12334=DIRECTION('',(0.,0.,1.));
#12335=DIRECTION('',(1.,0.,0.));
#12336=AXIS2_PLACEMENT_3D('',#12333,#12334,#12335);
#12338=MAPPED_ITEM('',#12337,#12336);
#12337=REPRESENTATION_MAP(#12336,#12277);
#12285=PRODUCT('C31~C0603~C0603_L1.6-W0.8-H0.8~QmFs','C31~C0603~C0603_L1.6-W0.8-H0.8~QmFs','',(#8637));
#12339=PRODUCT_RELATED_PRODUCT_CATEGORY('part','',(#12285));
#12340=PRODUCT_DEFINITION_FORMATION_WITH_SPECIFIED_SOURCE('','',#12285,.NOT_KNOWN.);
#12286=PRODUCT_DEFINITION('design','',#12340,#8638);
#12284=PRODUCT_DEFINITION_SHAPE('','',#12286);
#12341=SHAPE_DEFINITION_REPRESENTATION(#12284,#12277);
#12276=DRAUGHTING_MODEL('',(#12338),#12275);
#12342=(NAMED_UNIT(*)PLANE_ANGLE_UNIT()SI_UNIT($,.RADIAN.));
#12343=PLANE_ANGLE_MEASURE_WITH_UNIT(PLANE_ANGLE_MEASURE(0.0174532925),#12342);
#12344=(CONVERSION_BASED_UNIT('DEGREE',#12343)NAMED_UNIT(#12345)PLANE_ANGLE_UNIT());
#12345=DIMENSIONAL_EXPONENTS(0.,0.,0.,0.,0.,0.,0.);
#12346=(NAMED_UNIT(*)SI_UNIT($,.STERADIAN.)SOLID_ANGLE_UNIT());
#12347=(LENGTH_UNIT()NAMED_UNIT(*)SI_UNIT(.MILLI.,.METRE.));
#12348=UNCERTAINTY_MEASURE_WITH_UNIT(LENGTH_MEASURE(1.000000E-03),#12347,'DISTANCE_ACCURACY_VALUE','Maximum Tolerance applied to model');
#12349=(GEOMETRIC_REPRESENTATION_CONTEXT(3)GLOBAL_UNCERTAINTY_ASSIGNED_CONTEXT((#12348))GLOBAL_UNIT_ASSIGNED_CONTEXT((#12347,#12344,#12346))REPRESENTATION_CONTEXT('','C31~C0603~C0603_L1.6-W0.8-H0.8~QmFs'));
#12361=CARTESIAN_POINT('',(0.,0.,0.));
#12362=DIRECTION('',(0.,0.,1.));
#12363=DIRECTION('',(1.,0.,-0.));
#12364=AXIS2_PLACEMENT_3D('',#12361,#12362,#12363);
#12365=ITEM_DEFINED_TRANSFORMATION('','',#12364,#15);
#12366=(REPRESENTATION_RELATIONSHIP('','',#12351,#8582)REPRESENTATION_RELATIONSHIP_WITH_TRANSFORMATION(#12365)SHAPE_REPRESENTATION_RELATIONSHIP());
#12367=NEXT_ASSEMBLY_USAGE_OCCURRENCE('C31~C0603~C0603_L1.6-W0.8-H0.8~QmFs_103','C31~C0603~C0603_L1.6-W0.8-H0.8~QmFs','C31~C0603~C0603_L1.6-W0.8-H0.8~QmFs',#8591,#12360,$);
#12368=PRODUCT_DEFINITION_SHAPE('','',#12367);
#12369=CONTEXT_DEPENDENT_SHAPE_REPRESENTATION(#12366,#12368);
#12370=(NAMED_UNIT(*)PLANE_ANGLE_UNIT()SI_UNIT($,.RADIAN.));
#12371=PLANE_ANGLE_MEASURE_WITH_UNIT(PLANE_ANGLE_MEASURE(0.0174532925),#12370);
#12372=(CONVERSION_BASED_UNIT('DEGREE',#12371)NAMED_UNIT(#12373)PLANE_ANGLE_UNIT());
#12373=DIMENSIONAL_EXPONENTS(0.,0.,0.,0.,0.,0.,0.);
#12374=(NAMED_UNIT(*)SI_UNIT($,.STERADIAN.)SOLID_ANGLE_UNIT());
#12375=(LENGTH_UNIT()NAMED_UNIT(*)SI_UNIT(.MILLI.,.METRE.));
#12376=UNCERTAINTY_MEASURE_WITH_UNIT(LENGTH_MEASURE(1.000000E-03),#12375,'DISTANCE_ACCURACY_VALUE','Maximum Tolerance applied to model');
#12377=(GEOMETRIC_REPRESENTATION_CONTEXT(3)GLOBAL_UNCERTAINTY_ASSIGNED_CONTEXT((#12376))GLOBAL_UNIT_ASSIGNED_CONTEXT((#12375,#12372,#12374))REPRESENTATION_CONTEXT('','C0603~C0603_L1.6-W0.8-H0.8~QmFs'));
#12389=CARTESIAN_POINT('',(0.,0.,0.));
#12390=DIRECTION('',(0.,0.,1.));
#12391=DIRECTION('',(1.,0.,-0.));
#12392=AXIS2_PLACEMENT_3D('',#12389,#12390,#12391);
#12393=ITEM_DEFINED_TRANSFORMATION('','',#12392,#15);
#12394=(REPRESENTATION_RELATIONSHIP('','',#12379,#12351)REPRESENTATION_RELATIONSHIP_WITH_TRANSFORMATION(#12393)SHAPE_REPRESENTATION_RELATIONSHIP());
#12395=NEXT_ASSEMBLY_USAGE_OCCURRENCE('C0603~C0603_L1.6-W0.8-H0.8~QmFs_104','C0603~C0603_L1.6-W0.8-H0.8~QmFs','C0603~C0603_L1.6-W0.8-H0.8~QmFs',#12360,#12388,$);
#12396=PRODUCT_DEFINITION_SHAPE('','',#12395);
#12397=CONTEXT_DEPENDENT_SHAPE_REPRESENTATION(#12394,#12396);
#12379=SHAPE_REPRESENTATION('C0603~C0603_L1.6-W0.8-H0.8~QmFs',(#15),#12377);
#12398=CARTESIAN_POINT('',(0.,0.,0.));
#12399=DIRECTION('',(0.,0.,1.));
#12400=DIRECTION('',(1.,0.,0.));
#12401=AXIS2_PLACEMENT_3D('',#12398,#12399,#12400);
#12403=MAPPED_ITEM('',#12402,#12401);
#12402=REPRESENTATION_MAP(#12401,#12379);
#12387=PRODUCT('C0603~C0603_L1.6-W0.8-H0.8~QmFs','C0603~C0603_L1.6-W0.8-H0.8~QmFs','',(#8637));
#12404=PRODUCT_RELATED_PRODUCT_CATEGORY('part','',(#12387));
#12405=PRODUCT_DEFINITION_FORMATION_WITH_SPECIFIED_SOURCE('','',#12387,.NOT_KNOWN.);
#12388=PRODUCT_DEFINITION('design','',#12405,#8638);
#12386=PRODUCT_DEFINITION_SHAPE('','',#12388);
#12406=SHAPE_DEFINITION_REPRESENTATION(#12386,#12379);
#12378=DRAUGHTING_MODEL('',(#12403),#12377);
#12351=SHAPE_REPRESENTATION('C31~C0603~C0603_L1.6-W0.8-H0.8~QmFs',(#15,#12392),#12349);
#12407=CARTESIAN_POINT('',(0.,0.,0.));
#12408=DIRECTION('',(0.,0.,1.));
#12409=DIRECTION('',(1.,0.,0.));
#12410=AXIS2_PLACEMENT_3D('',#12407,#12408,#12409);
#12412=MAPPED_ITEM('',#12411,#12410);
#12411=REPRESENTATION_MAP(#12410,#12351);
#12359=PRODUCT('C31~C0603~C0603_L1.6-W0.8-H0.8~QmFs','C31~C0603~C0603_L1.6-W0.8-H0.8~QmFs','',(#8637));
#12413=PRODUCT_RELATED_PRODUCT_CATEGORY('part','',(#12359));
#12414=PRODUCT_DEFINITION_FORMATION_WITH_SPECIFIED_SOURCE('','',#12359,.NOT_KNOWN.);
#12360=PRODUCT_DEFINITION('design','',#12414,#8638);
#12358=PRODUCT_DEFINITION_SHAPE('','',#12360);
#12415=SHAPE_DEFINITION_REPRESENTATION(#12358,#12351);
#12350=DRAUGHTING_MODEL('',(#12412),#12349);
#12416=(NAMED_UNIT(*)PLANE_ANGLE_UNIT()SI_UNIT($,.RADIAN.));
#12417=PLANE_ANGLE_MEASURE_WITH_UNIT(PLANE_ANGLE_MEASURE(0.0174532925),#12416);
#12418=(CONVERSION_BASED_UNIT('DEGREE',#12417)NAMED_UNIT(#12419)PLANE_ANGLE_UNIT());
#12419=DIMENSIONAL_EXPONENTS(0.,0.,0.,0.,0.,0.,0.);
#12420=(NAMED_UNIT(*)SI_UNIT($,.STERADIAN.)SOLID_ANGLE_UNIT());
#12421=(LENGTH_UNIT()NAMED_UNIT(*)SI_UNIT(.MILLI.,.METRE.));
#12422=UNCERTAINTY_MEASURE_WITH_UNIT(LENGTH_MEASURE(1.000000E-03),#12421,'DISTANCE_ACCURACY_VALUE','Maximum Tolerance applied to model');
#12423=(GEOMETRIC_REPRESENTATION_CONTEXT(3)GLOBAL_UNCERTAINTY_ASSIGNED_CONTEXT((#12422))GLOBAL_UNIT_ASSIGNED_CONTEXT((#12421,#12418,#12420))REPRESENTATION_CONTEXT('','C31~C0603~C0603_L1.6-W0.8-H0.8~QmFs'));
#12435=CARTESIAN_POINT('',(0.,0.,0.));
#12436=DIRECTION('',(0.,0.,1.));
#12437=DIRECTION('',(1.,0.,-0.));
#12438=AXIS2_PLACEMENT_3D('',#12435,#12436,#12437);
#12439=ITEM_DEFINED_TRANSFORMATION('','',#12438,#15);
#12440=(REPRESENTATION_RELATIONSHIP('','',#12425,#8582)REPRESENTATION_RELATIONSHIP_WITH_TRANSFORMATION(#12439)SHAPE_REPRESENTATION_RELATIONSHIP());
#12441=NEXT_ASSEMBLY_USAGE_OCCURRENCE('C31~C0603~C0603_L1.6-W0.8-H0.8~QmFs_105','C31~C0603~C0603_L1.6-W0.8-H0.8~QmFs','C31~C0603~C0603_L1.6-W0.8-H0.8~QmFs',#8591,#12434,$);
#12442=PRODUCT_DEFINITION_SHAPE('','',#12441);
#12443=CONTEXT_DEPENDENT_SHAPE_REPRESENTATION(#12440,#12442);
#12444=(NAMED_UNIT(*)PLANE_ANGLE_UNIT()SI_UNIT($,.RADIAN.));
#12445=PLANE_ANGLE_MEASURE_WITH_UNIT(PLANE_ANGLE_MEASURE(0.0174532925),#12444);
#12446=(CONVERSION_BASED_UNIT('DEGREE',#12445)NAMED_UNIT(#12447)PLANE_ANGLE_UNIT());
#12447=DIMENSIONAL_EXPONENTS(0.,0.,0.,0.,0.,0.,0.);
#12448=(NAMED_UNIT(*)SI_UNIT($,.STERADIAN.)SOLID_ANGLE_UNIT());
#12449=(LENGTH_UNIT()NAMED_UNIT(*)SI_UNIT(.MILLI.,.METRE.));
#12450=UNCERTAINTY_MEASURE_WITH_UNIT(LENGTH_MEASURE(1.000000E-03),#12449,'DISTANCE_ACCURACY_VALUE','Maximum Tolerance applied to model');
#12451=(GEOMETRIC_REPRESENTATION_CONTEXT(3)GLOBAL_UNCERTAINTY_ASSIGNED_CONTEXT((#12450))GLOBAL_UNIT_ASSIGNED_CONTEXT((#12449,#12446,#12448))REPRESENTATION_CONTEXT('','C0603~C0603_L1.6-W0.8-H0.8~QmFs'));
#12463=CARTESIAN_POINT('',(0.,0.,0.));
#12464=DIRECTION('',(0.,0.,1.));
#12465=DIRECTION('',(1.,0.,-0.));
#12466=AXIS2_PLACEMENT_3D('',#12463,#12464,#12465);
#12467=ITEM_DEFINED_TRANSFORMATION('','',#12466,#15);
#12468=(REPRESENTATION_RELATIONSHIP('','',#12453,#12425)REPRESENTATION_RELATIONSHIP_WITH_TRANSFORMATION(#12467)SHAPE_REPRESENTATION_RELATIONSHIP());
#12469=NEXT_ASSEMBLY_USAGE_OCCURRENCE('C0603~C0603_L1.6-W0.8-H0.8~QmFs_106','C0603~C0603_L1.6-W0.8-H0.8~QmFs','C0603~C0603_L1.6-W0.8-H0.8~QmFs',#12434,#12462,$);
#12470=PRODUCT_DEFINITION_SHAPE('','',#12469);
#12471=CONTEXT_DEPENDENT_SHAPE_REPRESENTATION(#12468,#12470);
#12453=SHAPE_REPRESENTATION('C0603~C0603_L1.6-W0.8-H0.8~QmFs',(#15),#12451);
#12472=CARTESIAN_POINT('',(0.,0.,0.));
#12473=DIRECTION('',(0.,0.,1.));
#12474=DIRECTION('',(1.,0.,0.));
#12475=AXIS2_PLACEMENT_3D('',#12472,#12473,#12474);
#12477=MAPPED_ITEM('',#12476,#12475);
#12476=REPRESENTATION_MAP(#12475,#12453);
#12461=PRODUCT('C0603~C0603_L1.6-W0.8-H0.8~QmFs','C0603~C0603_L1.6-W0.8-H0.8~QmFs','',(#8637));
#12478=PRODUCT_RELATED_PRODUCT_CATEGORY('part','',(#12461));
#12479=PRODUCT_DEFINITION_FORMATION_WITH_SPECIFIED_SOURCE('','',#12461,.NOT_KNOWN.);
#12462=PRODUCT_DEFINITION('design','',#12479,#8638);
#12460=PRODUCT_DEFINITION_SHAPE('','',#12462);
#12480=SHAPE_DEFINITION_REPRESENTATION(#12460,#12453);
#12452=DRAUGHTING_MODEL('',(#12477),#12451);
#12425=SHAPE_REPRESENTATION('C31~C0603~C0603_L1.6-W0.8-H0.8~QmFs',(#15,#12466),#12423);
#12481=CARTESIAN_POINT('',(0.,0.,0.));
#12482=DIRECTION('',(0.,0.,1.));
#12483=DIRECTION('',(1.,0.,0.));
#12484=AXIS2_PLACEMENT_3D('',#12481,#12482,#12483);
#12486=MAPPED_ITEM('',#12485,#12484);
#12485=REPRESENTATION_MAP(#12484,#12425);
#12433=PRODUCT('C31~C0603~C0603_L1.6-W0.8-H0.8~QmFs','C31~C0603~C0603_L1.6-W0.8-H0.8~QmFs','',(#8637));
#12487=PRODUCT_RELATED_PRODUCT_CATEGORY('part','',(#12433));
#12488=PRODUCT_DEFINITION_FORMATION_WITH_SPECIFIED_SOURCE('','',#12433,.NOT_KNOWN.);
#12434=PRODUCT_DEFINITION('design','',#12488,#8638);
#12432=PRODUCT_DEFINITION_SHAPE('','',#12434);
#12489=SHAPE_DEFINITION_REPRESENTATION(#12432,#12425);
#12424=DRAUGHTING_MODEL('',(#12486),#12423);
#12490=(NAMED_UNIT(*)PLANE_ANGLE_UNIT()SI_UNIT($,.RADIAN.));
#12491=PLANE_ANGLE_MEASURE_WITH_UNIT(PLANE_ANGLE_MEASURE(0.0174532925),#12490);
#12492=(CONVERSION_BASED_UNIT('DEGREE',#12491)NAMED_UNIT(#12493)PLANE_ANGLE_UNIT());
#12493=DIMENSIONAL_EXPONENTS(0.,0.,0.,0.,0.,0.,0.);
#12494=(NAMED_UNIT(*)SI_UNIT($,.STERADIAN.)SOLID_ANGLE_UNIT());
#12495=(LENGTH_UNIT()NAMED_UNIT(*)SI_UNIT(.MILLI.,.METRE.));
#12496=UNCERTAINTY_MEASURE_WITH_UNIT(LENGTH_MEASURE(1.000000E-03),#12495,'DISTANCE_ACCURACY_VALUE','Maximum Tolerance applied to model');
#12497=(GEOMETRIC_REPRESENTATION_CONTEXT(3)GLOBAL_UNCERTAINTY_ASSIGNED_CONTEXT((#12496))GLOBAL_UNIT_ASSIGNED_CONTEXT((#12495,#12492,#12494))REPRESENTATION_CONTEXT('','C31~C0603~C0603_L1.6-W0.8-H0.8~QmFs'));
#12509=CARTESIAN_POINT('',(0.,0.,0.));
#12510=DIRECTION('',(0.,0.,1.));
#12511=DIRECTION('',(1.,0.,-0.));
#12512=AXIS2_PLACEMENT_3D('',#12509,#12510,#12511);
#12513=ITEM_DEFINED_TRANSFORMATION('','',#12512,#15);
#12514=(REPRESENTATION_RELATIONSHIP('','',#12499,#8582)REPRESENTATION_RELATIONSHIP_WITH_TRANSFORMATION(#12513)SHAPE_REPRESENTATION_RELATIONSHIP());
#12515=NEXT_ASSEMBLY_USAGE_OCCURRENCE('C31~C0603~C0603_L1.6-W0.8-H0.8~QmFs_107','C31~C0603~C0603_L1.6-W0.8-H0.8~QmFs','C31~C0603~C0603_L1.6-W0.8-H0.8~QmFs',#8591,#12508,$);
#12516=PRODUCT_DEFINITION_SHAPE('','',#12515);
#12517=CONTEXT_DEPENDENT_SHAPE_REPRESENTATION(#12514,#12516);
#12518=(NAMED_UNIT(*)PLANE_ANGLE_UNIT()SI_UNIT($,.RADIAN.));
#12519=PLANE_ANGLE_MEASURE_WITH_UNIT(PLANE_ANGLE_MEASURE(0.0174532925),#12518);
#12520=(CONVERSION_BASED_UNIT('DEGREE',#12519)NAMED_UNIT(#12521)PLANE_ANGLE_UNIT());
#12521=DIMENSIONAL_EXPONENTS(0.,0.,0.,0.,0.,0.,0.);
#12522=(NAMED_UNIT(*)SI_UNIT($,.STERADIAN.)SOLID_ANGLE_UNIT());
#12523=(LENGTH_UNIT()NAMED_UNIT(*)SI_UNIT(.MILLI.,.METRE.));
#12524=UNCERTAINTY_MEASURE_WITH_UNIT(LENGTH_MEASURE(1.000000E-03),#12523,'DISTANCE_ACCURACY_VALUE','Maximum Tolerance applied to model');
#12525=(GEOMETRIC_REPRESENTATION_CONTEXT(3)GLOBAL_UNCERTAINTY_ASSIGNED_CONTEXT((#12524))GLOBAL_UNIT_ASSIGNED_CONTEXT((#12523,#12520,#12522))REPRESENTATION_CONTEXT('','C0603~C0603_L1.6-W0.8-H0.8~QmFs'));
#12537=CARTESIAN_POINT('',(0.,0.,0.));
#12538=DIRECTION('',(0.,0.,1.));
#12539=DIRECTION('',(1.,0.,-0.));
#12540=AXIS2_PLACEMENT_3D('',#12537,#12538,#12539);
#12541=ITEM_DEFINED_TRANSFORMATION('','',#12540,#15);
#12542=(REPRESENTATION_RELATIONSHIP('','',#12527,#12499)REPRESENTATION_RELATIONSHIP_WITH_TRANSFORMATION(#12541)SHAPE_REPRESENTATION_RELATIONSHIP());
#12543=NEXT_ASSEMBLY_USAGE_OCCURRENCE('C0603~C0603_L1.6-W0.8-H0.8~QmFs_108','C0603~C0603_L1.6-W0.8-H0.8~QmFs','C0603~C0603_L1.6-W0.8-H0.8~QmFs',#12508,#12536,$);
#12544=PRODUCT_DEFINITION_SHAPE('','',#12543);
#12545=CONTEXT_DEPENDENT_SHAPE_REPRESENTATION(#12542,#12544);
#12527=SHAPE_REPRESENTATION('C0603~C0603_L1.6-W0.8-H0.8~QmFs',(#15),#12525);
#12546=CARTESIAN_POINT('',(0.,0.,0.));
#12547=DIRECTION('',(0.,0.,1.));
#12548=DIRECTION('',(1.,0.,0.));
#12549=AXIS2_PLACEMENT_3D('',#12546,#12547,#12548);
#12551=MAPPED_ITEM('',#12550,#12549);
#12550=REPRESENTATION_MAP(#12549,#12527);
#12535=PRODUCT('C0603~C0603_L1.6-W0.8-H0.8~QmFs','C0603~C0603_L1.6-W0.8-H0.8~QmFs','',(#8637));
#12552=PRODUCT_RELATED_PRODUCT_CATEGORY('part','',(#12535));
#12553=PRODUCT_DEFINITION_FORMATION_WITH_SPECIFIED_SOURCE('','',#12535,.NOT_KNOWN.);
#12536=PRODUCT_DEFINITION('design','',#12553,#8638);
#12534=PRODUCT_DEFINITION_SHAPE('','',#12536);
#12554=SHAPE_DEFINITION_REPRESENTATION(#12534,#12527);
#12526=DRAUGHTING_MODEL('',(#12551),#12525);
#12499=SHAPE_REPRESENTATION('C31~C0603~C0603_L1.6-W0.8-H0.8~QmFs',(#15,#12540),#12497);
#12555=CARTESIAN_POINT('',(0.,0.,0.));
#12556=DIRECTION('',(0.,0.,1.));
#12557=DIRECTION('',(1.,0.,0.));
#12558=AXIS2_PLACEMENT_3D('',#12555,#12556,#12557);
#12560=MAPPED_ITEM('',#12559,#12558);
#12559=REPRESENTATION_MAP(#12558,#12499);
#12507=PRODUCT('C31~C0603~C0603_L1.6-W0.8-H0.8~QmFs','C31~C0603~C0603_L1.6-W0.8-H0.8~QmFs','',(#8637));
#12561=PRODUCT_RELATED_PRODUCT_CATEGORY('part','',(#12507));
#12562=PRODUCT_DEFINITION_FORMATION_WITH_SPECIFIED_SOURCE('','',#12507,.NOT_KNOWN.);
#12508=PRODUCT_DEFINITION('design','',#12562,#8638);
#12506=PRODUCT_DEFINITION_SHAPE('','',#12508);
#12563=SHAPE_DEFINITION_REPRESENTATION(#12506,#12499);
#12498=DRAUGHTING_MODEL('',(#12560),#12497);
#12564=(NAMED_UNIT(*)PLANE_ANGLE_UNIT()SI_UNIT($,.RADIAN.));
#12565=PLANE_ANGLE_MEASURE_WITH_UNIT(PLANE_ANGLE_MEASURE(0.0174532925),#12564);
#12566=(CONVERSION_BASED_UNIT('DEGREE',#12565)NAMED_UNIT(#12567)PLANE_ANGLE_UNIT());
#12567=DIMENSIONAL_EXPONENTS(0.,0.,0.,0.,0.,0.,0.);
#12568=(NAMED_UNIT(*)SI_UNIT($,.STERADIAN.)SOLID_ANGLE_UNIT());
#12569=(LENGTH_UNIT()NAMED_UNIT(*)SI_UNIT(.MILLI.,.METRE.));
#12570=UNCERTAINTY_MEASURE_WITH_UNIT(LENGTH_MEASURE(1.000000E-03),#12569,'DISTANCE_ACCURACY_VALUE','Maximum Tolerance applied to model');
#12571=(GEOMETRIC_REPRESENTATION_CONTEXT(3)GLOBAL_UNCERTAINTY_ASSIGNED_CONTEXT((#12570))GLOBAL_UNIT_ASSIGNED_CONTEXT((#12569,#12566,#12568))REPRESENTATION_CONTEXT('','C31~C0603~C0603_L1.6-W0.8-H0.8~QmFs'));
#12583=CARTESIAN_POINT('',(0.,0.,0.));
#12584=DIRECTION('',(0.,0.,1.));
#12585=DIRECTION('',(1.,0.,-0.));
#12586=AXIS2_PLACEMENT_3D('',#12583,#12584,#12585);
#12587=ITEM_DEFINED_TRANSFORMATION('','',#12586,#15);
#12588=(REPRESENTATION_RELATIONSHIP('','',#12573,#8582)REPRESENTATION_RELATIONSHIP_WITH_TRANSFORMATION(#12587)SHAPE_REPRESENTATION_RELATIONSHIP());
#12589=NEXT_ASSEMBLY_USAGE_OCCURRENCE('C31~C0603~C0603_L1.6-W0.8-H0.8~QmFs_109','C31~C0603~C0603_L1.6-W0.8-H0.8~QmFs','C31~C0603~C0603_L1.6-W0.8-H0.8~QmFs',#8591,#12582,$);
#12590=PRODUCT_DEFINITION_SHAPE('','',#12589);
#12591=CONTEXT_DEPENDENT_SHAPE_REPRESENTATION(#12588,#12590);
#12592=(NAMED_UNIT(*)PLANE_ANGLE_UNIT()SI_UNIT($,.RADIAN.));
#12593=PLANE_ANGLE_MEASURE_WITH_UNIT(PLANE_ANGLE_MEASURE(0.0174532925),#12592);
#12594=(CONVERSION_BASED_UNIT('DEGREE',#12593)NAMED_UNIT(#12595)PLANE_ANGLE_UNIT());
#12595=DIMENSIONAL_EXPONENTS(0.,0.,0.,0.,0.,0.,0.);
#12596=(NAMED_UNIT(*)SI_UNIT($,.STERADIAN.)SOLID_ANGLE_UNIT());
#12597=(LENGTH_UNIT()NAMED_UNIT(*)SI_UNIT(.MILLI.,.METRE.));
#12598=UNCERTAINTY_MEASURE_WITH_UNIT(LENGTH_MEASURE(1.000000E-03),#12597,'DISTANCE_ACCURACY_VALUE','Maximum Tolerance applied to model');
#12599=(GEOMETRIC_REPRESENTATION_CONTEXT(3)GLOBAL_UNCERTAINTY_ASSIGNED_CONTEXT((#12598))GLOBAL_UNIT_ASSIGNED_CONTEXT((#12597,#12594,#12596))REPRESENTATION_CONTEXT('','C0603~C0603_L1.6-W0.8-H0.8~QmFs'));
#12611=CARTESIAN_POINT('',(0.,0.,0.));
#12612=DIRECTION('',(0.,0.,1.));
#12613=DIRECTION('',(1.,0.,-0.));
#12614=AXIS2_PLACEMENT_3D('',#12611,#12612,#12613);
#12615=ITEM_DEFINED_TRANSFORMATION('','',#12614,#15);
#12616=(REPRESENTATION_RELATIONSHIP('','',#12601,#12573)REPRESENTATION_RELATIONSHIP_WITH_TRANSFORMATION(#12615)SHAPE_REPRESENTATION_RELATIONSHIP());
#12617=NEXT_ASSEMBLY_USAGE_OCCURRENCE('C0603~C0603_L1.6-W0.8-H0.8~QmFs_110','C0603~C0603_L1.6-W0.8-H0.8~QmFs','C0603~C0603_L1.6-W0.8-H0.8~QmFs',#12582,#12610,$);
#12618=PRODUCT_DEFINITION_SHAPE('','',#12617);
#12619=CONTEXT_DEPENDENT_SHAPE_REPRESENTATION(#12616,#12618);
#12601=SHAPE_REPRESENTATION('C0603~C0603_L1.6-W0.8-H0.8~QmFs',(#15),#12599);
#12620=CARTESIAN_POINT('',(0.,0.,0.));
#12621=DIRECTION('',(0.,0.,1.));
#12622=DIRECTION('',(1.,0.,0.));
#12623=AXIS2_PLACEMENT_3D('',#12620,#12621,#12622);
#12625=MAPPED_ITEM('',#12624,#12623);
#12624=REPRESENTATION_MAP(#12623,#12601);
#12609=PRODUCT('C0603~C0603_L1.6-W0.8-H0.8~QmFs','C0603~C0603_L1.6-W0.8-H0.8~QmFs','',(#8637));
#12626=PRODUCT_RELATED_PRODUCT_CATEGORY('part','',(#12609));
#12627=PRODUCT_DEFINITION_FORMATION_WITH_SPECIFIED_SOURCE('','',#12609,.NOT_KNOWN.);
#12610=PRODUCT_DEFINITION('design','',#12627,#8638);
#12608=PRODUCT_DEFINITION_SHAPE('','',#12610);
#12628=SHAPE_DEFINITION_REPRESENTATION(#12608,#12601);
#12600=DRAUGHTING_MODEL('',(#12625),#12599);
#12573=SHAPE_REPRESENTATION('C31~C0603~C0603_L1.6-W0.8-H0.8~QmFs',(#15,#12614),#12571);
#12629=CARTESIAN_POINT('',(0.,0.,0.));
#12630=DIRECTION('',(0.,0.,1.));
#12631=DIRECTION('',(1.,0.,0.));
#12632=AXIS2_PLACEMENT_3D('',#12629,#12630,#12631);
#12634=MAPPED_ITEM('',#12633,#12632);
#12633=REPRESENTATION_MAP(#12632,#12573);
#12581=PRODUCT('C31~C0603~C0603_L1.6-W0.8-H0.8~QmFs','C31~C0603~C0603_L1.6-W0.8-H0.8~QmFs','',(#8637));
#12635=PRODUCT_RELATED_PRODUCT_CATEGORY('part','',(#12581));
#12636=PRODUCT_DEFINITION_FORMATION_WITH_SPECIFIED_SOURCE('','',#12581,.NOT_KNOWN.);
#12582=PRODUCT_DEFINITION('design','',#12636,#8638);
#12580=PRODUCT_DEFINITION_SHAPE('','',#12582);
#12637=SHAPE_DEFINITION_REPRESENTATION(#12580,#12573);
#12572=DRAUGHTING_MODEL('',(#12634),#12571);
#12638=(NAMED_UNIT(*)PLANE_ANGLE_UNIT()SI_UNIT($,.RADIAN.));
#12639=PLANE_ANGLE_MEASURE_WITH_UNIT(PLANE_ANGLE_MEASURE(0.0174532925),#12638);
#12640=(CONVERSION_BASED_UNIT('DEGREE',#12639)NAMED_UNIT(#12641)PLANE_ANGLE_UNIT());
#12641=DIMENSIONAL_EXPONENTS(0.,0.,0.,0.,0.,0.,0.);
#12642=(NAMED_UNIT(*)SI_UNIT($,.STERADIAN.)SOLID_ANGLE_UNIT());
#12643=(LENGTH_UNIT()NAMED_UNIT(*)SI_UNIT(.MILLI.,.METRE.));
#12644=UNCERTAINTY_MEASURE_WITH_UNIT(LENGTH_MEASURE(1.000000E-03),#12643,'DISTANCE_ACCURACY_VALUE','Maximum Tolerance applied to model');
#12645=(GEOMETRIC_REPRESENTATION_CONTEXT(3)GLOBAL_UNCERTAINTY_ASSIGNED_CONTEXT((#12644))GLOBAL_UNIT_ASSIGNED_CONTEXT((#12643,#12640,#12642))REPRESENTATION_CONTEXT('','C31~C0603~C0603_L1.6-W0.8-H0.8~QmFs'));
#12657=CARTESIAN_POINT('',(0.,0.,0.));
#12658=DIRECTION('',(0.,0.,1.));
#12659=DIRECTION('',(1.,0.,-0.));
#12660=AXIS2_PLACEMENT_3D('',#12657,#12658,#12659);
#12661=ITEM_DEFINED_TRANSFORMATION('','',#12660,#15);
#12662=(REPRESENTATION_RELATIONSHIP('','',#12647,#8582)REPRESENTATION_RELATIONSHIP_WITH_TRANSFORMATION(#12661)SHAPE_REPRESENTATION_RELATIONSHIP());
#12663=NEXT_ASSEMBLY_USAGE_OCCURRENCE('C31~C0603~C0603_L1.6-W0.8-H0.8~QmFs_111','C31~C0603~C0603_L1.6-W0.8-H0.8~QmFs','C31~C0603~C0603_L1.6-W0.8-H0.8~QmFs',#8591,#12656,$);
#12664=PRODUCT_DEFINITION_SHAPE('','',#12663);
#12665=CONTEXT_DEPENDENT_SHAPE_REPRESENTATION(#12662,#12664);
#12666=(NAMED_UNIT(*)PLANE_ANGLE_UNIT()SI_UNIT($,.RADIAN.));
#12667=PLANE_ANGLE_MEASURE_WITH_UNIT(PLANE_ANGLE_MEASURE(0.0174532925),#12666);
#12668=(CONVERSION_BASED_UNIT('DEGREE',#12667)NAMED_UNIT(#12669)PLANE_ANGLE_UNIT());
#12669=DIMENSIONAL_EXPONENTS(0.,0.,0.,0.,0.,0.,0.);
#12670=(NAMED_UNIT(*)SI_UNIT($,.STERADIAN.)SOLID_ANGLE_UNIT());
#12671=(LENGTH_UNIT()NAMED_UNIT(*)SI_UNIT(.MILLI.,.METRE.));
#12672=UNCERTAINTY_MEASURE_WITH_UNIT(LENGTH_MEASURE(1.000000E-03),#12671,'DISTANCE_ACCURACY_VALUE','Maximum Tolerance applied to model');
#12673=(GEOMETRIC_REPRESENTATION_CONTEXT(3)GLOBAL_UNCERTAINTY_ASSIGNED_CONTEXT((#12672))GLOBAL_UNIT_ASSIGNED_CONTEXT((#12671,#12668,#12670))REPRESENTATION_CONTEXT('','C0603~C0603_L1.6-W0.8-H0.8~QmFs'));
#12685=CARTESIAN_POINT('',(0.,0.,0.));
#12686=DIRECTION('',(0.,0.,1.));
#12687=DIRECTION('',(1.,0.,-0.));
#12688=AXIS2_PLACEMENT_3D('',#12685,#12686,#12687);
#12689=ITEM_DEFINED_TRANSFORMATION('','',#12688,#15);
#12690=(REPRESENTATION_RELATIONSHIP('','',#12675,#12647)REPRESENTATION_RELATIONSHIP_WITH_TRANSFORMATION(#12689)SHAPE_REPRESENTATION_RELATIONSHIP());
#12691=NEXT_ASSEMBLY_USAGE_OCCURRENCE('C0603~C0603_L1.6-W0.8-H0.8~QmFs_112','C0603~C0603_L1.6-W0.8-H0.8~QmFs','C0603~C0603_L1.6-W0.8-H0.8~QmFs',#12656,#12684,$);
#12692=PRODUCT_DEFINITION_SHAPE('','',#12691);
#12693=CONTEXT_DEPENDENT_SHAPE_REPRESENTATION(#12690,#12692);
#12675=SHAPE_REPRESENTATION('C0603~C0603_L1.6-W0.8-H0.8~QmFs',(#15),#12673);
#12694=CARTESIAN_POINT('',(0.,0.,0.));
#12695=DIRECTION('',(0.,0.,1.));
#12696=DIRECTION('',(1.,0.,0.));
#12697=AXIS2_PLACEMENT_3D('',#12694,#12695,#12696);
#12699=MAPPED_ITEM('',#12698,#12697);
#12698=REPRESENTATION_MAP(#12697,#12675);
#12683=PRODUCT('C0603~C0603_L1.6-W0.8-H0.8~QmFs','C0603~C0603_L1.6-W0.8-H0.8~QmFs','',(#8637));
#12700=PRODUCT_RELATED_PRODUCT_CATEGORY('part','',(#12683));
#12701=PRODUCT_DEFINITION_FORMATION_WITH_SPECIFIED_SOURCE('','',#12683,.NOT_KNOWN.);
#12684=PRODUCT_DEFINITION('design','',#12701,#8638);
#12682=PRODUCT_DEFINITION_SHAPE('','',#12684);
#12702=SHAPE_DEFINITION_REPRESENTATION(#12682,#12675);
#12674=DRAUGHTING_MODEL('',(#12699),#12673);
#12647=SHAPE_REPRESENTATION('C31~C0603~C0603_L1.6-W0.8-H0.8~QmFs',(#15,#12688),#12645);
#12703=CARTESIAN_POINT('',(0.,0.,0.));
#12704=DIRECTION('',(0.,0.,1.));
#12705=DIRECTION('',(1.,0.,0.));
#12706=AXIS2_PLACEMENT_3D('',#12703,#12704,#12705);
#12708=MAPPED_ITEM('',#12707,#12706);
#12707=REPRESENTATION_MAP(#12706,#12647);
#12655=PRODUCT('C31~C0603~C0603_L1.6-W0.8-H0.8~QmFs','C31~C0603~C0603_L1.6-W0.8-H0.8~QmFs','',(#8637));
#12709=PRODUCT_RELATED_PRODUCT_CATEGORY('part','',(#12655));
#12710=PRODUCT_DEFINITION_FORMATION_WITH_SPECIFIED_SOURCE('','',#12655,.NOT_KNOWN.);
#12656=PRODUCT_DEFINITION('design','',#12710,#8638);
#12654=PRODUCT_DEFINITION_SHAPE('','',#12656);
#12711=SHAPE_DEFINITION_REPRESENTATION(#12654,#12647);
#12646=DRAUGHTING_MODEL('',(#12708),#12645);
#12712=(NAMED_UNIT(*)PLANE_ANGLE_UNIT()SI_UNIT($,.RADIAN.));
#12713=PLANE_ANGLE_MEASURE_WITH_UNIT(PLANE_ANGLE_MEASURE(0.0174532925),#12712);
#12714=(CONVERSION_BASED_UNIT('DEGREE',#12713)NAMED_UNIT(#12715)PLANE_ANGLE_UNIT());
#12715=DIMENSIONAL_EXPONENTS(0.,0.,0.,0.,0.,0.,0.);
#12716=(NAMED_UNIT(*)SI_UNIT($,.STERADIAN.)SOLID_ANGLE_UNIT());
#12717=(LENGTH_UNIT()NAMED_UNIT(*)SI_UNIT(.MILLI.,.METRE.));
#12718=UNCERTAINTY_MEASURE_WITH_UNIT(LENGTH_MEASURE(1.000000E-03),#12717,'DISTANCE_ACCURACY_VALUE','Maximum Tolerance applied to model');
#12719=(GEOMETRIC_REPRESENTATION_CONTEXT(3)GLOBAL_UNCERTAINTY_ASSIGNED_CONTEXT((#12718))GLOBAL_UNIT_ASSIGNED_CONTEXT((#12717,#12714,#12716))REPRESENTATION_CONTEXT('','C31~C0603~C0603_L1.6-W0.8-H0.8~QmFs'));
#12731=CARTESIAN_POINT('',(0.,0.,0.));
#12732=DIRECTION('',(0.,0.,1.));
#12733=DIRECTION('',(1.,0.,-0.));
#12734=AXIS2_PLACEMENT_3D('',#12731,#12732,#12733);
#12735=ITEM_DEFINED_TRANSFORMATION('','',#12734,#15);
#12736=(REPRESENTATION_RELATIONSHIP('','',#12721,#8582)REPRESENTATION_RELATIONSHIP_WITH_TRANSFORMATION(#12735)SHAPE_REPRESENTATION_RELATIONSHIP());
#12737=NEXT_ASSEMBLY_USAGE_OCCURRENCE('C31~C0603~C0603_L1.6-W0.8-H0.8~QmFs_113','C31~C0603~C0603_L1.6-W0.8-H0.8~QmFs','C31~C0603~C0603_L1.6-W0.8-H0.8~QmFs',#8591,#12730,$);
#12738=PRODUCT_DEFINITION_SHAPE('','',#12737);
#12739=CONTEXT_DEPENDENT_SHAPE_REPRESENTATION(#12736,#12738);
#12740=(NAMED_UNIT(*)PLANE_ANGLE_UNIT()SI_UNIT($,.RADIAN.));
#12741=PLANE_ANGLE_MEASURE_WITH_UNIT(PLANE_ANGLE_MEASURE(0.0174532925),#12740);
#12742=(CONVERSION_BASED_UNIT('DEGREE',#12741)NAMED_UNIT(#12743)PLANE_ANGLE_UNIT());
#12743=DIMENSIONAL_EXPONENTS(0.,0.,0.,0.,0.,0.,0.);
#12744=(NAMED_UNIT(*)SI_UNIT($,.STERADIAN.)SOLID_ANGLE_UNIT());
#12745=(LENGTH_UNIT()NAMED_UNIT(*)SI_UNIT(.MILLI.,.METRE.));
#12746=UNCERTAINTY_MEASURE_WITH_UNIT(LENGTH_MEASURE(1.000000E-03),#12745,'DISTANCE_ACCURACY_VALUE','Maximum Tolerance applied to model');
#12747=(GEOMETRIC_REPRESENTATION_CONTEXT(3)GLOBAL_UNCERTAINTY_ASSIGNED_CONTEXT((#12746))GLOBAL_UNIT_ASSIGNED_CONTEXT((#12745,#12742,#12744))REPRESENTATION_CONTEXT('','C0603~C0603_L1.6-W0.8-H0.8~QmFs'));
#12759=CARTESIAN_POINT('',(0.,0.,0.));
#12760=DIRECTION('',(0.,0.,1.));
#12761=DIRECTION('',(1.,0.,-0.));
#12762=AXIS2_PLACEMENT_3D('',#12759,#12760,#12761);
#12763=ITEM_DEFINED_TRANSFORMATION('','',#12762,#15);
#12764=(REPRESENTATION_RELATIONSHIP('','',#12749,#12721)REPRESENTATION_RELATIONSHIP_WITH_TRANSFORMATION(#12763)SHAPE_REPRESENTATION_RELATIONSHIP());
#12765=NEXT_ASSEMBLY_USAGE_OCCURRENCE('C0603~C0603_L1.6-W0.8-H0.8~QmFs_114','C0603~C0603_L1.6-W0.8-H0.8~QmFs','C0603~C0603_L1.6-W0.8-H0.8~QmFs',#12730,#12758,$);
#12766=PRODUCT_DEFINITION_SHAPE('','',#12765);
#12767=CONTEXT_DEPENDENT_SHAPE_REPRESENTATION(#12764,#12766);
#12749=SHAPE_REPRESENTATION('C0603~C0603_L1.6-W0.8-H0.8~QmFs',(#15),#12747);
#12768=CARTESIAN_POINT('',(0.,0.,0.));
#12769=DIRECTION('',(0.,0.,1.));
#12770=DIRECTION('',(1.,0.,0.));
#12771=AXIS2_PLACEMENT_3D('',#12768,#12769,#12770);
#12773=MAPPED_ITEM('',#12772,#12771);
#12772=REPRESENTATION_MAP(#12771,#12749);
#12757=PRODUCT('C0603~C0603_L1.6-W0.8-H0.8~QmFs','C0603~C0603_L1.6-W0.8-H0.8~QmFs','',(#8637));
#12774=PRODUCT_RELATED_PRODUCT_CATEGORY('part','',(#12757));
#12775=PRODUCT_DEFINITION_FORMATION_WITH_SPECIFIED_SOURCE('','',#12757,.NOT_KNOWN.);
#12758=PRODUCT_DEFINITION('design','',#12775,#8638);
#12756=PRODUCT_DEFINITION_SHAPE('','',#12758);
#12776=SHAPE_DEFINITION_REPRESENTATION(#12756,#12749);
#12748=DRAUGHTING_MODEL('',(#12773),#12747);
#12721=SHAPE_REPRESENTATION('C31~C0603~C0603_L1.6-W0.8-H0.8~QmFs',(#15,#12762),#12719);
#12777=CARTESIAN_POINT('',(0.,0.,0.));
#12778=DIRECTION('',(0.,0.,1.));
#12779=DIRECTION('',(1.,0.,0.));
#12780=AXIS2_PLACEMENT_3D('',#12777,#12778,#12779);
#12782=MAPPED_ITEM('',#12781,#12780);
#12781=REPRESENTATION_MAP(#12780,#12721);
#12729=PRODUCT('C31~C0603~C0603_L1.6-W0.8-H0.8~QmFs','C31~C0603~C0603_L1.6-W0.8-H0.8~QmFs','',(#8637));
#12783=PRODUCT_RELATED_PRODUCT_CATEGORY('part','',(#12729));
#12784=PRODUCT_DEFINITION_FORMATION_WITH_SPECIFIED_SOURCE('','',#12729,.NOT_KNOWN.);
#12730=PRODUCT_DEFINITION('design','',#12784,#8638);
#12728=PRODUCT_DEFINITION_SHAPE('','',#12730);
#12785=SHAPE_DEFINITION_REPRESENTATION(#12728,#12721);
#12720=DRAUGHTING_MODEL('',(#12782),#12719);
#12786=(NAMED_UNIT(*)PLANE_ANGLE_UNIT()SI_UNIT($,.RADIAN.));
#12787=PLANE_ANGLE_MEASURE_WITH_UNIT(PLANE_ANGLE_MEASURE(0.0174532925),#12786);
#12788=(CONVERSION_BASED_UNIT('DEGREE',#12787)NAMED_UNIT(#12789)PLANE_ANGLE_UNIT());
#12789=DIMENSIONAL_EXPONENTS(0.,0.,0.,0.,0.,0.,0.);
#12790=(NAMED_UNIT(*)SI_UNIT($,.STERADIAN.)SOLID_ANGLE_UNIT());
#12791=(LENGTH_UNIT()NAMED_UNIT(*)SI_UNIT(.MILLI.,.METRE.));
#12792=UNCERTAINTY_MEASURE_WITH_UNIT(LENGTH_MEASURE(1.000000E-03),#12791,'DISTANCE_ACCURACY_VALUE','Maximum Tolerance applied to model');
#12793=(GEOMETRIC_REPRESENTATION_CONTEXT(3)GLOBAL_UNCERTAINTY_ASSIGNED_CONTEXT((#12792))GLOBAL_UNIT_ASSIGNED_CONTEXT((#12791,#12788,#12790))REPRESENTATION_CONTEXT('','C31~C0603~C0603_L1.6-W0.8-H0.8~QmFs'));
#12805=CARTESIAN_POINT('',(0.,0.,0.));
#12806=DIRECTION('',(0.,0.,1.));
#12807=DIRECTION('',(1.,0.,-0.));
#12808=AXIS2_PLACEMENT_3D('',#12805,#12806,#12807);
#12809=ITEM_DEFINED_TRANSFORMATION('','',#12808,#15);
#12810=(REPRESENTATION_RELATIONSHIP('','',#12795,#8582)REPRESENTATION_RELATIONSHIP_WITH_TRANSFORMATION(#12809)SHAPE_REPRESENTATION_RELATIONSHIP());
#12811=NEXT_ASSEMBLY_USAGE_OCCURRENCE('C31~C0603~C0603_L1.6-W0.8-H0.8~QmFs_115','C31~C0603~C0603_L1.6-W0.8-H0.8~QmFs','C31~C0603~C0603_L1.6-W0.8-H0.8~QmFs',#8591,#12804,$);
#12812=PRODUCT_DEFINITION_SHAPE('','',#12811);
#12813=CONTEXT_DEPENDENT_SHAPE_REPRESENTATION(#12810,#12812);
#12814=(NAMED_UNIT(*)PLANE_ANGLE_UNIT()SI_UNIT($,.RADIAN.));
#12815=PLANE_ANGLE_MEASURE_WITH_UNIT(PLANE_ANGLE_MEASURE(0.0174532925),#12814);
#12816=(CONVERSION_BASED_UNIT('DEGREE',#12815)NAMED_UNIT(#12817)PLANE_ANGLE_UNIT());
#12817=DIMENSIONAL_EXPONENTS(0.,0.,0.,0.,0.,0.,0.);
#12818=(NAMED_UNIT(*)SI_UNIT($,.STERADIAN.)SOLID_ANGLE_UNIT());
#12819=(LENGTH_UNIT()NAMED_UNIT(*)SI_UNIT(.MILLI.,.METRE.));
#12820=UNCERTAINTY_MEASURE_WITH_UNIT(LENGTH_MEASURE(1.000000E-03),#12819,'DISTANCE_ACCURACY_VALUE','Maximum Tolerance applied to model');
#12821=(GEOMETRIC_REPRESENTATION_CONTEXT(3)GLOBAL_UNCERTAINTY_ASSIGNED_CONTEXT((#12820))GLOBAL_UNIT_ASSIGNED_CONTEXT((#12819,#12816,#12818))REPRESENTATION_CONTEXT('','C0603~C0603_L1.6-W0.8-H0.8~QmFs'));
#12833=CARTESIAN_POINT('',(0.,0.,0.));
#12834=DIRECTION('',(0.,0.,1.));
#12835=DIRECTION('',(1.,0.,-0.));
#12836=AXIS2_PLACEMENT_3D('',#12833,#12834,#12835);
#12837=ITEM_DEFINED_TRANSFORMATION('','',#12836,#15);
#12838=(REPRESENTATION_RELATIONSHIP('','',#12823,#12795)REPRESENTATION_RELATIONSHIP_WITH_TRANSFORMATION(#12837)SHAPE_REPRESENTATION_RELATIONSHIP());
#12839=NEXT_ASSEMBLY_USAGE_OCCURRENCE('C0603~C0603_L1.6-W0.8-H0.8~QmFs_116','C0603~C0603_L1.6-W0.8-H0.8~QmFs','C0603~C0603_L1.6-W0.8-H0.8~QmFs',#12804,#12832,$);
#12840=PRODUCT_DEFINITION_SHAPE('','',#12839);
#12841=CONTEXT_DEPENDENT_SHAPE_REPRESENTATION(#12838,#12840);
#12823=SHAPE_REPRESENTATION('C0603~C0603_L1.6-W0.8-H0.8~QmFs',(#15),#12821);
#12842=CARTESIAN_POINT('',(0.,0.,0.));
#12843=DIRECTION('',(0.,0.,1.));
#12844=DIRECTION('',(1.,0.,0.));
#12845=AXIS2_PLACEMENT_3D('',#12842,#12843,#12844);
#12847=MAPPED_ITEM('',#12846,#12845);
#12846=REPRESENTATION_MAP(#12845,#12823);
#12831=PRODUCT('C0603~C0603_L1.6-W0.8-H0.8~QmFs','C0603~C0603_L1.6-W0.8-H0.8~QmFs','',(#8637));
#12848=PRODUCT_RELATED_PRODUCT_CATEGORY('part','',(#12831));
#12849=PRODUCT_DEFINITION_FORMATION_WITH_SPECIFIED_SOURCE('','',#12831,.NOT_KNOWN.);
#12832=PRODUCT_DEFINITION('design','',#12849,#8638);
#12830=PRODUCT_DEFINITION_SHAPE('','',#12832);
#12850=SHAPE_DEFINITION_REPRESENTATION(#12830,#12823);
#12822=DRAUGHTING_MODEL('',(#12847),#12821);
#12795=SHAPE_REPRESENTATION('C31~C0603~C0603_L1.6-W0.8-H0.8~QmFs',(#15,#12836),#12793);
#12851=CARTESIAN_POINT('',(0.,0.,0.));
#12852=DIRECTION('',(0.,0.,1.));
#12853=DIRECTION('',(1.,0.,0.));
#12854=AXIS2_PLACEMENT_3D('',#12851,#12852,#12853);
#12856=MAPPED_ITEM('',#12855,#12854);
#12855=REPRESENTATION_MAP(#12854,#12795);
#12803=PRODUCT('C31~C0603~C0603_L1.6-W0.8-H0.8~QmFs','C31~C0603~C0603_L1.6-W0.8-H0.8~QmFs','',(#8637));
#12857=PRODUCT_RELATED_PRODUCT_CATEGORY('part','',(#12803));
#12858=PRODUCT_DEFINITION_FORMATION_WITH_SPECIFIED_SOURCE('','',#12803,.NOT_KNOWN.);
#12804=PRODUCT_DEFINITION('design','',#12858,#8638);
#12802=PRODUCT_DEFINITION_SHAPE('','',#12804);
#12859=SHAPE_DEFINITION_REPRESENTATION(#12802,#12795);
#12794=DRAUGHTING_MODEL('',(#12856),#12793);
#12860=(NAMED_UNIT(*)PLANE_ANGLE_UNIT()SI_UNIT($,.RADIAN.));
#12861=PLANE_ANGLE_MEASURE_WITH_UNIT(PLANE_ANGLE_MEASURE(0.0174532925),#12860);
#12862=(CONVERSION_BASED_UNIT('DEGREE',#12861)NAMED_UNIT(#12863)PLANE_ANGLE_UNIT());
#12863=DIMENSIONAL_EXPONENTS(0.,0.,0.,0.,0.,0.,0.);
#12864=(NAMED_UNIT(*)SI_UNIT($,.STERADIAN.)SOLID_ANGLE_UNIT());
#12865=(LENGTH_UNIT()NAMED_UNIT(*)SI_UNIT(.MILLI.,.METRE.));
#12866=UNCERTAINTY_MEASURE_WITH_UNIT(LENGTH_MEASURE(1.000000E-03),#12865,'DISTANCE_ACCURACY_VALUE','Maximum Tolerance applied to model');
#12867=(GEOMETRIC_REPRESENTATION_CONTEXT(3)GLOBAL_UNCERTAINTY_ASSIGNED_CONTEXT((#12866))GLOBAL_UNIT_ASSIGNED_CONTEXT((#12865,#12862,#12864))REPRESENTATION_CONTEXT('','C31~C0603~C0603_L1.6-W0.8-H0.8~QmFs'));
#12879=CARTESIAN_POINT('',(0.,0.,0.));
#12880=DIRECTION('',(0.,0.,1.));
#12881=DIRECTION('',(1.,0.,-0.));
#12882=AXIS2_PLACEMENT_3D('',#12879,#12880,#12881);
#12883=ITEM_DEFINED_TRANSFORMATION('','',#12882,#15);
#12884=(REPRESENTATION_RELATIONSHIP('','',#12869,#8582)REPRESENTATION_RELATIONSHIP_WITH_TRANSFORMATION(#12883)SHAPE_REPRESENTATION_RELATIONSHIP());
#12885=NEXT_ASSEMBLY_USAGE_OCCURRENCE('C31~C0603~C0603_L1.6-W0.8-H0.8~QmFs_117','C31~C0603~C0603_L1.6-W0.8-H0.8~QmFs','C31~C0603~C0603_L1.6-W0.8-H0.8~QmFs',#8591,#12878,$);
#12886=PRODUCT_DEFINITION_SHAPE('','',#12885);
#12887=CONTEXT_DEPENDENT_SHAPE_REPRESENTATION(#12884,#12886);
#12888=(NAMED_UNIT(*)PLANE_ANGLE_UNIT()SI_UNIT($,.RADIAN.));
#12889=PLANE_ANGLE_MEASURE_WITH_UNIT(PLANE_ANGLE_MEASURE(0.0174532925),#12888);
#12890=(CONVERSION_BASED_UNIT('DEGREE',#12889)NAMED_UNIT(#12891)PLANE_ANGLE_UNIT());
#12891=DIMENSIONAL_EXPONENTS(0.,0.,0.,0.,0.,0.,0.);
#12892=(NAMED_UNIT(*)SI_UNIT($,.STERADIAN.)SOLID_ANGLE_UNIT());
#12893=(LENGTH_UNIT()NAMED_UNIT(*)SI_UNIT(.MILLI.,.METRE.));
#12894=UNCERTAINTY_MEASURE_WITH_UNIT(LENGTH_MEASURE(1.000000E-03),#12893,'DISTANCE_ACCURACY_VALUE','Maximum Tolerance applied to model');
#12895=(GEOMETRIC_REPRESENTATION_CONTEXT(3)GLOBAL_UNCERTAINTY_ASSIGNED_CONTEXT((#12894))GLOBAL_UNIT_ASSIGNED_CONTEXT((#12893,#12890,#12892))REPRESENTATION_CONTEXT('','C0603~C0603_L1.6-W0.8-H0.8~QmFs'));
#12907=CARTESIAN_POINT('',(0.,0.,0.));
#12908=DIRECTION('',(0.,0.,1.));
#12909=DIRECTION('',(1.,0.,-0.));
#12910=AXIS2_PLACEMENT_3D('',#12907,#12908,#12909);
#12911=ITEM_DEFINED_TRANSFORMATION('','',#12910,#15);
#12912=(REPRESENTATION_RELATIONSHIP('','',#12897,#12869)REPRESENTATION_RELATIONSHIP_WITH_TRANSFORMATION(#12911)SHAPE_REPRESENTATION_RELATIONSHIP());
#12913=NEXT_ASSEMBLY_USAGE_OCCURRENCE('C0603~C0603_L1.6-W0.8-H0.8~QmFs_118','C0603~C0603_L1.6-W0.8-H0.8~QmFs','C0603~C0603_L1.6-W0.8-H0.8~QmFs',#12878,#12906,$);
#12914=PRODUCT_DEFINITION_SHAPE('','',#12913);
#12915=CONTEXT_DEPENDENT_SHAPE_REPRESENTATION(#12912,#12914);
#12897=SHAPE_REPRESENTATION('C0603~C0603_L1.6-W0.8-H0.8~QmFs',(#15),#12895);
#12916=CARTESIAN_POINT('',(0.,0.,0.));
#12917=DIRECTION('',(0.,0.,1.));
#12918=DIRECTION('',(1.,0.,0.));
#12919=AXIS2_PLACEMENT_3D('',#12916,#12917,#12918);
#12921=MAPPED_ITEM('',#12920,#12919);
#12920=REPRESENTATION_MAP(#12919,#12897);
#12905=PRODUCT('C0603~C0603_L1.6-W0.8-H0.8~QmFs','C0603~C0603_L1.6-W0.8-H0.8~QmFs','',(#8637));
#12922=PRODUCT_RELATED_PRODUCT_CATEGORY('part','',(#12905));
#12923=PRODUCT_DEFINITION_FORMATION_WITH_SPECIFIED_SOURCE('','',#12905,.NOT_KNOWN.);
#12906=PRODUCT_DEFINITION('design','',#12923,#8638);
#12904=PRODUCT_DEFINITION_SHAPE('','',#12906);
#12924=SHAPE_DEFINITION_REPRESENTATION(#12904,#12897);
#12896=DRAUGHTING_MODEL('',(#12921),#12895);
#12869=SHAPE_REPRESENTATION('C31~C0603~C0603_L1.6-W0.8-H0.8~QmFs',(#15,#12910),#12867);
#12925=CARTESIAN_POINT('',(0.,0.,0.));
#12926=DIRECTION('',(0.,0.,1.));
#12927=DIRECTION('',(1.,0.,0.));
#12928=AXIS2_PLACEMENT_3D('',#12925,#12926,#12927);
#12930=MAPPED_ITEM('',#12929,#12928);
#12929=REPRESENTATION_MAP(#12928,#12869);
#12877=PRODUCT('C31~C0603~C0603_L1.6-W0.8-H0.8~QmFs','C31~C0603~C0603_L1.6-W0.8-H0.8~QmFs','',(#8637));
#12931=PRODUCT_RELATED_PRODUCT_CATEGORY('part','',(#12877));
#12932=PRODUCT_DEFINITION_FORMATION_WITH_SPECIFIED_SOURCE('','',#12877,.NOT_KNOWN.);
#12878=PRODUCT_DEFINITION('design','',#12932,#8638);
#12876=PRODUCT_DEFINITION_SHAPE('','',#12878);
#12933=SHAPE_DEFINITION_REPRESENTATION(#12876,#12869);
#12868=DRAUGHTING_MODEL('',(#12930),#12867);
#12934=(NAMED_UNIT(*)PLANE_ANGLE_UNIT()SI_UNIT($,.RADIAN.));
#12935=PLANE_ANGLE_MEASURE_WITH_UNIT(PLANE_ANGLE_MEASURE(0.0174532925),#12934);
#12936=(CONVERSION_BASED_UNIT('DEGREE',#12935)NAMED_UNIT(#12937)PLANE_ANGLE_UNIT());
#12937=DIMENSIONAL_EXPONENTS(0.,0.,0.,0.,0.,0.,0.);
#12938=(NAMED_UNIT(*)SI_UNIT($,.STERADIAN.)SOLID_ANGLE_UNIT());
#12939=(LENGTH_UNIT()NAMED_UNIT(*)SI_UNIT(.MILLI.,.METRE.));
#12940=UNCERTAINTY_MEASURE_WITH_UNIT(LENGTH_MEASURE(1.000000E-03),#12939,'DISTANCE_ACCURACY_VALUE','Maximum Tolerance applied to model');
#12941=(GEOMETRIC_REPRESENTATION_CONTEXT(3)GLOBAL_UNCERTAINTY_ASSIGNED_CONTEXT((#12940))GLOBAL_UNIT_ASSIGNED_CONTEXT((#12939,#12936,#12938))REPRESENTATION_CONTEXT('','C31~C0603~C0603_L1.6-W0.8-H0.8~QmFs'));
#12953=CARTESIAN_POINT('',(0.,0.,0.));
#12954=DIRECTION('',(0.,0.,1.));
#12955=DIRECTION('',(1.,0.,-0.));
#12956=AXIS2_PLACEMENT_3D('',#12953,#12954,#12955);
#12957=ITEM_DEFINED_TRANSFORMATION('','',#12956,#15);
#12958=(REPRESENTATION_RELATIONSHIP('','',#12943,#8582)REPRESENTATION_RELATIONSHIP_WITH_TRANSFORMATION(#12957)SHAPE_REPRESENTATION_RELATIONSHIP());
#12959=NEXT_ASSEMBLY_USAGE_OCCURRENCE('C31~C0603~C0603_L1.6-W0.8-H0.8~QmFs_119','C31~C0603~C0603_L1.6-W0.8-H0.8~QmFs','C31~C0603~C0603_L1.6-W0.8-H0.8~QmFs',#8591,#12952,$);
#12960=PRODUCT_DEFINITION_SHAPE('','',#12959);
#12961=CONTEXT_DEPENDENT_SHAPE_REPRESENTATION(#12958,#12960);
#12962=(NAMED_UNIT(*)PLANE_ANGLE_UNIT()SI_UNIT($,.RADIAN.));
#12963=PLANE_ANGLE_MEASURE_WITH_UNIT(PLANE_ANGLE_MEASURE(0.0174532925),#12962);
#12964=(CONVERSION_BASED_UNIT('DEGREE',#12963)NAMED_UNIT(#12965)PLANE_ANGLE_UNIT());
#12965=DIMENSIONAL_EXPONENTS(0.,0.,0.,0.,0.,0.,0.);
#12966=(NAMED_UNIT(*)SI_UNIT($,.STERADIAN.)SOLID_ANGLE_UNIT());
#12967=(LENGTH_UNIT()NAMED_UNIT(*)SI_UNIT(.MILLI.,.METRE.));
#12968=UNCERTAINTY_MEASURE_WITH_UNIT(LENGTH_MEASURE(1.000000E-03),#12967,'DISTANCE_ACCURACY_VALUE','Maximum Tolerance applied to model');
#12969=(GEOMETRIC_REPRESENTATION_CONTEXT(3)GLOBAL_UNCERTAINTY_ASSIGNED_CONTEXT((#12968))GLOBAL_UNIT_ASSIGNED_CONTEXT((#12967,#12964,#12966))REPRESENTATION_CONTEXT('','C0603~C0603_L1.6-W0.8-H0.8~QmFs'));
#12981=CARTESIAN_POINT('',(0.,0.,0.));
#12982=DIRECTION('',(0.,0.,1.));
#12983=DIRECTION('',(1.,0.,-0.));
#12984=AXIS2_PLACEMENT_3D('',#12981,#12982,#12983);
#12985=ITEM_DEFINED_TRANSFORMATION('','',#12984,#15);
#12986=(REPRESENTATION_RELATIONSHIP('','',#12971,#12943)REPRESENTATION_RELATIONSHIP_WITH_TRANSFORMATION(#12985)SHAPE_REPRESENTATION_RELATIONSHIP());
#12987=NEXT_ASSEMBLY_USAGE_OCCURRENCE('C0603~C0603_L1.6-W0.8-H0.8~QmFs_120','C0603~C0603_L1.6-W0.8-H0.8~QmFs','C0603~C0603_L1.6-W0.8-H0.8~QmFs',#12952,#12980,$);
#12988=PRODUCT_DEFINITION_SHAPE('','',#12987);
#12989=CONTEXT_DEPENDENT_SHAPE_REPRESENTATION(#12986,#12988);
#12971=SHAPE_REPRESENTATION('C0603~C0603_L1.6-W0.8-H0.8~QmFs',(#15),#12969);
#12990=CARTESIAN_POINT('',(0.,0.,0.));
#12991=DIRECTION('',(0.,0.,1.));
#12992=DIRECTION('',(1.,0.,0.));
#12993=AXIS2_PLACEMENT_3D('',#12990,#12991,#12992);
#12995=MAPPED_ITEM('',#12994,#12993);
#12994=REPRESENTATION_MAP(#12993,#12971);
#12979=PRODUCT('C0603~C0603_L1.6-W0.8-H0.8~QmFs','C0603~C0603_L1.6-W0.8-H0.8~QmFs','',(#8637));
#12996=PRODUCT_RELATED_PRODUCT_CATEGORY('part','',(#12979));
#12997=PRODUCT_DEFINITION_FORMATION_WITH_SPECIFIED_SOURCE('','',#12979,.NOT_KNOWN.);
#12980=PRODUCT_DEFINITION('design','',#12997,#8638);
#12978=PRODUCT_DEFINITION_SHAPE('','',#12980);
#12998=SHAPE_DEFINITION_REPRESENTATION(#12978,#12971);
#12970=DRAUGHTING_MODEL('',(#12995),#12969);
#12943=SHAPE_REPRESENTATION('C31~C0603~C0603_L1.6-W0.8-H0.8~QmFs',(#15,#12984),#12941);
#12999=CARTESIAN_POINT('',(0.,0.,0.));
#13000=DIRECTION('',(0.,0.,1.));
#13001=DIRECTION('',(1.,0.,0.));
#13002=AXIS2_PLACEMENT_3D('',#12999,#13000,#13001);
#13004=MAPPED_ITEM('',#13003,#13002);
#13003=REPRESENTATION_MAP(#13002,#12943);
#12951=PRODUCT('C31~C0603~C0603_L1.6-W0.8-H0.8~QmFs','C31~C0603~C0603_L1.6-W0.8-H0.8~QmFs','',(#8637));
#13005=PRODUCT_RELATED_PRODUCT_CATEGORY('part','',(#12951));
#13006=PRODUCT_DEFINITION_FORMATION_WITH_SPECIFIED_SOURCE('','',#12951,.NOT_KNOWN.);
#12952=PRODUCT_DEFINITION('design','',#13006,#8638);
#12950=PRODUCT_DEFINITION_SHAPE('','',#12952);
#13007=SHAPE_DEFINITION_REPRESENTATION(#12950,#12943);
#12942=DRAUGHTING_MODEL('',(#13004),#12941);
#13008=(NAMED_UNIT(*)PLANE_ANGLE_UNIT()SI_UNIT($,.RADIAN.));
#13009=PLANE_ANGLE_MEASURE_WITH_UNIT(PLANE_ANGLE_MEASURE(0.0174532925),#13008);
#13010=(CONVERSION_BASED_UNIT('DEGREE',#13009)NAMED_UNIT(#13011)PLANE_ANGLE_UNIT());
#13011=DIMENSIONAL_EXPONENTS(0.,0.,0.,0.,0.,0.,0.);
#13012=(NAMED_UNIT(*)SI_UNIT($,.STERADIAN.)SOLID_ANGLE_UNIT());
#13013=(LENGTH_UNIT()NAMED_UNIT(*)SI_UNIT(.MILLI.,.METRE.));
#13014=UNCERTAINTY_MEASURE_WITH_UNIT(LENGTH_MEASURE(1.000000E-03),#13013,'DISTANCE_ACCURACY_VALUE','Maximum Tolerance applied to model');
#13015=(GEOMETRIC_REPRESENTATION_CONTEXT(3)GLOBAL_UNCERTAINTY_ASSIGNED_CONTEXT((#13014))GLOBAL_UNIT_ASSIGNED_CONTEXT((#13013,#13010,#13012))REPRESENTATION_CONTEXT('','C31~C0603~C0603_L1.6-W0.8-H0.8~QmFs'));
#13027=CARTESIAN_POINT('',(0.,0.,0.));
#13028=DIRECTION('',(0.,0.,1.));
#13029=DIRECTION('',(1.,0.,-0.));
#13030=AXIS2_PLACEMENT_3D('',#13027,#13028,#13029);
#13031=ITEM_DEFINED_TRANSFORMATION('','',#13030,#15);
#13032=(REPRESENTATION_RELATIONSHIP('','',#13017,#8582)REPRESENTATION_RELATIONSHIP_WITH_TRANSFORMATION(#13031)SHAPE_REPRESENTATION_RELATIONSHIP());
#13033=NEXT_ASSEMBLY_USAGE_OCCURRENCE('C31~C0603~C0603_L1.6-W0.8-H0.8~QmFs_121','C31~C0603~C0603_L1.6-W0.8-H0.8~QmFs','C31~C0603~C0603_L1.6-W0.8-H0.8~QmFs',#8591,#13026,$);
#13034=PRODUCT_DEFINITION_SHAPE('','',#13033);
#13035=CONTEXT_DEPENDENT_SHAPE_REPRESENTATION(#13032,#13034);
#13036=(NAMED_UNIT(*)PLANE_ANGLE_UNIT()SI_UNIT($,.RADIAN.));
#13037=PLANE_ANGLE_MEASURE_WITH_UNIT(PLANE_ANGLE_MEASURE(0.0174532925),#13036);
#13038=(CONVERSION_BASED_UNIT('DEGREE',#13037)NAMED_UNIT(#13039)PLANE_ANGLE_UNIT());
#13039=DIMENSIONAL_EXPONENTS(0.,0.,0.,0.,0.,0.,0.);
#13040=(NAMED_UNIT(*)SI_UNIT($,.STERADIAN.)SOLID_ANGLE_UNIT());
#13041=(LENGTH_UNIT()NAMED_UNIT(*)SI_UNIT(.MILLI.,.METRE.));
#13042=UNCERTAINTY_MEASURE_WITH_UNIT(LENGTH_MEASURE(1.000000E-03),#13041,'DISTANCE_ACCURACY_VALUE','Maximum Tolerance applied to model');
#13043=(GEOMETRIC_REPRESENTATION_CONTEXT(3)GLOBAL_UNCERTAINTY_ASSIGNED_CONTEXT((#13042))GLOBAL_UNIT_ASSIGNED_CONTEXT((#13041,#13038,#13040))REPRESENTATION_CONTEXT('','C0603~C0603_L1.6-W0.8-H0.8~QmFs'));
#13055=CARTESIAN_POINT('',(0.,0.,0.));
#13056=DIRECTION('',(0.,0.,1.));
#13057=DIRECTION('',(1.,0.,-0.));
#13058=AXIS2_PLACEMENT_3D('',#13055,#13056,#13057);
#13059=ITEM_DEFINED_TRANSFORMATION('','',#13058,#15);
#13060=(REPRESENTATION_RELATIONSHIP('','',#13045,#13017)REPRESENTATION_RELATIONSHIP_WITH_TRANSFORMATION(#13059)SHAPE_REPRESENTATION_RELATIONSHIP());
#13061=NEXT_ASSEMBLY_USAGE_OCCURRENCE('C0603~C0603_L1.6-W0.8-H0.8~QmFs_122','C0603~C0603_L1.6-W0.8-H0.8~QmFs','C0603~C0603_L1.6-W0.8-H0.8~QmFs',#13026,#13054,$);
#13062=PRODUCT_DEFINITION_SHAPE('','',#13061);
#13063=CONTEXT_DEPENDENT_SHAPE_REPRESENTATION(#13060,#13062);
#13045=SHAPE_REPRESENTATION('C0603~C0603_L1.6-W0.8-H0.8~QmFs',(#15),#13043);
#13064=CARTESIAN_POINT('',(0.,0.,0.));
#13065=DIRECTION('',(0.,0.,1.));
#13066=DIRECTION('',(1.,0.,0.));
#13067=AXIS2_PLACEMENT_3D('',#13064,#13065,#13066);
#13069=MAPPED_ITEM('',#13068,#13067);
#13068=REPRESENTATION_MAP(#13067,#13045);
#13053=PRODUCT('C0603~C0603_L1.6-W0.8-H0.8~QmFs','C0603~C0603_L1.6-W0.8-H0.8~QmFs','',(#8637));
#13070=PRODUCT_RELATED_PRODUCT_CATEGORY('part','',(#13053));
#13071=PRODUCT_DEFINITION_FORMATION_WITH_SPECIFIED_SOURCE('','',#13053,.NOT_KNOWN.);
#13054=PRODUCT_DEFINITION('design','',#13071,#8638);
#13052=PRODUCT_DEFINITION_SHAPE('','',#13054);
#13072=SHAPE_DEFINITION_REPRESENTATION(#13052,#13045);
#13044=DRAUGHTING_MODEL('',(#13069),#13043);
#13017=SHAPE_REPRESENTATION('C31~C0603~C0603_L1.6-W0.8-H0.8~QmFs',(#15,#13058),#13015);
#13073=CARTESIAN_POINT('',(0.,0.,0.));
#13074=DIRECTION('',(0.,0.,1.));
#13075=DIRECTION('',(1.,0.,0.));
#13076=AXIS2_PLACEMENT_3D('',#13073,#13074,#13075);
#13078=MAPPED_ITEM('',#13077,#13076);
#13077=REPRESENTATION_MAP(#13076,#13017);
#13025=PRODUCT('C31~C0603~C0603_L1.6-W0.8-H0.8~QmFs','C31~C0603~C0603_L1.6-W0.8-H0.8~QmFs','',(#8637));
#13079=PRODUCT_RELATED_PRODUCT_CATEGORY('part','',(#13025));
#13080=PRODUCT_DEFINITION_FORMATION_WITH_SPECIFIED_SOURCE('','',#13025,.NOT_KNOWN.);
#13026=PRODUCT_DEFINITION('design','',#13080,#8638);
#13024=PRODUCT_DEFINITION_SHAPE('','',#13026);
#13081=SHAPE_DEFINITION_REPRESENTATION(#13024,#13017);
#13016=DRAUGHTING_MODEL('',(#13078),#13015);
#13082=(NAMED_UNIT(*)PLANE_ANGLE_UNIT()SI_UNIT($,.RADIAN.));
#13083=PLANE_ANGLE_MEASURE_WITH_UNIT(PLANE_ANGLE_MEASURE(0.0174532925),#13082);
#13084=(CONVERSION_BASED_UNIT('DEGREE',#13083)NAMED_UNIT(#13085)PLANE_ANGLE_UNIT());
#13085=DIMENSIONAL_EXPONENTS(0.,0.,0.,0.,0.,0.,0.);
#13086=(NAMED_UNIT(*)SI_UNIT($,.STERADIAN.)SOLID_ANGLE_UNIT());
#13087=(LENGTH_UNIT()NAMED_UNIT(*)SI_UNIT(.MILLI.,.METRE.));
#13088=UNCERTAINTY_MEASURE_WITH_UNIT(LENGTH_MEASURE(1.000000E-03),#13087,'DISTANCE_ACCURACY_VALUE','Maximum Tolerance applied to model');
#13089=(GEOMETRIC_REPRESENTATION_CONTEXT(3)GLOBAL_UNCERTAINTY_ASSIGNED_CONTEXT((#13088))GLOBAL_UNIT_ASSIGNED_CONTEXT((#13087,#13084,#13086))REPRESENTATION_CONTEXT('','C31~C0603~C0603_L1.6-W0.8-H0.8~QmFs'));
#13101=CARTESIAN_POINT('',(0.,0.,0.));
#13102=DIRECTION('',(0.,0.,1.));
#13103=DIRECTION('',(1.,0.,-0.));
#13104=AXIS2_PLACEMENT_3D('',#13101,#13102,#13103);
#13105=ITEM_DEFINED_TRANSFORMATION('','',#13104,#15);
#13106=(REPRESENTATION_RELATIONSHIP('','',#13091,#8582)REPRESENTATION_RELATIONSHIP_WITH_TRANSFORMATION(#13105)SHAPE_REPRESENTATION_RELATIONSHIP());
#13107=NEXT_ASSEMBLY_USAGE_OCCURRENCE('C31~C0603~C0603_L1.6-W0.8-H0.8~QmFs_123','C31~C0603~C0603_L1.6-W0.8-H0.8~QmFs','C31~C0603~C0603_L1.6-W0.8-H0.8~QmFs',#8591,#13100,$);
#13108=PRODUCT_DEFINITION_SHAPE('','',#13107);
#13109=CONTEXT_DEPENDENT_SHAPE_REPRESENTATION(#13106,#13108);
#13110=(NAMED_UNIT(*)PLANE_ANGLE_UNIT()SI_UNIT($,.RADIAN.));
#13111=PLANE_ANGLE_MEASURE_WITH_UNIT(PLANE_ANGLE_MEASURE(0.0174532925),#13110);
#13112=(CONVERSION_BASED_UNIT('DEGREE',#13111)NAMED_UNIT(#13113)PLANE_ANGLE_UNIT());
#13113=DIMENSIONAL_EXPONENTS(0.,0.,0.,0.,0.,0.,0.);
#13114=(NAMED_UNIT(*)SI_UNIT($,.STERADIAN.)SOLID_ANGLE_UNIT());
#13115=(LENGTH_UNIT()NAMED_UNIT(*)SI_UNIT(.MILLI.,.METRE.));
#13116=UNCERTAINTY_MEASURE_WITH_UNIT(LENGTH_MEASURE(1.000000E-03),#13115,'DISTANCE_ACCURACY_VALUE','Maximum Tolerance applied to model');
#13117=(GEOMETRIC_REPRESENTATION_CONTEXT(3)GLOBAL_UNCERTAINTY_ASSIGNED_CONTEXT((#13116))GLOBAL_UNIT_ASSIGNED_CONTEXT((#13115,#13112,#13114))REPRESENTATION_CONTEXT('','C0603~C0603_L1.6-W0.8-H0.8~QmFs'));
#13129=CARTESIAN_POINT('',(0.,0.,0.));
#13130=DIRECTION('',(0.,0.,1.));
#13131=DIRECTION('',(1.,0.,-0.));
#13132=AXIS2_PLACEMENT_3D('',#13129,#13130,#13131);
#13133=ITEM_DEFINED_TRANSFORMATION('','',#13132,#15);
#13134=(REPRESENTATION_RELATIONSHIP('','',#13119,#13091)REPRESENTATION_RELATIONSHIP_WITH_TRANSFORMATION(#13133)SHAPE_REPRESENTATION_RELATIONSHIP());
#13135=NEXT_ASSEMBLY_USAGE_OCCURRENCE('C0603~C0603_L1.6-W0.8-H0.8~QmFs_124','C0603~C0603_L1.6-W0.8-H0.8~QmFs','C0603~C0603_L1.6-W0.8-H0.8~QmFs',#13100,#13128,$);
#13136=PRODUCT_DEFINITION_SHAPE('','',#13135);
#13137=CONTEXT_DEPENDENT_SHAPE_REPRESENTATION(#13134,#13136);
#13119=SHAPE_REPRESENTATION('C0603~C0603_L1.6-W0.8-H0.8~QmFs',(#15),#13117);
#13138=CARTESIAN_POINT('',(0.,0.,0.));
#13139=DIRECTION('',(0.,0.,1.));
#13140=DIRECTION('',(1.,0.,0.));
#13141=AXIS2_PLACEMENT_3D('',#13138,#13139,#13140);
#13143=MAPPED_ITEM('',#13142,#13141);
#13142=REPRESENTATION_MAP(#13141,#13119);
#13127=PRODUCT('C0603~C0603_L1.6-W0.8-H0.8~QmFs','C0603~C0603_L1.6-W0.8-H0.8~QmFs','',(#8637));
#13144=PRODUCT_RELATED_PRODUCT_CATEGORY('part','',(#13127));
#13145=PRODUCT_DEFINITION_FORMATION_WITH_SPECIFIED_SOURCE('','',#13127,.NOT_KNOWN.);
#13128=PRODUCT_DEFINITION('design','',#13145,#8638);
#13126=PRODUCT_DEFINITION_SHAPE('','',#13128);
#13146=SHAPE_DEFINITION_REPRESENTATION(#13126,#13119);
#13118=DRAUGHTING_MODEL('',(#13143),#13117);
#13091=SHAPE_REPRESENTATION('C31~C0603~C0603_L1.6-W0.8-H0.8~QmFs',(#15,#13132),#13089);
#13147=CARTESIAN_POINT('',(0.,0.,0.));
#13148=DIRECTION('',(0.,0.,1.));
#13149=DIRECTION('',(1.,0.,0.));
#13150=AXIS2_PLACEMENT_3D('',#13147,#13148,#13149);
#13152=MAPPED_ITEM('',#13151,#13150);
#13151=REPRESENTATION_MAP(#13150,#13091);
#13099=PRODUCT('C31~C0603~C0603_L1.6-W0.8-H0.8~QmFs','C31~C0603~C0603_L1.6-W0.8-H0.8~QmFs','',(#8637));
#13153=PRODUCT_RELATED_PRODUCT_CATEGORY('part','',(#13099));
#13154=PRODUCT_DEFINITION_FORMATION_WITH_SPECIFIED_SOURCE('','',#13099,.NOT_KNOWN.);
#13100=PRODUCT_DEFINITION('design','',#13154,#8638);
#13098=PRODUCT_DEFINITION_SHAPE('','',#13100);
#13155=SHAPE_DEFINITION_REPRESENTATION(#13098,#13091);
#13090=DRAUGHTING_MODEL('',(#13152),#13089);
#13156=(NAMED_UNIT(*)PLANE_ANGLE_UNIT()SI_UNIT($,.RADIAN.));
#13157=PLANE_ANGLE_MEASURE_WITH_UNIT(PLANE_ANGLE_MEASURE(0.0174532925),#13156);
#13158=(CONVERSION_BASED_UNIT('DEGREE',#13157)NAMED_UNIT(#13159)PLANE_ANGLE_UNIT());
#13159=DIMENSIONAL_EXPONENTS(0.,0.,0.,0.,0.,0.,0.);
#13160=(NAMED_UNIT(*)SI_UNIT($,.STERADIAN.)SOLID_ANGLE_UNIT());
#13161=(LENGTH_UNIT()NAMED_UNIT(*)SI_UNIT(.MILLI.,.METRE.));
#13162=UNCERTAINTY_MEASURE_WITH_UNIT(LENGTH_MEASURE(1.000000E-03),#13161,'DISTANCE_ACCURACY_VALUE','Maximum Tolerance applied to model');
#13163=(GEOMETRIC_REPRESENTATION_CONTEXT(3)GLOBAL_UNCERTAINTY_ASSIGNED_CONTEXT((#13162))GLOBAL_UNIT_ASSIGNED_CONTEXT((#13161,#13158,#13160))REPRESENTATION_CONTEXT('','C31~C0603~C0603_L1.6-W0.8-H0.8~QmFs'));
#13175=CARTESIAN_POINT('',(0.,0.,0.));
#13176=DIRECTION('',(0.,0.,1.));
#13177=DIRECTION('',(1.,0.,-0.));
#13178=AXIS2_PLACEMENT_3D('',#13175,#13176,#13177);
#13179=ITEM_DEFINED_TRANSFORMATION('','',#13178,#15);
#13180=(REPRESENTATION_RELATIONSHIP('','',#13165,#8582)REPRESENTATION_RELATIONSHIP_WITH_TRANSFORMATION(#13179)SHAPE_REPRESENTATION_RELATIONSHIP());
#13181=NEXT_ASSEMBLY_USAGE_OCCURRENCE('C31~C0603~C0603_L1.6-W0.8-H0.8~QmFs_125','C31~C0603~C0603_L1.6-W0.8-H0.8~QmFs','C31~C0603~C0603_L1.6-W0.8-H0.8~QmFs',#8591,#13174,$);
#13182=PRODUCT_DEFINITION_SHAPE('','',#13181);
#13183=CONTEXT_DEPENDENT_SHAPE_REPRESENTATION(#13180,#13182);
#13184=(NAMED_UNIT(*)PLANE_ANGLE_UNIT()SI_UNIT($,.RADIAN.));
#13185=PLANE_ANGLE_MEASURE_WITH_UNIT(PLANE_ANGLE_MEASURE(0.0174532925),#13184);
#13186=(CONVERSION_BASED_UNIT('DEGREE',#13185)NAMED_UNIT(#13187)PLANE_ANGLE_UNIT());
#13187=DIMENSIONAL_EXPONENTS(0.,0.,0.,0.,0.,0.,0.);
#13188=(NAMED_UNIT(*)SI_UNIT($,.STERADIAN.)SOLID_ANGLE_UNIT());
#13189=(LENGTH_UNIT()NAMED_UNIT(*)SI_UNIT(.MILLI.,.METRE.));
#13190=UNCERTAINTY_MEASURE_WITH_UNIT(LENGTH_MEASURE(1.000000E-03),#13189,'DISTANCE_ACCURACY_VALUE','Maximum Tolerance applied to model');
#13191=(GEOMETRIC_REPRESENTATION_CONTEXT(3)GLOBAL_UNCERTAINTY_ASSIGNED_CONTEXT((#13190))GLOBAL_UNIT_ASSIGNED_CONTEXT((#13189,#13186,#13188))REPRESENTATION_CONTEXT('','C0603~C0603_L1.6-W0.8-H0.8~QmFs'));
#13203=CARTESIAN_POINT('',(0.,0.,0.));
#13204=DIRECTION('',(0.,0.,1.));
#13205=DIRECTION('',(1.,0.,-0.));
#13206=AXIS2_PLACEMENT_3D('',#13203,#13204,#13205);
#13207=ITEM_DEFINED_TRANSFORMATION('','',#13206,#15);
#13208=(REPRESENTATION_RELATIONSHIP('','',#13193,#13165)REPRESENTATION_RELATIONSHIP_WITH_TRANSFORMATION(#13207)SHAPE_REPRESENTATION_RELATIONSHIP());
#13209=NEXT_ASSEMBLY_USAGE_OCCURRENCE('C0603~C0603_L1.6-W0.8-H0.8~QmFs_126','C0603~C0603_L1.6-W0.8-H0.8~QmFs','C0603~C0603_L1.6-W0.8-H0.8~QmFs',#13174,#13202,$);
#13210=PRODUCT_DEFINITION_SHAPE('','',#13209);
#13211=CONTEXT_DEPENDENT_SHAPE_REPRESENTATION(#13208,#13210);
#13193=SHAPE_REPRESENTATION('C0603~C0603_L1.6-W0.8-H0.8~QmFs',(#15),#13191);
#13212=CARTESIAN_POINT('',(0.,0.,0.));
#13213=DIRECTION('',(0.,0.,1.));
#13214=DIRECTION('',(1.,0.,0.));
#13215=AXIS2_PLACEMENT_3D('',#13212,#13213,#13214);
#13217=MAPPED_ITEM('',#13216,#13215);
#13216=REPRESENTATION_MAP(#13215,#13193);
#13201=PRODUCT('C0603~C0603_L1.6-W0.8-H0.8~QmFs','C0603~C0603_L1.6-W0.8-H0.8~QmFs','',(#8637));
#13218=PRODUCT_RELATED_PRODUCT_CATEGORY('part','',(#13201));
#13219=PRODUCT_DEFINITION_FORMATION_WITH_SPECIFIED_SOURCE('','',#13201,.NOT_KNOWN.);
#13202=PRODUCT_DEFINITION('design','',#13219,#8638);
#13200=PRODUCT_DEFINITION_SHAPE('','',#13202);
#13220=SHAPE_DEFINITION_REPRESENTATION(#13200,#13193);
#13192=DRAUGHTING_MODEL('',(#13217),#13191);
#13165=SHAPE_REPRESENTATION('C31~C0603~C0603_L1.6-W0.8-H0.8~QmFs',(#15,#13206),#13163);
#13221=CARTESIAN_POINT('',(0.,0.,0.));
#13222=DIRECTION('',(0.,0.,1.));
#13223=DIRECTION('',(1.,0.,0.));
#13224=AXIS2_PLACEMENT_3D('',#13221,#13222,#13223);
#13226=MAPPED_ITEM('',#13225,#13224);
#13225=REPRESENTATION_MAP(#13224,#13165);
#13173=PRODUCT('C31~C0603~C0603_L1.6-W0.8-H0.8~QmFs','C31~C0603~C0603_L1.6-W0.8-H0.8~QmFs','',(#8637));
#13227=PRODUCT_RELATED_PRODUCT_CATEGORY('part','',(#13173));
#13228=PRODUCT_DEFINITION_FORMATION_WITH_SPECIFIED_SOURCE('','',#13173,.NOT_KNOWN.);
#13174=PRODUCT_DEFINITION('design','',#13228,#8638);
#13172=PRODUCT_DEFINITION_SHAPE('','',#13174);
#13229=SHAPE_DEFINITION_REPRESENTATION(#13172,#13165);
#13164=DRAUGHTING_MODEL('',(#13226),#13163);
#13230=(NAMED_UNIT(*)PLANE_ANGLE_UNIT()SI_UNIT($,.RADIAN.));
#13231=PLANE_ANGLE_MEASURE_WITH_UNIT(PLANE_ANGLE_MEASURE(0.0174532925),#13230);
#13232=(CONVERSION_BASED_UNIT('DEGREE',#13231)NAMED_UNIT(#13233)PLANE_ANGLE_UNIT());
#13233=DIMENSIONAL_EXPONENTS(0.,0.,0.,0.,0.,0.,0.);
#13234=(NAMED_UNIT(*)SI_UNIT($,.STERADIAN.)SOLID_ANGLE_UNIT());
#13235=(LENGTH_UNIT()NAMED_UNIT(*)SI_UNIT(.MILLI.,.METRE.));
#13236=UNCERTAINTY_MEASURE_WITH_UNIT(LENGTH_MEASURE(1.000000E-03),#13235,'DISTANCE_ACCURACY_VALUE','Maximum Tolerance applied to model');
#13237=(GEOMETRIC_REPRESENTATION_CONTEXT(3)GLOBAL_UNCERTAINTY_ASSIGNED_CONTEXT((#13236))GLOBAL_UNIT_ASSIGNED_CONTEXT((#13235,#13232,#13234))REPRESENTATION_CONTEXT('','C31~C0603~C0603_L1.6-W0.8-H0.8~QmFs'));
#13249=CARTESIAN_POINT('',(0.,0.,0.));
#13250=DIRECTION('',(0.,0.,1.));
#13251=DIRECTION('',(1.,0.,-0.));
#13252=AXIS2_PLACEMENT_3D('',#13249,#13250,#13251);
#13253=ITEM_DEFINED_TRANSFORMATION('','',#13252,#15);
#13254=(REPRESENTATION_RELATIONSHIP('','',#13239,#8582)REPRESENTATION_RELATIONSHIP_WITH_TRANSFORMATION(#13253)SHAPE_REPRESENTATION_RELATIONSHIP());
#13255=NEXT_ASSEMBLY_USAGE_OCCURRENCE('C31~C0603~C0603_L1.6-W0.8-H0.8~QmFs_127','C31~C0603~C0603_L1.6-W0.8-H0.8~QmFs','C31~C0603~C0603_L1.6-W0.8-H0.8~QmFs',#8591,#13248,$);
#13256=PRODUCT_DEFINITION_SHAPE('','',#13255);
#13257=CONTEXT_DEPENDENT_SHAPE_REPRESENTATION(#13254,#13256);
#13258=(NAMED_UNIT(*)PLANE_ANGLE_UNIT()SI_UNIT($,.RADIAN.));
#13259=PLANE_ANGLE_MEASURE_WITH_UNIT(PLANE_ANGLE_MEASURE(0.0174532925),#13258);
#13260=(CONVERSION_BASED_UNIT('DEGREE',#13259)NAMED_UNIT(#13261)PLANE_ANGLE_UNIT());
#13261=DIMENSIONAL_EXPONENTS(0.,0.,0.,0.,0.,0.,0.);
#13262=(NAMED_UNIT(*)SI_UNIT($,.STERADIAN.)SOLID_ANGLE_UNIT());
#13263=(LENGTH_UNIT()NAMED_UNIT(*)SI_UNIT(.MILLI.,.METRE.));
#13264=UNCERTAINTY_MEASURE_WITH_UNIT(LENGTH_MEASURE(1.000000E-03),#13263,'DISTANCE_ACCURACY_VALUE','Maximum Tolerance applied to model');
#13265=(GEOMETRIC_REPRESENTATION_CONTEXT(3)GLOBAL_UNCERTAINTY_ASSIGNED_CONTEXT((#13264))GLOBAL_UNIT_ASSIGNED_CONTEXT((#13263,#13260,#13262))REPRESENTATION_CONTEXT('','C0603~C0603_L1.6-W0.8-H0.8~QmFs'));
#13277=CARTESIAN_POINT('',(0.,0.,0.));
#13278=DIRECTION('',(0.,0.,1.));
#13279=DIRECTION('',(1.,0.,-0.));
#13280=AXIS2_PLACEMENT_3D('',#13277,#13278,#13279);
#13281=ITEM_DEFINED_TRANSFORMATION('','',#13280,#15);
#13282=(REPRESENTATION_RELATIONSHIP('','',#13267,#13239)REPRESENTATION_RELATIONSHIP_WITH_TRANSFORMATION(#13281)SHAPE_REPRESENTATION_RELATIONSHIP());
#13283=NEXT_ASSEMBLY_USAGE_OCCURRENCE('C0603~C0603_L1.6-W0.8-H0.8~QmFs_128','C0603~C0603_L1.6-W0.8-H0.8~QmFs','C0603~C0603_L1.6-W0.8-H0.8~QmFs',#13248,#13276,$);
#13284=PRODUCT_DEFINITION_SHAPE('','',#13283);
#13285=CONTEXT_DEPENDENT_SHAPE_REPRESENTATION(#13282,#13284);
#13267=SHAPE_REPRESENTATION('C0603~C0603_L1.6-W0.8-H0.8~QmFs',(#15),#13265);
#13286=CARTESIAN_POINT('',(0.,0.,0.));
#13287=DIRECTION('',(0.,0.,1.));
#13288=DIRECTION('',(1.,0.,0.));
#13289=AXIS2_PLACEMENT_3D('',#13286,#13287,#13288);
#13291=MAPPED_ITEM('',#13290,#13289);
#13290=REPRESENTATION_MAP(#13289,#13267);
#13275=PRODUCT('C0603~C0603_L1.6-W0.8-H0.8~QmFs','C0603~C0603_L1.6-W0.8-H0.8~QmFs','',(#8637));
#13292=PRODUCT_RELATED_PRODUCT_CATEGORY('part','',(#13275));
#13293=PRODUCT_DEFINITION_FORMATION_WITH_SPECIFIED_SOURCE('','',#13275,.NOT_KNOWN.);
#13276=PRODUCT_DEFINITION('design','',#13293,#8638);
#13274=PRODUCT_DEFINITION_SHAPE('','',#13276);
#13294=SHAPE_DEFINITION_REPRESENTATION(#13274,#13267);
#13266=DRAUGHTING_MODEL('',(#13291),#13265);
#13239=SHAPE_REPRESENTATION('C31~C0603~C0603_L1.6-W0.8-H0.8~QmFs',(#15,#13280),#13237);
#13295=CARTESIAN_POINT('',(0.,0.,0.));
#13296=DIRECTION('',(0.,0.,1.));
#13297=DIRECTION('',(1.,0.,0.));
#13298=AXIS2_PLACEMENT_3D('',#13295,#13296,#13297);
#13300=MAPPED_ITEM('',#13299,#13298);
#13299=REPRESENTATION_MAP(#13298,#13239);
#13247=PRODUCT('C31~C0603~C0603_L1.6-W0.8-H0.8~QmFs','C31~C0603~C0603_L1.6-W0.8-H0.8~QmFs','',(#8637));
#13301=PRODUCT_RELATED_PRODUCT_CATEGORY('part','',(#13247));
#13302=PRODUCT_DEFINITION_FORMATION_WITH_SPECIFIED_SOURCE('','',#13247,.NOT_KNOWN.);
#13248=PRODUCT_DEFINITION('design','',#13302,#8638);
#13246=PRODUCT_DEFINITION_SHAPE('','',#13248);
#13303=SHAPE_DEFINITION_REPRESENTATION(#13246,#13239);
#13238=DRAUGHTING_MODEL('',(#13300),#13237);
#13304=(NAMED_UNIT(*)PLANE_ANGLE_UNIT()SI_UNIT($,.RADIAN.));
#13305=PLANE_ANGLE_MEASURE_WITH_UNIT(PLANE_ANGLE_MEASURE(0.0174532925),#13304);
#13306=(CONVERSION_BASED_UNIT('DEGREE',#13305)NAMED_UNIT(#13307)PLANE_ANGLE_UNIT());
#13307=DIMENSIONAL_EXPONENTS(0.,0.,0.,0.,0.,0.,0.);
#13308=(NAMED_UNIT(*)SI_UNIT($,.STERADIAN.)SOLID_ANGLE_UNIT());
#13309=(LENGTH_UNIT()NAMED_UNIT(*)SI_UNIT(.MILLI.,.METRE.));
#13310=UNCERTAINTY_MEASURE_WITH_UNIT(LENGTH_MEASURE(1.000000E-03),#13309,'DISTANCE_ACCURACY_VALUE','Maximum Tolerance applied to model');
#13311=(GEOMETRIC_REPRESENTATION_CONTEXT(3)GLOBAL_UNCERTAINTY_ASSIGNED_CONTEXT((#13310))GLOBAL_UNIT_ASSIGNED_CONTEXT((#13309,#13306,#13308))REPRESENTATION_CONTEXT('','C31~C0603~C0603_L1.6-W0.8-H0.8~QmFs'));
#13323=CARTESIAN_POINT('',(0.,0.,0.));
#13324=DIRECTION('',(0.,0.,1.));
#13325=DIRECTION('',(1.,0.,-0.));
#13326=AXIS2_PLACEMENT_3D('',#13323,#13324,#13325);
#13327=ITEM_DEFINED_TRANSFORMATION('','',#13326,#15);
#13328=(REPRESENTATION_RELATIONSHIP('','',#13313,#8582)REPRESENTATION_RELATIONSHIP_WITH_TRANSFORMATION(#13327)SHAPE_REPRESENTATION_RELATIONSHIP());
#13329=NEXT_ASSEMBLY_USAGE_OCCURRENCE('C31~C0603~C0603_L1.6-W0.8-H0.8~QmFs_129','C31~C0603~C0603_L1.6-W0.8-H0.8~QmFs','C31~C0603~C0603_L1.6-W0.8-H0.8~QmFs',#8591,#13322,$);
#13330=PRODUCT_DEFINITION_SHAPE('','',#13329);
#13331=CONTEXT_DEPENDENT_SHAPE_REPRESENTATION(#13328,#13330);
#13332=(NAMED_UNIT(*)PLANE_ANGLE_UNIT()SI_UNIT($,.RADIAN.));
#13333=PLANE_ANGLE_MEASURE_WITH_UNIT(PLANE_ANGLE_MEASURE(0.0174532925),#13332);
#13334=(CONVERSION_BASED_UNIT('DEGREE',#13333)NAMED_UNIT(#13335)PLANE_ANGLE_UNIT());
#13335=DIMENSIONAL_EXPONENTS(0.,0.,0.,0.,0.,0.,0.);
#13336=(NAMED_UNIT(*)SI_UNIT($,.STERADIAN.)SOLID_ANGLE_UNIT());
#13337=(LENGTH_UNIT()NAMED_UNIT(*)SI_UNIT(.MILLI.,.METRE.));
#13338=UNCERTAINTY_MEASURE_WITH_UNIT(LENGTH_MEASURE(1.000000E-03),#13337,'DISTANCE_ACCURACY_VALUE','Maximum Tolerance applied to model');
#13339=(GEOMETRIC_REPRESENTATION_CONTEXT(3)GLOBAL_UNCERTAINTY_ASSIGNED_CONTEXT((#13338))GLOBAL_UNIT_ASSIGNED_CONTEXT((#13337,#13334,#13336))REPRESENTATION_CONTEXT('','C0603~C0603_L1.6-W0.8-H0.8~QmFs'));
#13351=CARTESIAN_POINT('',(0.,0.,0.));
#13352=DIRECTION('',(0.,0.,1.));
#13353=DIRECTION('',(1.,0.,-0.));
#13354=AXIS2_PLACEMENT_3D('',#13351,#13352,#13353);
#13355=ITEM_DEFINED_TRANSFORMATION('','',#13354,#15);
#13356=(REPRESENTATION_RELATIONSHIP('','',#13341,#13313)REPRESENTATION_RELATIONSHIP_WITH_TRANSFORMATION(#13355)SHAPE_REPRESENTATION_RELATIONSHIP());
#13357=NEXT_ASSEMBLY_USAGE_OCCURRENCE('C0603~C0603_L1.6-W0.8-H0.8~QmFs_130','C0603~C0603_L1.6-W0.8-H0.8~QmFs','C0603~C0603_L1.6-W0.8-H0.8~QmFs',#13322,#13350,$);
#13358=PRODUCT_DEFINITION_SHAPE('','',#13357);
#13359=CONTEXT_DEPENDENT_SHAPE_REPRESENTATION(#13356,#13358);
#13341=SHAPE_REPRESENTATION('C0603~C0603_L1.6-W0.8-H0.8~QmFs',(#15),#13339);
#13360=CARTESIAN_POINT('',(0.,0.,0.));
#13361=DIRECTION('',(0.,0.,1.));
#13362=DIRECTION('',(1.,0.,0.));
#13363=AXIS2_PLACEMENT_3D('',#13360,#13361,#13362);
#13365=MAPPED_ITEM('',#13364,#13363);
#13364=REPRESENTATION_MAP(#13363,#13341);
#13349=PRODUCT('C0603~C0603_L1.6-W0.8-H0.8~QmFs','C0603~C0603_L1.6-W0.8-H0.8~QmFs','',(#8637));
#13366=PRODUCT_RELATED_PRODUCT_CATEGORY('part','',(#13349));
#13367=PRODUCT_DEFINITION_FORMATION_WITH_SPECIFIED_SOURCE('','',#13349,.NOT_KNOWN.);
#13350=PRODUCT_DEFINITION('design','',#13367,#8638);
#13348=PRODUCT_DEFINITION_SHAPE('','',#13350);
#13368=SHAPE_DEFINITION_REPRESENTATION(#13348,#13341);
#13340=DRAUGHTING_MODEL('',(#13365),#13339);
#13313=SHAPE_REPRESENTATION('C31~C0603~C0603_L1.6-W0.8-H0.8~QmFs',(#15,#13354),#13311);
#13369=CARTESIAN_POINT('',(0.,0.,0.));
#13370=DIRECTION('',(0.,0.,1.));
#13371=DIRECTION('',(1.,0.,0.));
#13372=AXIS2_PLACEMENT_3D('',#13369,#13370,#13371);
#13374=MAPPED_ITEM('',#13373,#13372);
#13373=REPRESENTATION_MAP(#13372,#13313);
#13321=PRODUCT('C31~C0603~C0603_L1.6-W0.8-H0.8~QmFs','C31~C0603~C0603_L1.6-W0.8-H0.8~QmFs','',(#8637));
#13375=PRODUCT_RELATED_PRODUCT_CATEGORY('part','',(#13321));
#13376=PRODUCT_DEFINITION_FORMATION_WITH_SPECIFIED_SOURCE('','',#13321,.NOT_KNOWN.);
#13322=PRODUCT_DEFINITION('design','',#13376,#8638);
#13320=PRODUCT_DEFINITION_SHAPE('','',#13322);
#13377=SHAPE_DEFINITION_REPRESENTATION(#13320,#13313);
#13312=DRAUGHTING_MODEL('',(#13374),#13311);
#13378=(NAMED_UNIT(*)PLANE_ANGLE_UNIT()SI_UNIT($,.RADIAN.));
#13379=PLANE_ANGLE_MEASURE_WITH_UNIT(PLANE_ANGLE_MEASURE(0.0174532925),#13378);
#13380=(CONVERSION_BASED_UNIT('DEGREE',#13379)NAMED_UNIT(#13381)PLANE_ANGLE_UNIT());
#13381=DIMENSIONAL_EXPONENTS(0.,0.,0.,0.,0.,0.,0.);
#13382=(NAMED_UNIT(*)SI_UNIT($,.STERADIAN.)SOLID_ANGLE_UNIT());
#13383=(LENGTH_UNIT()NAMED_UNIT(*)SI_UNIT(.MILLI.,.METRE.));
#13384=UNCERTAINTY_MEASURE_WITH_UNIT(LENGTH_MEASURE(1.000000E-03),#13383,'DISTANCE_ACCURACY_VALUE','Maximum Tolerance applied to model');
#13385=(GEOMETRIC_REPRESENTATION_CONTEXT(3)GLOBAL_UNCERTAINTY_ASSIGNED_CONTEXT((#13384))GLOBAL_UNIT_ASSIGNED_CONTEXT((#13383,#13380,#13382))REPRESENTATION_CONTEXT('','LED1~LED0805-R-RD~LED0805-RD~QmFs'));
#13397=CARTESIAN_POINT('',(0.,0.,0.));
#13398=DIRECTION('',(0.,0.,1.));
#13399=DIRECTION('',(1.,0.,-0.));
#13400=AXIS2_PLACEMENT_3D('',#13397,#13398,#13399);
#13401=ITEM_DEFINED_TRANSFORMATION('','',#13400,#15);
#13402=(REPRESENTATION_RELATIONSHIP('','',#13387,#8582)REPRESENTATION_RELATIONSHIP_WITH_TRANSFORMATION(#13401)SHAPE_REPRESENTATION_RELATIONSHIP());
#13403=NEXT_ASSEMBLY_USAGE_OCCURRENCE('LED1~LED0805-R-RD~LED0805-RD~QmFs_131','LED1~LED0805-R-RD~LED0805-RD~QmFs','LED1~LED0805-R-RD~LED0805-RD~QmFs',#8591,#13396,$);
#13404=PRODUCT_DEFINITION_SHAPE('','',#13403);
#13405=CONTEXT_DEPENDENT_SHAPE_REPRESENTATION(#13402,#13404);
#13406=(NAMED_UNIT(*)PLANE_ANGLE_UNIT()SI_UNIT($,.RADIAN.));
#13407=PLANE_ANGLE_MEASURE_WITH_UNIT(PLANE_ANGLE_MEASURE(0.0174532925),#13406);
#13408=(CONVERSION_BASED_UNIT('DEGREE',#13407)NAMED_UNIT(#13409)PLANE_ANGLE_UNIT());
#13409=DIMENSIONAL_EXPONENTS(0.,0.,0.,0.,0.,0.,0.);
#13410=(NAMED_UNIT(*)SI_UNIT($,.STERADIAN.)SOLID_ANGLE_UNIT());
#13411=(LENGTH_UNIT()NAMED_UNIT(*)SI_UNIT(.MILLI.,.METRE.));
#13412=UNCERTAINTY_MEASURE_WITH_UNIT(LENGTH_MEASURE(1.000000E-03),#13411,'DISTANCE_ACCURACY_VALUE','Maximum Tolerance applied to model');
#13413=(GEOMETRIC_REPRESENTATION_CONTEXT(3)GLOBAL_UNCERTAINTY_ASSIGNED_CONTEXT((#13412))GLOBAL_UNIT_ASSIGNED_CONTEXT((#13411,#13408,#13410))REPRESENTATION_CONTEXT('','LED0805-R-RD~LED0805-RD~QmFs'));
#13425=CARTESIAN_POINT('',(0.,0.,0.));
#13426=DIRECTION('',(0.,0.,1.));
#13427=DIRECTION('',(1.,0.,-0.));
#13428=AXIS2_PLACEMENT_3D('',#13425,#13426,#13427);
#13429=ITEM_DEFINED_TRANSFORMATION('','',#13428,#15);
#13430=(REPRESENTATION_RELATIONSHIP('','',#13415,#13387)REPRESENTATION_RELATIONSHIP_WITH_TRANSFORMATION(#13429)SHAPE_REPRESENTATION_RELATIONSHIP());
#13431=NEXT_ASSEMBLY_USAGE_OCCURRENCE('LED0805-R-RD~LED0805-RD~QmFs_132','LED0805-R-RD~LED0805-RD~QmFs','LED0805-R-RD~LED0805-RD~QmFs',#13396,#13424,$);
#13432=PRODUCT_DEFINITION_SHAPE('','',#13431);
#13433=CONTEXT_DEPENDENT_SHAPE_REPRESENTATION(#13430,#13432);
#13415=SHAPE_REPRESENTATION('LED0805-R-RD~LED0805-RD~QmFs',(#15),#13413);
#13434=CARTESIAN_POINT('',(0.,0.,0.));
#13435=DIRECTION('',(0.,0.,1.));
#13436=DIRECTION('',(1.,0.,0.));
#13437=AXIS2_PLACEMENT_3D('',#13434,#13435,#13436);
#13439=MAPPED_ITEM('',#13438,#13437);
#13438=REPRESENTATION_MAP(#13437,#13415);
#13423=PRODUCT('LED0805-R-RD~LED0805-RD~QmFs','LED0805-R-RD~LED0805-RD~QmFs','',(#8637));
#13440=PRODUCT_RELATED_PRODUCT_CATEGORY('part','',(#13423));
#13441=PRODUCT_DEFINITION_FORMATION_WITH_SPECIFIED_SOURCE('','',#13423,.NOT_KNOWN.);
#13424=PRODUCT_DEFINITION('design','',#13441,#8638);
#13422=PRODUCT_DEFINITION_SHAPE('','',#13424);
#13442=SHAPE_DEFINITION_REPRESENTATION(#13422,#13415);
#13414=DRAUGHTING_MODEL('',(#13439),#13413);
#13387=SHAPE_REPRESENTATION('LED1~LED0805-R-RD~LED0805-RD~QmFs',(#15,#13428),#13385);
#13443=CARTESIAN_POINT('',(0.,0.,0.));
#13444=DIRECTION('',(0.,0.,1.));
#13445=DIRECTION('',(1.,0.,0.));
#13446=AXIS2_PLACEMENT_3D('',#13443,#13444,#13445);
#13448=MAPPED_ITEM('',#13447,#13446);
#13447=REPRESENTATION_MAP(#13446,#13387);
#13395=PRODUCT('LED1~LED0805-R-RD~LED0805-RD~QmFs','LED1~LED0805-R-RD~LED0805-RD~QmFs','',(#8637));
#13449=PRODUCT_RELATED_PRODUCT_CATEGORY('part','',(#13395));
#13450=PRODUCT_DEFINITION_FORMATION_WITH_SPECIFIED_SOURCE('','',#13395,.NOT_KNOWN.);
#13396=PRODUCT_DEFINITION('design','',#13450,#8638);
#13394=PRODUCT_DEFINITION_SHAPE('','',#13396);
#13451=SHAPE_DEFINITION_REPRESENTATION(#13394,#13387);
#13386=DRAUGHTING_MODEL('',(#13448),#13385);
#13452=(NAMED_UNIT(*)PLANE_ANGLE_UNIT()SI_UNIT($,.RADIAN.));
#13453=PLANE_ANGLE_MEASURE_WITH_UNIT(PLANE_ANGLE_MEASURE(0.0174532925),#13452);
#13454=(CONVERSION_BASED_UNIT('DEGREE',#13453)NAMED_UNIT(#13455)PLANE_ANGLE_UNIT());
#13455=DIMENSIONAL_EXPONENTS(0.,0.,0.,0.,0.,0.,0.);
#13456=(NAMED_UNIT(*)SI_UNIT($,.STERADIAN.)SOLID_ANGLE_UNIT());
#13457=(LENGTH_UNIT()NAMED_UNIT(*)SI_UNIT(.MILLI.,.METRE.));
#13458=UNCERTAINTY_MEASURE_WITH_UNIT(LENGTH_MEASURE(1.000000E-03),#13457,'DISTANCE_ACCURACY_VALUE','Maximum Tolerance applied to model');
#13459=(GEOMETRIC_REPRESENTATION_CONTEXT(3)GLOBAL_UNCERTAINTY_ASSIGNED_CONTEXT((#13458))GLOBAL_UNIT_ASSIGNED_CONTEXT((#13457,#13454,#13456))REPRESENTATION_CONTEXT('','U5~SOT-23-6_L2.9-W1.6-P0.95-LS2.8-BR~SOT-23-6_L2.9-W1.6-H1.5-LS2.8-P0.95~QmFs'));
#13471=CARTESIAN_POINT('',(0.,0.,0.));
#13472=DIRECTION('',(0.,0.,1.));
#13473=DIRECTION('',(1.,0.,-0.));
#13474=AXIS2_PLACEMENT_3D('',#13471,#13472,#13473);
#13475=ITEM_DEFINED_TRANSFORMATION('','',#13474,#15);
#13476=(REPRESENTATION_RELATIONSHIP('','',#13461,#8582)REPRESENTATION_RELATIONSHIP_WITH_TRANSFORMATION(#13475)SHAPE_REPRESENTATION_RELATIONSHIP());
#13477=NEXT_ASSEMBLY_USAGE_OCCURRENCE('U5~SOT-23-6_L2.9-W1.6-P0.95-LS2.8-BR~SOT-23-6_L2.9-W1.6-H1.5-LS2.8-P0.95~QmFs_133','U5~SOT-23-6_L2.9-W1.6-P0.95-LS2.8-BR~SOT-23-6_L2.9-W1.6-H1.5-LS2.8-P0.95~QmFs','U5~SOT-23-6_L2.9-W1.6-P0.95-LS2.8-BR~SOT-23-6_L2.9-W1.6-H1.5-LS2.8-P0.95~QmFs',#8591,#13470,$);
#13478=PRODUCT_DEFINITION_SHAPE('','',#13477);
#13479=CONTEXT_DEPENDENT_SHAPE_REPRESENTATION(#13476,#13478);
#13480=(NAMED_UNIT(*)PLANE_ANGLE_UNIT()SI_UNIT($,.RADIAN.));
#13481=PLANE_ANGLE_MEASURE_WITH_UNIT(PLANE_ANGLE_MEASURE(0.0174532925),#13480);
#13482=(CONVERSION_BASED_UNIT('DEGREE',#13481)NAMED_UNIT(#13483)PLANE_ANGLE_UNIT());
#13483=DIMENSIONAL_EXPONENTS(0.,0.,0.,0.,0.,0.,0.);
#13484=(NAMED_UNIT(*)SI_UNIT($,.STERADIAN.)SOLID_ANGLE_UNIT());
#13485=(LENGTH_UNIT()NAMED_UNIT(*)SI_UNIT(.MILLI.,.METRE.));
#13486=UNCERTAINTY_MEASURE_WITH_UNIT(LENGTH_MEASURE(1.000000E-03),#13485,'DISTANCE_ACCURACY_VALUE','Maximum Tolerance applied to model');
#13487=(GEOMETRIC_REPRESENTATION_CONTEXT(3)GLOBAL_UNCERTAINTY_ASSIGNED_CONTEXT((#13486))GLOBAL_UNIT_ASSIGNED_CONTEXT((#13485,#13482,#13484))REPRESENTATION_CONTEXT('','SOT-23-6_L2.9-W1.6-P0.95-LS2.8-BR~SOT-23-6_L2.9-W1.6-H1.5-LS2.8-P0.95~QmFs'));
#13499=CARTESIAN_POINT('',(0.,0.,0.));
#13500=DIRECTION('',(0.,0.,1.));
#13501=DIRECTION('',(1.,0.,-0.));
#13502=AXIS2_PLACEMENT_3D('',#13499,#13500,#13501);
#13503=ITEM_DEFINED_TRANSFORMATION('','',#13502,#15);
#13504=(REPRESENTATION_RELATIONSHIP('','',#13489,#13461)REPRESENTATION_RELATIONSHIP_WITH_TRANSFORMATION(#13503)SHAPE_REPRESENTATION_RELATIONSHIP());
#13505=NEXT_ASSEMBLY_USAGE_OCCURRENCE('SOT-23-6_L2.9-W1.6-P0.95-LS2.8-BR~SOT-23-6_L2.9-W1.6-H1.5-LS2.8-P0.95~QmFs_134','SOT-23-6_L2.9-W1.6-P0.95-LS2.8-BR~SOT-23-6_L2.9-W1.6-H1.5-LS2.8-P0.95~QmFs','SOT-23-6_L2.9-W1.6-P0.95-LS2.8-BR~SOT-23-6_L2.9-W1.6-H1.5-LS2.8-P0.95~QmFs',#13470,#13498,$);
#13506=PRODUCT_DEFINITION_SHAPE('','',#13505);
#13507=CONTEXT_DEPENDENT_SHAPE_REPRESENTATION(#13504,#13506);
#13489=SHAPE_REPRESENTATION('SOT-23-6_L2.9-W1.6-P0.95-LS2.8-BR~SOT-23-6_L2.9-W1.6-H1.5-LS2.8-P0.95~QmFs',(#15),#13487);
#13508=CARTESIAN_POINT('',(0.,0.,0.));
#13509=DIRECTION('',(0.,0.,1.));
#13510=DIRECTION('',(1.,0.,0.));
#13511=AXIS2_PLACEMENT_3D('',#13508,#13509,#13510);
#13513=MAPPED_ITEM('',#13512,#13511);
#13512=REPRESENTATION_MAP(#13511,#13489);
#13497=PRODUCT('SOT-23-6_L2.9-W1.6-P0.95-LS2.8-BR~SOT-23-6_L2.9-W1.6-H1.5-LS2.8-P0.95~QmFs','SOT-23-6_L2.9-W1.6-P0.95-LS2.8-BR~SOT-23-6_L2.9-W1.6-H1.5-LS2.8-P0.95~QmFs','',(#8637));
#13514=PRODUCT_RELATED_PRODUCT_CATEGORY('part','',(#13497));
#13515=PRODUCT_DEFINITION_FORMATION_WITH_SPECIFIED_SOURCE('','',#13497,.NOT_KNOWN.);
#13498=PRODUCT_DEFINITION('design','',#13515,#8638);
#13496=PRODUCT_DEFINITION_SHAPE('','',#13498);
#13516=SHAPE_DEFINITION_REPRESENTATION(#13496,#13489);
#13488=DRAUGHTING_MODEL('',(#13513),#13487);
#13461=SHAPE_REPRESENTATION('U5~SOT-23-6_L2.9-W1.6-P0.95-LS2.8-BR~SOT-23-6_L2.9-W1.6-H1.5-LS2.8-P0.95~QmFs',(#15,#13502),#13459);
#13517=CARTESIAN_POINT('',(0.,0.,0.));
#13518=DIRECTION('',(0.,0.,1.));
#13519=DIRECTION('',(1.,0.,0.));
#13520=AXIS2_PLACEMENT_3D('',#13517,#13518,#13519);
#13522=MAPPED_ITEM('',#13521,#13520);
#13521=REPRESENTATION_MAP(#13520,#13461);
#13469=PRODUCT('U5~SOT-23-6_L2.9-W1.6-P0.95-LS2.8-BR~SOT-23-6_L2.9-W1.6-H1.5-LS2.8-P0.95~QmFs','U5~SOT-23-6_L2.9-W1.6-P0.95-LS2.8-BR~SOT-23-6_L2.9-W1.6-H1.5-LS2.8-P0.95~QmFs','',(#8637));
#13523=PRODUCT_RELATED_PRODUCT_CATEGORY('part','',(#13469));
#13524=PRODUCT_DEFINITION_FORMATION_WITH_SPECIFIED_SOURCE('','',#13469,.NOT_KNOWN.);
#13470=PRODUCT_DEFINITION('design','',#13524,#8638);
#13468=PRODUCT_DEFINITION_SHAPE('','',#13470);
#13525=SHAPE_DEFINITION_REPRESENTATION(#13468,#13461);
#13460=DRAUGHTING_MODEL('',(#13522),#13459);
#13526=(NAMED_UNIT(*)PLANE_ANGLE_UNIT()SI_UNIT($,.RADIAN.));
#13527=PLANE_ANGLE_MEASURE_WITH_UNIT(PLANE_ANGLE_MEASURE(0.0174532925),#13526);
#13528=(CONVERSION_BASED_UNIT('DEGREE',#13527)NAMED_UNIT(#13529)PLANE_ANGLE_UNIT());
#13529=DIMENSIONAL_EXPONENTS(0.,0.,0.,0.,0.,0.,0.);
#13530=(NAMED_UNIT(*)SI_UNIT($,.STERADIAN.)SOLID_ANGLE_UNIT());
#13531=(LENGTH_UNIT()NAMED_UNIT(*)SI_UNIT(.MILLI.,.METRE.));
#13532=UNCERTAINTY_MEASURE_WITH_UNIT(LENGTH_MEASURE(1.000000E-03),#13531,'DISTANCE_ACCURACY_VALUE','Maximum Tolerance applied to model');
#13533=(GEOMETRIC_REPRESENTATION_CONTEXT(3)GLOBAL_UNCERTAINTY_ASSIGNED_CONTEXT((#13532))GLOBAL_UNIT_ASSIGNED_CONTEXT((#13531,#13528,#13530))REPRESENTATION_CONTEXT('','U5~SOT-23-6_L2.9-W1.6-P0.95-LS2.8-BR~SOT-23-6_L2.9-W1.6-H1.5-LS2.8-P0.95~QmFs'));
#13545=CARTESIAN_POINT('',(0.,0.,0.));
#13546=DIRECTION('',(0.,0.,1.));
#13547=DIRECTION('',(1.,0.,-0.));
#13548=AXIS2_PLACEMENT_3D('',#13545,#13546,#13547);
#13549=ITEM_DEFINED_TRANSFORMATION('','',#13548,#15);
#13550=(REPRESENTATION_RELATIONSHIP('','',#13535,#8582)REPRESENTATION_RELATIONSHIP_WITH_TRANSFORMATION(#13549)SHAPE_REPRESENTATION_RELATIONSHIP());
#13551=NEXT_ASSEMBLY_USAGE_OCCURRENCE('U5~SOT-23-6_L2.9-W1.6-P0.95-LS2.8-BR~SOT-23-6_L2.9-W1.6-H1.5-LS2.8-P0.95~QmFs_135','U5~SOT-23-6_L2.9-W1.6-P0.95-LS2.8-BR~SOT-23-6_L2.9-W1.6-H1.5-LS2.8-P0.95~QmFs','U5~SOT-23-6_L2.9-W1.6-P0.95-LS2.8-BR~SOT-23-6_L2.9-W1.6-H1.5-LS2.8-P0.95~QmFs',#8591,#13544,$);
#13552=PRODUCT_DEFINITION_SHAPE('','',#13551);
#13553=CONTEXT_DEPENDENT_SHAPE_REPRESENTATION(#13550,#13552);
#13554=(NAMED_UNIT(*)PLANE_ANGLE_UNIT()SI_UNIT($,.RADIAN.));
#13555=PLANE_ANGLE_MEASURE_WITH_UNIT(PLANE_ANGLE_MEASURE(0.0174532925),#13554);
#13556=(CONVERSION_BASED_UNIT('DEGREE',#13555)NAMED_UNIT(#13557)PLANE_ANGLE_UNIT());
#13557=DIMENSIONAL_EXPONENTS(0.,0.,0.,0.,0.,0.,0.);
#13558=(NAMED_UNIT(*)SI_UNIT($,.STERADIAN.)SOLID_ANGLE_UNIT());
#13559=(LENGTH_UNIT()NAMED_UNIT(*)SI_UNIT(.MILLI.,.METRE.));
#13560=UNCERTAINTY_MEASURE_WITH_UNIT(LENGTH_MEASURE(1.000000E-03),#13559,'DISTANCE_ACCURACY_VALUE','Maximum Tolerance applied to model');
#13561=(GEOMETRIC_REPRESENTATION_CONTEXT(3)GLOBAL_UNCERTAINTY_ASSIGNED_CONTEXT((#13560))GLOBAL_UNIT_ASSIGNED_CONTEXT((#13559,#13556,#13558))REPRESENTATION_CONTEXT('','SOT-23-6_L2.9-W1.6-P0.95-LS2.8-BR~SOT-23-6_L2.9-W1.6-H1.5-LS2.8-P0.95~QmFs'));
#13573=CARTESIAN_POINT('',(0.,0.,0.));
#13574=DIRECTION('',(0.,0.,1.));
#13575=DIRECTION('',(1.,0.,-0.));
#13576=AXIS2_PLACEMENT_3D('',#13573,#13574,#13575);
#13577=ITEM_DEFINED_TRANSFORMATION('','',#13576,#15);
#13578=(REPRESENTATION_RELATIONSHIP('','',#13563,#13535)REPRESENTATION_RELATIONSHIP_WITH_TRANSFORMATION(#13577)SHAPE_REPRESENTATION_RELATIONSHIP());
#13579=NEXT_ASSEMBLY_USAGE_OCCURRENCE('SOT-23-6_L2.9-W1.6-P0.95-LS2.8-BR~SOT-23-6_L2.9-W1.6-H1.5-LS2.8-P0.95~QmFs_136','SOT-23-6_L2.9-W1.6-P0.95-LS2.8-BR~SOT-23-6_L2.9-W1.6-H1.5-LS2.8-P0.95~QmFs','SOT-23-6_L2.9-W1.6-P0.95-LS2.8-BR~SOT-23-6_L2.9-W1.6-H1.5-LS2.8-P0.95~QmFs',#13544,#13572,$);
#13580=PRODUCT_DEFINITION_SHAPE('','',#13579);
#13581=CONTEXT_DEPENDENT_SHAPE_REPRESENTATION(#13578,#13580);
#13563=SHAPE_REPRESENTATION('SOT-23-6_L2.9-W1.6-P0.95-LS2.8-BR~SOT-23-6_L2.9-W1.6-H1.5-LS2.8-P0.95~QmFs',(#15),#13561);
#13582=CARTESIAN_POINT('',(0.,0.,0.));
#13583=DIRECTION('',(0.,0.,1.));
#13584=DIRECTION('',(1.,0.,0.));
#13585=AXIS2_PLACEMENT_3D('',#13582,#13583,#13584);
#13587=MAPPED_ITEM('',#13586,#13585);
#13586=REPRESENTATION_MAP(#13585,#13563);
#13571=PRODUCT('SOT-23-6_L2.9-W1.6-P0.95-LS2.8-BR~SOT-23-6_L2.9-W1.6-H1.5-LS2.8-P0.95~QmFs','SOT-23-6_L2.9-W1.6-P0.95-LS2.8-BR~SOT-23-6_L2.9-W1.6-H1.5-LS2.8-P0.95~QmFs','',(#8637));
#13588=PRODUCT_RELATED_PRODUCT_CATEGORY('part','',(#13571));
#13589=PRODUCT_DEFINITION_FORMATION_WITH_SPECIFIED_SOURCE('','',#13571,.NOT_KNOWN.);
#13572=PRODUCT_DEFINITION('design','',#13589,#8638);
#13570=PRODUCT_DEFINITION_SHAPE('','',#13572);
#13590=SHAPE_DEFINITION_REPRESENTATION(#13570,#13563);
#13562=DRAUGHTING_MODEL('',(#13587),#13561);
#13535=SHAPE_REPRESENTATION('U5~SOT-23-6_L2.9-W1.6-P0.95-LS2.8-BR~SOT-23-6_L2.9-W1.6-H1.5-LS2.8-P0.95~QmFs',(#15,#13576),#13533);
#13591=CARTESIAN_POINT('',(0.,0.,0.));
#13592=DIRECTION('',(0.,0.,1.));
#13593=DIRECTION('',(1.,0.,0.));
#13594=AXIS2_PLACEMENT_3D('',#13591,#13592,#13593);
#13596=MAPPED_ITEM('',#13595,#13594);
#13595=REPRESENTATION_MAP(#13594,#13535);
#13543=PRODUCT('U5~SOT-23-6_L2.9-W1.6-P0.95-LS2.8-BR~SOT-23-6_L2.9-W1.6-H1.5-LS2.8-P0.95~QmFs','U5~SOT-23-6_L2.9-W1.6-P0.95-LS2.8-BR~SOT-23-6_L2.9-W1.6-H1.5-LS2.8-P0.95~QmFs','',(#8637));
#13597=PRODUCT_RELATED_PRODUCT_CATEGORY('part','',(#13543));
#13598=PRODUCT_DEFINITION_FORMATION_WITH_SPECIFIED_SOURCE('','',#13543,.NOT_KNOWN.);
#13544=PRODUCT_DEFINITION('design','',#13598,#8638);
#13542=PRODUCT_DEFINITION_SHAPE('','',#13544);
#13599=SHAPE_DEFINITION_REPRESENTATION(#13542,#13535);
#13534=DRAUGHTING_MODEL('',(#13596),#13533);
#13600=(NAMED_UNIT(*)PLANE_ANGLE_UNIT()SI_UNIT($,.RADIAN.));
#13601=PLANE_ANGLE_MEASURE_WITH_UNIT(PLANE_ANGLE_MEASURE(0.0174532925),#13600);
#13602=(CONVERSION_BASED_UNIT('DEGREE',#13601)NAMED_UNIT(#13603)PLANE_ANGLE_UNIT());
#13603=DIMENSIONAL_EXPONENTS(0.,0.,0.,0.,0.,0.,0.);
#13604=(NAMED_UNIT(*)SI_UNIT($,.STERADIAN.)SOLID_ANGLE_UNIT());
#13605=(LENGTH_UNIT()NAMED_UNIT(*)SI_UNIT(.MILLI.,.METRE.));
#13606=UNCERTAINTY_MEASURE_WITH_UNIT(LENGTH_MEASURE(1.000000E-03),#13605,'DISTANCE_ACCURACY_VALUE','Maximum Tolerance applied to model');
#13607=(GEOMETRIC_REPRESENTATION_CONTEXT(3)GLOBAL_UNCERTAINTY_ASSIGNED_CONTEXT((#13606))GLOBAL_UNIT_ASSIGNED_CONTEXT((#13605,#13602,#13604))REPRESENTATION_CONTEXT('','U11~SOP-8_L5.0-W4.0-P1.27-LS6.0-BL~SOP-8_L5.0-W4.0-H1.8-LS6.2-P1.27~QmFs'));
#13619=CARTESIAN_POINT('',(0.,0.,0.));
#13620=DIRECTION('',(0.,0.,1.));
#13621=DIRECTION('',(1.,0.,-0.));
#13622=AXIS2_PLACEMENT_3D('',#13619,#13620,#13621);
#13623=ITEM_DEFINED_TRANSFORMATION('','',#13622,#15);
#13624=(REPRESENTATION_RELATIONSHIP('','',#13609,#8582)REPRESENTATION_RELATIONSHIP_WITH_TRANSFORMATION(#13623)SHAPE_REPRESENTATION_RELATIONSHIP());
#13625=NEXT_ASSEMBLY_USAGE_OCCURRENCE('U11~SOP-8_L5.0-W4.0-P1.27-LS6.0-BL~SOP-8_L5.0-W4.0-H1.8-LS6.2-P1.27~QmFs_137','U11~SOP-8_L5.0-W4.0-P1.27-LS6.0-BL~SOP-8_L5.0-W4.0-H1.8-LS6.2-P1.27~QmFs','U11~SOP-8_L5.0-W4.0-P1.27-LS6.0-BL~SOP-8_L5.0-W4.0-H1.8-LS6.2-P1.27~QmFs',#8591,#13618,$);
#13626=PRODUCT_DEFINITION_SHAPE('','',#13625);
#13627=CONTEXT_DEPENDENT_SHAPE_REPRESENTATION(#13624,#13626);
#13628=(NAMED_UNIT(*)PLANE_ANGLE_UNIT()SI_UNIT($,.RADIAN.));
#13629=PLANE_ANGLE_MEASURE_WITH_UNIT(PLANE_ANGLE_MEASURE(0.0174532925),#13628);
#13630=(CONVERSION_BASED_UNIT('DEGREE',#13629)NAMED_UNIT(#13631)PLANE_ANGLE_UNIT());
#13631=DIMENSIONAL_EXPONENTS(0.,0.,0.,0.,0.,0.,0.);
#13632=(NAMED_UNIT(*)SI_UNIT($,.STERADIAN.)SOLID_ANGLE_UNIT());
#13633=(LENGTH_UNIT()NAMED_UNIT(*)SI_UNIT(.MILLI.,.METRE.));
#13634=UNCERTAINTY_MEASURE_WITH_UNIT(LENGTH_MEASURE(1.000000E-03),#13633,'DISTANCE_ACCURACY_VALUE','Maximum Tolerance applied to model');
#13635=(GEOMETRIC_REPRESENTATION_CONTEXT(3)GLOBAL_UNCERTAINTY_ASSIGNED_CONTEXT((#13634))GLOBAL_UNIT_ASSIGNED_CONTEXT((#13633,#13630,#13632))REPRESENTATION_CONTEXT('','SOP-8_L5.0-W4.0-P1.27-LS6.0-BL~SOP-8_L5.0-W4.0-H1.8-LS6.2-P1.27~QmFs'));
#13647=CARTESIAN_POINT('',(0.,0.,0.));
#13648=DIRECTION('',(0.,0.,1.));
#13649=DIRECTION('',(1.,0.,-0.));
#13650=AXIS2_PLACEMENT_3D('',#13647,#13648,#13649);
#13651=ITEM_DEFINED_TRANSFORMATION('','',#13650,#15);
#13652=(REPRESENTATION_RELATIONSHIP('','',#13637,#13609)REPRESENTATION_RELATIONSHIP_WITH_TRANSFORMATION(#13651)SHAPE_REPRESENTATION_RELATIONSHIP());
#13653=NEXT_ASSEMBLY_USAGE_OCCURRENCE('SOP-8_L5.0-W4.0-P1.27-LS6.0-BL~SOP-8_L5.0-W4.0-H1.8-LS6.2-P1.27~QmFs_138','SOP-8_L5.0-W4.0-P1.27-LS6.0-BL~SOP-8_L5.0-W4.0-H1.8-LS6.2-P1.27~QmFs','SOP-8_L5.0-W4.0-P1.27-LS6.0-BL~SOP-8_L5.0-W4.0-H1.8-LS6.2-P1.27~QmFs',#13618,#13646,$);
#13654=PRODUCT_DEFINITION_SHAPE('','',#13653);
#13655=CONTEXT_DEPENDENT_SHAPE_REPRESENTATION(#13652,#13654);
#13637=SHAPE_REPRESENTATION('SOP-8_L5.0-W4.0-P1.27-LS6.0-BL~SOP-8_L5.0-W4.0-H1.8-LS6.2-P1.27~QmFs',(#15),#13635);
#13656=CARTESIAN_POINT('',(0.,0.,0.));
#13657=DIRECTION('',(0.,0.,1.));
#13658=DIRECTION('',(1.,0.,0.));
#13659=AXIS2_PLACEMENT_3D('',#13656,#13657,#13658);
#13661=MAPPED_ITEM('',#13660,#13659);
#13660=REPRESENTATION_MAP(#13659,#13637);
#13645=PRODUCT('SOP-8_L5.0-W4.0-P1.27-LS6.0-BL~SOP-8_L5.0-W4.0-H1.8-LS6.2-P1.27~QmFs','SOP-8_L5.0-W4.0-P1.27-LS6.0-BL~SOP-8_L5.0-W4.0-H1.8-LS6.2-P1.27~QmFs','',(#8637));
#13662=PRODUCT_RELATED_PRODUCT_CATEGORY('part','',(#13645));
#13663=PRODUCT_DEFINITION_FORMATION_WITH_SPECIFIED_SOURCE('','',#13645,.NOT_KNOWN.);
#13646=PRODUCT_DEFINITION('design','',#13663,#8638);
#13644=PRODUCT_DEFINITION_SHAPE('','',#13646);
#13664=SHAPE_DEFINITION_REPRESENTATION(#13644,#13637);
#13636=DRAUGHTING_MODEL('',(#13661),#13635);
#13609=SHAPE_REPRESENTATION('U11~SOP-8_L5.0-W4.0-P1.27-LS6.0-BL~SOP-8_L5.0-W4.0-H1.8-LS6.2-P1.27~QmFs',(#15,#13650),#13607);
#13665=CARTESIAN_POINT('',(0.,0.,0.));
#13666=DIRECTION('',(0.,0.,1.));
#13667=DIRECTION('',(1.,0.,0.));
#13668=AXIS2_PLACEMENT_3D('',#13665,#13666,#13667);
#13670=MAPPED_ITEM('',#13669,#13668);
#13669=REPRESENTATION_MAP(#13668,#13609);
#13617=PRODUCT('U11~SOP-8_L5.0-W4.0-P1.27-LS6.0-BL~SOP-8_L5.0-W4.0-H1.8-LS6.2-P1.27~QmFs','U11~SOP-8_L5.0-W4.0-P1.27-LS6.0-BL~SOP-8_L5.0-W4.0-H1.8-LS6.2-P1.27~QmFs','',(#8637));
#13671=PRODUCT_RELATED_PRODUCT_CATEGORY('part','',(#13617));
#13672=PRODUCT_DEFINITION_FORMATION_WITH_SPECIFIED_SOURCE('','',#13617,.NOT_KNOWN.);
#13618=PRODUCT_DEFINITION('design','',#13672,#8638);
#13616=PRODUCT_DEFINITION_SHAPE('','',#13618);
#13673=SHAPE_DEFINITION_REPRESENTATION(#13616,#13609);
#13608=DRAUGHTING_MODEL('',(#13670),#13607);
#13674=(NAMED_UNIT(*)PLANE_ANGLE_UNIT()SI_UNIT($,.RADIAN.));
#13675=PLANE_ANGLE_MEASURE_WITH_UNIT(PLANE_ANGLE_MEASURE(0.0174532925),#13674);
#13676=(CONVERSION_BASED_UNIT('DEGREE',#13675)NAMED_UNIT(#13677)PLANE_ANGLE_UNIT());
#13677=DIMENSIONAL_EXPONENTS(0.,0.,0.,0.,0.,0.,0.);
#13678=(NAMED_UNIT(*)SI_UNIT($,.STERADIAN.)SOLID_ANGLE_UNIT());
#13679=(LENGTH_UNIT()NAMED_UNIT(*)SI_UNIT(.MILLI.,.METRE.));
#13680=UNCERTAINTY_MEASURE_WITH_UNIT(LENGTH_MEASURE(1.000000E-03),#13679,'DISTANCE_ACCURACY_VALUE','Maximum Tolerance applied to model');
#13681=(GEOMETRIC_REPRESENTATION_CONTEXT(3)GLOBAL_UNCERTAINTY_ASSIGNED_CONTEXT((#13680))GLOBAL_UNIT_ASSIGNED_CONTEXT((#13679,#13676,#13678))REPRESENTATION_CONTEXT('','L4~IND-SMD_L4.0-W4.0~IND-SMD_L4.0-W4.0-H1.9~QmFs'));
#13693=CARTESIAN_POINT('',(0.,0.,0.));
#13694=DIRECTION('',(0.,0.,1.));
#13695=DIRECTION('',(1.,0.,-0.));
#13696=AXIS2_PLACEMENT_3D('',#13693,#13694,#13695);
#13697=ITEM_DEFINED_TRANSFORMATION('','',#13696,#15);
#13698=(REPRESENTATION_RELATIONSHIP('','',#13683,#8582)REPRESENTATION_RELATIONSHIP_WITH_TRANSFORMATION(#13697)SHAPE_REPRESENTATION_RELATIONSHIP());
#13699=NEXT_ASSEMBLY_USAGE_OCCURRENCE('L4~IND-SMD_L4.0-W4.0~IND-SMD_L4.0-W4.0-H1.9~QmFs_139','L4~IND-SMD_L4.0-W4.0~IND-SMD_L4.0-W4.0-H1.9~QmFs','L4~IND-SMD_L4.0-W4.0~IND-SMD_L4.0-W4.0-H1.9~QmFs',#8591,#13692,$);
#13700=PRODUCT_DEFINITION_SHAPE('','',#13699);
#13701=CONTEXT_DEPENDENT_SHAPE_REPRESENTATION(#13698,#13700);
#13702=(NAMED_UNIT(*)PLANE_ANGLE_UNIT()SI_UNIT($,.RADIAN.));
#13703=PLANE_ANGLE_MEASURE_WITH_UNIT(PLANE_ANGLE_MEASURE(0.0174532925),#13702);
#13704=(CONVERSION_BASED_UNIT('DEGREE',#13703)NAMED_UNIT(#13705)PLANE_ANGLE_UNIT());
#13705=DIMENSIONAL_EXPONENTS(0.,0.,0.,0.,0.,0.,0.);
#13706=(NAMED_UNIT(*)SI_UNIT($,.STERADIAN.)SOLID_ANGLE_UNIT());
#13707=(LENGTH_UNIT()NAMED_UNIT(*)SI_UNIT(.MILLI.,.METRE.));
#13708=UNCERTAINTY_MEASURE_WITH_UNIT(LENGTH_MEASURE(1.000000E-03),#13707,'DISTANCE_ACCURACY_VALUE','Maximum Tolerance applied to model');
#13709=(GEOMETRIC_REPRESENTATION_CONTEXT(3)GLOBAL_UNCERTAINTY_ASSIGNED_CONTEXT((#13708))GLOBAL_UNIT_ASSIGNED_CONTEXT((#13707,#13704,#13706))REPRESENTATION_CONTEXT('','IND-SMD_L4.0-W4.0~IND-SMD_L4.0-W4.0-H1.9~QmFs'));
#13721=CARTESIAN_POINT('',(0.,0.,0.));
#13722=DIRECTION('',(0.,0.,1.));
#13723=DIRECTION('',(1.,0.,-0.));
#13724=AXIS2_PLACEMENT_3D('',#13721,#13722,#13723);
#13725=ITEM_DEFINED_TRANSFORMATION('','',#13724,#15);
#13726=(REPRESENTATION_RELATIONSHIP('','',#13711,#13683)REPRESENTATION_RELATIONSHIP_WITH_TRANSFORMATION(#13725)SHAPE_REPRESENTATION_RELATIONSHIP());
#13727=NEXT_ASSEMBLY_USAGE_OCCURRENCE('IND-SMD_L4.0-W4.0~IND-SMD_L4.0-W4.0-H1.9~QmFs_140','IND-SMD_L4.0-W4.0~IND-SMD_L4.0-W4.0-H1.9~QmFs','IND-SMD_L4.0-W4.0~IND-SMD_L4.0-W4.0-H1.9~QmFs',#13692,#13720,$);
#13728=PRODUCT_DEFINITION_SHAPE('','',#13727);
#13729=CONTEXT_DEPENDENT_SHAPE_REPRESENTATION(#13726,#13728);
#13711=SHAPE_REPRESENTATION('IND-SMD_L4.0-W4.0~IND-SMD_L4.0-W4.0-H1.9~QmFs',(#15),#13709);
#13730=CARTESIAN_POINT('',(0.,0.,0.));
#13731=DIRECTION('',(0.,0.,1.));
#13732=DIRECTION('',(1.,0.,0.));
#13733=AXIS2_PLACEMENT_3D('',#13730,#13731,#13732);
#13735=MAPPED_ITEM('',#13734,#13733);
#13734=REPRESENTATION_MAP(#13733,#13711);
#13719=PRODUCT('IND-SMD_L4.0-W4.0~IND-SMD_L4.0-W4.0-H1.9~QmFs','IND-SMD_L4.0-W4.0~IND-SMD_L4.0-W4.0-H1.9~QmFs','',(#8637));
#13736=PRODUCT_RELATED_PRODUCT_CATEGORY('part','',(#13719));
#13737=PRODUCT_DEFINITION_FORMATION_WITH_SPECIFIED_SOURCE('','',#13719,.NOT_KNOWN.);
#13720=PRODUCT_DEFINITION('design','',#13737,#8638);
#13718=PRODUCT_DEFINITION_SHAPE('','',#13720);
#13738=SHAPE_DEFINITION_REPRESENTATION(#13718,#13711);
#13710=DRAUGHTING_MODEL('',(#13735),#13709);
#13683=SHAPE_REPRESENTATION('L4~IND-SMD_L4.0-W4.0~IND-SMD_L4.0-W4.0-H1.9~QmFs',(#15,#13724),#13681);
#13739=CARTESIAN_POINT('',(0.,0.,0.));
#13740=DIRECTION('',(0.,0.,1.));
#13741=DIRECTION('',(1.,0.,0.));
#13742=AXIS2_PLACEMENT_3D('',#13739,#13740,#13741);
#13744=MAPPED_ITEM('',#13743,#13742);
#13743=REPRESENTATION_MAP(#13742,#13683);
#13691=PRODUCT('L4~IND-SMD_L4.0-W4.0~IND-SMD_L4.0-W4.0-H1.9~QmFs','L4~IND-SMD_L4.0-W4.0~IND-SMD_L4.0-W4.0-H1.9~QmFs','',(#8637));
#13745=PRODUCT_RELATED_PRODUCT_CATEGORY('part','',(#13691));
#13746=PRODUCT_DEFINITION_FORMATION_WITH_SPECIFIED_SOURCE('','',#13691,.NOT_KNOWN.);
#13692=PRODUCT_DEFINITION('design','',#13746,#8638);
#13690=PRODUCT_DEFINITION_SHAPE('','',#13692);
#13747=SHAPE_DEFINITION_REPRESENTATION(#13690,#13683);
#13682=DRAUGHTING_MODEL('',(#13744),#13681);
#13748=(NAMED_UNIT(*)PLANE_ANGLE_UNIT()SI_UNIT($,.RADIAN.));
#13749=PLANE_ANGLE_MEASURE_WITH_UNIT(PLANE_ANGLE_MEASURE(0.0174532925),#13748);
#13750=(CONVERSION_BASED_UNIT('DEGREE',#13749)NAMED_UNIT(#13751)PLANE_ANGLE_UNIT());
#13751=DIMENSIONAL_EXPONENTS(0.,0.,0.,0.,0.,0.,0.);
#13752=(NAMED_UNIT(*)SI_UNIT($,.STERADIAN.)SOLID_ANGLE_UNIT());
#13753=(LENGTH_UNIT()NAMED_UNIT(*)SI_UNIT(.MILLI.,.METRE.));
#13754=UNCERTAINTY_MEASURE_WITH_UNIT(LENGTH_MEASURE(1.000000E-03),#13753,'DISTANCE_ACCURACY_VALUE','Maximum Tolerance applied to model');
#13755=(GEOMETRIC_REPRESENTATION_CONTEXT(3)GLOBAL_UNCERTAINTY_ASSIGNED_CONTEXT((#13754))GLOBAL_UNIT_ASSIGNED_CONTEXT((#13753,#13750,#13752))REPRESENTATION_CONTEXT('','U2~SOT-23_L2.9-W1.3-P1.90-LS2.4-BR~SOT-23-3P_L2.9-W1.3-H1.0-LS2.4-P0.95~QmFs'));
#13767=CARTESIAN_POINT('',(0.,0.,0.));
#13768=DIRECTION('',(0.,0.,1.));
#13769=DIRECTION('',(1.,0.,-0.));
#13770=AXIS2_PLACEMENT_3D('',#13767,#13768,#13769);
#13771=ITEM_DEFINED_TRANSFORMATION('','',#13770,#15);
#13772=(REPRESENTATION_RELATIONSHIP('','',#13757,#8582)REPRESENTATION_RELATIONSHIP_WITH_TRANSFORMATION(#13771)SHAPE_REPRESENTATION_RELATIONSHIP());
#13773=NEXT_ASSEMBLY_USAGE_OCCURRENCE('U2~SOT-23_L2.9-W1.3-P1.90-LS2.4-BR~SOT-23-3P_L2.9-W1.3-H1.0-LS2.4-P0.95~QmFs_141','U2~SOT-23_L2.9-W1.3-P1.90-LS2.4-BR~SOT-23-3P_L2.9-W1.3-H1.0-LS2.4-P0.95~QmFs','U2~SOT-23_L2.9-W1.3-P1.90-LS2.4-BR~SOT-23-3P_L2.9-W1.3-H1.0-LS2.4-P0.95~QmFs',#8591,#13766,$);
#13774=PRODUCT_DEFINITION_SHAPE('','',#13773);
#13775=CONTEXT_DEPENDENT_SHAPE_REPRESENTATION(#13772,#13774);
#13776=(NAMED_UNIT(*)PLANE_ANGLE_UNIT()SI_UNIT($,.RADIAN.));
#13777=PLANE_ANGLE_MEASURE_WITH_UNIT(PLANE_ANGLE_MEASURE(0.0174532925),#13776);
#13778=(CONVERSION_BASED_UNIT('DEGREE',#13777)NAMED_UNIT(#13779)PLANE_ANGLE_UNIT());
#13779=DIMENSIONAL_EXPONENTS(0.,0.,0.,0.,0.,0.,0.);
#13780=(NAMED_UNIT(*)SI_UNIT($,.STERADIAN.)SOLID_ANGLE_UNIT());
#13781=(LENGTH_UNIT()NAMED_UNIT(*)SI_UNIT(.MILLI.,.METRE.));
#13782=UNCERTAINTY_MEASURE_WITH_UNIT(LENGTH_MEASURE(1.000000E-03),#13781,'DISTANCE_ACCURACY_VALUE','Maximum Tolerance applied to model');
#13783=(GEOMETRIC_REPRESENTATION_CONTEXT(3)GLOBAL_UNCERTAINTY_ASSIGNED_CONTEXT((#13782))GLOBAL_UNIT_ASSIGNED_CONTEXT((#13781,#13778,#13780))REPRESENTATION_CONTEXT('','SOT-23_L2.9-W1.3-P1.90-LS2.4-BR~SOT-23-3P_L2.9-W1.3-H1.0-LS2.4-P0.95~QmFs'));
#13795=CARTESIAN_POINT('',(0.,0.,0.));
#13796=DIRECTION('',(0.,0.,1.));
#13797=DIRECTION('',(1.,0.,-0.));
#13798=AXIS2_PLACEMENT_3D('',#13795,#13796,#13797);
#13799=ITEM_DEFINED_TRANSFORMATION('','',#13798,#15);
#13800=(REPRESENTATION_RELATIONSHIP('','',#13785,#13757)REPRESENTATION_RELATIONSHIP_WITH_TRANSFORMATION(#13799)SHAPE_REPRESENTATION_RELATIONSHIP());
#13801=NEXT_ASSEMBLY_USAGE_OCCURRENCE('SOT-23_L2.9-W1.3-P1.90-LS2.4-BR~SOT-23-3P_L2.9-W1.3-H1.0-LS2.4-P0.95~QmFs_142','SOT-23_L2.9-W1.3-P1.90-LS2.4-BR~SOT-23-3P_L2.9-W1.3-H1.0-LS2.4-P0.95~QmFs','SOT-23_L2.9-W1.3-P1.90-LS2.4-BR~SOT-23-3P_L2.9-W1.3-H1.0-LS2.4-P0.95~QmFs',#13766,#13794,$);
#13802=PRODUCT_DEFINITION_SHAPE('','',#13801);
#13803=CONTEXT_DEPENDENT_SHAPE_REPRESENTATION(#13800,#13802);
#13785=SHAPE_REPRESENTATION('SOT-23_L2.9-W1.3-P1.90-LS2.4-BR~SOT-23-3P_L2.9-W1.3-H1.0-LS2.4-P0.95~QmFs',(#15),#13783);
#13804=CARTESIAN_POINT('',(0.,0.,0.));
#13805=DIRECTION('',(0.,0.,1.));
#13806=DIRECTION('',(1.,0.,0.));
#13807=AXIS2_PLACEMENT_3D('',#13804,#13805,#13806);
#13809=MAPPED_ITEM('',#13808,#13807);
#13808=REPRESENTATION_MAP(#13807,#13785);
#13793=PRODUCT('SOT-23_L2.9-W1.3-P1.90-LS2.4-BR~SOT-23-3P_L2.9-W1.3-H1.0-LS2.4-P0.95~QmFs','SOT-23_L2.9-W1.3-P1.90-LS2.4-BR~SOT-23-3P_L2.9-W1.3-H1.0-LS2.4-P0.95~QmFs','',(#8637));
#13810=PRODUCT_RELATED_PRODUCT_CATEGORY('part','',(#13793));
#13811=PRODUCT_DEFINITION_FORMATION_WITH_SPECIFIED_SOURCE('','',#13793,.NOT_KNOWN.);
#13794=PRODUCT_DEFINITION('design','',#13811,#8638);
#13792=PRODUCT_DEFINITION_SHAPE('','',#13794);
#13812=SHAPE_DEFINITION_REPRESENTATION(#13792,#13785);
#13784=DRAUGHTING_MODEL('',(#13809),#13783);
#13757=SHAPE_REPRESENTATION('U2~SOT-23_L2.9-W1.3-P1.90-LS2.4-BR~SOT-23-3P_L2.9-W1.3-H1.0-LS2.4-P0.95~QmFs',(#15,#13798),#13755);
#13813=CARTESIAN_POINT('',(0.,0.,0.));
#13814=DIRECTION('',(0.,0.,1.));
#13815=DIRECTION('',(1.,0.,0.));
#13816=AXIS2_PLACEMENT_3D('',#13813,#13814,#13815);
#13818=MAPPED_ITEM('',#13817,#13816);
#13817=REPRESENTATION_MAP(#13816,#13757);
#13765=PRODUCT('U2~SOT-23_L2.9-W1.3-P1.90-LS2.4-BR~SOT-23-3P_L2.9-W1.3-H1.0-LS2.4-P0.95~QmFs','U2~SOT-23_L2.9-W1.3-P1.90-LS2.4-BR~SOT-23-3P_L2.9-W1.3-H1.0-LS2.4-P0.95~QmFs','',(#8637));
#13819=PRODUCT_RELATED_PRODUCT_CATEGORY('part','',(#13765));
#13820=PRODUCT_DEFINITION_FORMATION_WITH_SPECIFIED_SOURCE('','',#13765,.NOT_KNOWN.);
#13766=PRODUCT_DEFINITION('design','',#13820,#8638);
#13764=PRODUCT_DEFINITION_SHAPE('','',#13766);
#13821=SHAPE_DEFINITION_REPRESENTATION(#13764,#13757);
#13756=DRAUGHTING_MODEL('',(#13818),#13755);
#13822=(NAMED_UNIT(*)PLANE_ANGLE_UNIT()SI_UNIT($,.RADIAN.));
#13823=PLANE_ANGLE_MEASURE_WITH_UNIT(PLANE_ANGLE_MEASURE(0.0174532925),#13822);
#13824=(CONVERSION_BASED_UNIT('DEGREE',#13823)NAMED_UNIT(#13825)PLANE_ANGLE_UNIT());
#13825=DIMENSIONAL_EXPONENTS(0.,0.,0.,0.,0.,0.,0.);
#13826=(NAMED_UNIT(*)SI_UNIT($,.STERADIAN.)SOLID_ANGLE_UNIT());
#13827=(LENGTH_UNIT()NAMED_UNIT(*)SI_UNIT(.MILLI.,.METRE.));
#13828=UNCERTAINTY_MEASURE_WITH_UNIT(LENGTH_MEASURE(1.000000E-03),#13827,'DISTANCE_ACCURACY_VALUE','Maximum Tolerance applied to model');
#13829=(GEOMETRIC_REPRESENTATION_CONTEXT(3)GLOBAL_UNCERTAINTY_ASSIGNED_CONTEXT((#13828))GLOBAL_UNIT_ASSIGNED_CONTEXT((#13827,#13824,#13826))REPRESENTATION_CONTEXT('','L5~IND-SMD_L4.0-W4.0_FNR40XXS~IND-SMD_L4.0-W4.0-H2.6_FNR40XXS~QmFs'));
#13841=CARTESIAN_POINT('',(0.,0.,0.));
#13842=DIRECTION('',(0.,0.,1.));
#13843=DIRECTION('',(1.,0.,-0.));
#13844=AXIS2_PLACEMENT_3D('',#13841,#13842,#13843);
#13845=ITEM_DEFINED_TRANSFORMATION('','',#13844,#15);
#13846=(REPRESENTATION_RELATIONSHIP('','',#13831,#8582)REPRESENTATION_RELATIONSHIP_WITH_TRANSFORMATION(#13845)SHAPE_REPRESENTATION_RELATIONSHIP());
#13847=NEXT_ASSEMBLY_USAGE_OCCURRENCE('L5~IND-SMD_L4.0-W4.0_FNR40XXS~IND-SMD_L4.0-W4.0-H2.6_FNR40XXS~QmFs_143','L5~IND-SMD_L4.0-W4.0_FNR40XXS~IND-SMD_L4.0-W4.0-H2.6_FNR40XXS~QmFs','L5~IND-SMD_L4.0-W4.0_FNR40XXS~IND-SMD_L4.0-W4.0-H2.6_FNR40XXS~QmFs',#8591,#13840,$);
#13848=PRODUCT_DEFINITION_SHAPE('','',#13847);
#13849=CONTEXT_DEPENDENT_SHAPE_REPRESENTATION(#13846,#13848);
#13850=(NAMED_UNIT(*)PLANE_ANGLE_UNIT()SI_UNIT($,.RADIAN.));
#13851=PLANE_ANGLE_MEASURE_WITH_UNIT(PLANE_ANGLE_MEASURE(0.0174532925),#13850);
#13852=(CONVERSION_BASED_UNIT('DEGREE',#13851)NAMED_UNIT(#13853)PLANE_ANGLE_UNIT());
#13853=DIMENSIONAL_EXPONENTS(0.,0.,0.,0.,0.,0.,0.);
#13854=(NAMED_UNIT(*)SI_UNIT($,.STERADIAN.)SOLID_ANGLE_UNIT());
#13855=(LENGTH_UNIT()NAMED_UNIT(*)SI_UNIT(.MILLI.,.METRE.));
#13856=UNCERTAINTY_MEASURE_WITH_UNIT(LENGTH_MEASURE(1.000000E-03),#13855,'DISTANCE_ACCURACY_VALUE','Maximum Tolerance applied to model');
#13857=(GEOMETRIC_REPRESENTATION_CONTEXT(3)GLOBAL_UNCERTAINTY_ASSIGNED_CONTEXT((#13856))GLOBAL_UNIT_ASSIGNED_CONTEXT((#13855,#13852,#13854))REPRESENTATION_CONTEXT('','IND-SMD_L4.0-W4.0_FNR40XXS~IND-SMD_L4.0-W4.0-H2.6_FNR40XXS~QmFs'));
#13869=CARTESIAN_POINT('',(0.,0.,0.));
#13870=DIRECTION('',(0.,0.,1.));
#13871=DIRECTION('',(1.,0.,-0.));
#13872=AXIS2_PLACEMENT_3D('',#13869,#13870,#13871);
#13873=ITEM_DEFINED_TRANSFORMATION('','',#13872,#15);
#13874=(REPRESENTATION_RELATIONSHIP('','',#13859,#13831)REPRESENTATION_RELATIONSHIP_WITH_TRANSFORMATION(#13873)SHAPE_REPRESENTATION_RELATIONSHIP());
#13875=NEXT_ASSEMBLY_USAGE_OCCURRENCE('IND-SMD_L4.0-W4.0_FNR40XXS~IND-SMD_L4.0-W4.0-H2.6_FNR40XXS~QmFs_144','IND-SMD_L4.0-W4.0_FNR40XXS~IND-SMD_L4.0-W4.0-H2.6_FNR40XXS~QmFs','IND-SMD_L4.0-W4.0_FNR40XXS~IND-SMD_L4.0-W4.0-H2.6_FNR40XXS~QmFs',#13840,#13868,$);
#13876=PRODUCT_DEFINITION_SHAPE('','',#13875);
#13877=CONTEXT_DEPENDENT_SHAPE_REPRESENTATION(#13874,#13876);
#13859=SHAPE_REPRESENTATION('IND-SMD_L4.0-W4.0_FNR40XXS~IND-SMD_L4.0-W4.0-H2.6_FNR40XXS~QmFs',(#15),#13857);
#13878=CARTESIAN_POINT('',(0.,0.,0.));
#13879=DIRECTION('',(0.,0.,1.));
#13880=DIRECTION('',(1.,0.,0.));
#13881=AXIS2_PLACEMENT_3D('',#13878,#13879,#13880);
#13883=MAPPED_ITEM('',#13882,#13881);
#13882=REPRESENTATION_MAP(#13881,#13859);
#13867=PRODUCT('IND-SMD_L4.0-W4.0_FNR40XXS~IND-SMD_L4.0-W4.0-H2.6_FNR40XXS~QmFs','IND-SMD_L4.0-W4.0_FNR40XXS~IND-SMD_L4.0-W4.0-H2.6_FNR40XXS~QmFs','',(#8637));
#13884=PRODUCT_RELATED_PRODUCT_CATEGORY('part','',(#13867));
#13885=PRODUCT_DEFINITION_FORMATION_WITH_SPECIFIED_SOURCE('','',#13867,.NOT_KNOWN.);
#13868=PRODUCT_DEFINITION('design','',#13885,#8638);
#13866=PRODUCT_DEFINITION_SHAPE('','',#13868);
#13886=SHAPE_DEFINITION_REPRESENTATION(#13866,#13859);
#13858=DRAUGHTING_MODEL('',(#13883),#13857);
#13831=SHAPE_REPRESENTATION('L5~IND-SMD_L4.0-W4.0_FNR40XXS~IND-SMD_L4.0-W4.0-H2.6_FNR40XXS~QmFs',(#15,#13872),#13829);
#13887=CARTESIAN_POINT('',(0.,0.,0.));
#13888=DIRECTION('',(0.,0.,1.));
#13889=DIRECTION('',(1.,0.,0.));
#13890=AXIS2_PLACEMENT_3D('',#13887,#13888,#13889);
#13892=MAPPED_ITEM('',#13891,#13890);
#13891=REPRESENTATION_MAP(#13890,#13831);
#13839=PRODUCT('L5~IND-SMD_L4.0-W4.0_FNR40XXS~IND-SMD_L4.0-W4.0-H2.6_FNR40XXS~QmFs','L5~IND-SMD_L4.0-W4.0_FNR40XXS~IND-SMD_L4.0-W4.0-H2.6_FNR40XXS~QmFs','',(#8637));
#13893=PRODUCT_RELATED_PRODUCT_CATEGORY('part','',(#13839));
#13894=PRODUCT_DEFINITION_FORMATION_WITH_SPECIFIED_SOURCE('','',#13839,.NOT_KNOWN.);
#13840=PRODUCT_DEFINITION('design','',#13894,#8638);
#13838=PRODUCT_DEFINITION_SHAPE('','',#13840);
#13895=SHAPE_DEFINITION_REPRESENTATION(#13838,#13831);
#13830=DRAUGHTING_MODEL('',(#13892),#13829);
#13896=(NAMED_UNIT(*)PLANE_ANGLE_UNIT()SI_UNIT($,.RADIAN.));
#13897=PLANE_ANGLE_MEASURE_WITH_UNIT(PLANE_ANGLE_MEASURE(0.0174532925),#13896);
#13898=(CONVERSION_BASED_UNIT('DEGREE',#13897)NAMED_UNIT(#13899)PLANE_ANGLE_UNIT());
#13899=DIMENSIONAL_EXPONENTS(0.,0.,0.,0.,0.,0.,0.);
#13900=(NAMED_UNIT(*)SI_UNIT($,.STERADIAN.)SOLID_ANGLE_UNIT());
#13901=(LENGTH_UNIT()NAMED_UNIT(*)SI_UNIT(.MILLI.,.METRE.));
#13902=UNCERTAINTY_MEASURE_WITH_UNIT(LENGTH_MEASURE(1.000000E-03),#13901,'DISTANCE_ACCURACY_VALUE','Maximum Tolerance applied to model');
#13903=(GEOMETRIC_REPRESENTATION_CONTEXT(3)GLOBAL_UNCERTAINTY_ASSIGNED_CONTEXT((#13902))GLOBAL_UNIT_ASSIGNED_CONTEXT((#13901,#13898,#13900))REPRESENTATION_CONTEXT('','U4~SOP-8_L5.3-W5.3-P1.27-LS8.0-BL~SOP-8_L5.2-W5.3-H2.1-LS7.9-P1.27~QmFs'));
#13915=CARTESIAN_POINT('',(0.,0.,0.));
#13916=DIRECTION('',(0.,0.,1.));
#13917=DIRECTION('',(1.,0.,-0.));
#13918=AXIS2_PLACEMENT_3D('',#13915,#13916,#13917);
#13919=ITEM_DEFINED_TRANSFORMATION('','',#13918,#15);
#13920=(REPRESENTATION_RELATIONSHIP('','',#13905,#8582)REPRESENTATION_RELATIONSHIP_WITH_TRANSFORMATION(#13919)SHAPE_REPRESENTATION_RELATIONSHIP());
#13921=NEXT_ASSEMBLY_USAGE_OCCURRENCE('U4~SOP-8_L5.3-W5.3-P1.27-LS8.0-BL~SOP-8_L5.2-W5.3-H2.1-LS7.9-P1.27~QmFs_145','U4~SOP-8_L5.3-W5.3-P1.27-LS8.0-BL~SOP-8_L5.2-W5.3-H2.1-LS7.9-P1.27~QmFs','U4~SOP-8_L5.3-W5.3-P1.27-LS8.0-BL~SOP-8_L5.2-W5.3-H2.1-LS7.9-P1.27~QmFs',#8591,#13914,$);
#13922=PRODUCT_DEFINITION_SHAPE('','',#13921);
#13923=CONTEXT_DEPENDENT_SHAPE_REPRESENTATION(#13920,#13922);
#13924=(NAMED_UNIT(*)PLANE_ANGLE_UNIT()SI_UNIT($,.RADIAN.));
#13925=PLANE_ANGLE_MEASURE_WITH_UNIT(PLANE_ANGLE_MEASURE(0.0174532925),#13924);
#13926=(CONVERSION_BASED_UNIT('DEGREE',#13925)NAMED_UNIT(#13927)PLANE_ANGLE_UNIT());
#13927=DIMENSIONAL_EXPONENTS(0.,0.,0.,0.,0.,0.,0.);
#13928=(NAMED_UNIT(*)SI_UNIT($,.STERADIAN.)SOLID_ANGLE_UNIT());
#13929=(LENGTH_UNIT()NAMED_UNIT(*)SI_UNIT(.MILLI.,.METRE.));
#13930=UNCERTAINTY_MEASURE_WITH_UNIT(LENGTH_MEASURE(1.000000E-03),#13929,'DISTANCE_ACCURACY_VALUE','Maximum Tolerance applied to model');
#13931=(GEOMETRIC_REPRESENTATION_CONTEXT(3)GLOBAL_UNCERTAINTY_ASSIGNED_CONTEXT((#13930))GLOBAL_UNIT_ASSIGNED_CONTEXT((#13929,#13926,#13928))REPRESENTATION_CONTEXT('','SOP-8_L5.3-W5.3-P1.27-LS8.0-BL~SOP-8_L5.2-W5.3-H2.1-LS7.9-P1.27~QmFs'));
#13943=CARTESIAN_POINT('',(0.,0.,0.));
#13944=DIRECTION('',(0.,0.,1.));
#13945=DIRECTION('',(1.,0.,-0.));
#13946=AXIS2_PLACEMENT_3D('',#13943,#13944,#13945);
#13947=ITEM_DEFINED_TRANSFORMATION('','',#13946,#15);
#13948=(REPRESENTATION_RELATIONSHIP('','',#13933,#13905)REPRESENTATION_RELATIONSHIP_WITH_TRANSFORMATION(#13947)SHAPE_REPRESENTATION_RELATIONSHIP());
#13949=NEXT_ASSEMBLY_USAGE_OCCURRENCE('SOP-8_L5.3-W5.3-P1.27-LS8.0-BL~SOP-8_L5.2-W5.3-H2.1-LS7.9-P1.27~QmFs_146','SOP-8_L5.3-W5.3-P1.27-LS8.0-BL~SOP-8_L5.2-W5.3-H2.1-LS7.9-P1.27~QmFs','SOP-8_L5.3-W5.3-P1.27-LS8.0-BL~SOP-8_L5.2-W5.3-H2.1-LS7.9-P1.27~QmFs',#13914,#13942,$);
#13950=PRODUCT_DEFINITION_SHAPE('','',#13949);
#13951=CONTEXT_DEPENDENT_SHAPE_REPRESENTATION(#13948,#13950);
#13933=SHAPE_REPRESENTATION('SOP-8_L5.3-W5.3-P1.27-LS8.0-BL~SOP-8_L5.2-W5.3-H2.1-LS7.9-P1.27~QmFs',(#15),#13931);
#13952=CARTESIAN_POINT('',(0.,0.,0.));
#13953=DIRECTION('',(0.,0.,1.));
#13954=DIRECTION('',(1.,0.,0.));
#13955=AXIS2_PLACEMENT_3D('',#13952,#13953,#13954);
#13957=MAPPED_ITEM('',#13956,#13955);
#13956=REPRESENTATION_MAP(#13955,#13933);
#13941=PRODUCT('SOP-8_L5.3-W5.3-P1.27-LS8.0-BL~SOP-8_L5.2-W5.3-H2.1-LS7.9-P1.27~QmFs','SOP-8_L5.3-W5.3-P1.27-LS8.0-BL~SOP-8_L5.2-W5.3-H2.1-LS7.9-P1.27~QmFs','',(#8637));
#13958=PRODUCT_RELATED_PRODUCT_CATEGORY('part','',(#13941));
#13959=PRODUCT_DEFINITION_FORMATION_WITH_SPECIFIED_SOURCE('','',#13941,.NOT_KNOWN.);
#13942=PRODUCT_DEFINITION('design','',#13959,#8638);
#13940=PRODUCT_DEFINITION_SHAPE('','',#13942);
#13960=SHAPE_DEFINITION_REPRESENTATION(#13940,#13933);
#13932=DRAUGHTING_MODEL('',(#13957),#13931);
#13905=SHAPE_REPRESENTATION('U4~SOP-8_L5.3-W5.3-P1.27-LS8.0-BL~SOP-8_L5.2-W5.3-H2.1-LS7.9-P1.27~QmFs',(#15,#13946),#13903);
#13961=CARTESIAN_POINT('',(0.,0.,0.));
#13962=DIRECTION('',(0.,0.,1.));
#13963=DIRECTION('',(1.,0.,0.));
#13964=AXIS2_PLACEMENT_3D('',#13961,#13962,#13963);
#13966=MAPPED_ITEM('',#13965,#13964);
#13965=REPRESENTATION_MAP(#13964,#13905);
#13913=PRODUCT('U4~SOP-8_L5.3-W5.3-P1.27-LS8.0-BL~SOP-8_L5.2-W5.3-H2.1-LS7.9-P1.27~QmFs','U4~SOP-8_L5.3-W5.3-P1.27-LS8.0-BL~SOP-8_L5.2-W5.3-H2.1-LS7.9-P1.27~QmFs','',(#8637));
#13967=PRODUCT_RELATED_PRODUCT_CATEGORY('part','',(#13913));
#13968=PRODUCT_DEFINITION_FORMATION_WITH_SPECIFIED_SOURCE('','',#13913,.NOT_KNOWN.);
#13914=PRODUCT_DEFINITION('design','',#13968,#8638);
#13912=PRODUCT_DEFINITION_SHAPE('','',#13914);
#13969=SHAPE_DEFINITION_REPRESENTATION(#13912,#13905);
#13904=DRAUGHTING_MODEL('',(#13966),#13903);
#13970=(NAMED_UNIT(*)PLANE_ANGLE_UNIT()SI_UNIT($,.RADIAN.));
#13971=PLANE_ANGLE_MEASURE_WITH_UNIT(PLANE_ANGLE_MEASURE(0.0174532925),#13970);
#13972=(CONVERSION_BASED_UNIT('DEGREE',#13971)NAMED_UNIT(#13973)PLANE_ANGLE_UNIT());
#13973=DIMENSIONAL_EXPONENTS(0.,0.,0.,0.,0.,0.,0.);
#13974=(NAMED_UNIT(*)SI_UNIT($,.STERADIAN.)SOLID_ANGLE_UNIT());
#13975=(LENGTH_UNIT()NAMED_UNIT(*)SI_UNIT(.MILLI.,.METRE.));
#13976=UNCERTAINTY_MEASURE_WITH_UNIT(LENGTH_MEASURE(1.000000E-03),#13975,'DISTANCE_ACCURACY_VALUE','Maximum Tolerance applied to model');
#13977=(GEOMETRIC_REPRESENTATION_CONTEXT(3)GLOBAL_UNCERTAINTY_ASSIGNED_CONTEXT((#13976))GLOBAL_UNIT_ASSIGNED_CONTEXT((#13975,#13972,#13974))REPRESENTATION_CONTEXT('','U7~LED-SMD_L3.5-W2.8-FD-2835_WHITE~LED-SMD_L3.5-W2.8-FD-2835_WHITE~QmFs'));
#13989=CARTESIAN_POINT('',(0.,0.,0.));
#13990=DIRECTION('',(0.,0.,1.));
#13991=DIRECTION('',(1.,0.,-0.));
#13992=AXIS2_PLACEMENT_3D('',#13989,#13990,#13991);
#13993=ITEM_DEFINED_TRANSFORMATION('','',#13992,#15);
#13994=(REPRESENTATION_RELATIONSHIP('','',#13979,#8582)REPRESENTATION_RELATIONSHIP_WITH_TRANSFORMATION(#13993)SHAPE_REPRESENTATION_RELATIONSHIP());
#13995=NEXT_ASSEMBLY_USAGE_OCCURRENCE('U7~LED-SMD_L3.5-W2.8-FD-2835_WHITE~LED-SMD_L3.5-W2.8-FD-2835_WHITE~QmFs_147','U7~LED-SMD_L3.5-W2.8-FD-2835_WHITE~LED-SMD_L3.5-W2.8-FD-2835_WHITE~QmFs','U7~LED-SMD_L3.5-W2.8-FD-2835_WHITE~LED-SMD_L3.5-W2.8-FD-2835_WHITE~QmFs',#8591,#13988,$);
#13996=PRODUCT_DEFINITION_SHAPE('','',#13995);
#13997=CONTEXT_DEPENDENT_SHAPE_REPRESENTATION(#13994,#13996);
#13998=(NAMED_UNIT(*)PLANE_ANGLE_UNIT()SI_UNIT($,.RADIAN.));
#13999=PLANE_ANGLE_MEASURE_WITH_UNIT(PLANE_ANGLE_MEASURE(0.0174532925),#13998);
#14000=(CONVERSION_BASED_UNIT('DEGREE',#13999)NAMED_UNIT(#14001)PLANE_ANGLE_UNIT());
#14001=DIMENSIONAL_EXPONENTS(0.,0.,0.,0.,0.,0.,0.);
#14002=(NAMED_UNIT(*)SI_UNIT($,.STERADIAN.)SOLID_ANGLE_UNIT());
#14003=(LENGTH_UNIT()NAMED_UNIT(*)SI_UNIT(.MILLI.,.METRE.));
#14004=UNCERTAINTY_MEASURE_WITH_UNIT(LENGTH_MEASURE(1.000000E-03),#14003,'DISTANCE_ACCURACY_VALUE','Maximum Tolerance applied to model');
#14005=(GEOMETRIC_REPRESENTATION_CONTEXT(3)GLOBAL_UNCERTAINTY_ASSIGNED_CONTEXT((#14004))GLOBAL_UNIT_ASSIGNED_CONTEXT((#14003,#14000,#14002))REPRESENTATION_CONTEXT('','LED-SMD_L3.5-W2.8-FD-2835_WHITE~LED-SMD_L3.5-W2.8-FD-2835_WHITE~QmFs'));
#14017=CARTESIAN_POINT('',(0.,0.,0.));
#14018=DIRECTION('',(0.,0.,1.));
#14019=DIRECTION('',(1.,0.,-0.));
#14020=AXIS2_PLACEMENT_3D('',#14017,#14018,#14019);
#14021=ITEM_DEFINED_TRANSFORMATION('','',#14020,#15);
#14022=(REPRESENTATION_RELATIONSHIP('','',#14007,#13979)REPRESENTATION_RELATIONSHIP_WITH_TRANSFORMATION(#14021)SHAPE_REPRESENTATION_RELATIONSHIP());
#14023=NEXT_ASSEMBLY_USAGE_OCCURRENCE('LED-SMD_L3.5-W2.8-FD-2835_WHITE~LED-SMD_L3.5-W2.8-FD-2835_WHITE~QmFs_148','LED-SMD_L3.5-W2.8-FD-2835_WHITE~LED-SMD_L3.5-W2.8-FD-2835_WHITE~QmFs','LED-SMD_L3.5-W2.8-FD-2835_WHITE~LED-SMD_L3.5-W2.8-FD-2835_WHITE~QmFs',#13988,#14016,$);
#14024=PRODUCT_DEFINITION_SHAPE('','',#14023);
#14025=CONTEXT_DEPENDENT_SHAPE_REPRESENTATION(#14022,#14024);
#14007=SHAPE_REPRESENTATION('LED-SMD_L3.5-W2.8-FD-2835_WHITE~LED-SMD_L3.5-W2.8-FD-2835_WHITE~QmFs',(#15),#14005);
#14026=CARTESIAN_POINT('',(0.,0.,0.));
#14027=DIRECTION('',(0.,0.,1.));
#14028=DIRECTION('',(1.,0.,0.));
#14029=AXIS2_PLACEMENT_3D('',#14026,#14027,#14028);
#14031=MAPPED_ITEM('',#14030,#14029);
#14030=REPRESENTATION_MAP(#14029,#14007);
#14015=PRODUCT('LED-SMD_L3.5-W2.8-FD-2835_WHITE~LED-SMD_L3.5-W2.8-FD-2835_WHITE~QmFs','LED-SMD_L3.5-W2.8-FD-2835_WHITE~LED-SMD_L3.5-W2.8-FD-2835_WHITE~QmFs','',(#8637));
#14032=PRODUCT_RELATED_PRODUCT_CATEGORY('part','',(#14015));
#14033=PRODUCT_DEFINITION_FORMATION_WITH_SPECIFIED_SOURCE('','',#14015,.NOT_KNOWN.);
#14016=PRODUCT_DEFINITION('design','',#14033,#8638);
#14014=PRODUCT_DEFINITION_SHAPE('','',#14016);
#14034=SHAPE_DEFINITION_REPRESENTATION(#14014,#14007);
#14006=DRAUGHTING_MODEL('',(#14031),#14005);
#13979=SHAPE_REPRESENTATION('U7~LED-SMD_L3.5-W2.8-FD-2835_WHITE~LED-SMD_L3.5-W2.8-FD-2835_WHITE~QmFs',(#15,#14020),#13977);
#14035=CARTESIAN_POINT('',(0.,0.,0.));
#14036=DIRECTION('',(0.,0.,1.));
#14037=DIRECTION('',(1.,0.,0.));
#14038=AXIS2_PLACEMENT_3D('',#14035,#14036,#14037);
#14040=MAPPED_ITEM('',#14039,#14038);
#14039=REPRESENTATION_MAP(#14038,#13979);
#13987=PRODUCT('U7~LED-SMD_L3.5-W2.8-FD-2835_WHITE~LED-SMD_L3.5-W2.8-FD-2835_WHITE~QmFs','U7~LED-SMD_L3.5-W2.8-FD-2835_WHITE~LED-SMD_L3.5-W2.8-FD-2835_WHITE~QmFs','',(#8637));
#14041=PRODUCT_RELATED_PRODUCT_CATEGORY('part','',(#13987));
#14042=PRODUCT_DEFINITION_FORMATION_WITH_SPECIFIED_SOURCE('','',#13987,.NOT_KNOWN.);
#13988=PRODUCT_DEFINITION('design','',#14042,#8638);
#13986=PRODUCT_DEFINITION_SHAPE('','',#13988);
#14043=SHAPE_DEFINITION_REPRESENTATION(#13986,#13979);
#13978=DRAUGHTING_MODEL('',(#14040),#13977);
#14044=(NAMED_UNIT(*)PLANE_ANGLE_UNIT()SI_UNIT($,.RADIAN.));
#14045=PLANE_ANGLE_MEASURE_WITH_UNIT(PLANE_ANGLE_MEASURE(0.0174532925),#14044);
#14046=(CONVERSION_BASED_UNIT('DEGREE',#14045)NAMED_UNIT(#14047)PLANE_ANGLE_UNIT());
#14047=DIMENSIONAL_EXPONENTS(0.,0.,0.,0.,0.,0.,0.);
#14048=(NAMED_UNIT(*)SI_UNIT($,.STERADIAN.)SOLID_ANGLE_UNIT());
#14049=(LENGTH_UNIT()NAMED_UNIT(*)SI_UNIT(.MILLI.,.METRE.));
#14050=UNCERTAINTY_MEASURE_WITH_UNIT(LENGTH_MEASURE(1.000000E-03),#14049,'DISTANCE_ACCURACY_VALUE','Maximum Tolerance applied to model');
#14051=(GEOMETRIC_REPRESENTATION_CONTEXT(3)GLOBAL_UNCERTAINTY_ASSIGNED_CONTEXT((#14050))GLOBAL_UNIT_ASSIGNED_CONTEXT((#14049,#14046,#14048))REPRESENTATION_CONTEXT('','U7~LED-SMD_L3.5-W2.8-FD-2835_WHITE~LED-SMD_L3.5-W2.8-FD-2835_WHITE~QmFs'));
#14063=CARTESIAN_POINT('',(0.,0.,0.));
#14064=DIRECTION('',(0.,0.,1.));
#14065=DIRECTION('',(1.,0.,-0.));
#14066=AXIS2_PLACEMENT_3D('',#14063,#14064,#14065);
#14067=ITEM_DEFINED_TRANSFORMATION('','',#14066,#15);
#14068=(REPRESENTATION_RELATIONSHIP('','',#14053,#8582)REPRESENTATION_RELATIONSHIP_WITH_TRANSFORMATION(#14067)SHAPE_REPRESENTATION_RELATIONSHIP());
#14069=NEXT_ASSEMBLY_USAGE_OCCURRENCE('U7~LED-SMD_L3.5-W2.8-FD-2835_WHITE~LED-SMD_L3.5-W2.8-FD-2835_WHITE~QmFs_149','U7~LED-SMD_L3.5-W2.8-FD-2835_WHITE~LED-SMD_L3.5-W2.8-FD-2835_WHITE~QmFs','U7~LED-SMD_L3.5-W2.8-FD-2835_WHITE~LED-SMD_L3.5-W2.8-FD-2835_WHITE~QmFs',#8591,#14062,$);
#14070=PRODUCT_DEFINITION_SHAPE('','',#14069);
#14071=CONTEXT_DEPENDENT_SHAPE_REPRESENTATION(#14068,#14070);
#14072=(NAMED_UNIT(*)PLANE_ANGLE_UNIT()SI_UNIT($,.RADIAN.));
#14073=PLANE_ANGLE_MEASURE_WITH_UNIT(PLANE_ANGLE_MEASURE(0.0174532925),#14072);
#14074=(CONVERSION_BASED_UNIT('DEGREE',#14073)NAMED_UNIT(#14075)PLANE_ANGLE_UNIT());
#14075=DIMENSIONAL_EXPONENTS(0.,0.,0.,0.,0.,0.,0.);
#14076=(NAMED_UNIT(*)SI_UNIT($,.STERADIAN.)SOLID_ANGLE_UNIT());
#14077=(LENGTH_UNIT()NAMED_UNIT(*)SI_UNIT(.MILLI.,.METRE.));
#14078=UNCERTAINTY_MEASURE_WITH_UNIT(LENGTH_MEASURE(1.000000E-03),#14077,'DISTANCE_ACCURACY_VALUE','Maximum Tolerance applied to model');
#14079=(GEOMETRIC_REPRESENTATION_CONTEXT(3)GLOBAL_UNCERTAINTY_ASSIGNED_CONTEXT((#14078))GLOBAL_UNIT_ASSIGNED_CONTEXT((#14077,#14074,#14076))REPRESENTATION_CONTEXT('','LED-SMD_L3.5-W2.8-FD-2835_WHITE~LED-SMD_L3.5-W2.8-FD-2835_WHITE~QmFs'));
#14091=CARTESIAN_POINT('',(0.,0.,0.));
#14092=DIRECTION('',(0.,0.,1.));
#14093=DIRECTION('',(1.,0.,-0.));
#14094=AXIS2_PLACEMENT_3D('',#14091,#14092,#14093);
#14095=ITEM_DEFINED_TRANSFORMATION('','',#14094,#15);
#14096=(REPRESENTATION_RELATIONSHIP('','',#14081,#14053)REPRESENTATION_RELATIONSHIP_WITH_TRANSFORMATION(#14095)SHAPE_REPRESENTATION_RELATIONSHIP());
#14097=NEXT_ASSEMBLY_USAGE_OCCURRENCE('LED-SMD_L3.5-W2.8-FD-2835_WHITE~LED-SMD_L3.5-W2.8-FD-2835_WHITE~QmFs_150','LED-SMD_L3.5-W2.8-FD-2835_WHITE~LED-SMD_L3.5-W2.8-FD-2835_WHITE~QmFs','LED-SMD_L3.5-W2.8-FD-2835_WHITE~LED-SMD_L3.5-W2.8-FD-2835_WHITE~QmFs',#14062,#14090,$);
#14098=PRODUCT_DEFINITION_SHAPE('','',#14097);
#14099=CONTEXT_DEPENDENT_SHAPE_REPRESENTATION(#14096,#14098);
#14081=SHAPE_REPRESENTATION('LED-SMD_L3.5-W2.8-FD-2835_WHITE~LED-SMD_L3.5-W2.8-FD-2835_WHITE~QmFs',(#15),#14079);
#14100=CARTESIAN_POINT('',(0.,0.,0.));
#14101=DIRECTION('',(0.,0.,1.));
#14102=DIRECTION('',(1.,0.,0.));
#14103=AXIS2_PLACEMENT_3D('',#14100,#14101,#14102);
#14105=MAPPED_ITEM('',#14104,#14103);
#14104=REPRESENTATION_MAP(#14103,#14081);
#14089=PRODUCT('LED-SMD_L3.5-W2.8-FD-2835_WHITE~LED-SMD_L3.5-W2.8-FD-2835_WHITE~QmFs','LED-SMD_L3.5-W2.8-FD-2835_WHITE~LED-SMD_L3.5-W2.8-FD-2835_WHITE~QmFs','',(#8637));
#14106=PRODUCT_RELATED_PRODUCT_CATEGORY('part','',(#14089));
#14107=PRODUCT_DEFINITION_FORMATION_WITH_SPECIFIED_SOURCE('','',#14089,.NOT_KNOWN.);
#14090=PRODUCT_DEFINITION('design','',#14107,#8638);
#14088=PRODUCT_DEFINITION_SHAPE('','',#14090);
#14108=SHAPE_DEFINITION_REPRESENTATION(#14088,#14081);
#14080=DRAUGHTING_MODEL('',(#14105),#14079);
#14053=SHAPE_REPRESENTATION('U7~LED-SMD_L3.5-W2.8-FD-2835_WHITE~LED-SMD_L3.5-W2.8-FD-2835_WHITE~QmFs',(#15,#14094),#14051);
#14109=CARTESIAN_POINT('',(0.,0.,0.));
#14110=DIRECTION('',(0.,0.,1.));
#14111=DIRECTION('',(1.,0.,0.));
#14112=AXIS2_PLACEMENT_3D('',#14109,#14110,#14111);
#14114=MAPPED_ITEM('',#14113,#14112);
#14113=REPRESENTATION_MAP(#14112,#14053);
#14061=PRODUCT('U7~LED-SMD_L3.5-W2.8-FD-2835_WHITE~LED-SMD_L3.5-W2.8-FD-2835_WHITE~QmFs','U7~LED-SMD_L3.5-W2.8-FD-2835_WHITE~LED-SMD_L3.5-W2.8-FD-2835_WHITE~QmFs','',(#8637));
#14115=PRODUCT_RELATED_PRODUCT_CATEGORY('part','',(#14061));
#14116=PRODUCT_DEFINITION_FORMATION_WITH_SPECIFIED_SOURCE('','',#14061,.NOT_KNOWN.);
#14062=PRODUCT_DEFINITION('design','',#14116,#8638);
#14060=PRODUCT_DEFINITION_SHAPE('','',#14062);
#14117=SHAPE_DEFINITION_REPRESENTATION(#14060,#14053);
#14052=DRAUGHTING_MODEL('',(#14114),#14051);
#14118=(NAMED_UNIT(*)PLANE_ANGLE_UNIT()SI_UNIT($,.RADIAN.));
#14119=PLANE_ANGLE_MEASURE_WITH_UNIT(PLANE_ANGLE_MEASURE(0.0174532925),#14118);
#14120=(CONVERSION_BASED_UNIT('DEGREE',#14119)NAMED_UNIT(#14121)PLANE_ANGLE_UNIT());
#14121=DIMENSIONAL_EXPONENTS(0.,0.,0.,0.,0.,0.,0.);
#14122=(NAMED_UNIT(*)SI_UNIT($,.STERADIAN.)SOLID_ANGLE_UNIT());
#14123=(LENGTH_UNIT()NAMED_UNIT(*)SI_UNIT(.MILLI.,.METRE.));
#14124=UNCERTAINTY_MEASURE_WITH_UNIT(LENGTH_MEASURE(1.000000E-03),#14123,'DISTANCE_ACCURACY_VALUE','Maximum Tolerance applied to model');
#14125=(GEOMETRIC_REPRESENTATION_CONTEXT(3)GLOBAL_UNCERTAINTY_ASSIGNED_CONTEXT((#14124))GLOBAL_UNIT_ASSIGNED_CONTEXT((#14123,#14120,#14122))REPRESENTATION_CONTEXT('','U7~LED-SMD_L3.5-W2.8-FD-2835_WHITE~LED-SMD_L3.5-W2.8-FD-2835_WHITE~QmFs'));
#14137=CARTESIAN_POINT('',(0.,0.,0.));
#14138=DIRECTION('',(0.,0.,1.));
#14139=DIRECTION('',(1.,0.,-0.));
#14140=AXIS2_PLACEMENT_3D('',#14137,#14138,#14139);
#14141=ITEM_DEFINED_TRANSFORMATION('','',#14140,#15);
#14142=(REPRESENTATION_RELATIONSHIP('','',#14127,#8582)REPRESENTATION_RELATIONSHIP_WITH_TRANSFORMATION(#14141)SHAPE_REPRESENTATION_RELATIONSHIP());
#14143=NEXT_ASSEMBLY_USAGE_OCCURRENCE('U7~LED-SMD_L3.5-W2.8-FD-2835_WHITE~LED-SMD_L3.5-W2.8-FD-2835_WHITE~QmFs_151','U7~LED-SMD_L3.5-W2.8-FD-2835_WHITE~LED-SMD_L3.5-W2.8-FD-2835_WHITE~QmFs','U7~LED-SMD_L3.5-W2.8-FD-2835_WHITE~LED-SMD_L3.5-W2.8-FD-2835_WHITE~QmFs',#8591,#14136,$);
#14144=PRODUCT_DEFINITION_SHAPE('','',#14143);
#14145=CONTEXT_DEPENDENT_SHAPE_REPRESENTATION(#14142,#14144);
#14146=(NAMED_UNIT(*)PLANE_ANGLE_UNIT()SI_UNIT($,.RADIAN.));
#14147=PLANE_ANGLE_MEASURE_WITH_UNIT(PLANE_ANGLE_MEASURE(0.0174532925),#14146);
#14148=(CONVERSION_BASED_UNIT('DEGREE',#14147)NAMED_UNIT(#14149)PLANE_ANGLE_UNIT());
#14149=DIMENSIONAL_EXPONENTS(0.,0.,0.,0.,0.,0.,0.);
#14150=(NAMED_UNIT(*)SI_UNIT($,.STERADIAN.)SOLID_ANGLE_UNIT());
#14151=(LENGTH_UNIT()NAMED_UNIT(*)SI_UNIT(.MILLI.,.METRE.));
#14152=UNCERTAINTY_MEASURE_WITH_UNIT(LENGTH_MEASURE(1.000000E-03),#14151,'DISTANCE_ACCURACY_VALUE','Maximum Tolerance applied to model');
#14153=(GEOMETRIC_REPRESENTATION_CONTEXT(3)GLOBAL_UNCERTAINTY_ASSIGNED_CONTEXT((#14152))GLOBAL_UNIT_ASSIGNED_CONTEXT((#14151,#14148,#14150))REPRESENTATION_CONTEXT('','LED-SMD_L3.5-W2.8-FD-2835_WHITE~LED-SMD_L3.5-W2.8-FD-2835_WHITE~QmFs'));
#14165=CARTESIAN_POINT('',(0.,0.,0.));
#14166=DIRECTION('',(0.,0.,1.));
#14167=DIRECTION('',(1.,0.,-0.));
#14168=AXIS2_PLACEMENT_3D('',#14165,#14166,#14167);
#14169=ITEM_DEFINED_TRANSFORMATION('','',#14168,#15);
#14170=(REPRESENTATION_RELATIONSHIP('','',#14155,#14127)REPRESENTATION_RELATIONSHIP_WITH_TRANSFORMATION(#14169)SHAPE_REPRESENTATION_RELATIONSHIP());
#14171=NEXT_ASSEMBLY_USAGE_OCCURRENCE('LED-SMD_L3.5-W2.8-FD-2835_WHITE~LED-SMD_L3.5-W2.8-FD-2835_WHITE~QmFs_152','LED-SMD_L3.5-W2.8-FD-2835_WHITE~LED-SMD_L3.5-W2.8-FD-2835_WHITE~QmFs','LED-SMD_L3.5-W2.8-FD-2835_WHITE~LED-SMD_L3.5-W2.8-FD-2835_WHITE~QmFs',#14136,#14164,$);
#14172=PRODUCT_DEFINITION_SHAPE('','',#14171);
#14173=CONTEXT_DEPENDENT_SHAPE_REPRESENTATION(#14170,#14172);
#14155=SHAPE_REPRESENTATION('LED-SMD_L3.5-W2.8-FD-2835_WHITE~LED-SMD_L3.5-W2.8-FD-2835_WHITE~QmFs',(#15),#14153);
#14174=CARTESIAN_POINT('',(0.,0.,0.));
#14175=DIRECTION('',(0.,0.,1.));
#14176=DIRECTION('',(1.,0.,0.));
#14177=AXIS2_PLACEMENT_3D('',#14174,#14175,#14176);
#14179=MAPPED_ITEM('',#14178,#14177);
#14178=REPRESENTATION_MAP(#14177,#14155);
#14163=PRODUCT('LED-SMD_L3.5-W2.8-FD-2835_WHITE~LED-SMD_L3.5-W2.8-FD-2835_WHITE~QmFs','LED-SMD_L3.5-W2.8-FD-2835_WHITE~LED-SMD_L3.5-W2.8-FD-2835_WHITE~QmFs','',(#8637));
#14180=PRODUCT_RELATED_PRODUCT_CATEGORY('part','',(#14163));
#14181=PRODUCT_DEFINITION_FORMATION_WITH_SPECIFIED_SOURCE('','',#14163,.NOT_KNOWN.);
#14164=PRODUCT_DEFINITION('design','',#14181,#8638);
#14162=PRODUCT_DEFINITION_SHAPE('','',#14164);
#14182=SHAPE_DEFINITION_REPRESENTATION(#14162,#14155);
#14154=DRAUGHTING_MODEL('',(#14179),#14153);
#14127=SHAPE_REPRESENTATION('U7~LED-SMD_L3.5-W2.8-FD-2835_WHITE~LED-SMD_L3.5-W2.8-FD-2835_WHITE~QmFs',(#15,#14168),#14125);
#14183=CARTESIAN_POINT('',(0.,0.,0.));
#14184=DIRECTION('',(0.,0.,1.));
#14185=DIRECTION('',(1.,0.,0.));
#14186=AXIS2_PLACEMENT_3D('',#14183,#14184,#14185);
#14188=MAPPED_ITEM('',#14187,#14186);
#14187=REPRESENTATION_MAP(#14186,#14127);
#14135=PRODUCT('U7~LED-SMD_L3.5-W2.8-FD-2835_WHITE~LED-SMD_L3.5-W2.8-FD-2835_WHITE~QmFs','U7~LED-SMD_L3.5-W2.8-FD-2835_WHITE~LED-SMD_L3.5-W2.8-FD-2835_WHITE~QmFs','',(#8637));
#14189=PRODUCT_RELATED_PRODUCT_CATEGORY('part','',(#14135));
#14190=PRODUCT_DEFINITION_FORMATION_WITH_SPECIFIED_SOURCE('','',#14135,.NOT_KNOWN.);
#14136=PRODUCT_DEFINITION('design','',#14190,#8638);
#14134=PRODUCT_DEFINITION_SHAPE('','',#14136);
#14191=SHAPE_DEFINITION_REPRESENTATION(#14134,#14127);
#14126=DRAUGHTING_MODEL('',(#14188),#14125);
#14192=(NAMED_UNIT(*)PLANE_ANGLE_UNIT()SI_UNIT($,.RADIAN.));
#14193=PLANE_ANGLE_MEASURE_WITH_UNIT(PLANE_ANGLE_MEASURE(0.0174532925),#14192);
#14194=(CONVERSION_BASED_UNIT('DEGREE',#14193)NAMED_UNIT(#14195)PLANE_ANGLE_UNIT());
#14195=DIMENSIONAL_EXPONENTS(0.,0.,0.,0.,0.,0.,0.);
#14196=(NAMED_UNIT(*)SI_UNIT($,.STERADIAN.)SOLID_ANGLE_UNIT());
#14197=(LENGTH_UNIT()NAMED_UNIT(*)SI_UNIT(.MILLI.,.METRE.));
#14198=UNCERTAINTY_MEASURE_WITH_UNIT(LENGTH_MEASURE(1.000000E-03),#14197,'DISTANCE_ACCURACY_VALUE','Maximum Tolerance applied to model');
#14199=(GEOMETRIC_REPRESENTATION_CONTEXT(3)GLOBAL_UNCERTAINTY_ASSIGNED_CONTEXT((#14198))GLOBAL_UNIT_ASSIGNED_CONTEXT((#14197,#14194,#14196))REPRESENTATION_CONTEXT('','U7~LED-SMD_L3.5-W2.8-FD-2835_WHITE~LED-SMD_L3.5-W2.8-FD-2835_WHITE~QmFs'));
#14211=CARTESIAN_POINT('',(0.,0.,0.));
#14212=DIRECTION('',(0.,0.,1.));
#14213=DIRECTION('',(1.,0.,-0.));
#14214=AXIS2_PLACEMENT_3D('',#14211,#14212,#14213);
#14215=ITEM_DEFINED_TRANSFORMATION('','',#14214,#15);
#14216=(REPRESENTATION_RELATIONSHIP('','',#14201,#8582)REPRESENTATION_RELATIONSHIP_WITH_TRANSFORMATION(#14215)SHAPE_REPRESENTATION_RELATIONSHIP());
#14217=NEXT_ASSEMBLY_USAGE_OCCURRENCE('U7~LED-SMD_L3.5-W2.8-FD-2835_WHITE~LED-SMD_L3.5-W2.8-FD-2835_WHITE~QmFs_153','U7~LED-SMD_L3.5-W2.8-FD-2835_WHITE~LED-SMD_L3.5-W2.8-FD-2835_WHITE~QmFs','U7~LED-SMD_L3.5-W2.8-FD-2835_WHITE~LED-SMD_L3.5-W2.8-FD-2835_WHITE~QmFs',#8591,#14210,$);
#14218=PRODUCT_DEFINITION_SHAPE('','',#14217);
#14219=CONTEXT_DEPENDENT_SHAPE_REPRESENTATION(#14216,#14218);
#14220=(NAMED_UNIT(*)PLANE_ANGLE_UNIT()SI_UNIT($,.RADIAN.));
#14221=PLANE_ANGLE_MEASURE_WITH_UNIT(PLANE_ANGLE_MEASURE(0.0174532925),#14220);
#14222=(CONVERSION_BASED_UNIT('DEGREE',#14221)NAMED_UNIT(#14223)PLANE_ANGLE_UNIT());
#14223=DIMENSIONAL_EXPONENTS(0.,0.,0.,0.,0.,0.,0.);
#14224=(NAMED_UNIT(*)SI_UNIT($,.STERADIAN.)SOLID_ANGLE_UNIT());
#14225=(LENGTH_UNIT()NAMED_UNIT(*)SI_UNIT(.MILLI.,.METRE.));
#14226=UNCERTAINTY_MEASURE_WITH_UNIT(LENGTH_MEASURE(1.000000E-03),#14225,'DISTANCE_ACCURACY_VALUE','Maximum Tolerance applied to model');
#14227=(GEOMETRIC_REPRESENTATION_CONTEXT(3)GLOBAL_UNCERTAINTY_ASSIGNED_CONTEXT((#14226))GLOBAL_UNIT_ASSIGNED_CONTEXT((#14225,#14222,#14224))REPRESENTATION_CONTEXT('','LED-SMD_L3.5-W2.8-FD-2835_WHITE~LED-SMD_L3.5-W2.8-FD-2835_WHITE~QmFs'));
#14239=CARTESIAN_POINT('',(0.,0.,0.));
#14240=DIRECTION('',(0.,0.,1.));
#14241=DIRECTION('',(1.,0.,-0.));
#14242=AXIS2_PLACEMENT_3D('',#14239,#14240,#14241);
#14243=ITEM_DEFINED_TRANSFORMATION('','',#14242,#15);
#14244=(REPRESENTATION_RELATIONSHIP('','',#14229,#14201)REPRESENTATION_RELATIONSHIP_WITH_TRANSFORMATION(#14243)SHAPE_REPRESENTATION_RELATIONSHIP());
#14245=NEXT_ASSEMBLY_USAGE_OCCURRENCE('LED-SMD_L3.5-W2.8-FD-2835_WHITE~LED-SMD_L3.5-W2.8-FD-2835_WHITE~QmFs_154','LED-SMD_L3.5-W2.8-FD-2835_WHITE~LED-SMD_L3.5-W2.8-FD-2835_WHITE~QmFs','LED-SMD_L3.5-W2.8-FD-2835_WHITE~LED-SMD_L3.5-W2.8-FD-2835_WHITE~QmFs',#14210,#14238,$);
#14246=PRODUCT_DEFINITION_SHAPE('','',#14245);
#14247=CONTEXT_DEPENDENT_SHAPE_REPRESENTATION(#14244,#14246);
#14229=SHAPE_REPRESENTATION('LED-SMD_L3.5-W2.8-FD-2835_WHITE~LED-SMD_L3.5-W2.8-FD-2835_WHITE~QmFs',(#15),#14227);
#14248=CARTESIAN_POINT('',(0.,0.,0.));
#14249=DIRECTION('',(0.,0.,1.));
#14250=DIRECTION('',(1.,0.,0.));
#14251=AXIS2_PLACEMENT_3D('',#14248,#14249,#14250);
#14253=MAPPED_ITEM('',#14252,#14251);
#14252=REPRESENTATION_MAP(#14251,#14229);
#14237=PRODUCT('LED-SMD_L3.5-W2.8-FD-2835_WHITE~LED-SMD_L3.5-W2.8-FD-2835_WHITE~QmFs','LED-SMD_L3.5-W2.8-FD-2835_WHITE~LED-SMD_L3.5-W2.8-FD-2835_WHITE~QmFs','',(#8637));
#14254=PRODUCT_RELATED_PRODUCT_CATEGORY('part','',(#14237));
#14255=PRODUCT_DEFINITION_FORMATION_WITH_SPECIFIED_SOURCE('','',#14237,.NOT_KNOWN.);
#14238=PRODUCT_DEFINITION('design','',#14255,#8638);
#14236=PRODUCT_DEFINITION_SHAPE('','',#14238);
#14256=SHAPE_DEFINITION_REPRESENTATION(#14236,#14229);
#14228=DRAUGHTING_MODEL('',(#14253),#14227);
#14201=SHAPE_REPRESENTATION('U7~LED-SMD_L3.5-W2.8-FD-2835_WHITE~LED-SMD_L3.5-W2.8-FD-2835_WHITE~QmFs',(#15,#14242),#14199);
#14257=CARTESIAN_POINT('',(0.,0.,0.));
#14258=DIRECTION('',(0.,0.,1.));
#14259=DIRECTION('',(1.,0.,0.));
#14260=AXIS2_PLACEMENT_3D('',#14257,#14258,#14259);
#14262=MAPPED_ITEM('',#14261,#14260);
#14261=REPRESENTATION_MAP(#14260,#14201);
#14209=PRODUCT('U7~LED-SMD_L3.5-W2.8-FD-2835_WHITE~LED-SMD_L3.5-W2.8-FD-2835_WHITE~QmFs','U7~LED-SMD_L3.5-W2.8-FD-2835_WHITE~LED-SMD_L3.5-W2.8-FD-2835_WHITE~QmFs','',(#8637));
#14263=PRODUCT_RELATED_PRODUCT_CATEGORY('part','',(#14209));
#14264=PRODUCT_DEFINITION_FORMATION_WITH_SPECIFIED_SOURCE('','',#14209,.NOT_KNOWN.);
#14210=PRODUCT_DEFINITION('design','',#14264,#8638);
#14208=PRODUCT_DEFINITION_SHAPE('','',#14210);
#14265=SHAPE_DEFINITION_REPRESENTATION(#14208,#14201);
#14200=DRAUGHTING_MODEL('',(#14262),#14199);
#14266=(NAMED_UNIT(*)PLANE_ANGLE_UNIT()SI_UNIT($,.RADIAN.));
#14267=PLANE_ANGLE_MEASURE_WITH_UNIT(PLANE_ANGLE_MEASURE(0.0174532925),#14266);
#14268=(CONVERSION_BASED_UNIT('DEGREE',#14267)NAMED_UNIT(#14269)PLANE_ANGLE_UNIT());
#14269=DIMENSIONAL_EXPONENTS(0.,0.,0.,0.,0.,0.,0.);
#14270=(NAMED_UNIT(*)SI_UNIT($,.STERADIAN.)SOLID_ANGLE_UNIT());
#14271=(LENGTH_UNIT()NAMED_UNIT(*)SI_UNIT(.MILLI.,.METRE.));
#14272=UNCERTAINTY_MEASURE_WITH_UNIT(LENGTH_MEASURE(1.000000E-03),#14271,'DISTANCE_ACCURACY_VALUE','Maximum Tolerance applied to model');
#14273=(GEOMETRIC_REPRESENTATION_CONTEXT(3)GLOBAL_UNCERTAINTY_ASSIGNED_CONTEXT((#14272))GLOBAL_UNIT_ASSIGNED_CONTEXT((#14271,#14268,#14270))REPRESENTATION_CONTEXT('','FPC1~FPC-SMD_24P-P0.50_AFC01-S24FCA-00-R~FPC-SMD_24P-P0.50_AFC01-S24FCA-00~QmFs'));
#14285=CARTESIAN_POINT('',(0.,0.,0.));
#14286=DIRECTION('',(0.,0.,1.));
#14287=DIRECTION('',(1.,0.,-0.));
#14288=AXIS2_PLACEMENT_3D('',#14285,#14286,#14287);
#14289=ITEM_DEFINED_TRANSFORMATION('','',#14288,#15);
#14290=(REPRESENTATION_RELATIONSHIP('','',#14275,#8582)REPRESENTATION_RELATIONSHIP_WITH_TRANSFORMATION(#14289)SHAPE_REPRESENTATION_RELATIONSHIP());
#14291=NEXT_ASSEMBLY_USAGE_OCCURRENCE('FPC1~FPC-SMD_24P-P0.50_AFC01-S24FCA-00-R~FPC-SMD_24P-P0.50_AFC01-S24FCA-00~QmFs_155','FPC1~FPC-SMD_24P-P0.50_AFC01-S24FCA-00-R~FPC-SMD_24P-P0.50_AFC01-S24FCA-00~QmFs','FPC1~FPC-SMD_24P-P0.50_AFC01-S24FCA-00-R~FPC-SMD_24P-P0.50_AFC01-S24FCA-00~QmFs',#8591,#14284,$);
#14292=PRODUCT_DEFINITION_SHAPE('','',#14291);
#14293=CONTEXT_DEPENDENT_SHAPE_REPRESENTATION(#14290,#14292);
#14294=(NAMED_UNIT(*)PLANE_ANGLE_UNIT()SI_UNIT($,.RADIAN.));
#14295=PLANE_ANGLE_MEASURE_WITH_UNIT(PLANE_ANGLE_MEASURE(0.0174532925),#14294);
#14296=(CONVERSION_BASED_UNIT('DEGREE',#14295)NAMED_UNIT(#14297)PLANE_ANGLE_UNIT());
#14297=DIMENSIONAL_EXPONENTS(0.,0.,0.,0.,0.,0.,0.);
#14298=(NAMED_UNIT(*)SI_UNIT($,.STERADIAN.)SOLID_ANGLE_UNIT());
#14299=(LENGTH_UNIT()NAMED_UNIT(*)SI_UNIT(.MILLI.,.METRE.));
#14300=UNCERTAINTY_MEASURE_WITH_UNIT(LENGTH_MEASURE(1.000000E-03),#14299,'DISTANCE_ACCURACY_VALUE','Maximum Tolerance applied to model');
#14301=(GEOMETRIC_REPRESENTATION_CONTEXT(3)GLOBAL_UNCERTAINTY_ASSIGNED_CONTEXT((#14300))GLOBAL_UNIT_ASSIGNED_CONTEXT((#14299,#14296,#14298))REPRESENTATION_CONTEXT('','FPC-SMD_24P-P0.50_AFC01-S24FCA-00-R~FPC-SMD_24P-P0.50_AFC01-S24FCA-00~QmFs'));
#14313=CARTESIAN_POINT('',(0.,0.,0.));
#14314=DIRECTION('',(0.,0.,1.));
#14315=DIRECTION('',(1.,0.,-0.));
#14316=AXIS2_PLACEMENT_3D('',#14313,#14314,#14315);
#14317=ITEM_DEFINED_TRANSFORMATION('','',#14316,#15);
#14318=(REPRESENTATION_RELATIONSHIP('','',#14303,#14275)REPRESENTATION_RELATIONSHIP_WITH_TRANSFORMATION(#14317)SHAPE_REPRESENTATION_RELATIONSHIP());
#14319=NEXT_ASSEMBLY_USAGE_OCCURRENCE('FPC-SMD_24P-P0.50_AFC01-S24FCA-00-R~FPC-SMD_24P-P0.50_AFC01-S24FCA-00~QmFs_156','FPC-SMD_24P-P0.50_AFC01-S24FCA-00-R~FPC-SMD_24P-P0.50_AFC01-S24FCA-00~QmFs','FPC-SMD_24P-P0.50_AFC01-S24FCA-00-R~FPC-SMD_24P-P0.50_AFC01-S24FCA-00~QmFs',#14284,#14312,$);
#14320=PRODUCT_DEFINITION_SHAPE('','',#14319);
#14321=CONTEXT_DEPENDENT_SHAPE_REPRESENTATION(#14318,#14320);
#14303=SHAPE_REPRESENTATION('FPC-SMD_24P-P0.50_AFC01-S24FCA-00-R~FPC-SMD_24P-P0.50_AFC01-S24FCA-00~QmFs',(#15),#14301);
#14322=CARTESIAN_POINT('',(0.,0.,0.));
#14323=DIRECTION('',(0.,0.,1.));
#14324=DIRECTION('',(1.,0.,0.));
#14325=AXIS2_PLACEMENT_3D('',#14322,#14323,#14324);
#14327=MAPPED_ITEM('',#14326,#14325);
#14326=REPRESENTATION_MAP(#14325,#14303);
#14311=PRODUCT('FPC-SMD_24P-P0.50_AFC01-S24FCA-00-R~FPC-SMD_24P-P0.50_AFC01-S24FCA-00~QmFs','FPC-SMD_24P-P0.50_AFC01-S24FCA-00-R~FPC-SMD_24P-P0.50_AFC01-S24FCA-00~QmFs','',(#8637));
#14328=PRODUCT_RELATED_PRODUCT_CATEGORY('part','',(#14311));
#14329=PRODUCT_DEFINITION_FORMATION_WITH_SPECIFIED_SOURCE('','',#14311,.NOT_KNOWN.);
#14312=PRODUCT_DEFINITION('design','',#14329,#8638);
#14310=PRODUCT_DEFINITION_SHAPE('','',#14312);
#14330=SHAPE_DEFINITION_REPRESENTATION(#14310,#14303);
#14302=DRAUGHTING_MODEL('',(#14327),#14301);
#14275=SHAPE_REPRESENTATION('FPC1~FPC-SMD_24P-P0.50_AFC01-S24FCA-00-R~FPC-SMD_24P-P0.50_AFC01-S24FCA-00~QmFs',(#15,#14316),#14273);
#14331=CARTESIAN_POINT('',(0.,0.,0.));
#14332=DIRECTION('',(0.,0.,1.));
#14333=DIRECTION('',(1.,0.,0.));
#14334=AXIS2_PLACEMENT_3D('',#14331,#14332,#14333);
#14336=MAPPED_ITEM('',#14335,#14334);
#14335=REPRESENTATION_MAP(#14334,#14275);
#14283=PRODUCT('FPC1~FPC-SMD_24P-P0.50_AFC01-S24FCA-00-R~FPC-SMD_24P-P0.50_AFC01-S24FCA-00~QmFs','FPC1~FPC-SMD_24P-P0.50_AFC01-S24FCA-00-R~FPC-SMD_24P-P0.50_AFC01-S24FCA-00~QmFs','',(#8637));
#14337=PRODUCT_RELATED_PRODUCT_CATEGORY('part','',(#14283));
#14338=PRODUCT_DEFINITION_FORMATION_WITH_SPECIFIED_SOURCE('','',#14283,.NOT_KNOWN.);
#14284=PRODUCT_DEFINITION('design','',#14338,#8638);
#14282=PRODUCT_DEFINITION_SHAPE('','',#14284);
#14339=SHAPE_DEFINITION_REPRESENTATION(#14282,#14275);
#14274=DRAUGHTING_MODEL('',(#14336),#14273);
#8582=SHAPE_REPRESENTATION('3D_PCB1_2025-08-29.step',(#15,#8623,#8664,#8701,#8738,#8775,#8812,#8886,#8960,#9034,#9108,#9182,#9256,#9330,#9404,#9478,#9552,#9626,#9700,#9774,#9848,#9922,#9996,#10070,#10144,#10218,
#10292,#10366,#10440,#10514,#10588,#10662,#10736,#10810,#10884,#10958,#11032,#11106,#11180,#11254,#11328,#11402,#11476,#11550,#11624,#11698,#11772,#11846,#11920,#11994,#12068,
#12142,#12216,#12290,#12364,#12438,#12512,#12586,#12660,#12734,#12808,#12882,#12956,#13030,#13104,#13178,#13252,#13326,#13400,#13474,#13548,#13622,#13696,#13770,#13844,#13918,
#13992,#14066,#14140,#14214,#14288),#8580);
#14340=CARTESIAN_POINT('',(0.,0.,0.));
#14341=DIRECTION('',(0.,0.,1.));
#14342=DIRECTION('',(1.,0.,0.));
#14343=AXIS2_PLACEMENT_3D('',#14340,#14341,#14342);
#14345=MAPPED_ITEM('',#14344,#14343);
#14344=REPRESENTATION_MAP(#14343,#8582);
#8590=PRODUCT('3D_PCB1_2025-08-29.step','3D_PCB1_2025-08-29.step','',(#8637));
#14346=PRODUCT_RELATED_PRODUCT_CATEGORY('part','',(#8590));
#14347=PRODUCT_DEFINITION_FORMATION_WITH_SPECIFIED_SOURCE('','',#8590,.NOT_KNOWN.);
#8591=PRODUCT_DEFINITION('design','',#14347,#8638);
#8589=PRODUCT_DEFINITION_SHAPE('','',#8591);
#14348=SHAPE_DEFINITION_REPRESENTATION(#8589,#8582);
#8581=DRAUGHTING_MODEL('',(#14345),#8580);
#16=SHAPE_REPRESENTATION('root',(#15,#8595),#10);
#17=ADVANCED_BREP_SHAPE_REPRESENTATION('root',(#8565),#10);
#14356=SHAPE_REPRESENTATION_RELATIONSHIP('','',#16,#17);
#14357=CARTESIAN_POINT('',(0.,0.,0.));
#14358=DIRECTION('',(0.,0.,1.));
#14359=DIRECTION('',(1.,0.,0.));
#14360=AXIS2_PLACEMENT_3D('',#14357,#14358,#14359);
#14362=MAPPED_ITEM('',#14361,#14360);
#14361=REPRESENTATION_MAP(#14360,#16);
#24=PRODUCT('root','root','',(#8637));
#14363=PRODUCT_RELATED_PRODUCT_CATEGORY('part','',(#24));
#14364=PRODUCT_DEFINITION_FORMATION_WITH_SPECIFIED_SOURCE('','',#24,.NOT_KNOWN.);
#25=PRODUCT_DEFINITION('design','',#14364,#8638);
#23=PRODUCT_DEFINITION_SHAPE('','',#25);
#14365=SHAPE_DEFINITION_REPRESENTATION(#23,#16);
#11=DRAUGHTING_MODEL('',(#14362),#10);
#14366=DESCRIPTIVE_REPRESENTATION_ITEM('KEY','C:\\Users\\admin\\AppData\\Local\\Packages\\Shapr3D.Shapr3D_j403pzjkqtqbj\\TempState\\b965d0ae-7e0f-4ef7-aaca-e8af06a9ae29.tmp');
#14367=PROPERTY_DEFINITION('KEY','',#25);
#14368=REPRESENTATION('',(#14366),#10);
#14369=PROPERTY_DEFINITION_REPRESENTATION(#14367,#14368);
#14370=GENERAL_PROPERTY('','KEY','');
#14371=GENERAL_PROPERTY_ASSOCIATION('','',#14370,#14367);
#1=MECHANICAL_DESIGN_GEOMETRIC_PRESENTATION_REPRESENTATION('',(#26),#10);
ENDSEC;
END-ISO-10303-21;
